idx,y_pred,y_true,residual,fold
0,3.982415724676096,5.698970004336019,1.7165542796599227,1
1,3.616682738548906,5.698970004336019,2.0822872657871128,10
2,3.8788947709094526,5.698970004336019,1.8200752334265662,9
3,4.44484240555949,5.698970004336019,1.2541275987765284,8
4,3.5198952649712005,5.698970004336019,2.179074739364818,7
5,3.8232037578176086,5.698970004336019,1.8757662465184102,5
6,3.917350549974229,5.698970004336019,1.7816194543617896,4
7,4.120936859290329,5.698970004336019,1.5780331450456897,3
8,3.9496191946386023,5.698970004336019,1.7493508096974164,2
9,3.640904503493197,3.049218022670181,-0.5916864808230158,10
10,2.8808668123685433,3.049218022670181,0.1683512103016378,8
11,3.337075220555503,3.049218022670181,-0.28785719788532216,7
12,3.3411693679411885,3.049218022670181,-0.2919513452710074,5
13,2.9289699303214465,3.049218022670181,0.12024809234873457,4
14,2.9738507343679887,3.049218022670181,0.0753672883021923,3
15,3.3059393276934452,3.049218022670181,-0.2567213050232642,2
16,3.659847651158222,3.049218022670181,-0.610629628488041,6
17,3.3227182104131123,3.049218022670181,-0.2735001877429313,1
18,3.337075220555503,2.903089986991944,-0.433985233563559,7
19,3.3227182104131123,2.903089986991944,-0.4196282234211681,1
20,3.640904503493197,2.903089986991944,-0.7378145165012526,10
21,2.8808668123685433,2.903089986991944,0.022223174623400954,8
22,2.9289699303214465,2.903089986991944,-0.025879943329502275,4
23,3.3220294991460575,2.903089986991944,-0.4189395121541133,9
24,2.9738507343679887,2.903089986991944,-0.07076074737604454,3
25,3.659847651158222,2.903089986991944,-0.7567576641662779,6
26,3.3059393276934452,2.903089986991944,-0.402849340701501,2
27,4.978862750780365,2.9542425094393248,-2.0246202413410406,1
28,4.596099940816704,2.9542425094393248,-1.6418574313773795,8
29,5.201037861985477,2.9542425094393248,-2.2467953525461524,6
30,5.220032128064096,2.9542425094393248,-2.2657896186247712,10
31,5.3121643180902005,2.9542425094393248,-2.3579218086508758,9
32,5.0230839326932175,2.9542425094393248,-2.0688414232538928,2
33,5.254941347224989,2.9542425094393248,-2.300698837785664,3
34,5.278441017087156,2.9542425094393248,-2.324198507647831,7
35,4.673392890912912,2.9542425094393248,-1.7191503814735873,4
36,5.7581400156271245,3.90848501887865,-1.8496549967484746,9
37,4.916968207801579,3.90848501887865,-1.0084831889229293,3
38,5.749097808874922,3.90848501887865,-1.8406127899962716,7
39,5.474682071871634,3.90848501887865,-1.5661970529929836,5
40,5.717138302396362,3.90848501887865,-1.8086532835177116,2
41,5.819618570057635,3.90848501887865,-1.911133551178985,10
42,5.723224516041734,3.90848501887865,-1.814739497163084,1
43,5.40372286489968,3.90848501887865,-1.49523784602103,4
44,5.726848362640618,3.90848501887865,-1.8183633437619684,6
45,4.6803293175316885,3.322219294733919,-1.3581100227977694,6
46,4.286030969733287,3.322219294733919,-0.9638116749993677,8
47,4.445681790157459,3.322219294733919,-1.12346249542354,3
48,4.563378248758351,3.322219294733919,-1.2411589540244319,1
49,4.690665940549272,3.322219294733919,-1.3684466458153532,7
50,4.620759511648462,3.322219294733919,-1.2985402169145428,10
51,4.358756724600396,3.322219294733919,-1.0365374298664771,4
52,4.566520709674383,3.322219294733919,-1.2443014149404639,9
53,4.272416396979433,3.322219294733919,-0.950197102245514,2
54,5.4062183576269645,5.301029995663981,-0.1051883619629832,6
55,5.215523312803472,5.301029995663981,0.08550668286050911,7
56,4.587780789767677,5.301029995663981,0.7132492058963047,3
57,4.88791055119513,5.301029995663981,0.41311944446885107,10
58,5.406946996252647,5.301029995663981,-0.10591700058866582,8
59,5.20783525189677,5.301029995663981,0.09319474376721093,9
60,4.968217577543403,5.301029995663981,0.3328124181205778,2
61,4.90866149775863,5.301029995663981,0.392368497905351,4
62,4.991761873850482,5.301029995663981,0.30926812181349916,1
63,5.283021947890761,4.086359830674748,-1.1966621172160128,2
64,5.2773877126327156,4.086359830674748,-1.1910278819579672,10
65,5.241320233762885,4.086359830674748,-1.1549604030881362,1
66,5.32285367755174,4.086359830674748,-1.236493846876992,4
67,5.423193922812202,4.086359830674748,-1.3368340921374537,5
68,5.604234519703409,4.086359830674748,-1.5178746890286607,3
69,5.255916377013862,4.086359830674748,-1.1695565463391135,9
70,5.69911511359328,4.086359830674748,-1.6127552829185312,8
71,5.53875208795754,4.086359830674748,-1.4523922572827912,6
72,5.001892863462964,6.035709837827862,1.033816974364898,7
73,5.199035868455677,6.035709837827862,0.8366739693721854,2
74,5.306085756121352,6.035709837827862,0.7296240817065103,5
75,5.592684050948272,6.035709837827862,0.4430257868795904,8
76,5.046688219228297,6.035709837827862,0.9890216185995646,1
77,5.487839320276229,6.035709837827862,0.5478705175516332,4
78,4.997562052613964,6.035709837827862,1.0381477852138978,10
79,5.519494361982591,6.035709837827862,0.5162154758452706,3
80,5.212303405105256,6.035709837827862,0.8234064327226056,6
81,5.007477796509937,5.954242509439325,0.9467647129293884,1
82,5.165726368048827,5.954242509439325,0.788516141390498,4
83,5.157286277592269,5.954242509439325,0.796956231847056,5
84,5.34928448296276,5.954242509439325,0.6049580264765648,3
85,4.909313103928558,5.954242509439325,1.044929405510767,2
86,5.218509254348347,5.954242509439325,0.7357332550909783,8
87,5.075075290915389,5.954242509439325,0.8791672185239365,9
88,4.967553274848066,5.954242509439325,0.9866892345912595,10
89,5.011207193201691,5.954242509439325,0.9430353162376344,7
90,5.3819541499007135,3.949390006644913,-1.4325641432558007,6
91,5.671186259339752,3.949390006644913,-1.7217962526948392,8
92,5.497729460338947,3.949390006644913,-1.5483394536940343,9
93,5.540421481387333,3.949390006644913,-1.5910314747424201,5
94,5.4488496260568136,3.949390006644913,-1.4994596194119008,7
95,5.432785265907482,3.949390006644913,-1.483395259262569,1
96,5.325422743502078,3.949390006644913,-1.3760327368571654,10
97,5.766903368342142,3.949390006644913,-1.817513361697229,3
98,5.3284279020516045,3.949390006644913,-1.3790378954066917,2
99,4.578219740301799,5.742725131304698,1.1645053910028986,9
100,4.210332935559487,5.742725131304698,1.532392195745211,1
101,4.374001127387745,5.742725131304698,1.3687240039169533,4
102,4.409988817090657,5.742725131304698,1.3327363142140412,10
103,4.870178444148225,5.742725131304698,0.8725466871564729,3
104,4.993786012990722,5.742725131304698,0.7489391183139755,8
105,4.460063163108939,5.742725131304698,1.2826619681957592,5
106,4.572582462064603,5.742725131304698,1.1701426692400947,6
107,4.199069099236373,5.742725131304698,1.5436560320683252,2
108,3.686606929914239,3.661812685537261,-0.02479424437697819,7
109,4.159599087010766,3.661812685537261,-0.4977864014735047,6
110,3.978695172571953,3.661812685537261,-0.3168824870346918,3
111,3.9261725056260404,3.661812685537261,-0.26435982008877934,8
112,3.980436552509149,3.661812685537261,-0.31862386697188816,10
113,3.972882927634512,3.661812685537261,-0.3110702420972511,4
114,3.9009090184975466,3.661812685537261,-0.23909633296028554,2
115,4.036215755021342,3.661812685537261,-0.37440306948408075,1
116,4.11540592546375,3.661812685537261,-0.45359323992648903,9
117,4.35369428651827,3.505149978319906,-0.8485443081983646,3
118,4.565346975662201,3.505149978319906,-1.0601969973422949,2
119,4.547238974797751,3.505149978319906,-1.0420889964778453,9
120,4.711800105721376,3.505149978319906,-1.20665012740147,6
121,4.595179538158829,3.505149978319906,-1.0900295598389236,7
122,4.20489861549986,3.505149978319906,-0.6997486371799542,4
123,4.145631756167402,3.505149978319906,-0.6404817778474965,8
124,4.414177336428501,3.505149978319906,-0.9090273581085948,5
125,4.583267325157445,3.505149978319906,-1.0781173468375393,1
126,4.469954459081616,5.0948203803548,0.6248659212731837,8
127,4.28913393858576,5.0948203803548,0.8056864417690397,9
128,4.4146956233436905,5.0948203803548,0.6801247570111091,2
129,4.153137285662183,5.0948203803548,0.9416830946926167,1
130,4.389709568024401,5.0948203803548,0.7051108123303989,4
131,4.354352856782973,5.0948203803548,0.7404675235718265,3
132,4.206239838742543,5.0948203803548,0.8885805416122565,6
133,4.297856156937607,5.0948203803548,0.7969642234171923,5
134,4.0040701789192426,5.0948203803548,1.090750201435557,7
135,4.3936802189151845,3.397940008672037,-0.9957402102431474,1
136,4.1950584242178826,3.397940008672037,-0.7971184155458455,4
137,4.589220471210203,3.397940008672037,-1.1912804625381663,10
138,4.358485251016122,3.397940008672037,-0.9605452423440846,5
139,4.487235700332044,3.397940008672037,-1.089295691660007,9
140,4.3560010225007275,3.397940008672037,-0.9580610138286905,8
141,4.398563750623468,3.397940008672037,-1.0006237419514306,7
142,4.62635316869394,3.397940008672037,-1.2284131600219026,6
143,4.094857177509496,3.397940008672037,-0.6969171688374591,3
144,4.56079763289064,3.832508912706236,-0.7282887201844042,3
145,5.270305795570319,3.832508912706236,-1.4377968828640832,10
146,5.0883990916719695,3.832508912706236,-1.2558901789657333,9
147,5.167047890446512,3.832508912706236,-1.334538977740276,7
148,5.016464597065028,3.832508912706236,-1.1839556843587915,1
149,4.9108763724552835,3.832508912706236,-1.0783674597490474,2
150,4.833581946150844,3.832508912706236,-1.0010730334446074,5
151,4.82580268988031,3.832508912706236,-0.9932937771740735,4
152,5.123224287306802,3.832508912706236,-1.2907153746005657,6
153,4.782482312104894,5.6020599913279625,0.8195776792230687,2
154,5.044987953235052,5.6020599913279625,0.5570720380929108,7
155,4.692438647766948,5.6020599913279625,0.9096213435610148,5
156,4.805576228908511,5.6020599913279625,0.7964837624194514,4
157,4.985497081787334,5.6020599913279625,0.6165629095406286,9
158,4.8240135417997765,5.6020599913279625,0.778046449528186,3
159,4.970378097939232,5.6020599913279625,0.6316818933887305,10
160,4.960300492806926,5.6020599913279625,0.6417594985210364,6
161,4.7404026956252405,5.6020599913279625,0.861657295702722,1
162,3.78598403047164,5.238046103128795,1.4520620726571551,5
163,4.096767639942977,5.238046103128795,1.1412784631858184,9
164,3.9947630549677435,5.238046103128795,1.2432830481610515,10
165,3.797946665177282,5.238046103128795,1.4400994379515129,1
166,4.325951259568112,5.238046103128795,0.9120948435606833,8
167,4.00370167550567,5.238046103128795,1.2343444276231255,2
168,4.190869135821616,5.238046103128795,1.0471769673071787,7
169,4.190461372931095,5.238046103128795,1.0475847301977002,6
170,3.6842087182820835,5.238046103128795,1.5538373848467115,4
171,3.570008216145744,3.0791812460476247,-0.4908269700981194,9
172,3.4076501201000635,3.0791812460476247,-0.32846887405243885,2
173,3.562928746033022,3.0791812460476247,-0.48374749998539723,3
174,3.7906494481540696,3.0791812460476247,-0.7114682021064449,5
175,3.5483347518230053,3.0791812460476247,-0.4691535057753806,4
176,3.6407997686243068,3.0791812460476247,-0.5616185225766821,6
177,3.5374013334546475,3.0791812460476247,-0.4582200874070228,10
178,3.5069348688731607,3.0791812460476247,-0.4277536228255361,1
179,3.711894966895865,3.0791812460476247,-0.6327137208482405,7
180,3.46967942122185,3.823474229170301,0.353794807948451,1
181,3.6781374123014703,3.823474229170301,0.1453368168688307,5
182,3.3906290757210242,3.823474229170301,0.43284515344927676,4
183,3.514663029385149,3.823474229170301,0.3088111997851519,9
184,3.389151013913999,3.823474229170301,0.43432321525630213,2
185,3.6663590456208017,3.823474229170301,0.15711518354949927,6
186,3.608150775400825,3.823474229170301,0.21532345376947593,7
187,3.4986545738745325,3.823474229170301,0.3248196552957685,8
188,3.4099274881225727,3.823474229170301,0.41354674104772826,3
189,4.487266274671089,3.838849090737255,-0.6484171839338342,5
190,4.415326786799131,3.838849090737255,-0.5764776960618758,2
191,4.527647717349301,3.838849090737255,-0.6887986266120456,8
192,4.634684131668433,3.838849090737255,-0.7958350409311774,9
193,4.30358138689906,3.838849090737255,-0.46473229616180456,1
194,4.394114354459296,3.838849090737255,-0.5552652637220405,7
195,4.675046619393385,3.838849090737255,-0.8361975286561294,6
196,4.562029959691892,3.838849090737255,-0.7231808689546368,3
197,4.2016869458779995,3.838849090737255,-0.3628378551407443,4
198,4.21001130303595,3.505149978319906,-0.704861324716044,1
199,4.26106838300991,3.505149978319906,-0.755918404690004,3
200,4.4110428643494535,3.505149978319906,-0.9058928860295477,6
201,3.771664950116913,3.505149978319906,-0.2665149717970072,4
202,4.00344757180087,3.505149978319906,-0.49829759348096436,2
203,4.155186625304622,3.505149978319906,-0.6500366469847161,9
204,4.296256271781659,3.505149978319906,-0.7911062934617532,10
205,4.4322175807003505,3.505149978319906,-0.9270676023804447,7
206,3.9915114409135763,3.505149978319906,-0.4863614625936705,5
207,4.7162654819179375,6.041392685158225,1.3251272032402879,2
208,4.474812089494308,6.041392685158225,1.5665805956639174,9
209,4.710990078057489,6.041392685158225,1.3304026071007362,10
210,4.933858350027428,6.041392685158225,1.1075343351307971,3
211,4.425557105597396,6.041392685158225,1.6158355795608292,4
212,4.59265274331567,6.041392685158225,1.4487399418425557,7
213,4.900013470509983,6.041392685158225,1.141379214648242,6
214,4.566598826142776,6.041392685158225,1.474793859015449,5
215,3.986764499618195,6.041392685158225,2.0546281855400306,8
216,5.024573258574478,3.8813846567705728,-1.1431886018039048,1
217,5.189508231086196,3.8813846567705728,-1.3081235743156236,3
218,4.934690832411093,3.8813846567705728,-1.05330617564052,6
219,5.051768369957587,3.8813846567705728,-1.1703837131870145,9
220,4.925914246626681,3.8813846567705728,-1.0445295898561087,7
221,5.058267587104292,3.8813846567705728,-1.1768829303337194,8
222,4.830117741479039,3.8813846567705728,-0.9487330847084658,2
223,5.079353806081937,3.8813846567705728,-1.1979691493113647,10
224,5.143046853648996,3.8813846567705728,-1.2616621968784232,4
225,4.899042138954043,5.576341350205793,0.67729921125175,8
226,5.016964647482405,5.576341350205793,0.5593767027233874,3
227,4.725268075688407,5.576341350205793,0.8510732745173852,7
228,4.807499377157882,5.576341350205793,0.7688419730479108,6
229,4.916809163660724,5.576341350205793,0.6595321865450687,4
230,4.825528252113855,5.576341350205793,0.7508130980919372,1
231,4.925031360178118,5.576341350205793,0.6513099900276744,9
232,5.006441609298002,5.576341350205793,0.5698997409077906,10
233,4.621553151082012,5.576341350205793,0.9547881991237803,2
234,5.836537625601069,6.823539433656859,0.9870018080557905,7
235,6.316722303784998,6.823539433656859,0.5068171298718607,8
236,5.767332964779248,6.823539433656859,1.056206468877611,2
237,5.6951248682596995,6.823539433656859,1.1284145653971596,10
238,6.200251500978653,6.823539433656859,0.6232879326782061,4
239,5.818282406943704,6.823539433656859,1.0052570267131555,1
240,5.691767022386384,6.823539433656859,1.1317724112704752,6
241,6.389693539030565,6.823539433656859,0.43384589462629375,3
242,5.940788900462248,6.823539433656859,0.8827505331946108,5
243,6.420915081424733,6.3979400086720375,-0.02297507275269517,6
244,6.484879116848833,6.3979400086720375,-0.08693910817679562,9
245,6.316828069799299,6.3979400086720375,0.0811119388727386,4
246,6.59637524288437,6.3979400086720375,-0.1984352342123321,10
247,6.366667891177188,6.3979400086720375,0.031272117494849816,8
248,6.33089281600953,6.3979400086720375,0.0670471926625078,2
249,6.24552656273133,6.3979400086720375,0.1524134459407076,3
250,6.5127044157945075,6.3979400086720375,-0.11476440712247005,1
251,6.482496923971245,6.3979400086720375,-0.08455691529920717,7
252,6.199720155714433,6.707570176097937,0.5078500203835041,3
253,6.273846949861027,6.707570176097937,0.43372322623690973,8
254,6.294350360181197,6.707570176097937,0.4132198159167393,6
255,6.360313238772826,6.707570176097937,0.34725693732511065,9
256,6.341759129201111,6.707570176097937,0.36581104689682586,5
257,6.380379538404808,6.707570176097937,0.3271906376931284,10
258,6.250329746181129,6.707570176097937,0.4572404299168076,2
259,6.248710212139618,6.707570176097937,0.45885996395831885,4
260,6.391832190714142,6.707570176097937,0.3157379853837945,1
261,6.5839319355303845,6.3979400086720375,-0.18599192685834698,4
262,6.749695054822395,6.3979400086720375,-0.35175504615035713,9
263,6.613315286294314,6.3979400086720375,-0.21537527762227615,7
264,6.431348198531603,6.3979400086720375,-0.03340818985956595,6
265,6.697499053831383,6.3979400086720375,-0.29955904515934595,5
266,6.511444531290171,6.3979400086720375,-0.11350452261813349,10
267,6.498685871677247,6.3979400086720375,-0.10074586300520938,8
268,6.448383884295697,6.3979400086720375,-0.05044387562365937,2
269,6.572092200503155,6.3979400086720375,-0.17415219183111752,3
270,5.517056580235064,6.558708570533166,1.041651990298102,4
271,6.274218534299305,6.558708570533166,0.28449003623386115,9
272,5.635644910799112,6.558708570533166,0.923063659734054,3
273,6.074971316473657,6.558708570533166,0.48373725405950907,7
274,5.75442451553678,6.558708570533166,0.8042840549963861,5
275,6.058570231432753,6.558708570533166,0.5001383391004124,2
276,5.998777956887653,6.558708570533166,0.5599306136455127,10
277,5.828216773977937,6.558708570533166,0.7304917965552287,8
278,6.180458614800978,6.558708570533166,0.3782499557321879,6
279,6.074971316473657,6.107549129744687,0.03257781327102993,7
280,6.274218534299305,6.107549129744687,-0.16666940455461798,9
281,5.517056580235064,6.107549129744687,0.5904925495096229,4
282,5.75442451553678,6.107549129744687,0.353124614207907,5
283,5.828216773977937,6.107549129744687,0.27933235576674953,8
284,6.06109209335499,6.107549129744687,0.04645703638969678,1
285,5.998777956887653,6.107549129744687,0.10877117285703353,10
286,6.180458614800978,6.107549129744687,-0.07290948505629125,6
287,6.058570231432753,6.107549129744687,0.04897889831193325,2
288,6.199071485463552,4.193681029541281,-2.005390455922271,2
289,6.148240008221456,4.193681029541281,-1.9545589786801747,7
290,6.0181323369275335,4.193681029541281,-1.8244513073862523,10
291,5.293738850747587,4.193681029541281,-1.1000578212063061,8
292,5.468906276604834,4.193681029541281,-1.2752252470635526,4
293,5.5744905624402925,4.193681029541281,-1.3808095328990113,3
294,6.200497569097147,4.193681029541281,-2.0068165395558655,9
295,6.256862009698673,4.193681029541281,-2.0631809801573917,6
296,5.684602194041307,4.193681029541281,-1.4909211645000262,5
297,5.896377526528737,5.929418925714293,0.0330413991855556,5
298,6.257430948492311,5.929418925714293,-0.3280120227780179,4
299,6.542879562204462,5.929418925714293,-0.6134606364901689,9
300,6.305522906552477,5.929418925714293,-0.3761039808381845,2
301,6.276522239957628,5.929418925714293,-0.34710331424333507,10
302,6.230398402870604,5.929418925714293,-0.3009794771563108,7
303,5.847784909534356,5.929418925714293,0.08163401617993671,8
304,6.3877456319891674,5.929418925714293,-0.4583267062748746,1
305,6.311605825168817,5.929418925714293,-0.3821868994545241,3
306,6.348247086174734,6.531478917042255,0.1832318308675216,2
307,6.532128392545284,6.531478917042255,-0.0006494755030290733,9
308,6.304564875311919,6.531478917042255,0.22691404173033636,8
309,6.402474926235199,6.531478917042255,0.12900399080705593,6
310,6.482680155684275,6.531478917042255,0.04879876135798078,4
311,6.228239986425692,6.531478917042255,0.3032389306165637,5
312,6.2572710609495035,6.531478917042255,0.2742078560927519,3
313,6.354161595242756,6.531478917042255,0.17731732179949944,1
314,6.355442808056353,6.531478917042255,0.17603610898590194,7
315,6.358956387071912,6.414973347970818,0.05601696089890584,3
316,6.341550615214516,6.414973347970818,0.07342273275630262,7
317,6.258584287174346,6.414973347970818,0.15638906079647263,4
318,6.325919739639031,6.414973347970818,0.08905360833178744,2
319,6.398605577020796,6.414973347970818,0.016367770950021843,6
320,6.555549676384431,6.414973347970818,-0.140576328413613,9
321,6.32545523450964,6.414973347970818,0.08951811346117822,1
322,6.312586549710137,6.414973347970818,0.10238679826068076,10
323,6.243442365830588,6.414973347970818,0.17153098214023021,5
324,6.35344343671786,6.372912002970106,0.01946856625224669,3
325,6.33098114824843,6.372912002970106,0.04193085472167635,8
326,6.2468293843264835,6.372912002970106,0.1260826186436228,1
327,6.196334269469294,6.372912002970106,0.17657773350081207,5
328,6.2656354783928,6.372912002970106,0.10727652457730663,10
329,6.385586592428199,6.372912002970106,-0.012674589458092633,6
330,6.316914377280919,6.372912002970106,0.0559976256891872,2
331,6.5412098936181655,6.372912002970106,-0.16829789064805922,9
332,6.432601127970021,6.372912002970106,-0.059689124999914966,4
333,6.217501813975036,6.384890796530554,0.1673889825555177,5
334,6.24202604304786,6.384890796530554,0.14286475348269434,2
335,6.495358691876648,6.384890796530554,-0.11046789534609402,3
336,6.249388839783749,6.384890796530554,0.13550195674680499,10
337,6.274021653028268,6.384890796530554,0.11086914350228572,7
338,6.309984086226133,6.384890796530554,0.07490671030442098,6
339,6.3246054257914635,6.384890796530554,0.06028537073909046,8
340,6.1913547580970185,6.384890796530554,0.1935360384335354,1
341,6.382048891631025,6.384890796530554,0.0028419048995287355,4
342,5.681533953241804,6.325843928293292,0.6443099750514882,4
343,5.252115785719289,6.325843928293292,1.0737281425740033,6
344,5.566813663470291,6.325843928293292,0.759030264823001,10
345,5.702399801847,6.325843928293292,0.6234441264462918,3
346,5.651456767131907,6.325843928293292,0.674387161161385,2
347,5.897663291897341,6.325843928293292,0.4281806363959513,8
348,5.821725652456417,6.325843928293292,0.5041182758368752,1
349,5.678802965075957,6.325843928293292,0.6470409632173348,5
350,5.835579157350478,6.325843928293292,0.4902647709428143,9
351,6.719411345224992,7.0,0.2805886547750083,4
352,6.556755388633248,7.0,0.44324461136675186,2
353,6.722294151549133,7.0,0.277705848450867,8
354,6.800627879676257,7.0,0.1993721203237433,9
355,6.699086648093314,7.0,0.30091335190668644,1
356,6.752201549181587,7.0,0.24779845081841323,3
357,6.702935046709305,7.0,0.29706495329069504,10
358,6.995539643204132,7.0,0.004460356795868314,7
359,6.659474554034578,7.0,0.34052544596542234,6
360,6.511379597718609,6.8750612633917,0.36368166567309146,8
361,6.4224099973165085,6.8750612633917,0.45265126607519157,6
362,6.375684266190441,6.8750612633917,0.49937699720125917,3
363,6.616998586540237,6.8750612633917,0.25806267685146267,7
364,6.523689896319067,6.8750612633917,0.35137136707263306,9
365,6.284314343738777,6.8750612633917,0.5907469196529229,5
366,6.307188263994438,6.8750612633917,0.5678729993972622,2
367,6.558637279974261,6.8750612633917,0.3164239834174394,4
368,6.412195873948503,6.8750612633917,0.46286538944319666,1
369,6.30846245214469,6.835056101720117,0.5265936495754264,6
370,6.2122302521367105,6.835056101720117,0.622825849583406,8
371,6.324491853176349,6.835056101720117,0.5105642485437674,10
372,6.541325953670351,6.835056101720117,0.2937301480497654,7
373,6.3019380715919,6.835056101720117,0.5331180301282163,3
374,6.216915959725897,6.835056101720117,0.6181401419942194,1
375,6.202214356253158,6.835056101720117,0.6328417454669584,2
376,6.209531147484675,6.835056101720117,0.6255249542354413,5
377,6.35977651843211,6.835056101720117,0.4752795832880068,9
378,6.955016102755484,7.079181246047625,0.12416514329214134,4
379,6.894136716833677,7.079181246047625,0.18504452921394776,9
380,6.585388096999986,7.079181246047625,0.49379314904763927,7
381,6.715290036279173,7.079181246047625,0.36389120976845213,8
382,6.330082792395258,7.079181246047625,0.7490984536523673,2
383,6.339304801855752,7.079181246047625,0.7398764441918733,1
384,6.5435477424720645,7.079181246047625,0.5356335035755606,10
385,6.761829598809635,7.079181246047625,0.3173516472379898,5
386,6.528206317844596,7.079181246047625,0.5509749282030292,3
387,5.178238842701422,4.072984744627931,-1.105254098073491,1
388,5.296730140198979,4.072984744627931,-1.223745395571048,10
389,5.114879558132389,4.072984744627931,-1.0418948135044586,7
390,4.416211797273456,4.072984744627931,-0.343227052645525,4
391,5.1478008025761195,4.072984744627931,-1.0748160579481887,9
392,4.655724191142098,4.072984744627931,-0.5827394465141671,3
393,4.72912737012922,4.072984744627931,-0.656142625501289,5
394,5.064220817360824,4.072984744627931,-0.9912360727328933,6
395,4.958122796899132,4.072984744627931,-0.8851380522712011,8
396,5.6726271245871445,5.113943352306837,-0.5586837722803075,3
397,5.5023498547089735,5.113943352306837,-0.3884065024021366,8
398,5.64419227449309,5.113943352306837,-0.530248922186253,7
399,5.259726464151396,5.113943352306837,-0.14578311184455917,5
400,5.630849621966699,5.113943352306837,-0.5169062696598621,6
401,5.4888558435908354,5.113943352306837,-0.3749124912839985,10
402,5.495259171813032,5.113943352306837,-0.3813158195061952,1
403,5.689588000466492,5.113943352306837,-0.5756446481596553,9
404,5.258656353435213,5.113943352306837,-0.14471300112837593,4
405,4.415010664792749,5.096910013008056,0.6818993482153068,9
406,4.355404239520414,5.096910013008056,0.741505773487642,4
407,5.050907775575091,5.096910013008056,0.04600223743296539,2
408,4.3399600506705776,5.096910013008056,0.7569499623374787,10
409,4.302635482300812,5.096910013008056,0.7942745307072441,7
410,4.478623991368334,5.096910013008056,0.6182860216397223,1
411,4.494092640530504,5.096910013008056,0.6028173724775518,6
412,4.844892976520787,5.096910013008056,0.2520170364872696,3
413,4.53613807538217,5.096910013008056,0.5607719376258862,8
414,5.176688106826801,5.342422680822207,0.16573457399540548,10
415,5.211126456357265,5.342422680822207,0.1312962244649416,1
416,5.193749193236637,5.342422680822207,0.14867348758556975,9
417,5.358983005661631,5.342422680822207,-0.016560324839424823,6
418,5.380250069393393,5.342422680822207,-0.03782738857118595,5
419,5.5423482836156195,5.342422680822207,-0.19992560279341287,4
420,5.168414825587281,5.342422680822207,0.174007855234926,3
421,5.250676721413172,5.342422680822207,0.0917459594090344,7
422,5.585492357137013,5.342422680822207,-0.24306967631480614,2
423,5.805114211353084,6.2405492482826,0.43543503692951635,3
424,6.142700947468329,6.2405492482826,0.0978483008142712,9
425,6.019384297659837,6.2405492482826,0.22116495062276353,6
426,6.114657873332894,6.2405492482826,0.12589137494970615,10
427,5.578901788541377,6.2405492482826,0.6616474597412232,8
428,5.926885830032277,6.2405492482826,0.3136634182503233,4
429,5.981552063833479,6.2405492482826,0.2589971844491217,2
430,5.878561981507531,6.2405492482826,0.36198726677506965,1
431,6.230821168786538,6.2405492482826,0.009728079496062136,7
432,4.668713346508389,5.278753600952829,0.6100402544444394,10
433,4.638514108243292,5.278753600952829,0.6402394927095365,9
434,4.748739468080086,5.278753600952829,0.5300141328727426,7
435,4.633721566939106,5.278753600952829,0.645032034013723,2
436,4.591140023668636,5.278753600952829,0.6876135772841927,3
437,4.620487540532598,5.278753600952829,0.6582660604202308,6
438,4.327815421847685,5.278753600952829,0.9509381791051439,8
439,4.541263467026569,5.278753600952829,0.7374901339262596,5
440,4.654334988337208,5.278753600952829,0.6244186126156208,1
441,6.281492586721799,6.2552725051033065,-0.026220081618492763,7
442,5.922512159616622,6.2552725051033065,0.3327603454866841,3
443,6.213586761585956,6.2552725051033065,0.041685743517350105,6
444,5.888137043993919,6.2552725051033065,0.36713546110938733,5
445,6.194123104033988,6.2552725051033065,0.06114940106931854,9
446,6.011497379348554,6.2552725051033065,0.2437751257547527,8
447,6.0254406296458365,6.2552725051033065,0.22983187545746997,2
448,6.123364298190693,6.2552725051033065,0.1319082069126134,10
449,6.112444973661821,6.2552725051033065,0.14282753144148508,4
450,5.289176259941642,5.023540521554854,-0.2656357383867878,6
451,5.243725773174048,5.023540521554854,-0.22018525161919378,2
452,5.503964191995171,5.023540521554854,-0.48042367044031664,7
453,5.377481391420608,5.023540521554854,-0.35394086986575424,5
454,5.409518741706259,5.023540521554854,-0.38597822015140526,1
455,4.887067961509149,5.023540521554854,0.1364725600457053,4
456,5.479447623735845,5.023540521554854,-0.4559071021809906,9
457,5.285218413672055,5.023540521554854,-0.26167789211720116,3
458,5.345259182959475,5.023540521554854,-0.3217186614046206,10
459,5.955747760613877,6.313867220369153,0.3581194597552759,9
460,5.25510666292595,6.313867220369153,1.058760557443203,8
461,5.502542591458151,6.313867220369153,0.8113246289110023,2
462,5.58946556530477,6.313867220369153,0.7244016550643835,4
463,5.817182172811595,6.313867220369153,0.49668504755755816,5
464,5.6767854063708985,6.313867220369153,0.6370818139982548,6
465,5.650963895286659,6.313867220369153,0.6629033250824943,10
466,5.827582508236492,6.313867220369153,0.48628471213266167,7
467,5.612450589320017,6.313867220369153,0.7014166310491365,3
468,5.783616602268004,6.361727836017593,0.5781112337495893,2
469,5.621299305847534,6.361727836017593,0.7404285301700595,8
470,5.9844774136056555,6.361727836017593,0.3772504224119375,3
471,5.95810424771163,6.361727836017593,0.4036235883059627,10
472,5.861569436199709,6.361727836017593,0.5001583998178845,4
473,5.875119660043971,6.361727836017593,0.4866081759736218,1
474,6.197197855879206,6.361727836017593,0.16452998013838727,5
475,6.283323765168707,6.361727836017593,0.07840407084888579,9
476,6.131644673425526,6.361727836017593,0.2300831625920674,7
477,6.045606177746193,6.6020599913279625,0.5564538135817694,2
478,5.962853573868298,6.6020599913279625,0.6392064174596648,1
479,6.056966652530685,6.6020599913279625,0.5450933387972778,5
480,6.096736433783037,6.6020599913279625,0.5053235575449255,4
481,6.178584803036633,6.6020599913279625,0.4234751882913299,7
482,6.04459116344028,6.6020599913279625,0.5574688278876829,10
483,6.144773864958267,6.6020599913279625,0.4572861263696959,6
484,6.070928638519031,6.6020599913279625,0.5311313528089316,8
485,5.940077479065541,6.6020599913279625,0.6619825122624219,3
486,5.70295611027812,6.649334858712142,0.9463787484340216,6
487,6.0690578536639554,6.649334858712142,0.5802770050481865,9
488,6.2602006340765195,6.649334858712142,0.3891342246356224,5
489,5.693363733791399,6.649334858712142,0.955971124920743,1
490,5.653529702000307,6.649334858712142,0.9958051567118353,2
491,6.059121951929576,6.649334858712142,0.5902129067825657,8
492,5.764737712196514,6.649334858712142,0.8845971465156275,10
493,6.230313761558459,6.649334858712142,0.4190210971536832,7
494,6.721939043663141,6.649334858712142,-0.07260418495099952,4
495,6.04459116344028,6.041392685158225,-0.003198478282054218,10
496,6.178584803036633,6.041392685158225,-0.13719211787840724,7
497,6.070928638519031,6.041392685158225,-0.0295359533608055,8
498,5.962853573868298,6.041392685158225,0.07853911128992763,1
499,6.144773864958267,6.041392685158225,-0.10338117980004125,6
500,5.940077479065541,6.041392685158225,0.10131520609268474,3
501,6.096736433783037,6.041392685158225,-0.05534374862481162,4
502,6.180676435535622,6.041392685158225,-0.1392837503773965,9
503,6.045606177746193,6.041392685158225,-0.004213492587967771,2
504,5.683750258777727,5.901294817165567,0.21754455838784015,8
505,5.608591176686963,5.901294817165567,0.29270364047860387,6
506,5.378316151978874,5.901294817165567,0.5229786651866934,1
507,5.492701464269504,5.901294817165567,0.40859335289606324,4
508,5.393312963480117,5.901294817165567,0.5079818536854503,3
509,5.439626029069048,5.901294817165567,0.4616687880965191,5
510,5.610185366101399,5.901294817165567,0.29110945106416786,9
511,5.672727964872717,5.901294817165567,0.22856685229285034,7
512,5.54830913842192,5.901294817165567,0.3529856787436474,10
513,4.99592945420892,6.447158031342219,1.4512285771332998,3
514,5.2119096205137,6.447158031342219,1.235248410828519,6
515,5.243524437962125,6.447158031342219,1.2036335933800943,9
516,4.850474252457949,6.447158031342219,1.5966837788842705,4
517,5.150144908188933,6.447158031342219,1.2970131231532864,1
518,5.247020282135386,6.447158031342219,1.2001377492068332,5
519,5.095910366655743,6.447158031342219,1.3512476646864764,2
520,5.163029699725226,6.447158031342219,1.2841283316169934,10
521,4.923704373103343,6.447158031342219,1.5234536582388767,8
522,5.774088406289617,4.681241237375588,-1.0928471689140293,4
523,6.015459189449018,4.681241237375588,-1.3342179520734305,7
524,5.918331794758234,4.681241237375588,-1.237090557382646,10
525,5.794847849905179,4.681241237375588,-1.1136066125295914,2
526,5.7675932816982804,4.681241237375588,-1.0863520443226928,1
527,5.985542774927808,4.681241237375588,-1.3043015375522202,9
528,5.863668314577672,4.681241237375588,-1.1824270772020844,6
529,5.5711072430375435,4.681241237375588,-0.8898660056619558,8
530,5.834311122892027,4.681241237375588,-1.1530698855164392,5
531,5.74934809824003,5.81504617606463,0.06569807782460035,10
532,5.918177904309719,5.81504617606463,-0.10313172824508854,8
533,6.059335152970175,5.81504617606463,-0.24428897690554496,9
534,6.0674731072916375,5.81504617606463,-0.2524269312270073,7
535,5.95643542813358,5.81504617606463,-0.14138925206894992,6
536,5.985514414192006,5.81504617606463,-0.1704682381273761,4
537,6.005257941155266,5.81504617606463,-0.19021176509063586,3
538,5.991746600785169,5.81504617606463,-0.17670042472053904,5
539,5.882905564421564,5.81504617606463,-0.06785938835693361,2
540,5.528691972329488,4.992818520066679,-0.535873452262809,4
541,5.793313004435244,4.992818520066679,-0.8004944843685644,7
542,5.577226165840802,4.992818520066679,-0.5844076457741227,3
543,5.753710800285826,4.992818520066679,-0.7608922802191467,10
544,5.759049780197032,4.992818520066679,-0.7662312601303531,9
545,5.544798242972694,4.992818520066679,-0.5519797229060144,5
546,5.689713181545135,4.992818520066679,-0.6968946614784555,2
547,4.991690981668508,4.992818520066679,0.0011275383981708131,1
548,5.422102854739832,4.992818520066679,-0.4292843346731523,8
549,3.5530683040692055,3.204119982655925,-0.34894832141328047,3
550,4.328749058282126,3.204119982655925,-1.124629075626201,1
551,4.25728020010479,3.204119982655925,-1.0531602174488652,9
552,4.6044227365366,3.204119982655925,-1.4003027538806752,2
553,3.5685369748799243,3.204119982655925,-0.36441699222399926,4
554,3.953847498615492,3.204119982655925,-0.7497275159595671,5
555,4.48337247470348,3.204119982655925,-1.2792524920475552,10
556,3.79933434098164,3.204119982655925,-0.5952143583257148,8
557,4.471932946146471,3.204119982655925,-1.2678129634905462,6
558,5.943604423078422,6.8750612633917,0.9314568403132784,8
559,5.918312009795365,6.8750612633917,0.9567492535963353,1
560,6.072783603966195,6.8750612633917,0.8022776594255054,3
561,6.08296302375404,6.8750612633917,0.7920982396376601,10
562,6.034256435155494,6.8750612633917,0.8408048282362062,5
563,6.215712748694386,6.8750612633917,0.6593485146973137,7
564,5.944511774394534,6.8750612633917,0.9305494889971664,2
565,6.153640077021819,6.8750612633917,0.7214211863698807,9
566,6.185783457881719,6.8750612633917,0.6892778055099811,4
567,6.373593606696617,6.8909795969896885,0.5173859902930715,8
568,6.558590433970689,6.8909795969896885,0.33238916301899923,5
569,6.69810744529081,6.8909795969896885,0.19287215169887872,4
570,6.680525138164778,6.8909795969896885,0.21045445882491087,9
571,6.700734393070163,6.8909795969896885,0.1902452039195257,6
572,6.666253452005557,6.8909795969896885,0.2247261449841318,7
573,6.538777191706998,6.8909795969896885,0.3522024052826902,1
574,6.549578809330105,6.8909795969896885,0.3414007876595839,3
575,6.599011933532481,6.8909795969896885,0.2919676634572079,10
576,6.038726942397991,6.0,-0.03872694239799124,1
577,6.2228469472610515,6.0,-0.22284694726105148,4
578,5.973347236543936,6.0,0.026652763456064044,2
579,6.200267653305034,6.0,-0.20026765330503427,7
580,6.054831062745066,6.0,-0.054831062745066106,3
581,5.956086280429622,6.0,0.04391371957037826,8
582,5.998950858359046,6.0,0.0010491416409541543,6
583,6.134216846102089,6.0,-0.13421684610208917,5
584,6.185452896257972,6.0,-0.18545289625797157,9
585,4.701686695166283,4.5003737143533735,-0.20131298081290971,5
586,4.517518000725464,4.5003737143533735,-0.017144286372090534,4
587,4.833175102333034,4.5003737143533735,-0.33280138797966075,9
588,4.789253037855398,4.5003737143533735,-0.28887932350202483,2
589,4.730290867655339,4.5003737143533735,-0.22991715330196527,6
590,4.842093150395281,4.5003737143533735,-0.3417194360419078,10
591,4.684880420875546,4.5003737143533735,-0.18450670652217216,3
592,4.694719303726376,4.5003737143533735,-0.19434558937300217,7
593,5.202784755968731,4.5003737143533735,-0.7024110416153571,8
594,5.7079793270300145,6.3979400086720375,0.689960681642023,8
595,5.369857949252391,6.3979400086720375,1.0280820594196465,10
596,5.652550764256113,6.3979400086720375,0.7453892444159242,4
597,5.496351416982117,6.3979400086720375,0.9015885916899204,1
598,5.644131646242221,6.3979400086720375,0.7538083624298162,7
599,5.703172930701848,6.3979400086720375,0.6947670779701891,9
600,5.491978253196007,6.3979400086720375,0.9059617554760306,2
601,5.632933638412253,6.3979400086720375,0.7650063702597842,6
602,5.652024126748332,6.3979400086720375,0.7459158819237057,3
603,6.22792263848922,6.447158031342219,0.2192353928529993,1
604,6.1226184069353,6.447158031342219,0.32453962440691964,6
605,6.231325936820678,6.447158031342219,0.2158320945215415,3
606,6.314644810733539,6.447158031342219,0.1325132206086801,4
607,6.366910797064958,6.447158031342219,0.08024723427726155,7
608,6.227356146905974,6.447158031342219,0.2198018844362455,5
609,6.175194751342608,6.447158031342219,0.27196327999961145,10
610,6.141757672551807,6.447158031342219,0.30540035879041216,9
611,6.301753302645361,6.447158031342219,0.1454047286968585,8
612,5.370754770139101,7.267171728403014,1.896416958263913,1
613,5.379420010265117,7.267171728403014,1.8877517181378964,2
614,5.7296324802314595,7.267171728403014,1.5375392481715542,8
615,5.595820044381909,7.267171728403014,1.6713516840211051,3
616,5.501682780411456,7.267171728403014,1.7654889479915576,9
617,5.522445179684578,7.267171728403014,1.744726548718436,7
618,5.378137806408808,7.267171728403014,1.8890339219942058,4
619,5.488363663133222,7.267171728403014,1.778808065269792,10
620,5.62900689428336,7.267171728403014,1.638164834119654,5
621,5.996310725655025,5.045714058940868,-0.9505966667141568,3
622,6.079420673930993,5.045714058940868,-1.0337066149901242,7
623,5.903157125950022,5.045714058940868,-0.8574430670091537,2
624,6.006636722699348,5.045714058940868,-0.9609226637584793,6
625,5.977540023051357,5.045714058940868,-0.9318259641104882,10
626,5.437653460089574,5.045714058940868,-0.3919394011487052,8
627,5.9723586142147775,5.045714058940868,-0.9266445552739091,5
628,5.656652507379783,5.045714058940868,-0.6109384484389144,4
629,5.97619166031347,5.045714058940868,-0.9304776013726013,9
630,5.897854722771537,6.230448921378274,0.33259419860673667,5
631,5.708515711477753,6.230448921378274,0.5219332099005207,2
632,6.141108213489844,6.230448921378274,0.08934070788843052,3
633,5.677400339992623,6.230448921378274,0.5530485813856512,8
634,4.856302989547067,6.230448921378274,1.3741459318312073,4
635,5.78014955555243,6.230448921378274,0.4502993658258445,10
636,5.923591605032306,6.230448921378274,0.306857316345968,7
637,6.340020809618451,6.230448921378274,-0.10957188824017727,9
638,6.330258512993306,6.230448921378274,-0.09980959161503211,6
639,5.933236081655846,4.127104798364807,-1.8061312832910383,3
640,6.073070737006543,4.127104798364807,-1.945965938641736,7
641,5.961270054700063,4.127104798364807,-1.8341652563352557,10
642,5.4978726276754974,4.127104798364807,-1.3707678293106902,8
643,5.879627301398757,4.127104798364807,-1.7525225030339495,2
644,5.293124932511852,4.127104798364807,-1.166020134147045,4
645,6.106102264798546,4.127104798364807,-1.9789974664337384,9
646,5.62109847429374,4.127104798364807,-1.493993675928933,1
647,5.8203952082301855,4.127104798364807,-1.6932904098653783,5
648,5.626988025121333,6.0,0.37301197487866666,7
649,5.4004342151894,6.0,0.5995657848105997,10
650,5.7022210317692625,6.0,0.29777896823073746,2
651,5.65558770076497,6.0,0.3444122992350298,1
652,5.797300443857343,6.0,0.20269955614265722,3
653,5.718963987248947,6.0,0.28103601275105294,8
654,5.686123451469775,6.0,0.3138765485302253,6
655,5.8593219527910465,6.0,0.1406780472089535,4
656,5.862136916583304,6.0,0.13786308341669606,9
657,6.558884983983389,5.715167357848458,-0.8437176261349313,7
658,6.465333242910755,5.715167357848458,-0.7501658850622972,10
659,6.840460122992475,5.715167357848458,-1.1252927651440174,3
660,6.259576070931935,5.715167357848458,-0.5444087130834774,8
661,6.694904263981963,5.715167357848458,-0.9797369061335051,9
662,6.662652497596247,5.715167357848458,-0.9474851397477897,6
663,6.526516280038291,5.715167357848458,-0.8113489221898336,2
664,6.652300470956225,5.715167357848458,-0.9371331131077669,4
665,6.474140537334557,5.715167357848458,-0.758973179486099,5
666,6.068629970355484,6.024046225131059,-0.044583745224424653,9
667,6.024110261304457,6.024046225131059,-6.403617339767465e-05,7
668,6.038380190468977,6.024046225131059,-0.014333965337917753,2
669,5.616465406882827,6.024046225131059,0.4075808182482321,8
670,5.876680381020253,6.024046225131059,0.1473658441108059,4
671,5.820887702993106,6.024046225131059,0.2031585221379526,5
672,6.0776261089595085,6.024046225131059,-0.05357988382844958,3
673,6.088905889280862,6.024046225131059,-0.06485966414980293,10
674,6.100454103913179,6.024046225131059,-0.07640787878212052,1
675,2.0214927656493864,3.645422269349092,1.6239295036997055,4
676,2.1676681967956895,3.645422269349092,1.4777540725534024,5
677,1.5107791489330014,3.645422269349092,2.1346431204160905,9
678,1.6202063544125178,3.645422269349092,2.025215914936574,10
679,2.6271928148866706,3.645422269349092,1.0182294544624213,3
680,1.5548034537331008,3.645422269349092,2.090618815615991,6
681,2.120436857945603,3.645422269349092,1.5249854114034886,1
682,2.266303218113995,3.645422269349092,1.3791190512350968,8
683,1.9733636830817909,3.645422269349092,1.672058586267301,2
684,4.2788007747204135,3.146128035678238,-1.1326727390421754,9
685,4.260535352928157,3.146128035678238,-1.1144073172499187,3
686,3.969797526866921,3.146128035678238,-0.8236694911886828,6
687,4.201368505538491,3.146128035678238,-1.0552404698602524,10
688,3.8307251026343847,3.146128035678238,-0.6845970669561465,7
689,3.9524008859741477,3.146128035678238,-0.8062728502959096,4
690,4.287754597623033,3.146128035678238,-1.1416265619447952,5
691,4.29055783005323,3.146128035678238,-1.1444297943749921,2
692,3.993174231447439,3.146128035678238,-0.847046195769201,8
693,2.0214927656493864,2.8750612633917,0.8535684977423137,4
694,1.9733636830817909,2.8750612633917,0.9016975803099092,2
695,2.1676681967956895,2.8750612633917,0.7073930665960106,5
696,2.2663032181139946,2.8750612633917,0.6087580452777055,8
697,1.323912121643512,2.8750612633917,1.5511491417481882,7
698,2.6271928148866706,2.8750612633917,0.24786844850502954,3
699,2.120436857945603,2.8750612633917,0.7546244054460969,1
700,1.5107791489330014,2.8750612633917,1.3642821144586987,9
701,1.6202063544125178,2.8750612633917,1.2548549089791823,10
702,3.8518375636271576,3.3010299956639813,-0.5508075679631763,7
703,3.714932413592388,3.3010299956639813,-0.41390241792840676,3
704,3.495699252344627,3.3010299956639813,-0.19466925668064583,4
705,3.486516932900545,3.3010299956639813,-0.18548693723656395,9
706,4.105396758207275,3.3010299956639813,-0.8043667625432933,8
707,3.6617031939929765,3.3010299956639813,-0.36067319832899525,10
708,3.656373194984281,3.3010299956639813,-0.3553431993202998,5
709,3.6993673532757954,3.3010299956639813,-0.3983373576118141,6
710,4.204931224207797,3.3010299956639813,-0.9039012285438162,1
711,4.232979364043677,3.3138672203691533,-0.919112143674524,1
712,3.79455836337272,3.3138672203691533,-0.4806911430035665,9
713,4.0299639665971405,3.3138672203691533,-0.7160967462279872,10
714,3.7183947183650066,3.3138672203691533,-0.4045274979958533,4
715,4.019080610789299,3.3138672203691533,-0.7052133904201456,6
716,3.9092166709273166,3.3138672203691533,-0.5953494505581634,5
717,3.8092905991262382,3.3138672203691533,-0.495423378757085,2
718,4.018209914853559,3.3138672203691533,-0.7043426944844056,8
719,4.10364680031842,3.3138672203691533,-0.7897795799492666,3
720,4.582149370257901,5.905795880367869,1.3236465101099677,4
721,4.819342276003199,5.905795880367869,1.08645360436467,10
722,4.8375617681740755,5.905795880367869,1.0682341121937933,8
723,4.785491189674093,5.905795880367869,1.120304690693776,7
724,4.594257612496141,5.905795880367869,1.311538267871728,9
725,4.957875073395964,5.905795880367869,0.9479208069719052,2
726,4.841944468007384,5.905795880367869,1.063851412360485,3
727,4.968175874995275,5.905795880367869,0.9376200053725938,1
728,4.748479569606456,5.905795880367869,1.1573163107614128,5
729,3.7144744375957814,2.6989700043360187,-1.0155044332597627,8
730,3.5327577226569713,2.6989700043360187,-0.8337877183209526,4
731,3.848089253810136,2.6989700043360187,-1.1491192494741171,6
732,3.740308605390277,2.6989700043360187,-1.0413386010542585,5
733,3.7716780184842293,2.6989700043360187,-1.0727080141482106,10
734,3.6154345946396504,2.6989700043360187,-0.9164645903036317,1
735,3.681585386443867,2.6989700043360187,-0.982615382107848,9
736,3.8757480828841695,2.6989700043360187,-1.1767780785481508,2
737,3.6452064399939577,2.6989700043360187,-0.9462364356579389,7
738,3.478172795694588,4.146128035678238,0.6679552399836504,4
739,3.3711258866678704,4.146128035678238,0.7750021490103678,5
740,3.6380934721371294,4.146128035678238,0.5080345635411088,1
741,3.3698149643666166,4.146128035678238,0.7763130713116215,8
742,2.950340686039879,4.146128035678238,1.1957873496383593,7
743,3.3717148773707106,4.146128035678238,0.7744131583075275,9
744,3.2706416598130956,4.146128035678238,0.8754863758651426,10
745,3.587038482106115,4.146128035678238,0.559089553572123,3
746,3.401778186773572,4.146128035678238,0.7443498489046663,2
747,3.2252143340429047,3.2430380486862944,0.01782371464338972,6
748,2.929118080070993,3.2430380486862944,0.3139199686153016,7
749,3.205782956854324,3.2430380486862944,0.03725509183197051,2
750,2.940628308525894,3.2430380486862944,0.30240974016040045,8
751,3.0119639724006224,3.2430380486862944,0.231074076285672,3
752,2.8067450437998125,3.2430380486862944,0.4362930048864819,10
753,3.1137357821690808,3.2430380486862944,0.12930226651721366,1
754,2.511018792234016,3.2430380486862944,0.7320192564522783,9
755,3.263848602074363,3.2430380486862944,-0.020810553388068698,5
756,3.8243736765081855,2.6532125137753435,-1.171161162732842,3
757,3.4999689642605665,2.6532125137753435,-0.846756450485223,10
758,3.4109956387481346,2.6532125137753435,-0.7577831249727911,8
759,3.029037077535026,2.6532125137753435,-0.37582456375968265,9
760,3.407718349396499,2.6532125137753435,-0.7545058356211554,1
761,3.3860128457004284,2.6532125137753435,-0.7328003319250849,4
762,2.8578277269925048,2.6532125137753435,-0.20461521321716125,7
763,3.8324165571129547,2.6532125137753435,-1.1792040433376112,5
764,3.608832136665183,2.6532125137753435,-0.9556196228898397,2
765,4.049524765052951,2.1089031276673134,-1.9406216373856373,8
766,4.17075563355567,2.1089031276673134,-2.0618525058883566,3
767,4.07060992807619,2.1089031276673134,-1.961706800408877,7
768,3.625933283001957,2.1089031276673134,-1.5170301553346435,10
769,3.8428916348840003,2.1089031276673134,-1.733988507216687,9
770,4.234308779003866,2.1089031276673134,-2.125405651336553,6
771,4.2671404402960045,2.1089031276673134,-2.158237312628691,2
772,3.847891016758891,2.1089031276673134,-1.7389878890915775,4
773,3.939424676598293,2.1089031276673134,-1.8305215489309798,1
774,4.011364056653926,3.7781512503836434,-0.23321280627028296,1
775,3.98981283470995,3.7781512503836434,-0.21166158432630677,6
776,3.603131028142355,3.7781512503836434,0.17502022224128844,4
777,3.9547231183690883,3.7781512503836434,-0.17657186798544489,2
778,3.870213900849636,3.7781512503836434,-0.09206265046599249,8
779,3.7082827676734786,3.7781512503836434,0.06986848271016477,7
780,3.937073000314336,3.7781512503836434,-0.15892174993069252,10
781,3.786180144203534,3.7781512503836434,-0.00802889381989047,5
782,3.70655921236784,3.7781512503836434,0.07159203801580327,9
783,3.7082827676734786,3.3010299956639813,-0.4072527720094974,7
784,3.603131028142355,3.3010299956639813,-0.3021010324783737,4
785,3.98981283470995,3.3010299956639813,-0.6887828390459689,6
786,3.9547231183690883,3.3010299956639813,-0.653693122705107,2
787,3.786180144203534,3.3010299956639813,-0.48515014853955263,5
788,3.8866530508365904,3.3010299956639813,-0.5856230551726092,3
789,4.011364056653926,3.3010299956639813,-0.7103340609899451,1
790,3.70655921236784,3.3010299956639813,-0.4055292167038589,9
791,3.870213900849636,3.3010299956639813,-0.5691839051856546,8
792,4.689175833759504,3.0,-1.6891758337595038,3
793,4.43883735267008,3.0,-1.4388373526700802,2
794,4.461231353389105,3.0,-1.4612313533891053,10
795,4.316929756033427,3.0,-1.316929756033427,9
796,4.376301243074713,3.0,-1.376301243074713,8
797,4.402476810965218,3.0,-1.4024768109652177,6
798,4.474771530793817,3.0,-1.4747715307938174,7
799,4.577287861052746,3.0,-1.5772878610527457,1
800,4.281558589267027,3.0,-1.2815585892670267,5
801,4.271879514330101,4.431363764158987,0.15948424982888554,2
802,4.203872738806378,4.431363764158987,0.22749102535260857,1
803,4.74215340549679,4.431363764158987,-0.31078964133780307,6
804,4.442277782598327,4.431363764158987,-0.010914018439340367,4
805,4.361264865723024,4.431363764158987,0.07009889843596273,8
806,4.471321412443128,4.431363764158987,-0.03995764828414128,3
807,4.335515310283001,4.431363764158987,0.09584845387598584,10
808,5.0201464040054296,4.431363764158987,-0.5887826398464426,5
809,4.52747901359288,4.431363764158987,-0.09611524943389327,9
810,4.857504957158907,4.423245873936808,-0.4342590832220994,6
811,4.445845342759636,4.423245873936808,-0.02259946882282815,4
812,4.680540994733929,4.423245873936808,-0.2572951207971208,3
813,4.4989366733762886,4.423245873936808,-0.07569079943948065,1
814,4.638576838805816,4.423245873936808,-0.2153309648690085,8
815,4.514298014327663,4.423245873936808,-0.09105214039085485,9
816,4.8320430187837085,4.423245873936808,-0.40879714484690055,10
817,4.527007609024145,4.423245873936808,-0.10376173508733721,5
818,4.760952907459364,4.423245873936808,-0.33770703352255627,2
819,4.217023479428996,4.431363764158987,0.21434028472999067,6
820,4.251554584065416,4.431363764158987,0.17980918009357083,7
821,4.613670174563605,4.431363764158987,-0.18230641040461837,3
822,4.657098794402369,4.431363764158987,-0.22573503024338226,1
823,4.362576358132286,4.431363764158987,0.06878740602670064,2
824,4.644533227416612,4.431363764158987,-0.21316946325762487,5
825,4.319611999381112,4.431363764158987,0.11175176477787474,9
826,4.44766368552573,4.431363764158987,-0.016299921366742964,8
827,4.438890756407562,4.431363764158987,-0.007526992248575226,4
828,4.245898337088029,5.544068044350276,1.2981697072622467,8
829,4.324196732122448,5.544068044350276,1.219871312227828,5
830,4.21455340891855,5.544068044350276,1.3295146354317255,4
831,4.429023197972974,5.544068044350276,1.1150448463773017,1
832,4.120723347820633,5.544068044350276,1.423344696529643,2
833,3.9963482954571785,5.544068044350276,1.5477197488930972,7
834,4.416004033779158,5.544068044350276,1.1280640105711175,3
835,4.16732832935244,5.544068044350276,1.3767397149978358,9
836,4.3245142934007665,5.544068044350276,1.2195537509495091,10
837,4.282682718367045,3.0,-1.2826827183670453,6
838,3.9319099488614726,3.0,-0.9319099488614726,4
839,4.186748290238837,3.0,-1.186748290238837,2
840,4.218264586540883,3.0,-1.218264586540883,1
841,3.4857012800069933,3.0,-0.4857012800069933,10
842,3.6515817643900834,3.0,-0.6515817643900834,3
843,3.7169572435931038,3.0,-0.7169572435931038,9
844,3.7086409816495927,3.0,-0.7086409816495927,7
845,3.914491017181483,3.0,-0.9144910171814828,5
846,5.477832001884667,3.1583624920952498,-2.319469509789417,2
847,5.362492940720659,3.1583624920952498,-2.2041304486254094,10
848,4.905823522292664,3.1583624920952498,-1.7474610301974143,3
849,5.149258574759958,3.1583624920952498,-1.9908960826647086,9
850,4.949240999517177,3.1583624920952498,-1.7908785074219273,4
851,4.882518725746302,3.1583624920952498,-1.7241562336510525,8
852,5.509595616420884,3.1583624920952498,-2.3512331243256344,7
853,5.65596622541846,3.1583624920952498,-2.4976037333232104,1
854,4.829005305746114,3.1583624920952498,-1.6706428136508644,5
855,3.7427860728021884,2.740362689494244,-1.0024233833079443,5
856,3.7530112789195575,2.740362689494244,-1.0126485894253134,8
857,3.6391463261350814,2.740362689494244,-0.8987836366408373,2
858,3.4437853349526195,2.740362689494244,-0.7034226454583754,7
859,3.482185604032876,2.740362689494244,-0.7418229145386319,4
860,3.8233449245970603,2.740362689494244,-1.0829822351028162,1
861,3.700706593369711,2.740362689494244,-0.9603439038754669,6
862,3.950844428200616,2.740362689494244,-1.2104817387063718,3
863,3.485802739205077,2.740362689494244,-0.7454400497108331,9
864,3.7715271583697105,3.6232492903979,-0.14827786797181064,2
865,3.5416543436289594,3.6232492903979,0.08159494676894052,7
866,3.670510805608848,3.6232492903979,-0.0472615152109479,10
867,4.048449067865663,3.6232492903979,-0.42519977746776316,1
868,3.774090200836024,3.6232492903979,-0.1508409104381241,3
869,3.908714028856854,3.6232492903979,-0.28546473845895415,6
870,3.4566900323022107,3.6232492903979,0.16655925809568917,9
871,3.3157191068815663,3.6232492903979,0.30753018351633354,5
872,3.824416761442672,3.6232492903979,-0.20116747104477195,8
873,5.888235079804996,5.375092713083399,-0.5131423667215973,3
874,5.959405322945591,5.375092713083399,-0.5843126098621925,2
875,5.760925428613596,5.375092713083399,-0.3858327155301966,8
876,6.142857599854088,5.375092713083399,-0.7677648867706894,9
877,6.041165497618644,5.375092713083399,-0.6660727845352454,10
878,6.285200369502263,5.375092713083399,-0.9101076564188642,7
879,5.695240099009548,5.375092713083399,-0.3201473859261492,5
880,6.075984023830854,5.375092713083399,-0.7008913107474548,1
881,5.912740656640273,5.375092713083399,-0.5376479435568742,4
882,6.23255428417054,6.361727836017593,0.12917355184705315,4
883,6.140074394642755,6.361727836017593,0.2216534413748379,5
884,6.336258372193296,6.361727836017593,0.025469463824297378,1
885,6.197510856974923,6.361727836017593,0.16421697904266974,2
886,6.087961438500565,6.361727836017593,0.27376639751702836,3
887,6.373578988553395,6.361727836017593,-0.011851152535801823,6
888,6.365090850682365,6.361727836017593,-0.003363014664771846,9
889,6.428560078140495,6.361727836017593,-0.06683224212290195,7
890,6.141704951005636,6.361727836017593,0.22002288501195721,8
891,6.123364298190693,6.409933123331294,0.2865688251406011,10
892,6.011497379348554,6.409933123331294,0.3984357439827404,8
893,5.922512159616622,6.409933123331294,0.4874209637146718,3
894,6.213586761585957,6.409933123331294,0.19634636174533693,6
895,6.2814925867218,6.409933123331294,0.12844053660949406,7
896,6.112444973661821,6.409933123331294,0.2974881496694728,4
897,6.194123104033989,6.409933123331294,0.21581001929730537,9
898,5.888137043993919,6.409933123331294,0.521796079337375,5
899,6.0254406296458365,6.409933123331294,0.3844924936854577,2
900,6.692021650213998,6.477121254719663,-0.21490039549433515,10
901,7.039791887520254,6.477121254719663,-0.5626706328005913,7
902,6.766736806663818,6.477121254719663,-0.28961555194415567,1
903,6.7457170930948855,6.477121254719663,-0.26859583837522294,4
904,6.859714107575524,6.477121254719663,-0.3825928528558613,3
905,6.732399843012989,6.477121254719663,-0.2552785882933266,9
906,6.668893577163991,6.477121254719663,-0.1917723224443284,8
907,6.954717678294276,6.477121254719663,-0.47759642357461374,5
908,6.771636728518371,6.477121254719663,-0.29451547379870835,6
909,6.352895455015449,7.021189299069938,0.6682938440544897,3
910,6.217754615341163,7.021189299069938,0.8034346837287751,8
911,6.217870857598761,7.021189299069938,0.8033184414711769,5
912,6.2439269951460945,7.021189299069938,0.7772623039238438,4
913,6.367679877958357,7.021189299069938,0.6535094211115808,10
914,6.390721188958328,7.021189299069938,0.6304681101116101,9
915,6.365054638966226,7.021189299069938,0.6561346601037119,6
916,6.479996686571609,7.021189299069938,0.5411926124983291,7
917,6.356718618727708,7.021189299069938,0.6644706803422302,1
918,5.452426505485662,3.413299764081252,-2.0391267414044103,9
919,5.271215069727529,3.413299764081252,-1.8579153056462774,5
920,5.012269857937041,3.413299764081252,-1.5989700938557894,4
921,5.275378500715347,3.413299764081252,-1.8620787366340954,8
922,5.543334744510671,3.413299764081252,-2.1300349804294187,7
923,5.31499695973279,3.413299764081252,-1.901697195651538,10
924,5.509908642475846,3.413299764081252,-2.096608878394594,1
925,5.365713790897531,3.413299764081252,-1.952414026816279,3
926,5.291408190815199,3.413299764081252,-1.878108426733947,2
927,5.378718734897049,4.260071387985075,-1.118647346911974,1
928,5.492381001002099,4.260071387985075,-1.2323096130170237,10
929,5.639498237618565,4.260071387985075,-1.3794268496334903,6
930,5.310019742664549,4.260071387985075,-1.049948354679474,3
931,5.083869650824574,4.260071387985075,-0.8237982628394986,4
932,5.731832308651177,4.260071387985075,-1.4717609206661022,7
933,5.3665853937757495,4.260071387985075,-1.1065140057906744,2
934,5.182950852650669,4.260071387985075,-0.922879464665594,8
935,5.3350643519330605,4.260071387985075,-1.0749929639479854,5
936,5.98837163449047,6.0,0.01162836550953017,5
937,6.415482118864534,6.0,-0.4154821188645341,7
938,6.289764022640641,6.0,-0.28976402264064127,1
939,6.039037357059107,6.0,-0.03903735705910716,8
940,6.218000406659683,6.0,-0.2180004066596828,2
941,6.158759855696226,6.0,-0.15875985569622575,4
942,6.243555162970675,6.0,-0.24355516297067492,10
943,6.313013104093736,6.0,-0.31301310409373606,9
944,6.088346028908585,6.0,-0.08834602890858534,3
945,6.2381678894576895,6.740362689494244,0.5021948000365546,10
946,5.846337916381409,6.740362689494244,0.894024773112835,5
947,6.436634045188778,6.740362689494244,0.3037286443054663,9
948,6.094986810948964,6.740362689494244,0.6453758785452797,8
949,5.758919168325754,6.740362689494244,0.9814435211684902,3
950,6.2630104087279515,6.740362689494244,0.47735228076629266,7
951,6.01679636588142,6.740362689494244,0.7235663236128245,2
952,6.187093526385899,6.740362689494244,0.5532691631083448,4
953,6.2326419974554135,6.740362689494244,0.5077206920388306,1
954,6.2314410675097855,6.099231615080882,-0.1322094524289037,8
955,6.714956027942441,6.099231615080882,-0.6157244128615593,6
956,6.597177770425453,6.099231615080882,-0.49794615534457076,9
957,6.652180890564619,6.099231615080882,-0.5529492754837371,1
958,6.547185370572795,6.099231615080882,-0.4479537554919135,2
959,6.7135096968086145,6.099231615080882,-0.6142780817277327,10
960,6.635602279266733,6.099231615080882,-0.536370664185851,7
961,6.33556025801287,6.099231615080882,-0.23632864293198796,4
962,6.420515141771205,6.099231615080882,-0.32128352669032356,3
963,6.21092051786566,6.431363764158987,0.22044324629332657,3
964,6.386994876862619,6.431363764158987,0.04436888729636834,7
965,6.2592835544692065,6.431363764158987,0.17208020968978044,1
966,6.0717274928293365,6.431363764158987,0.35963627132965037,8
967,6.327144442752446,6.431363764158987,0.104219321406541,6
968,6.366914792299377,6.431363764158987,0.06444897185961018,9
969,6.206733154847103,6.431363764158987,0.22463060931188394,10
970,6.254784700232363,6.431363764158987,0.17657906392662426,4
971,6.0920834175439635,6.431363764158987,0.3392803466150234,5
972,6.344251450465305,4.6464037262230695,-1.6978477242422354,4
973,6.348676831635539,4.6464037262230695,-1.7022731054124698,10
974,6.238544390186514,4.6464037262230695,-1.5921406639634448,2
975,6.31191803650587,4.6464037262230695,-1.6655143102828003,5
976,6.241168544376029,4.6464037262230695,-1.5947648181529592,8
977,6.443493558291002,4.6464037262230695,-1.7970898320679325,9
978,6.375535365590973,4.6464037262230695,-1.7291316393679033,6
979,6.450971872472808,4.6464037262230695,-1.8045681462497383,3
980,6.370553465729833,4.6464037262230695,-1.724149739506763,1
981,6.265186783088695,6.142702245737616,-0.12248453735107923,9
982,6.415899436121629,6.142702245737616,-0.27319719038401313,6
983,6.113694944499291,6.142702245737616,0.029007301238324956,4
984,6.332413080040218,6.142702245737616,-0.18971083430260194,7
985,6.050063392637666,6.142702245737616,0.09263885309994979,3
986,6.003320181082205,6.142702245737616,0.13938206465541114,5
987,6.077102674300076,6.142702245737616,0.0655995714375397,8
988,6.230875334911036,6.142702245737616,-0.08817308917342004,10
989,6.20549973591731,6.142702245737616,-0.06279749017969394,2
990,6.278356051393995,6.431363764158987,0.1530077127649916,7
991,6.086930651219555,6.431363764158987,0.3444331129394316,8
992,6.12199804821366,6.431363764158987,0.3093657159453267,9
993,6.072641797059084,6.431363764158987,0.35872196709990334,2
994,5.988255055406424,6.431363764158987,0.4431087087525629,5
995,6.156217612457539,6.431363764158987,0.2751461517014482,3
996,6.122374057162595,6.431363764158987,0.3089897069963916,4
997,6.159046264662242,6.431363764158987,0.27231749949674455,10
998,6.0680562721267695,6.431363764158987,0.36330749203221746,1
999,5.8567870292842,6.19258417809083,0.3357971488066305,2
1000,6.113221559455055,6.19258417809083,0.0793626186357752,6
1001,6.0335052338360295,6.19258417809083,0.15907894425480062,9
1002,6.076024827193929,6.19258417809083,0.11655935089690139,4
1003,5.840754480944615,6.19258417809083,0.3518296971462149,10
1004,5.904899814681426,6.19258417809083,0.2876843634094044,8
1005,6.009641085041055,6.19258417809083,0.18294309304977485,5
1006,5.799174542434617,6.19258417809083,0.3934096356562131,1
1007,6.042938014935532,6.19258417809083,0.14964616315529788,7
1008,5.926093281323745,6.238046103128795,0.31195282180505046,1
1009,5.86470114506026,6.238046103128795,0.37334495806853507,6
1010,6.268451777681098,6.238046103128795,-0.03040567455230292,4
1011,6.041377598974736,6.238046103128795,0.1966685041540588,7
1012,6.132590560553892,6.238046103128795,0.1054555425749033,3
1013,5.855232440474806,6.238046103128795,0.3828136626539891,10
1014,5.899206466286019,6.238046103128795,0.33883963684277596,2
1015,6.336294951549873,6.238046103128795,-0.09824884842107817,8
1016,6.340249170222218,6.238046103128795,-0.10220306709342264,5
1017,6.066344261728976,6.950851458888547,0.8845071971595706,6
1018,5.931390842071019,6.950851458888547,1.0194606168175282,10
1019,5.793332578108019,6.950851458888547,1.1575188807805281,2
1020,6.291236766265536,6.950851458888547,0.6596146926230109,9
1021,5.9692440404946066,6.950851458888547,0.9816074183939403,1
1022,5.996658133240578,6.950851458888547,0.9541933256479691,4
1023,6.197961389790213,6.950851458888547,0.752890069098334,5
1024,6.149717949459828,6.950851458888547,0.8011335094287189,8
1025,6.169785342475737,6.950851458888547,0.7810661164128101,7
1026,6.058824192935686,4.819543935541868,-1.2392802573938173,2
1027,6.336212090501772,4.819543935541868,-1.5166681549599037,9
1028,6.257592342800967,4.819543935541868,-1.4380484072590987,1
1029,6.11442001406036,4.819543935541868,-1.2948760785184916,4
1030,6.137805309921135,4.819543935541868,-1.3182613743792668,10
1031,6.2235153208220915,4.819543935541868,-1.4039713852802231,3
1032,6.032250523972835,4.819543935541868,-1.212706588430967,8
1033,6.101661522574074,4.819543935541868,-1.2821175870322055,5
1034,6.220826185003571,4.819543935541868,-1.401282249461703,6
1035,6.039261827464036,4.716504163773217,-1.322757663690819,4
1036,6.328771340939045,4.716504163773217,-1.612267177165828,7
1037,6.20747660653703,4.716504163773217,-1.4909724427638134,3
1038,6.208354723465955,4.716504163773217,-1.4918505596927378,9
1039,6.18863376462656,4.716504163773217,-1.4721296008533429,6
1040,6.064215718277759,4.716504163773217,-1.3477115545045422,5
1041,6.194642635343099,4.716504163773217,-1.4781384715698822,1
1042,6.004220860113673,4.716504163773217,-1.287716696340456,8
1043,6.127305537866339,4.716504163773217,-1.410801374093122,10
1044,6.2083364080036665,6.612783856719736,0.40444744871606986,7
1045,6.186086700810408,6.612783856719736,0.426697155909328,9
1046,6.021337074635565,6.612783856719736,0.5914467820841711,2
1047,6.0420538660531555,6.612783856719736,0.5707299906665808,1
1048,6.006354142159092,6.612783856719736,0.6064297145606448,4
1049,6.029432496517566,6.612783856719736,0.5833513602021707,10
1050,6.040674534190082,6.612783856719736,0.5721093225296547,3
1051,6.247541466047788,6.612783856719736,0.3652423906719484,6
1052,5.914252613015565,6.612783856719736,0.6985312437041715,5
1053,6.072256249819691,5.7160033436348,-0.35625290618489025,4
1054,6.1912771695623645,5.7160033436348,-0.4752738259275642,9
1055,6.284248268845135,5.7160033436348,-0.568244925210335,7
1056,5.972637389998834,5.7160033436348,-0.25663404636403353,3
1057,5.896751109315067,5.7160033436348,-0.18074776568026696,5
1058,6.032457926581839,5.7160033436348,-0.31645458294703843,10
1059,6.131907162548783,5.7160033436348,-0.415903818913983,1
1060,6.042974951246543,5.7160033436348,-0.3269716076117426,2
1061,5.985552589363369,5.7160033436348,-0.26954924572856864,8
1062,6.050049812432444,6.3979400086720375,0.34789019623959305,2
1063,6.033396262862456,6.3979400086720375,0.3645437458095815,8
1064,5.95700061669366,6.3979400086720375,0.44093939197837706,5
1065,6.138330406808816,6.3979400086720375,0.2596096018632217,1
1066,6.010425859376543,6.3979400086720375,0.38751414929549455,10
1067,6.261943708335715,6.3979400086720375,0.13599630033632248,7
1068,6.01246772311299,6.3979400086720375,0.38547228555904756,3
1069,6.0982072750855485,6.3979400086720375,0.299732733586489,4
1070,6.1866348777511355,6.3979400086720375,0.21130513092090197,9
1071,6.004211556336677,6.077258863692948,0.07304730735627096,7
1072,5.856783964298631,6.077258863692948,0.22047489939431664,10
1073,6.079393606427846,6.077258863692948,-0.0021347427348983317,6
1074,5.993050457654348,6.077258863692948,0.08420840603859947,1
1075,5.893647685117031,6.077258863692948,0.1836111785759167,3
1076,5.889777105346481,6.077258863692948,0.18748175834646652,2
1077,5.995020593194572,6.077258863692948,0.08223827049837595,9
1078,5.975751506263767,6.077258863692948,0.10150735742918116,5
1079,5.993175478326568,6.077258863692948,0.08408338536638027,4
1080,6.047587891079934,6.614897216033135,0.5673093249532011,8
1081,5.928092785986246,6.614897216033135,0.6868044300468892,2
1082,6.207541646667741,6.614897216033135,0.40735556936539474,7
1083,6.052315854065957,6.614897216033135,0.5625813619671787,9
1084,6.21097314055439,6.614897216033135,0.403924075478745,6
1085,6.183956739229334,6.614897216033135,0.43094047680380143,4
1086,6.000517993690719,6.614897216033135,0.614379222342416,1
1087,6.062547468736515,6.614897216033135,0.5523497472966206,3
1088,5.992082130512073,6.614897216033135,0.6228150855210624,10
1089,5.33008938396942,5.00902574208691,-0.32106364188250947,5
1090,5.2295328821939675,5.00902574208691,-0.22050714010705708,4
1091,5.3740103101373595,5.00902574208691,-0.3649845680504491,1
1092,5.299209908290892,5.00902574208691,-0.29018416620398124,8
1093,5.703167499676621,5.00902574208691,-0.6941417575897102,6
1094,5.49242576369878,5.00902574208691,-0.48340002161186924,9
1095,5.534467109014334,5.00902574208691,-0.5254413669274234,7
1096,5.503843529158741,5.00902574208691,-0.4948177870718302,3
1097,5.3575316507363295,5.00902574208691,-0.3485059086494191,2
1098,5.441367427643831,5.37383114507383,-0.06753628257000077,3
1099,5.454305492792578,5.37383114507383,-0.08047434771874773,2
1100,5.836445310771254,5.37383114507383,-0.4626141656974241,6
1101,5.713608261341455,5.37383114507383,-0.33977711626762463,7
1102,5.387150701791474,5.37383114507383,-0.013319556717643621,8
1103,5.4645405804898415,5.37383114507383,-0.09070943541601117,4
1104,5.3046357241016375,5.37383114507383,0.06919542097219278,5
1105,5.503289388372863,5.37383114507383,-0.129458243299033,10
1106,5.512216396402696,5.37383114507383,-0.1383852513288657,1
1107,5.788322577596201,6.477121254719663,0.6887986771234615,10
1108,5.904743640430492,6.477121254719663,0.572377614289171,8
1109,5.817966182294567,6.477121254719663,0.6591550724250954,4
1110,5.744045301362168,6.477121254719663,0.7330759533574946,5
1111,5.773428124991587,6.477121254719663,0.7036931297280757,2
1112,6.047350845096351,6.477121254719663,0.4297704096233117,3
1113,6.056423249249946,6.477121254719663,0.4206980054697169,6
1114,5.929766116978086,6.477121254719663,0.5473551377415768,9
1115,5.97414215228503,6.477121254719663,0.5029791024346322,7
1116,5.867305229615803,4.862250674597925,-1.0050545550178782,10
1117,6.055179194035377,4.862250674597925,-1.1929285194374524,7
1118,5.779767041751442,4.862250674597925,-0.9175163671535174,5
1119,5.937843308397655,4.862250674597925,-1.0755926337997304,3
1120,5.915685817777554,4.862250674597925,-1.0534351431796294,8
1121,5.960542755679963,4.862250674597925,-1.0982920810820387,4
1122,5.819712650344186,4.862250674597925,-0.957461975746261,2
1123,5.989721222220634,4.862250674597925,-1.1274705476227096,9
1124,6.107110762123664,4.862250674597925,-1.2448600875257396,6
1125,6.2146773148899985,6.466867620354109,0.2521903054641106,8
1126,6.075590498478315,6.466867620354109,0.39127712187579444,9
1127,6.042435901266205,6.466867620354109,0.4244317190879041,5
1128,6.191592985881308,6.466867620354109,0.275274634472801,4
1129,5.510712849955016,6.466867620354109,0.9561547703990927,10
1130,5.748240140562472,6.466867620354109,0.7186274797916372,7
1131,5.726483897004677,6.466867620354109,0.7403837233494324,1
1132,5.462218439333518,6.466867620354109,1.004649181020591,2
1133,5.975849694724579,6.466867620354109,0.49101792562952973,3
1134,6.255525511792348,5.188084373714938,-1.0674411380774096,6
1135,6.430267997535063,5.188084373714938,-1.2421836238201251,9
1136,6.272674991360249,5.188084373714938,-1.0845906176453113,3
1137,6.17451468779246,5.188084373714938,-0.9864303140775217,8
1138,6.3131959059340295,5.188084373714938,-1.1251115322190914,7
1139,6.121071318894055,5.188084373714938,-0.9329869451791168,5
1140,6.201017060129904,5.188084373714938,-1.012932686414966,2
1141,6.1827484331258376,5.188084373714938,-0.9946640594108995,10
1142,6.428129896262055,5.188084373714938,-1.240045522547117,1
1143,6.237299727312217,6.079181246047625,-0.15811848126459171,9
1144,6.139429591379445,6.079181246047625,-0.060248345331819664,3
1145,5.967892633668494,6.079181246047625,0.11128861237913146,5
1146,6.268835664709099,6.079181246047625,-0.18965441866147348,10
1147,6.0769066715316855,6.079181246047625,0.002274574515939598,4
1148,6.153631367572155,6.079181246047625,-0.07445012152452968,2
1149,6.384348836102144,6.079181246047625,-0.305167590054519,6
1150,6.488649107784986,6.079181246047625,-0.4094678617373608,7
1151,6.238853493734958,6.079181246047625,-0.15967224768733246,1
1152,5.69160209725682,6.146128035678238,0.4545259384214182,4
1153,6.229923562499404,6.146128035678238,-0.08379552682116564,6
1154,5.9818715576084625,6.146128035678238,0.16425647806977572,1
1155,6.05304054288743,6.146128035678238,0.09308749279080786,9
1156,6.024778276945249,6.146128035678238,0.12134975873298881,10
1157,5.716336615188509,6.146128035678238,0.42979142048972907,5
1158,5.736168580300212,6.146128035678238,0.4099594553780266,8
1159,6.228936502239325,6.146128035678238,-0.08280846656108665,7
1160,5.807017099517948,6.146128035678238,0.3391109361602904,3
1161,5.886453278539713,5.326335860928752,-0.5601174176109609,2
1162,6.109152539021208,5.326335860928752,-0.7828166780924564,7
1163,5.970407616885477,5.326335860928752,-0.6440717559567251,8
1164,5.9541259342137876,5.326335860928752,-0.6277900732850359,5
1165,5.767390950955715,5.326335860928752,-0.4410550900269632,1
1166,5.701591052602361,5.326335860928752,-0.37525519167360954,10
1167,6.1659581974014435,5.326335860928752,-0.8396223364726918,6
1168,6.027336088882384,5.326335860928752,-0.7010002279536325,3
1169,6.040781783625865,5.326335860928752,-0.7144459226971129,9
1170,5.803146139083823,6.768638101247615,0.9654919621637923,5
1171,5.855900852053831,6.768638101247615,0.9127372491937837,8
1172,5.8290521150478485,6.768638101247615,0.9395859861997664,3
1173,5.572731060789175,6.768638101247615,1.1959070404584402,2
1174,5.8701203467932555,6.768638101247615,0.8985177544543594,6
1175,5.64337554188832,6.768638101247615,1.125262559359295,1
1176,5.775739949817013,6.768638101247615,0.9928981514306017,7
1177,5.860192343605188,6.768638101247615,0.9084457576424265,9
1178,5.696094410545245,6.768638101247615,1.0725436907023695,4
1179,6.154819074895249,5.48572142648158,-0.6690976484136693,9
1180,6.042931048687855,5.48572142648158,-0.5572096222062752,3
1181,6.1213110391239,5.48572142648158,-0.6355896126423204,6
1182,6.030303647496128,5.48572142648158,-0.5445822210145481,10
1183,6.030822825198843,5.48572142648158,-0.5451013987172635,1
1184,5.987201436587964,5.48572142648158,-0.5014800101063841,8
1185,5.897412461787213,5.48572142648158,-0.41169103530563333,5
1186,5.93338558673588,5.48572142648158,-0.4476641602543001,2
1187,6.250891693332854,5.48572142648158,-0.7651702668512748,7
1188,6.104915708291995,5.507072896756503,-0.5978428115354921,10
1189,6.201140255588515,5.507072896756503,-0.6940673588320125,9
1190,6.056975725746988,5.507072896756503,-0.5499028289904855,2
1191,5.940584810354713,5.507072896756503,-0.4335119135982106,8
1192,6.045205609998136,5.507072896756503,-0.5381327132416329,5
1193,6.125127909555544,5.507072896756503,-0.618055012799041,4
1194,6.069594972172874,5.507072896756503,-0.5625220754163713,3
1195,6.313001229596726,5.507072896756503,-0.8059283328402236,7
1196,6.155581839369203,5.507072896756503,-0.6485089426127004,1
1197,6.112757173023889,5.08361010516231,-1.0291470678615786,1
1198,6.1281820514305485,5.08361010516231,-1.0445719462682383,3
1199,6.0278681614561,5.08361010516231,-0.9442580562937897,2
1200,6.079599433400006,5.08361010516231,-0.9959893282376955,5
1201,6.205563921957164,5.08361010516231,-1.1219538167948535,9
1202,6.1698567470802805,5.08361010516231,-1.0862466419179704,6
1203,6.081691574273692,5.08361010516231,-0.9980814691113817,10
1204,6.093471001169365,5.08361010516231,-1.009860896007055,8
1205,6.184543029508894,5.08361010516231,-1.1009329243465835,4
1206,5.839210466202026,6.156851901070011,0.31764143486798524,5
1207,5.906949079353771,6.156851901070011,0.24990282171624045,9
1208,6.103167263298531,6.156851901070011,0.05368463777147969,6
1209,6.0599576008466185,6.156851901070011,0.09689430022339263,4
1210,5.870626702307305,6.156851901070011,0.2862251987627058,1
1211,5.80892944964861,6.156851901070011,0.3479224514214012,2
1212,6.110276047597737,6.156851901070011,0.046575853472274,3
1213,6.1338470895742025,6.156851901070011,0.023004811495808575,7
1214,5.951385674101578,6.156851901070011,0.20546622696843286,8
1215,6.3809402761558,5.676693609624866,-0.7042466665309339,5
1216,6.565078372691618,5.676693609624866,-0.8883847630667514,10
1217,6.677008386366189,5.676693609624866,-1.0003147767413223,9
1218,6.47054230663699,5.676693609624866,-0.7938486970121232,3
1219,6.584662022522869,5.676693609624866,-0.9079684128980023,4
1220,6.671125845554486,5.676693609624866,-0.9944322359296196,6
1221,6.49984755806197,5.676693609624866,-0.8231539484371035,2
1222,6.218196188839935,5.676693609624866,-0.5415025792150683,8
1223,6.671115474709933,5.676693609624866,-0.9944218650850667,7
1224,6.359086108711166,7.252853030979893,0.8937669222687274,1
1225,6.6765278221787705,7.252853030979893,0.5763252088011228,8
1226,6.319537742802747,7.252853030979893,0.9333152881771465,10
1227,6.323558646392184,7.252853030979893,0.9292943845877097,2
1228,6.316690115526342,7.252853030979893,0.9361629154535516,6
1229,6.633167977917796,7.252853030979893,0.6196850530620974,4
1230,6.560199615440212,7.252853030979893,0.6926534155396817,3
1231,6.668454464546725,7.252853030979893,0.5843985664331681,9
1232,6.466691561600967,7.252853030979893,0.7861614693789267,7
1233,6.380765421661045,6.301029995663981,-0.07973542599706374,5
1234,6.469054709484697,6.301029995663981,-0.16802471382071538,2
1235,6.25098091580598,6.301029995663981,0.050049079858001555,8
1236,6.45914450263206,6.301029995663981,-0.1581145069680785,3
1237,6.488804170978632,6.301029995663981,-0.1877741753146509,10
1238,6.47891068737576,6.301029995663981,-0.17788069171177856,4
1239,6.625272921834758,6.301029995663981,-0.32424292617077644,9
1240,6.626740531658368,6.301029995663981,-0.3257105359943866,7
1241,6.506795489576183,6.301029995663981,-0.20576549391220134,1
1242,6.420937247416132,6.477121254719663,0.05618400730353024,1
1243,6.59074585231824,6.477121254719663,-0.11362459759857746,9
1244,6.529516244989444,6.477121254719663,-0.05239499026978134,7
1245,6.659987177536242,6.477121254719663,-0.1828659228165792,4
1246,6.367917035119631,6.477121254719663,0.10920421960003157,2
1247,6.3506288651135945,6.477121254719663,0.12649238960606812,8
1248,6.5596624482826345,6.477121254719663,-0.08254119356297185,6
1249,6.42553364726881,6.477121254719663,0.05158760745085278,10
1250,6.636560435474866,6.477121254719663,-0.15943918075520358,3
1251,6.0223690730082975,6.361727836017593,0.33935876300929557,2
1252,6.112312217569253,6.361727836017593,0.24941561844834048,1
1253,6.0679954854292255,6.361727836017593,0.29373235058836755,8
1254,6.189475317294886,6.361727836017593,0.17225251872270686,10
1255,6.24085205196288,6.361727836017593,0.12087578405471344,9
1256,6.21075866106072,6.361727836017593,0.1509691749568729,4
1257,6.34159842508221,6.361727836017593,0.02012941093538334,7
1258,6.043569670443157,6.361727836017593,0.3181581655744363,3
1259,6.279149964757399,6.361727836017593,0.08257787126019434,6
1260,5.618715492594384,6.079181246047625,0.46046575345324126,2
1261,5.850557626131723,6.079181246047625,0.2286236199159024,1
1262,5.955734307601952,6.079181246047625,0.12344693844567267,7
1263,6.0249068856891705,6.079181246047625,0.054274360358454565,3
1264,5.8491207403555805,6.079181246047625,0.23006050569204461,5
1265,5.6379402467465445,6.079181246047625,0.4412409993010806,10
1266,5.35543149834785,6.079181246047625,0.7237497476997747,6
1267,5.861695828685044,6.079181246047625,0.21748541736258087,9
1268,6.03714913995814,6.079181246047625,0.04203210608948549,8
1269,5.783930632302321,4.396199347095736,-1.387731285206585,10
1270,5.96121020600076,4.396199347095736,-1.5650108589050236,6
1271,5.662535401138706,4.396199347095736,-1.26633605404297,3
1272,5.854198883247331,4.396199347095736,-1.4579995361515943,7
1273,5.690250851723415,4.396199347095736,-1.2940515046276788,8
1274,5.791560228771868,4.396199347095736,-1.3953608816761314,9
1275,5.655370108531826,4.396199347095736,-1.2591707614360894,5
1276,5.765983041022049,4.396199347095736,-1.3697836939263128,4
1277,5.813475988191568,4.396199347095736,-1.4172766410958317,1
1278,5.9231924878431625,6.14705767102836,0.22386518318519766,5
1279,6.120140070597224,6.14705767102836,0.026917600431136002,10
1280,6.153424608604177,6.14705767102836,-0.006366937575816856,7
1281,6.0420679946218065,6.14705767102836,0.10498967640655366,3
1282,6.2072954832383695,6.14705767102836,-0.060237812210009345,9
1283,5.928247908606635,6.14705767102836,0.21880976242172512,8
1284,6.07471519452181,6.14705767102836,0.07234247650655057,1
1285,6.208536899257718,6.14705767102836,-0.061479228229357474,6
1286,5.899361355025089,6.14705767102836,0.24769631600327102,2
1287,6.018584910191328,5.195456833628169,-0.823128076563159,8
1288,6.029432496517566,5.195456833628169,-0.8339756628893964,10
1289,6.2083364080036665,5.195456833628169,-1.0128795743754972,7
1290,6.247541466047788,5.195456833628169,-1.0520846324196187,6
1291,6.021337074635565,5.195456833628169,-0.825880241007396,2
1292,6.0420538660531555,5.195456833628169,-0.8465970324249863,1
1293,6.006354142159092,5.195456833628169,-0.8108973085309223,4
1294,6.040674534190083,5.195456833628169,-0.8452177005619141,3
1295,5.914252613015565,5.195456833628169,-0.7187957793873956,5
1296,5.786860449015914,5.643551368562945,-0.14330908045296908,8
1297,6.003957120883404,5.643551368562945,-0.36040575232045935,4
1298,6.14593430490785,5.643551368562945,-0.5023829363449046,9
1299,6.25987242926683,5.643551368562945,-0.6163210607038847,1
1300,6.1455369941039075,5.643551368562945,-0.5019856255409625,10
1301,6.150277959416845,5.643551368562945,-0.5067265908538996,6
1302,6.163059200234823,5.643551368562945,-0.519507831671878,3
1303,5.9834706639670605,5.643551368562945,-0.3399192954041155,5
1304,6.139637382266346,5.643551368562945,-0.4960860137034011,2
1305,5.652221516944095,6.016197353512439,0.3639758365683443,10
1306,5.733322536679184,6.016197353512439,0.2828748168332549,1
1307,5.695670385727253,6.016197353512439,0.3205269677851863,9
1308,5.565011907743884,6.016197353512439,0.4511854457685551,8
1309,5.863011867968399,6.016197353512439,0.1531854855440402,7
1310,5.599125159896702,6.016197353512439,0.4170721936157369,4
1311,5.530806765465327,6.016197353512439,0.4853905880471121,5
1312,5.624252686621461,6.016197353512439,0.3919446668909776,2
1313,5.572078979574343,6.016197353512439,0.44411837393809606,3
1314,5.451238257941792,6.079181246047625,0.6279429881058327,8
1315,5.466624776514517,6.079181246047625,0.612556469533108,10
1316,5.437852400787073,6.079181246047625,0.6413288452605519,2
1317,5.557657070511855,6.079181246047625,0.5215241755357702,1
1318,5.807747229838262,6.079181246047625,0.2714340162093629,6
1319,5.422594831743605,6.079181246047625,0.6565864143040203,5
1320,5.639322684094817,6.079181246047625,0.4398585619528079,7
1321,5.435551032751816,6.079181246047625,0.6436302132958094,4
1322,5.421136801127112,6.079181246047625,0.6580444449205132,3
1323,6.133864979834152,6.146128035678238,0.012263055844086601,9
1324,6.091624432457427,6.146128035678238,0.05450360322081149,7
1325,6.205298069738704,6.146128035678238,-0.059170034060465504,6
1326,5.739068901254217,6.146128035678238,0.40705913442402153,8
1327,5.974966036177705,6.146128035678238,0.17116199950053357,10
1328,6.007050935072135,6.146128035678238,0.13907710060610334,1
1329,5.863364315716325,6.146128035678238,0.2827637199619133,3
1330,5.751158830124935,6.146128035678238,0.39496920555330295,5
1331,5.9235243852344,6.146128035678238,0.22260365044383779,2
1332,5.5980366696212,6.0,0.40196333037880017,3
1333,5.467765286085987,6.0,0.5322347139140131,1
1334,5.651487965069029,6.0,0.3485120349309714,5
1335,5.470539657664649,6.0,0.5294603423353514,9
1336,5.592524551660084,6.0,0.4074754483399161,4
1337,5.55988693537975,6.0,0.4401130646202498,7
1338,5.445098036806338,6.0,0.5549019631936618,10
1339,5.716220317059088,6.0,0.2837796829409118,8
1340,5.724445312116469,6.0,0.2755546878835311,6
1341,5.276813771378446,4.113943352306837,-1.1628704190716093,1
1342,5.446117169409832,4.113943352306837,-1.332173817102995,5
1343,5.390553430069941,4.113943352306837,-1.2766100777631042,7
1344,5.333488272081737,4.113943352306837,-1.2195449197748998,9
1345,5.569625226175425,4.113943352306837,-1.4556818738685884,6
1346,5.228546452075014,4.113943352306837,-1.1146030997681766,2
1347,5.2746859908208075,4.113943352306837,-1.1607426385139705,10
1348,5.442047189606227,4.113943352306837,-1.3281038372993903,3
1349,5.4764110279267415,4.113943352306837,-1.3624676756199046,4
1350,6.221170840637849,6.577491799837225,0.3563209591993761,3
1351,6.1472552939407334,6.577491799837225,0.43023650589649165,8
1352,6.125834791064144,6.577491799837225,0.4516570087730809,7
1353,5.980548988506363,6.577491799837225,0.5969428113308624,10
1354,6.06641252450825,6.577491799837225,0.5110792753289752,4
1355,6.002681613583614,6.577491799837225,0.574810186253611,5
1356,5.9590140249695995,6.577491799837225,0.6184777748676256,2
1357,6.150236793008447,6.577491799837225,0.42725500682877815,6
1358,5.897071874380755,6.577491799837225,0.6804199254564702,1
1359,6.040158766516639,5.472756449317212,-0.5674023171994271,5
1360,5.337426778550509,5.472756449317212,0.1353296707667031,8
1361,6.544282603227316,5.472756449317212,-1.0715261539101038,1
1362,5.759699907818177,5.472756449317212,-0.28694345850096514,3
1363,6.548543872795604,5.472756449317212,-1.075787423478392,7
1364,6.190193051987265,5.472756449317212,-0.7174366026700527,2
1365,6.560558854854128,5.472756449317212,-1.087802405536916,10
1366,5.671982971652188,5.472756449317212,-0.19922652233497562,4
1367,6.496969255100633,5.472756449317212,-1.0242128057834208,6
1368,6.214536437025282,6.334453751150931,0.1199173141256491,5
1369,6.400448358367598,6.334453751150931,-0.06599460721666706,1
1370,6.4786865193856285,6.334453751150931,-0.14423276823469777,7
1371,6.1449128196105445,6.334453751150931,0.1895409315403862,4
1372,6.393741862582953,6.334453751150931,-0.059288111432022284,10
1373,6.411572448943354,6.334453751150931,-0.07711869779242342,6
1374,6.397595999261626,6.334453751150931,-0.06314224811069558,8
1375,6.372955660426378,6.334453751150931,-0.038501909275447055,3
1376,6.151522998794902,6.334453751150931,0.18293075235602885,2
1377,6.497506448909006,7.276921132065774,0.7794146831567677,9
1378,6.334416851893799,7.276921132065774,0.942504280171975,5
1379,6.398838496742338,7.276921132065774,0.8780826353234357,4
1380,6.225586571054382,7.276921132065774,1.0513345610113918,2
1381,6.455457780794102,7.276921132065774,0.8214633512716718,1
1382,6.483567722804949,7.276921132065774,0.793353409260825,3
1383,6.410820638720797,7.276921132065774,0.8661004933449767,10
1384,6.465292259318567,7.276921132065774,0.8116288727472067,7
1385,6.384193244774124,7.276921132065774,0.8927278872916498,6
1386,6.286586160760106,4.819543935541868,-1.467042225218238,2
1387,6.579259872994968,4.819543935541868,-1.7597159374531,9
1388,6.547198846383367,4.819543935541868,-1.7276549108414985,1
1389,6.543520033182281,4.819543935541868,-1.7239760976404126,4
1390,6.383903849877333,4.819543935541868,-1.5643599143354647,10
1391,6.416800926042934,4.819543935541868,-1.5972569905010658,5
1392,6.3502197513532535,4.819543935541868,-1.5306758158113851,6
1393,6.435320926048987,4.819543935541868,-1.6157769905071184,7
1394,6.525250704520058,4.819543935541868,-1.7057067689781897,3
1395,6.793910502136986,7.483587296968894,0.6896767948319082,6
1396,7.250574901908537,7.483587296968894,0.2330123950603573,8
1397,7.406777855452814,7.483587296968894,0.0768094415160796,3
1398,6.7090743204640315,7.483587296968894,0.7745129765048624,10
1399,6.938403255153829,7.483587296968894,0.5451840418150651,9
1400,6.5397564302206215,7.483587296968894,0.9438308667482724,2
1401,6.7055329911871695,7.483587296968894,0.7780543057817244,1
1402,6.792039014123626,7.483587296968894,0.6915482828452681,7
1403,7.036529300011563,7.483587296968894,0.44705799695733095,5
1404,7.494663804881764,8.041392685158225,0.5467288802764614,7
1405,6.804565032095377,8.041392685158225,1.2368276530628481,2
1406,7.142951853866651,8.041392685158225,0.8984408312915741,6
1407,7.340527857692678,8.041392685158225,0.7008648274655478,8
1408,7.624110676303335,8.041392685158225,0.4172820088548903,3
1409,7.03201709426802,8.041392685158225,1.0093755908902056,10
1410,7.139309502974626,8.041392685158225,0.9020831821835991,1
1411,7.102749728266392,8.041392685158225,0.9386429568918331,9
1412,7.893548099834105,8.041392685158225,0.14784458532411993,5
1413,7.217777968552234,7.477121254719663,0.25934328616742874,3
1414,6.845490037306763,7.477121254719663,0.6316312174128997,10
1415,7.352467964484894,7.477121254719663,0.12465329023476901,5
1416,6.889091703116838,7.477121254719663,0.5880295516028244,1
1417,6.905821325045936,7.477121254719663,0.5712999296737262,6
1418,7.118959758029392,7.477121254719663,0.3581614966902702,7
1419,6.991169096953893,7.477121254719663,0.4859521577657695,9
1420,7.115691158084481,7.477121254719663,0.361430096635182,4
1421,6.56949493218731,7.477121254719663,0.9076263225323524,2
1422,6.971451680313389,6.479393896404411,-0.4920577839089777,9
1423,6.9374889100575405,6.479393896404411,-0.45809501365312943,1
1424,6.636257979164916,6.479393896404411,-0.15686408276050479,2
1425,6.942096976713347,6.479393896404411,-0.4627030803089358,8
1426,6.997601200324885,6.479393896404411,-0.518207303920474,7
1427,6.682162842488791,6.479393896404411,-0.20276894608437956,10
1428,6.7215400311029025,6.479393896404411,-0.24214613469849144,6
1429,7.340286532308158,6.479393896404411,-0.8608926359037472,5
1430,7.19934512551858,6.479393896404411,-0.7199512291141685,3
1431,6.777606097588049,7.477121254719663,0.6995151571316134,2
1432,7.160858826777633,7.477121254719663,0.3162624279420294,7
1433,6.946190644918059,7.477121254719663,0.5309306098016036,4
1434,7.211709035944736,7.477121254719663,0.2654122187749266,3
1435,7.020860444347287,7.477121254719663,0.45626081037237576,6
1436,7.004462585873002,7.477121254719663,0.47265866884666075,9
1437,7.3320230468717185,7.477121254719663,0.14509820784794414,5
1438,6.945168311341227,7.477121254719663,0.5319529433784354,1
1439,6.885379393113445,7.477121254719663,0.5917418616062173,10
1440,6.477114727642653,6.320146286111054,-0.15696844153159883,10
1441,6.356120350480372,6.320146286111054,-0.03597406436931738,2
1442,6.479107997445674,6.320146286111054,-0.15896171133461934,1
1443,6.401488980130645,6.320146286111054,-0.08134269401959049,6
1444,5.984405551416354,6.320146286111054,0.3357407346947001,3
1445,6.410056402904439,6.320146286111054,-0.08991011679338445,4
1446,6.54225848278382,6.320146286111054,-0.22211219667276616,7
1447,6.406825683171147,6.320146286111054,-0.08667939706009253,5
1448,6.417813570817747,6.320146286111054,-0.09766728470669239,8
1449,6.547003025102392,6.3979400086720375,-0.1490630164303548,3
1450,6.402449627529376,6.3979400086720375,-0.00450961885733836,2
1451,6.398101171337629,6.3979400086720375,-0.00016116266559151882,4
1452,6.398889318614715,6.3979400086720375,-0.0009493099426771678,8
1453,6.502216865265646,6.3979400086720375,-0.10427685659360808,5
1454,6.607601575689598,6.3979400086720375,-0.20966156701756056,7
1455,6.4467840390486355,6.3979400086720375,-0.04884403037659801,1
1456,6.395263407025193,6.3979400086720375,0.0026766016468444676,6
1457,6.516042339084135,6.3979400086720375,-0.11810233041209717,9
1458,6.198265560127724,6.113943352306837,-0.08432220782088695,5
1459,6.236039224051843,6.113943352306837,-0.1220958717450058,10
1460,6.155292233167399,6.113943352306837,-0.04134888086056243,3
1461,6.348077463374999,6.113943352306837,-0.23413411106816184,9
1462,6.280495113440496,6.113943352306837,-0.16655176113365933,7
1463,6.282066158458529,6.113943352306837,-0.1681228061516924,4
1464,6.217699155937037,6.113943352306837,-0.1037558036302002,2
1465,6.1829508215032005,6.113943352306837,-0.06900746919636358,6
1466,6.297334008927037,6.113943352306837,-0.18339065662020015,8
1467,6.406825683171147,6.201397124320452,-0.205428558850695,5
1468,6.410056402904439,6.201397124320452,-0.20865927858398692,4
1469,6.54225848278382,6.201397124320452,-0.3408613584633686,7
1470,6.401488980130645,6.201397124320452,-0.20009185581019295,6
1471,6.477114727642653,6.201397124320452,-0.2757176033222013,10
1472,6.479107997445674,6.201397124320452,-0.2777108731252218,1
1473,5.984405551416354,6.201397124320452,0.21699157290409765,3
1474,6.417813570817747,6.201397124320452,-0.21641644649729486,8
1475,6.531005429479891,6.201397124320452,-0.3296083051594394,9
1476,6.535150251392857,6.986771734266245,0.45162148287338777,9
1477,6.518108993006643,6.986771734266245,0.4686627412596023,7
1478,6.552627030425517,6.986771734266245,0.4341447038407278,3
1479,6.445243471645856,6.986771734266245,0.541528262620389,1
1480,6.364606750952961,6.986771734266245,0.6221649833132838,8
1481,6.409115503928542,6.986771734266245,0.5776562303377029,10
1482,6.391918816021301,6.986771734266245,0.5948529182449445,6
1483,6.3078096663861105,6.986771734266245,0.6789620678801347,2
1484,6.5264919516334094,6.986771734266245,0.46027978263283575,5
1485,6.28250770132308,6.474216264076255,0.19170856275317494,10
1486,6.294930735859479,6.474216264076255,0.17928552821677624,4
1487,6.3649851868734615,6.474216264076255,0.10923107720279379,7
1488,6.330696595502722,6.474216264076255,0.14351966857353293,8
1489,6.279560736853151,6.474216264076255,0.1946555272231043,1
1490,6.560118017338894,6.474216264076255,-0.08590175326263871,3
1491,6.231762159159105,6.474216264076255,0.24245410491715003,2
1492,6.368009907271328,6.474216264076255,0.10620635680492718,5
1493,6.424123910572498,6.474216264076255,0.05009235350375718,9
1494,6.473120276203963,6.004136436761356,-0.4689838394426067,3
1495,6.410410650768854,6.004136436761356,-0.40627421400749775,8
1496,6.507737561186804,6.004136436761356,-0.5036011244254484,7
1497,6.3546455183736406,6.004136436761356,-0.35050908161228467,6
1498,6.322705024687583,6.004136436761356,-0.3185685879262268,2
1499,6.4042884688503285,6.004136436761356,-0.40015203208897265,1
1500,6.399210727256609,6.004136436761356,-0.3950742904952529,5
1501,6.453067754799246,6.004136436761356,-0.4489313180378902,9
1502,6.330703315966416,6.004136436761356,-0.32656687920506045,4
1503,6.2499378720119,6.477121254719663,0.2271833827077625,6
1504,6.185017581302749,6.477121254719663,0.29210367341691335,2
1505,6.365478923733202,6.477121254719663,0.11164233098646026,4
1506,6.344193959998201,6.477121254719663,0.13292729472146192,3
1507,6.222777862943412,6.477121254719663,0.254343391776251,1
1508,6.2453412549415015,6.477121254719663,0.2317799997781611,10
1509,6.201224456863567,6.477121254719663,0.27589679785609533,9
1510,6.400346641507958,6.477121254719663,0.07677461321170487,7
1511,6.282615831627072,6.477121254719663,0.19450542309259067,8
1512,6.123598902936079,6.434888120867316,0.311289217931237,4
1513,6.1421674627028935,6.434888120867316,0.2927206581644226,2
1514,6.160586351309443,6.434888120867316,0.2743017695578729,6
1515,6.264282166469289,6.434888120867316,0.1706059543980274,7
1516,6.124154851145751,6.434888120867316,0.310733269721565,5
1517,6.244791240386802,6.434888120867316,0.19009688048051387,9
1518,6.2396131672799,6.434888120867316,0.19527495358741653,10
1519,6.554820049906062,6.434888120867316,-0.11993192903874572,8
1520,6.40035146520802,6.434888120867316,0.03453665565929587,3
1521,6.809643047664539,8.122543524068755,1.3129004764042156,9
1522,6.736571092451249,8.122543524068755,1.385972431617506,6
1523,6.567442031217863,8.122543524068755,1.5551014928508922,2
1524,6.895435083191373,8.122543524068755,1.227108440877382,5
1525,6.680477401044824,8.122543524068755,1.4420661230239311,1
1526,7.252048159119141,8.122543524068755,0.8704953649496137,3
1527,6.65725874327513,8.122543524068755,1.465284780793625,10
1528,6.802143586610598,8.122543524068755,1.3203999374581565,4
1529,6.481370413406609,8.122543524068755,1.6411731106621463,8
1530,6.364657147487357,6.281033367247727,-0.08362378023962957,1
1531,6.360908087281792,6.281033367247727,-0.0798747200340646,8
1532,6.377813188756531,6.281033367247727,-0.09677982150880382,9
1533,6.299220571470708,6.281033367247727,-0.018187204222980924,4
1534,6.323299949707613,6.281033367247727,-0.04226658245988624,5
1535,6.420904296899308,6.281033367247727,-0.13987092965158077,10
1536,6.27743248741652,6.281033367247727,0.003600879831207493,3
1537,6.300217482589634,6.281033367247727,-0.019184115341906782,6
1538,6.390214535496669,6.281033367247727,-0.10918116824894142,7
1539,6.311790442864965,5.953421399681036,-0.35836904318392904,6
1540,6.25105119620624,5.953421399681036,-0.2976297965252037,2
1541,6.434966112298942,5.953421399681036,-0.48154471261790555,10
1542,6.54382630359773,5.953421399681036,-0.5904049039166939,7
1543,5.8868508980115575,5.953421399681036,0.06657050166947887,3
1544,6.228833240091612,5.953421399681036,-0.27541184041057587,1
1545,6.220124343145412,5.953421399681036,-0.2667029434643755,9
1546,6.191072972428466,5.953421399681036,-0.23765157274742954,4
1547,6.294038924413318,5.953421399681036,-0.3406175247322816,8
1548,5.802149653718422,6.518513939877887,0.7163642861594655,1
1549,5.791602984338634,6.518513939877887,0.7269109555392532,6
1550,5.502719899034607,6.518513939877887,1.0157940408432804,5
1551,5.78437618907209,6.518513939877887,0.7341377508057967,2
1552,5.225786922480173,6.518513939877887,1.2927270173977137,3
1553,6.187818313423676,6.518513939877887,0.3306956264542107,8
1554,5.897264209150067,6.518513939877887,0.6212497307278202,10
1555,5.738114228706939,6.518513939877887,0.780399711170948,9
1556,5.79315859574908,6.518513939877887,0.7253553441288068,4
1557,5.63755854877289,6.556423121371285,0.9188645725983955,3
1558,6.501953865207919,6.556423121371285,0.054469256163366175,7
1559,6.3674829507022,6.556423121371285,0.18894017066908475,6
1560,6.162656210954906,6.556423121371285,0.393766910416379,8
1561,6.4703714117417634,6.556423121371285,0.08605170962952169,10
1562,6.45485822787791,6.556423121371285,0.10156489349337505,9
1563,6.38861211110049,6.556423121371285,0.16781101027079526,2
1564,6.1477741093887985,6.556423121371285,0.4086490119824866,4
1565,6.005332239061656,6.556423121371285,0.5510908823096292,5
1566,6.389383098100512,6.348304863048161,-0.04107823505235153,9
1567,6.316937681584002,6.348304863048161,0.03136718146415873,6
1568,6.263215129501987,6.348304863048161,0.085089733546174,1
1569,6.353535702951652,6.348304863048161,-0.005230839903491713,7
1570,6.254958244106299,6.348304863048161,0.09334661894186169,2
1571,6.182917845862357,6.348304863048161,0.16538701718580384,4
1572,6.207075572206473,6.348304863048161,0.14122929084168767,8
1573,6.223606766868445,6.348304863048161,0.12469809617971528,5
1574,6.294093859349375,6.348304863048161,0.05421100369878573,10
1575,-1.9246021669085422,1.954242509439325,3.8788446763478674,1
1576,0.11754353495497369,1.954242509439325,1.8366989744843514,8
1577,-1.6317877543579493,1.954242509439325,3.5860302637972743,10
1578,-1.5650036085399888,1.954242509439325,3.5192461179793137,9
1579,-2.0411934233179223,1.954242509439325,3.995435932757247,3
1580,0.2560276313872979,1.954242509439325,1.6982148780520272,4
1581,-1.8972783389345724,1.954242509439325,3.851520848373897,7
1582,-0.6461513225436862,1.954242509439325,2.6003938319830113,5
1583,-1.2631910303979956,1.954242509439325,3.2174335398373204,6
1584,1.3156546430205243,2.6020599913279625,1.2864053483074382,8
1585,-0.001301530581132341,2.6020599913279625,2.6033615219090946,2
1586,1.2395962514882808,2.6020599913279625,1.3624637398396817,4
1587,1.3388732806181856,2.6020599913279625,1.263186710709777,6
1588,0.7748418809229654,2.6020599913279625,1.8272181104049972,9
1589,0.7691295351390834,2.6020599913279625,1.832930456188879,3
1590,0.9097986148236988,2.6020599913279625,1.6922613765042636,10
1591,0.5822728709336912,2.6020599913279625,2.0197871203942714,1
1592,1.1430932878474243,2.6020599913279625,1.4589667034805383,5
1593,2.7792990479467683,1.3010299956639813,-1.478269052282787,6
1594,2.173208069869645,1.3010299956639813,-0.8721780742056637,5
1595,2.1509169588194847,1.3010299956639813,-0.8498869631555035,9
1596,2.219411721225012,1.3010299956639813,-0.9183817255610309,2
1597,2.872066705480854,1.3010299956639813,-1.5710367098168727,1
1598,1.7164661994822235,1.3010299956639813,-0.4154362038182422,3
1599,2.518389041451639,1.3010299956639813,-1.2173590457876577,10
1600,1.634630819137939,1.3010299956639813,-0.3336008234739578,4
1601,2.4247410145790065,1.3010299956639813,-1.1237110189150252,8
1602,1.7605417299615969,1.9549175537349588,0.19437582377336193,5
1603,1.5095039073431433,1.9549175537349588,0.44541364639181547,3
1604,1.815031320565318,1.9549175537349588,0.13988623316964088,8
1605,2.069690374002525,1.9549175537349588,-0.11477282026756619,10
1606,1.0091916463883859,1.9549175537349588,0.9457259073465729,2
1607,1.829945948935711,1.9549175537349588,0.12497160479924774,7
1608,2.031796643929375,1.9549175537349588,-0.0768790901944163,9
1609,1.4758075882211892,1.9549175537349588,0.4791099655137696,1
1610,1.7537390443349863,1.9549175537349588,0.2011785093999725,6
1611,2.598369653451735,2.0,-0.5983696534517349,5
1612,3.611699837743744,2.0,-1.611699837743744,10
1613,3.2377544519511097,2.0,-1.2377544519511097,2
1614,3.441551145077812,2.0,-1.441551145077812,1
1615,2.664979210829275,2.0,-0.6649792108292751,8
1616,3.973391207919199,2.0,-1.973391207919199,3
1617,3.880506291857935,2.0,-1.8805062918579352,6
1618,3.3035649683464974,2.0,-1.3035649683464974,7
1619,2.9978899201309464,2.0,-0.9978899201309464,9
1620,3.2310635598550843,2.146128035678238,-1.0849355241768461,9
1621,2.7728982126322044,2.146128035678238,-0.6267701769539662,5
1622,3.812687869919505,2.146128035678238,-1.6665598342412666,7
1623,3.059262694773455,2.146128035678238,-0.913134659095217,2
1624,4.407496962784144,2.146128035678238,-2.261368927105906,6
1625,3.2739398173894982,2.146128035678238,-1.12781178171126,10
1626,3.2611840632075517,2.146128035678238,-1.1150560275293135,1
1627,2.6841137700882363,2.146128035678238,-0.5379857344099981,4
1628,2.553739441478772,2.146128035678238,-0.4076114058005338,3
1629,3.494641278794223,3.164352855784437,-0.3302884230097858,3
1630,3.357564274378591,3.164352855784437,-0.1932114185941538,8
1631,3.099573727871617,3.164352855784437,0.06477912791282003,2
1632,3.7907921851965654,3.164352855784437,-0.6264393294121282,6
1633,3.0582964173589584,3.164352855784437,0.10605643842547874,1
1634,3.2125466136622647,3.164352855784437,-0.04819375787782754,5
1635,3.416394219348076,3.164352855784437,-0.25204136356363893,9
1636,3.2651342842929094,3.164352855784437,-0.10078142850847227,7
1637,3.155557495925438,3.164352855784437,0.008795359858999152,10
1638,2.0566331816402728,1.390935107103379,-0.6656980745368937,3
1639,2.2737627041721615,1.390935107103379,-0.8828275970687824,4
1640,3.1466193044255646,1.390935107103379,-1.7556841973221855,7
1641,2.9597096608075066,1.390935107103379,-1.5687745537041276,9
1642,2.65543975228407,1.390935107103379,-1.264504645180691,5
1643,3.276088216344245,1.390935107103379,-1.8851531092408658,10
1644,2.3347819612278577,1.390935107103379,-0.9438468541244787,8
1645,3.033297769320861,1.390935107103379,-1.6423626622174818,1
1646,2.7626049719984374,1.390935107103379,-1.3716698648950583,2
1647,3.7202671545983796,2.9552065375419416,-0.765060617056438,9
1648,3.731288699501732,2.9552065375419416,-0.7760821619597902,1
1649,3.693720572613257,2.9552065375419416,-0.7385140350713155,10
1650,3.360172280445902,2.9552065375419416,-0.40496574290396037,3
1651,3.7487010349126724,2.9552065375419416,-0.7934944973707307,2
1652,3.4767069546470677,2.9552065375419416,-0.5215004171051261,4
1653,3.59961884010376,2.9552065375419416,-0.6444123025618183,5
1654,3.194318780056019,2.9552065375419416,-0.23911224251407726,8
1655,3.700022165396352,2.9552065375419416,-0.7448156278544102,7
1656,3.8103852572456387,3.562292864456474,-0.2480923927891645,7
1657,3.6578404958291784,3.562292864456474,-0.09554763137270417,1
1658,3.664688172467572,3.562292864456474,-0.10239530801109797,4
1659,4.449794348720275,3.562292864456474,-0.8875014842638005,6
1660,3.593804962944335,3.562292864456474,-0.03151209848786074,8
1661,3.8355840934703944,3.562292864456474,-0.2732912290139202,3
1662,3.684049829970388,3.562292864456474,-0.12175696551391368,5
1663,3.352998818993867,3.562292864456474,0.20929404546260733,9
1664,3.8933502328412715,3.562292864456474,-0.33105736838479727,10
1665,1.9826026500689902,1.9268567089496924,-0.05574594111929776,4
1666,2.016565857371865,1.9268567089496924,-0.08970914842217259,2
1667,2.620286634604002,1.9268567089496924,-0.6934299256543095,10
1668,2.440844032101661,1.9268567089496924,-0.5139873231519687,7
1669,2.201471697229274,1.9268567089496924,-0.27461498827958164,9
1670,1.84020829203785,1.9268567089496924,0.08664841691184244,3
1671,2.8227853960622378,1.9268567089496924,-0.8959286871125454,6
1672,2.130133032737232,1.9268567089496924,-0.20327632378753946,5
1673,2.104019736133479,1.9268567089496924,-0.17716302718378674,8
1674,4.548667602886058,1.146128035678238,-3.4025395672078202,6
1675,3.1609497627568865,1.146128035678238,-2.0148217270786484,8
1676,3.5983138570164828,1.146128035678238,-2.4521858213382446,5
1677,3.2369941314133683,1.146128035678238,-2.09086609573513,4
1678,4.14337428323852,1.146128035678238,-2.997246247560282,10
1679,3.965608537248315,1.146128035678238,-2.8194805015700775,1
1680,4.07368988704457,1.146128035678238,-2.927561851366332,7
1681,3.7852942433494117,1.146128035678238,-2.639166207671174,2
1682,3.258521524952442,1.146128035678238,-2.1123934892742042,3
1683,3.4645196829373353,2.8512583487190755,-0.6132613342182598,4
1684,3.139560950028787,2.8512583487190755,-0.28830260130971164,3
1685,3.832611893464593,2.8512583487190755,-0.9813535447455175,2
1686,4.662175082299451,2.8512583487190755,-1.8109167335803757,6
1687,3.664824864876194,2.8512583487190755,-0.8135665161571186,9
1688,4.457053089490071,2.8512583487190755,-1.6057947407709952,1
1689,4.051773002174806,2.8512583487190755,-1.2005146534557305,7
1690,3.39165704448543,2.8512583487190755,-0.5403986957663545,8
1691,3.456031448149214,2.8512583487190755,-0.6047730994301386,5
1692,3.041923476977864,2.0,-1.041923476977864,10
1693,3.0581375663164265,2.0,-1.0581375663164265,7
1694,3.2934383592359313,2.0,-1.2934383592359313,3
1695,3.234693779517694,2.0,-1.234693779517694,5
1696,3.035501891760931,2.0,-1.0355018917609309,8
1697,3.1277648890847667,2.0,-1.1277648890847667,9
1698,3.4670346343839875,2.0,-1.4670346343839875,6
1699,3.1452141999000487,2.0,-1.1452141999000487,2
1700,3.1241672558294518,2.0,-1.1241672558294518,1
1701,3.469902871449478,3.539452491549461,0.06954962009998278,4
1702,3.53020569688775,3.539452491549461,0.009246794661710744,8
1703,3.536815417474467,3.539452491549461,0.002637074074994139,3
1704,3.554279136506555,3.539452491549461,-0.014826644957094182,2
1705,3.797393504770183,3.539452491549461,-0.25794101322072205,7
1706,3.7846301143954553,3.539452491549461,-0.24517762284599431,1
1707,3.8925300399459886,3.539452491549461,-0.3530775483965276,9
1708,5.095903888006365,3.539452491549461,-1.5564513964569042,6
1709,3.4584940364266337,3.539452491549461,0.08095845512282729,5
1710,2.319492205529021,1.380211241711606,-0.9392809638174149,2
1711,2.0125477146574515,1.380211241711606,-0.6323364729458456,3
1712,2.141546862889448,1.380211241711606,-0.7613356211778419,5
1713,2.0594584824961255,1.380211241711606,-0.6792472407845196,1
1714,2.739160432016131,1.380211241711606,-1.358949190304525,7
1715,2.208498345209877,1.380211241711606,-0.8282871034982713,10
1716,2.1309584320895074,1.380211241711606,-0.7507471903779015,4
1717,3.200011611692052,1.380211241711606,-1.8198003699804461,6
1718,2.2982123905923975,1.380211241711606,-0.9180011488807915,9
1719,2.60212234872289,2.273232834043045,-0.3288895146798452,6
1720,2.253683820581875,2.273232834043045,0.019549013461169995,1
1721,2.0469022876842327,2.273232834043045,0.22633054635881233,8
1722,2.319984810695874,2.273232834043045,-0.04675197665282882,9
1723,2.437234207037321,2.273232834043045,-0.1640013729942762,3
1724,2.245289650689778,2.273232834043045,0.027943183353266843,2
1725,2.436641649833553,2.273232834043045,-0.16340881579050803,5
1726,2.4703334118383924,2.273232834043045,-0.1971005777953474,10
1727,2.1961487159639037,2.273232834043045,0.07708411807914128,4
1728,2.3288435272295387,2.57978359661681,0.2509400693872714,5
1729,2.7874813349771923,2.57978359661681,-0.2076977383603822,3
1730,2.2672656325011755,2.57978359661681,0.3125179641156346,4
1731,2.9903053589614585,2.57978359661681,-0.41052176234464843,6
1732,2.3676254620014623,2.57978359661681,0.21215813461534783,9
1733,3.4132985160947498,2.57978359661681,-0.8335149194779397,8
1734,2.5401222242556023,2.57978359661681,0.039661372361207814,1
1735,2.2400917235892384,2.57978359661681,0.33969187302757176,7
1736,2.750436288380502,2.57978359661681,-0.1706526917636917,10
1737,1.9790197723929752,0.6334684555795865,-1.3455513168133888,7
1738,1.9981614015396243,0.6334684555795865,-1.3646929459600377,9
1739,2.0060284077697887,0.6334684555795865,-1.372559952190202,4
1740,1.9081088104654667,0.6334684555795865,-1.27464035488588,1
1741,2.1589293972574963,0.6334684555795865,-1.5254609416779097,10
1742,2.112757446626125,0.6334684555795865,-1.4792889910465385,8
1743,2.1999188444466733,0.6334684555795865,-1.5664503888670867,3
1744,2.5534489593381466,0.6334684555795865,-1.91998050375856,6
1745,1.4586446742220616,0.6334684555795865,-0.825176218642475,2
1746,5.398177494491697,6.079181246047625,0.6810037515559282,8
1747,4.357665987462308,6.079181246047625,1.7215152585853168,3
1748,5.0550493948315385,6.079181246047625,1.0241318512160866,1
1749,4.606817182437239,6.079181246047625,1.472364063610386,2
1750,4.657435805807471,6.079181246047625,1.4217454402401541,9
1751,4.837588520236175,6.079181246047625,1.2415927258114499,5
1752,4.967030425431523,6.079181246047625,1.112150820616102,4
1753,4.820253891572475,6.079181246047625,1.2589273544751505,7
1754,4.68969238067679,6.079181246047625,1.3894888653708355,10
1755,5.289176259941642,5.023951707423388,-0.26522455251825416,6
1756,5.409518741706259,5.023951707423388,-0.38556703428287165,1
1757,5.285218413672055,5.023951707423388,-0.26126670624866755,3
1758,5.436174553690359,5.023951707423388,-0.41222284626697103,8
1759,5.479447623735845,5.023951707423388,-0.455495916312457,9
1760,5.503964191995171,5.023951707423388,-0.480012484571783,7
1761,5.377481391420608,5.023951707423388,-0.3535296839972206,5
1762,5.243725773174048,5.023951707423388,-0.21977406575066016,2
1763,5.345259182959475,5.023951707423388,-0.32130747553608696,10
1764,4.820253891572475,6.2322335211147335,1.4119796295422589,7
1765,5.398177494491697,6.2322335211147335,0.8340560266230366,8
1766,4.641997465253671,6.2322335211147335,1.5902360558610624,6
1767,5.0550493948315385,6.2322335211147335,1.177184126283195,1
1768,4.65743580580747,6.2322335211147335,1.5747977153072634,9
1769,4.837588520236175,6.2322335211147335,1.3946450008785582,5
1770,4.967030425431523,6.2322335211147335,1.2652030956832103,4
1771,4.606817182437239,6.2322335211147335,1.6254163386774945,2
1772,4.68969238067679,6.2322335211147335,1.5425411404379439,10
1773,4.601225415595407,3.247973266361807,-1.3532521492336005,4
1774,4.683792557801204,3.247973266361807,-1.435819291439397,3
1775,4.764350082258281,3.247973266361807,-1.5163768158964746,10
1776,4.854574659634289,3.247973266361807,-1.606601393272482,6
1777,4.920848135634287,3.247973266361807,-1.6728748692724804,1
1778,4.690786388967365,3.247973266361807,-1.4428131226055583,2
1779,4.771050730078042,3.247973266361807,-1.5230774637162354,5
1780,4.997661931391492,3.247973266361807,-1.749688665029685,8
1781,4.897684610205122,3.247973266361807,-1.649711343843315,7
1782,5.105155831093344,6.302547372487486,1.1973915413941416,7
1783,4.959536319401148,6.302547372487486,1.3430110530863377,5
1784,4.879900448236298,6.302547372487486,1.4226469242511879,10
1785,5.261896872272689,6.302547372487486,1.040650500214797,3
1786,5.0690215751576275,6.302547372487486,1.2335257973298583,9
1787,5.064012241771896,6.302547372487486,1.23853513071559,4
1788,5.145411567155618,6.302547372487486,1.157135805331868,1
1789,5.664025650485398,6.302547372487486,0.6385217220020882,8
1790,4.950260965411415,6.302547372487486,1.352286407076071,6
1791,5.240995259661867,4.598571663482141,-0.642423596179726,10
1792,5.545276067284582,4.598571663482141,-0.9467044038024408,9
1793,5.339407584170317,4.598571663482141,-0.740835920688176,4
1794,5.423340359312553,4.598571663482141,-0.8247686958304117,1
1795,5.808345957001356,4.598571663482141,-1.2097742935192146,8
1796,5.4972680132208644,4.598571663482141,-0.8986963497387235,5
1797,5.43684666551626,4.598571663482141,-0.838275002034119,7
1798,4.9821540755908185,4.598571663482141,-0.3835824121086775,3
1799,5.316470351347021,4.598571663482141,-0.7178986878648796,6
1800,5.080824966399293,4.812913356642856,-0.26791160975643713,6
1801,5.394867843542946,4.812913356642856,-0.5819544869000906,8
1802,4.990284126048035,4.812913356642856,-0.17737076940517937,7
1803,5.140466789207687,4.812913356642856,-0.32755343256483105,5
1804,4.889892328272222,4.812913356642856,-0.07697897162936673,2
1805,4.955924261089428,4.812913356642856,-0.14301090444657216,3
1806,5.151639146124712,4.812913356642856,-0.33872578948185605,1
1807,5.148754358497789,4.812913356642856,-0.3358410018549334,9
1808,5.154173056725949,4.812913356642856,-0.3412597000830937,4
1809,4.7647274538696545,3.562292864456474,-1.2024345894131803,5
1810,4.95108971413919,3.562292864456474,-1.3887968496827159,1
1811,4.749676786749965,3.562292864456474,-1.1873839222934905,8
1812,3.7658320539727916,3.562292864456474,-0.20353918951631744,4
1813,4.6526175054598005,3.562292864456474,-1.0903246410033263,6
1814,4.048733023803057,3.562292864456474,-0.4864401593465826,3
1815,4.615206935048376,3.562292864456474,-1.052914070591902,9
1816,4.948388951286889,3.562292864456474,-1.3860960868304146,2
1817,4.79160176109447,3.562292864456474,-1.229308896637996,7
1818,5.451241327658426,6.806179973983888,1.3549386463254622,10
1819,5.563897326962258,6.806179973983888,1.2422826470216304,4
1820,5.515790551879201,6.806179973983888,1.2903894221046874,6
1821,5.51356653815946,6.806179973983888,1.2926134358244283,7
1822,5.548093220771469,6.806179973983888,1.2580867532124191,5
1823,5.864603547334739,6.806179973983888,0.9415764266491493,8
1824,5.756808768708343,6.806179973983888,1.0493712052755457,3
1825,5.520870868126988,6.806179973983888,1.2853091058569008,1
1826,5.407688523273301,6.806179973983888,1.398491450710587,2
1827,4.771050730078042,5.782472624166286,1.0114218940882438,5
1828,4.997661931391492,5.782472624166286,0.7848106927747942,8
1829,4.683792557801204,5.782472624166286,1.0986800663650822,3
1830,4.897684610205121,5.782472624166286,0.884788013961165,7
1831,4.601225415595407,5.782472624166286,1.1812472085708787,4
1832,4.920848135634289,5.782472624166286,0.861624488531997,1
1833,4.764350082258281,5.782472624166286,1.0181225419080047,10
1834,4.846150649901974,5.782472624166286,0.9363219742643123,9
1835,4.854574659634289,5.782472624166286,0.9278979645319971,6
1836,5.310813531554082,6.054957596012407,0.7441440644583253,10
1837,5.24124708343499,6.054957596012407,0.8137105125774173,2
1838,5.055061346877218,6.054957596012407,0.9998962491351895,3
1839,5.562839496215028,6.054957596012407,0.49211809979737975,9
1840,5.4876397555999095,6.054957596012407,0.5673178404124979,7
1841,5.450928821247816,6.054957596012407,0.6040287747645916,1
1842,5.0559427778483315,6.054957596012407,0.9990148181640759,4
1843,5.39515201160535,6.054957596012407,0.6598055844070574,5
1844,5.4799219553223315,6.054957596012407,0.5750356406900758,8
1845,5.107352743634196,6.15124723746237,1.0438944938281747,8
1846,5.2160724231076685,6.15124723746237,0.9351748143547018,1
1847,5.053817538923391,6.15124723746237,1.0974296985389795,2
1848,4.625530978516939,6.15124723746237,1.5257162589454314,4
1849,5.1276019464954325,6.15124723746237,1.0236452909669378,6
1850,4.764970034963207,6.15124723746237,1.386277202499163,3
1851,5.119784655492874,6.15124723746237,1.031462581969496,7
1852,5.049092855366073,6.15124723746237,1.1021543820962973,5
1853,5.098515811974585,6.15124723746237,1.052731425487785,9
1854,5.613060036139819,3.9036325160842376,-1.7094275200555815,7
1855,5.604957988341498,3.9036325160842376,-1.7013254722572606,1
1856,5.468147580861697,3.9036325160842376,-1.564515064777459,9
1857,5.543348586422279,3.9036325160842376,-1.6397160703380411,6
1858,5.109011695941919,3.9036325160842376,-1.2053791798576814,3
1859,5.422099131949806,3.9036325160842376,-1.5184666158655684,2
1860,5.4267495119305496,3.9036325160842376,-1.523116995846312,5
1861,4.867172893904517,3.9036325160842376,-0.9635403778202791,4
1862,5.1877962120018575,3.9036325160842376,-1.28416369591762,8
1863,5.6016681858979425,6.501059262217751,0.8993910763198087,8
1864,4.684962979108493,6.501059262217751,1.8160962831092586,3
1865,4.48880257094261,6.501059262217751,2.012256691275141,1
1866,4.520003133154344,6.501059262217751,1.9810561290634068,10
1867,4.38802745347578,6.501059262217751,2.1130318087419715,5
1868,4.220720068442527,6.501059262217751,2.280339193775224,7
1869,4.325142030834371,6.501059262217751,2.17591723138338,6
1870,4.782726402816049,6.501059262217751,1.718332859401702,4
1871,4.377012246431254,6.501059262217751,2.1240470157864975,2
1872,4.411879717718395,4.892762234615817,0.480882516897422,9
1873,4.407106698313814,4.892762234615817,0.4856555363020032,7
1874,4.437914255942597,4.892762234615817,0.4548479786732198,10
1875,4.7158073720161475,4.892762234615817,0.1769548625996693,1
1876,4.588282224823346,4.892762234615817,0.3044800097924707,2
1877,4.616859001477979,4.892762234615817,0.2759032331378375,6
1878,5.2158079013336875,4.892762234615817,-0.3230456667178707,8
1879,4.549355943536773,4.892762234615817,0.3434062910790434,4
1880,4.636402952931669,4.892762234615817,0.2563592816841478,5
1881,5.36362555774654,7.068185861746161,1.7045603039996209,2
1882,5.614714509101496,7.068185861746161,1.453471352644665,7
1883,5.533757543735372,7.068185861746161,1.5344283180107894,6
1884,6.069444050959934,7.068185861746161,0.9987418107862274,8
1885,5.843256792345605,7.068185861746161,1.224929069400556,5
1886,5.850336044268903,7.068185861746161,1.2178498174772585,9
1887,5.690116503538009,7.068185861746161,1.378069358208152,3
1888,5.628727507912382,7.068185861746161,1.4394583538337793,1
1889,5.568477875288306,7.068185861746161,1.4997079864578549,10
1890,4.702456365532614,3.4800069429571505,-1.2224494225754632,10
1891,4.714353066159272,3.4800069429571505,-1.2343461232021213,8
1892,4.553485773897018,3.4800069429571505,-1.0734788309398673,9
1893,4.6714274718962825,3.4800069429571505,-1.191420528939132,2
1894,4.81962974554771,3.4800069429571505,-1.3396228025905592,6
1895,4.250022238600407,3.4800069429571505,-0.7700152956432569,4
1896,4.83111282898246,3.4800069429571505,-1.3511058860253091,7
1897,4.9820555478065724,3.4800069429571505,-1.502048604849422,1
1898,4.4700798968076905,3.4800069429571505,-0.99007295385054,5
1899,5.180522321467267,4.336459733848529,-0.8440625876187378,1
1900,5.122747455325427,4.336459733848529,-0.7862877214768975,2
1901,4.795057860783121,4.336459733848529,-0.458598126934592,3
1902,5.060776225540389,4.336459733848529,-0.7243164916918596,8
1903,5.282878314621341,4.336459733848529,-0.9464185807728116,6
1904,5.251048372746809,4.336459733848529,-0.9145886388982802,7
1905,5.121122853975961,4.336459733848529,-0.7846631201274317,9
1906,5.172281956707091,4.336459733848529,-0.8358222228585621,10
1907,4.960273158542646,4.336459733848529,-0.6238134246941165,4
1908,5.989813392983603,5.0,-0.9898133929836028,7
1909,5.885967386423429,5.0,-0.8859673864234292,9
1910,5.768599716985946,5.0,-0.7685997169859462,1
1911,6.091759882495805,5.0,-1.091759882495805,10
1912,5.679605408612489,5.0,-0.6796054086124892,4
1913,5.198070293268768,5.0,-0.1980702932687679,3
1914,5.8558435605280605,5.0,-0.8558435605280605,8
1915,6.077730198558892,5.0,-1.0777301985588918,6
1916,5.890811651884062,5.0,-0.8908116518840616,5
1917,5.936937711729108,6.0,0.063062288270892,3
1918,5.8125663680133,6.0,0.18743363198669982,1
1919,6.115658269448246,6.0,-0.11565826944824575,7
1920,5.737932813839979,6.0,0.2620671861600208,6
1921,5.843774644065826,6.0,0.15622535593417375,2
1922,5.978140921935272,6.0,0.021859078064728088,10
1923,6.191175018330949,6.0,-0.19117501833094863,9
1924,6.116474060296256,6.0,-0.11647406029625618,8
1925,5.810346024996961,6.0,0.18965397500303904,4
1926,3.0009555926981912,5.445604203273597,2.444648610575406,6
1927,3.5538407045781186,5.445604203273597,1.8917634986954788,3
1928,3.2991108073877786,5.445604203273597,2.1464933958858188,7
1929,3.33820388564748,5.445604203273597,2.1074003176261176,5
1930,3.2387250600490454,5.445604203273597,2.206879143224552,2
1931,3.470310502754565,5.445604203273597,1.9752937005190323,10
1932,3.3838618812309504,5.445604203273597,2.061742322042647,1
1933,3.5066650993540858,5.445604203273597,1.9389391039195116,9
1934,3.168162338307636,5.445604203273597,2.2774418649659616,8
1935,1.8299459489357108,1.7781512503836436,-0.0517946985520672,7
1936,1.7537390443349863,1.7781512503836436,0.024412206048657348,6
1937,2.069690374002525,1.7781512503836436,-0.29153912361888135,10
1938,2.031796643929375,1.7781512503836436,-0.25364539354573146,9
1939,1.0091916463883859,1.7781512503836436,0.7689596039952578,2
1940,1.4982076721322959,1.7781512503836436,0.27994357825134775,4
1941,1.815031320565318,1.7781512503836436,-0.036880070181674274,8
1942,1.5095039073431433,1.7781512503836436,0.2686473430405003,3
1943,1.4758075882211892,1.7781512503836436,0.30234366216245445,1
1944,4.067146888080473,2.400537989391946,-1.6666088986885272,7
1945,3.642067599195814,2.400537989391946,-1.2415296098038677,5
1946,3.5080336481985075,2.400537989391946,-1.1074956588065614,1
1947,3.11149631296591,2.400537989391946,-0.7109583235739638,8
1948,3.976023824493451,2.400537989391946,-1.5754858351015049,9
1949,3.853490938293993,2.400537989391946,-1.452952948902047,6
1950,3.6515464969333205,2.400537989391946,-1.2510085075413744,3
1951,3.352117583459857,2.400537989391946,-0.951579594067911,2
1952,2.8231209942287254,2.400537989391946,-0.42258300483677935,4
1953,4.741725020887901,3.0,-1.741725020887901,10
1954,4.747780871589343,3.0,-1.7477808715893426,9
1955,4.563287676212945,3.0,-1.563287676212945,6
1956,3.986693543926424,3.0,-0.9866935439264242,5
1957,4.193595514060412,3.0,-1.1935955140604122,3
1958,4.609805712213582,3.0,-1.609805712213582,7
1959,3.3223118199173323,3.0,-0.32231181991733227,4
1960,4.457869466284357,3.0,-1.4578694662843574,2
1961,4.43808424670406,3.0,-1.4380842467040598,1
1962,5.039628198430422,3.653212513775344,-1.386415684655078,6
1963,4.791979017144568,3.653212513775344,-1.138766503369224,5
1964,4.6705287898738925,3.653212513775344,-1.0173162760985486,4
1965,4.800658136479676,3.653212513775344,-1.147445622704332,8
1966,5.190217505397821,3.653212513775344,-1.537004991622477,10
1967,4.978204890509044,3.653212513775344,-1.3249923767337002,2
1968,4.9666471791136715,3.653212513775344,-1.3134346653383275,1
1969,5.209862354412275,3.653212513775344,-1.556649840636931,7
1970,5.2565616701262305,3.653212513775344,-1.6033491563508866,9
1971,4.558188863766966,5.0,0.44181113623303414,7
1972,4.6783198145324745,5.0,0.3216801854675255,2
1973,4.485132960447509,5.0,0.5148670395524908,10
1974,4.333015220582475,5.0,0.6669847794175254,6
1975,4.560200407792272,5.0,0.439799592207728,5
1976,4.458349072299901,5.0,0.5416509277000987,1
1977,4.6508103143154145,5.0,0.3491896856845855,3
1978,4.500314167592236,5.0,0.49968583240776443,8
1979,4.544618691329224,5.0,0.4553813086707761,4
1980,5.619462336623167,5.14921911265538,-0.4702432239677874,3
1981,5.555076876145475,5.14921911265538,-0.4058577634900953,8
1982,5.697330682223804,5.14921911265538,-0.548111569568424,7
1983,5.573753040878084,5.14921911265538,-0.4245339282227043,5
1984,5.469185378082634,5.14921911265538,-0.31996626542725437,4
1985,5.636673635559948,5.14921911265538,-0.48745452290456814,1
1986,5.728571235152644,5.14921911265538,-0.579352122497264,9
1987,5.57508058980279,5.14921911265538,-0.42586147714741074,6
1988,5.601558923136513,5.14921911265538,-0.45233981048113314,10
1989,3.5971914439105235,4.101747073946366,0.5045556300358425,7
1990,3.507549824638265,4.101747073946366,0.5941972493081011,10
1991,2.8970482038342524,4.101747073946366,1.2046988701121135,4
1992,3.2705885463459086,4.101747073946366,0.8311585276004574,5
1993,3.408327880792265,4.101747073946366,0.6934191931541012,2
1994,3.4747095050254457,4.101747073946366,0.6270375689209202,9
1995,3.12929665035744,4.101747073946366,0.972450423588926,6
1996,3.0610234190844,4.101747073946366,1.0407236548619658,8
1997,3.2468587841122427,4.101747073946366,0.8548882898341232,1
1998,6.403004250168647,6.2552725051033065,-0.14773174506534037,7
1999,6.376101761761527,6.2552725051033065,-0.12082925665822053,6
2000,6.457074567160086,6.2552725051033065,-0.20180206205677997,9
2001,6.184719356775506,6.2552725051033065,0.07055314832780013,1
2002,6.234205021000812,6.2552725051033065,0.021067484102494483,2
2003,6.33578879996945,6.2552725051033065,-0.08051629486614331,3
2004,6.452476226618073,6.2552725051033065,-0.19720372151476617,4
2005,6.282056992207508,6.2552725051033065,-0.02678448710420156,10
2006,6.090545999957463,6.2552725051033065,0.1647265051458433,8
2007,5.66514823886605,6.361727836017593,0.6965795971515432,3
2008,5.452921049851214,6.361727836017593,0.9088067861663793,2
2009,5.716804703933772,6.361727836017593,0.6449231320838207,7
2010,5.601417076945876,6.361727836017593,0.7603107590717171,10
2011,5.591289609906367,6.361727836017593,0.7704382261112261,1
2012,5.7775813862625425,6.361727836017593,0.5841464497550506,9
2013,5.881644781321451,6.361727836017593,0.4800830546961423,4
2014,5.791656463908396,6.361727836017593,0.5700713721091972,5
2015,5.665862831193942,6.361727836017593,0.6958650048236512,8
2016,6.184745846132732,6.421603926869831,0.23685808073709858,9
2017,6.3019890622644885,6.421603926869831,0.11961486460534232,7
2018,6.139716305144397,6.421603926869831,0.281887621725434,1
2019,6.289769996287365,6.421603926869831,0.13183393058246562,4
2020,6.061680456371043,6.421603926869831,0.3599234704987877,2
2021,6.1959869750180685,6.421603926869831,0.22561695185176234,8
2022,6.18525653617812,6.421603926869831,0.2363473906917104,10
2023,6.284555178819441,6.421603926869831,0.1370487480503897,6
2024,6.405544800409663,6.421603926869831,0.01605912646016794,3
2025,6.474141085391389,6.176091259055681,-0.2980498263357081,7
2026,6.377795303013545,6.176091259055681,-0.20170404395786345,6
2027,6.353861750277316,6.176091259055681,-0.17777049122163469,5
2028,6.382082941859109,6.176091259055681,-0.20599168280342806,4
2029,6.4637216901959285,6.176091259055681,-0.2876304311402471,3
2030,6.331621227312069,6.176091259055681,-0.15552996825638754,8
2031,6.378814723282136,6.176091259055681,-0.20272346422645438,10
2032,6.27851624508576,6.176091259055681,-0.10242498603007899,2
2033,6.354733139590733,6.176091259055681,-0.1786418805350518,1
2034,6.382095226686864,6.113943352306837,-0.26815187438002663,10
2035,6.3644226981944305,6.113943352306837,-0.2504793458875936,6
2036,6.352881325602203,6.113943352306837,-0.23893797329536604,9
2037,6.333810652895986,6.113943352306837,-0.21986730058914894,1
2038,6.171769463282002,6.113943352306837,-0.057826110975165435,5
2039,6.237596164056392,6.113943352306837,-0.12365281174955545,4
2040,6.283195242065964,6.113943352306837,-0.16925188975912686,3
2041,6.454250615110653,6.113943352306837,-0.3403072628038162,7
2042,6.197742951683888,6.113943352306837,-0.08379959937705106,8
2043,6.079930271200524,6.313867220369153,0.23393694916862895,1
2044,6.085860639731327,6.313867220369153,0.22800658063782642,2
2045,6.092930991043384,6.313867220369153,0.22093622932576906,10
2046,6.216562092238814,6.313867220369153,0.09730512813033965,7
2047,6.142843498489681,6.313867220369153,0.17102372187947257,8
2048,6.159535952304302,6.313867220369153,0.1543312680648512,4
2049,6.272452063023816,6.313867220369153,0.041415157345337406,6
2050,6.184300175840508,6.313867220369153,0.12956704452864543,9
2051,6.295868605182788,6.313867220369153,0.017998615186365363,3
2052,6.268034561995838,6.544068044350276,0.27603348235443725,7
2053,6.283007160746404,6.544068044350276,0.2610608836038715,8
2054,6.283875030689468,6.544068044350276,0.2601930136608077,4
2055,6.1085971786517925,6.544068044350276,0.43547086569848314,10
2056,6.088793704367177,6.544068044350276,0.45527433998309874,1
2057,6.370245462619103,6.544068044350276,0.17382258173117293,3
2058,5.996119515913774,6.544068044350276,0.5479485284365015,2
2059,6.147194356131352,6.544068044350276,0.3968736882189239,5
2060,6.186361490640222,6.544068044350276,0.3577065537100541,9
2061,6.195695812125282,5.993876914941211,-0.2018188971840713,6
2062,5.920432816827444,5.993876914941211,0.07344409811376718,2
2063,5.988162291750065,5.993876914941211,0.005714623191146018,1
2064,6.225300578162358,5.993876914941211,-0.23142366322114682,3
2065,6.086950923478681,5.993876914941211,-0.09307400853746994,10
2066,6.1063841695322525,5.993876914941211,-0.1125072545910415,8
2067,6.207129579225804,5.993876914941211,-0.21325266428459333,7
2068,6.085118141554352,5.993876914941211,-0.09124122661314082,4
2069,6.027204673689799,5.993876914941211,-0.03332775874858829,5
2070,6.077242254103212,6.544068044350276,0.4668257902470634,2
2071,6.346865944330458,6.544068044350276,0.19720210001981808,7
2072,6.366310136450857,6.544068044350276,0.17775790789941848,8
2073,6.270618899083183,6.544068044350276,0.27344914526709285,9
2074,6.423745926491198,6.544068044350276,0.12032211785907787,4
2075,6.337210038391631,6.544068044350276,0.20685800595864468,3
2076,6.183483641079103,6.544068044350276,0.36058440327117225,5
2077,6.157984409043383,6.544068044350276,0.3860836353068926,1
2078,6.265212069515984,6.544068044350276,0.2788559748342916,6
2079,6.261212188511786,6.187520720836463,-0.07369146767532353,6
2080,6.213121186416735,6.187520720836463,-0.02560046558027196,9
2081,6.153006603909967,6.187520720836463,0.03451411692649575,1
2082,6.298305681816276,6.187520720836463,-0.11078496097981372,7
2083,6.191786153779073,6.187520720836463,-0.004265432942609948,10
2084,5.995389475838352,6.187520720836463,0.19213124499811052,5
2085,6.063627796791399,6.187520720836463,0.12389292404506325,3
2086,6.003201522894032,6.187520720836463,0.1843191979424308,4
2087,5.892743954713608,6.187520720836463,0.29477676612285464,8
2088,6.006345732513545,6.526985068559996,0.5206393360464503,9
2089,6.13711549940686,6.526985068559996,0.3898695691531353,3
2090,5.966723356749332,6.526985068559996,0.5602617118106634,1
2091,6.091785347045668,6.526985068559996,0.4351997215143273,8
2092,6.107694247813818,6.526985068559996,0.41929082074617785,4
2093,6.224610817347986,6.526985068559996,0.3023742512120098,6
2094,6.052591396153013,6.526985068559996,0.4743936724069826,2
2095,6.264504935507156,6.526985068559996,0.2624801330528399,10
2096,6.387484781190119,6.526985068559996,0.1395002873698763,7
2097,6.546344191950384,6.1003705451175625,-0.4459736468328215,6
2098,6.412082507747854,6.1003705451175625,-0.3117119626302918,2
2099,6.390118076526884,6.1003705451175625,-0.2897475314093212,9
2100,6.207671617456612,6.1003705451175625,-0.10730107233904906,5
2101,6.122836060353335,6.1003705451175625,-0.02246551523577267,8
2102,6.478162600570463,6.1003705451175625,-0.3777920554529004,7
2103,6.203127834781236,6.1003705451175625,-0.10275728966367392,4
2104,6.459066645144555,6.1003705451175625,-0.35869610002699215,1
2105,6.394222321974904,6.1003705451175625,-0.2938517768573412,10
2106,4.736207063797446,5.806179973983888,1.0699729101864426,2
2107,4.821459920989445,5.806179973983888,0.9847200529944438,3
2108,4.6628453846658875,5.806179973983888,1.143334589318001,4
2109,4.8710392083829195,5.806179973983888,0.9351407656009689,5
2110,4.8399089276496525,5.806179973983888,0.9662710463342359,9
2111,5.010422552229017,5.806179973983888,0.7957574217548711,6
2112,4.815097907947704,5.806179973983888,0.9910820660361841,1
2113,4.901199733905888,5.806179973983888,0.9049802400780003,10
2114,4.67022282929126,5.806179973983888,1.135957144692628,8
2115,5.709334590694273,5.093421685162235,-0.6159129055320385,2
2116,5.779659348193004,5.093421685162235,-0.6862376630307692,5
2117,5.689502829121131,5.093421685162235,-0.5960811439588962,10
2118,5.973210860329152,5.093421685162235,-0.8797891751669171,8
2119,5.707124282890755,5.093421685162235,-0.61370259772852,1
2120,5.730125460874547,5.093421685162235,-0.636703775712312,7
2121,5.981314347449787,5.093421685162235,-0.8878926622875527,3
2122,5.767221758335744,5.093421685162235,-0.673800073173509,9
2123,5.7532589998531245,5.093421685162235,-0.6598373146908898,4
2124,5.487656819374011,3.963787827345555,-1.5238689920284556,6
2125,5.380525944449726,3.963787827345555,-1.4167381171041709,10
2126,5.215712269543937,3.963787827345555,-1.2519244421983822,1
2127,5.339985340046932,3.963787827345555,-1.3761975127013772,7
2128,5.370315239028662,3.963787827345555,-1.4065274116831072,5
2129,5.400946272018733,3.963787827345555,-1.437158444673178,9
2130,5.301867012638878,3.963787827345555,-1.338079185293323,2
2131,5.300140607454144,3.963787827345555,-1.3363527801085886,4
2132,5.260414608319237,3.963787827345555,-1.2966267809736816,8
2133,5.3267517383330905,6.0751453270538525,0.748393588720762,10
2134,5.453409040505636,6.0751453270538525,0.6217362865482166,2
2135,5.640658458838541,6.0751453270538525,0.4344868682153118,3
2136,5.500914435935442,6.0751453270538525,0.5742308911184102,5
2137,5.578560692772617,6.0751453270538525,0.4965846342812359,4
2138,5.499094307798747,6.0751453270538525,0.5760510192551056,9
2139,5.633087329290448,6.0751453270538525,0.4420579977634045,6
2140,5.596203819491974,6.0751453270538525,0.4789415075618786,8
2141,5.49853375641137,6.0751453270538525,0.5766115706424824,7
2142,6.594857266802956,7.146128035678238,0.5512707688752823,3
2143,6.657608642461385,7.146128035678238,0.488519393216853,1
2144,6.858641815651905,7.146128035678238,0.2874862200263335,7
2145,6.515369745053638,7.146128035678238,0.6307582906246001,4
2146,6.698741468739182,7.146128035678238,0.44738656693905643,9
2147,6.346248009732819,7.146128035678238,0.7998800259454191,5
2148,6.5144768283480055,7.146128035678238,0.6316512073302327,8
2149,6.616856941494627,7.146128035678238,0.5292710941836107,10
2150,6.575983274644066,7.146128035678238,0.5701447610341726,2
2151,6.279417095560533,4.792391689498253,-1.4870254060622807,2
2152,6.325526667129342,4.792391689498253,-1.5331349776310894,9
2153,6.117853736490009,4.792391689498253,-1.3254620469917562,5
2154,6.188841711222521,4.792391689498253,-1.3964500217242684,3
2155,6.4104677812675535,4.792391689498253,-1.618076091769301,6
2156,6.213826097931623,4.792391689498253,-1.4214344084333703,8
2157,6.21510092001236,4.792391689498253,-1.4227092305141076,4
2158,6.310046567818319,4.792391689498253,-1.5176548783200667,10
2159,6.514258668676486,4.792391689498253,-1.721866979178233,7
2160,6.412580725421551,6.863322860120456,0.45074213469890445,2
2161,6.629454594178447,6.863322860120456,0.23386826594200905,8
2162,6.677903468029301,6.863322860120456,0.18541939209115466,3
2163,6.93030336815139,6.863322860120456,-0.0669805080309338,4
2164,6.6982257245652965,6.863322860120456,0.16509713555515937,5
2165,6.614997551897441,6.863322860120456,0.24832530822301457,7
2166,6.524099322127129,6.863322860120456,0.33922353799332683,10
2167,6.7606915857945085,6.863322860120456,0.10263127432594743,9
2168,6.385684767959668,6.863322860120456,0.4776380921607881,6
2169,6.2005710277511135,6.531478917042255,0.3309078892911419,1
2170,6.383472972561095,6.531478917042255,0.14800594448116033,7
2171,6.3132981151895455,6.531478917042255,0.21818080185270983,9
2172,6.237278512366907,6.531478917042255,0.29420040467534836,2
2173,6.025096323203704,6.531478917042255,0.5063825938385511,8
2174,6.23552680866062,6.531478917042255,0.295952108381635,4
2175,6.132839563617076,6.531478917042255,0.3986393534251791,3
2176,6.149069781393509,6.531478917042255,0.38240913564874646,5
2177,6.318363646281667,6.531478917042255,0.21311527076058834,6
2178,6.2925341405433395,4.472024697700282,-1.8205094428430577,6
2179,6.171317590392762,4.472024697700282,-1.6992928926924806,8
2180,6.214901160085051,4.472024697700282,-1.7428764623847695,4
2181,6.1914893776691615,4.472024697700282,-1.7194646799688798,2
2182,6.115419364914872,4.472024697700282,-1.64339466721459,3
2183,6.288623986830683,4.472024697700282,-1.8165992891304015,9
2184,6.295908978423399,4.472024697700282,-1.8238842807231173,7
2185,6.143790993882067,4.472024697700282,-1.6717662961817856,1
2186,6.175881185617477,4.472024697700282,-1.7038564879171956,10
2187,5.887884861893047,5.315970345456917,-0.5719145164361299,3
2188,5.68323802076374,5.315970345456917,-0.3672676753068229,1
2189,5.862134053505482,5.315970345456917,-0.5461637080485646,9
2190,5.845323154827211,5.315970345456917,-0.5293528093702937,7
2191,5.713454778458529,5.315970345456917,-0.39748443300161185,2
2192,5.837442542118635,5.315970345456917,-0.5214721966617173,6
2193,5.823477103596142,5.315970345456917,-0.5075067581392245,8
2194,5.817930722706548,5.315970345456917,-0.501960377249631,10
2195,5.848345339171119,5.315970345456917,-0.5323749937142015,5
2196,5.941977971225402,6.266114049531676,0.32413607830627367,8
2197,6.03885569003122,6.266114049531676,0.22725835950045603,7
2198,6.206660981787077,6.266114049531676,0.0594530677445988,9
2199,6.133176440548881,6.266114049531676,0.13293760898279494,6
2200,5.9977951097525555,6.266114049531676,0.26831893977912014,5
2201,6.2245890902568695,6.266114049531676,0.04152495927480615,3
2202,6.094873883476812,6.266114049531676,0.17124016605486325,2
2203,6.043842784747864,6.266114049531676,0.22227126478381187,10
2204,6.170956090026835,6.266114049531676,0.0951579595048404,4
2205,4.180210113929899,3.397940008672037,-0.782270105257862,3
2206,4.094920204508106,3.397940008672037,-0.6969801958360686,2
2207,4.003212616813227,3.397940008672037,-0.6052726081411897,5
2208,3.8081395391594857,3.397940008672037,-0.4101995304874486,9
2209,3.972090632585131,3.397940008672037,-0.574150623913094,10
2210,3.787842531429667,3.397940008672037,-0.3899025227576298,4
2211,4.0804900461104685,3.397940008672037,-0.6825500374384315,6
2212,4.287016737566752,3.397940008672037,-0.889076728894715,1
2213,3.807033337648427,3.397940008672037,-0.40909332897639006,7
2214,6.415482118864534,6.109915863023793,-0.30556625584074126,7
2215,6.088346028908585,6.109915863023793,0.02156983411520752,3
2216,5.988371634490469,6.109915863023793,0.12154422853332392,5
2217,6.437494364892049,6.109915863023793,-0.3275785018682562,6
2218,6.289764022640641,6.109915863023793,-0.1798481596168484,1
2219,6.039037357059107,6.109915863023793,0.0708785059646857,8
2220,6.243555162970675,6.109915863023793,-0.13363929994688206,10
2221,6.218000406659683,6.109915863023793,-0.10808454363588993,2
2222,6.158759855696226,6.109915863023793,-0.04884399267243289,4
2223,6.290645576147588,6.539076098792776,0.2484305226451884,4
2224,6.32340554482603,6.539076098792776,0.2156705539667465,5
2225,6.314342378861197,6.539076098792776,0.22473371993157887,8
2226,6.502745018240416,6.539076098792776,0.03633108055236001,9
2227,6.367683684346054,6.539076098792776,0.17139241444672226,3
2228,6.570521102105326,6.539076098792776,-0.03144500331254996,7
2229,6.457628857933941,6.539076098792776,0.08144724085883492,2
2230,6.512209638916233,6.539076098792776,0.026866459876543125,6
2231,6.49878289187219,6.539076098792776,0.04029320692058658,10
2232,6.727276046439861,6.342817314635733,-0.38445873180412793,7
2233,6.636643236338138,6.342817314635733,-0.29382592170240507,10
2234,6.967159009446539,6.342817314635733,-0.6243416948108065,3
2235,6.699121122190795,6.342817314635733,-0.3563038075550624,5
2236,6.415943157645865,6.342817314635733,-0.07312584301013203,8
2237,6.646173001350981,6.342817314635733,-0.30335568671524804,1
2238,6.647469528397123,6.342817314635733,-0.30465221376138985,4
2239,6.60329656208604,6.342817314635733,-0.2604792474503075,2
2240,6.732232742873378,6.342817314635733,-0.38941542823764497,9
2241,3.46395193562478,2.0791812460476247,-1.3847706895771554,9
2242,3.5535365334262488,2.0791812460476247,-1.474355287378624,1
2243,3.5975610228513233,2.0791812460476247,-1.5183797768036986,7
2244,3.1811354295529544,2.0791812460476247,-1.1019541835053297,8
2245,3.3921048246060423,2.0791812460476247,-1.3129235785584177,3
2246,3.1723043662538704,2.0791812460476247,-1.0931231202062457,2
2247,3.7538537886948515,2.0791812460476247,-1.6746725426472269,10
2248,3.2939238130045676,2.0791812460476247,-1.214742566956943,4
2249,3.5469887443847012,2.0791812460476247,-1.4678074983370766,5
2250,5.385623472990824,5.202352067809752,-0.1832714051810722,3
2251,5.600700653454936,5.202352067809752,-0.39834858564518427,7
2252,5.454747847340438,5.202352067809752,-0.25239577953068615,10
2253,5.4180596532918965,5.202352067809752,-0.21570758548214464,2
2254,5.488645516203845,5.202352067809752,-0.2862934483940931,5
2255,5.640818026636913,5.202352067809752,-0.43846595882716066,1
2256,5.635290095767362,5.202352067809752,-0.4329380279576105,8
2257,5.303705732815785,5.202352067809752,-0.10135366500603293,4
2258,5.591190074319231,5.202352067809752,-0.388838006509479,9
2259,6.272984156979176,6.409764104266346,0.13677994728716936,2
2260,6.248079843383,6.409764104266346,0.1616842608833462,5
2261,6.429394486238382,6.409764104266346,-0.01963038197203648,3
2262,6.422153253210258,6.409764104266346,-0.012389148943912076,7
2263,6.333320010038922,6.409764104266346,0.0764440942274236,9
2264,6.304018124492677,6.409764104266346,0.10574597977366906,10
2265,6.4425291182960605,6.409764104266346,-0.032765014029714656,6
2266,6.247925835253224,6.409764104266346,0.16183826901312148,8
2267,6.316659163924531,6.409764104266346,0.09310494034181449,4
2268,6.496533107444168,6.477121254719663,-0.019411852724505074,4
2269,6.121875638746443,6.477121254719663,0.35524561597322,2
2270,6.530997759824648,6.477121254719663,-0.053876505104985206,5
2271,6.3155075942067675,6.477121254719663,0.16161366051289505,9
2272,6.563643151081121,6.477121254719663,-0.08652189636145824,8
2273,6.142344342790514,6.477121254719663,0.3347769119291488,1
2274,6.4379730967446385,6.477121254719663,0.039148157975024134,3
2275,6.211518145738437,6.477121254719663,0.2656031089812254,7
2276,6.058603413084044,6.477121254719663,0.41851784163561856,6
2277,6.546344191950384,6.137926673293154,-0.4084175186572301,6
2278,6.203127834781237,6.137926673293154,-0.06520116148808341,4
2279,6.314398850580254,6.137926673293154,-0.17647217728710007,3
2280,6.478162600570463,6.137926673293154,-0.340235927277309,7
2281,6.122836060353335,6.137926673293154,0.015090612939818726,8
2282,6.394222321974904,6.137926673293154,-0.2562956486817498,10
2283,6.207671617456612,6.137926673293154,-0.06974494416345767,5
2284,6.412082507747853,6.137926673293154,-0.2741558344546995,2
2285,6.459066645144555,6.137926673293154,-0.32113997185140075,1
2286,6.459066645144553,6.45071087814692,-0.008355766997633296,1
2287,6.546344191950384,6.45071087814692,-0.0956333138034644,6
2288,6.122836060353335,6.45071087814692,0.3278748177935844,8
2289,6.203127834781236,6.45071087814692,0.24758304336568315,4
2290,6.394222321974904,6.45071087814692,0.05648855617201587,10
2291,6.207671617456612,6.45071087814692,0.243039260690308,5
2292,6.478162600570463,6.45071087814692,-0.027451722423543323,7
2293,6.390118076526884,6.45071087814692,0.060592801620035885,9
2294,6.412082507747853,6.45071087814692,0.03862837039906619,2
2295,6.24317727175765,6.60422605308447,0.3610487813268195,7
2296,6.42188825988488,6.60422605308447,0.18233779319958998,8
2297,6.368457277790021,6.60422605308447,0.23576877529444928,9
2298,6.41473302062955,6.60422605308447,0.18949303245492022,3
2299,6.513578110588301,6.60422605308447,0.09064794249616881,4
2300,6.211468447094413,6.60422605308447,0.3927576059900568,1
2301,6.151394360748383,6.60422605308447,0.4528316923360869,10
2302,6.531369630859767,6.60422605308447,0.07285642222470301,5
2303,6.215509152576119,6.60422605308447,0.38871690050835106,2
2304,6.2475304564017025,6.187520720836463,-0.06000973556523981,3
2305,6.4404425528215326,6.187520720836463,-0.2529218319850699,6
2306,6.310920916392517,6.187520720836463,-0.12340019555605419,1
2307,6.306538287717003,6.187520720836463,-0.11901756688054022,2
2308,6.366690967909029,6.187520720836463,-0.179170247072566,7
2309,6.180200147757197,6.187520720836463,0.007320573079265813,8
2310,6.245651422352794,6.187520720836463,-0.058130701516331484,10
2311,6.181477196337634,6.187520720836463,0.00604352449882839,4
2312,6.34899536892959,6.187520720836463,-0.16147464809312773,9
2313,6.297852546877049,6.278753600952829,-0.019098945924220345,3
2314,6.249810590378972,6.278753600952829,0.028943010573857286,4
2315,6.2414241228559755,6.278753600952829,0.037329478096853386,5
2316,6.314017040123186,6.278753600952829,-0.03526343917035746,10
2317,6.32954200157256,6.278753600952829,-0.050788400619731,9
2318,6.38527257365074,6.278753600952829,-0.106518972697911,1
2319,6.267981720813769,6.278753600952829,0.010771880139059498,2
2320,6.373081458717912,6.278753600952829,-0.09432785776508279,7
2321,6.380769452961444,6.278753600952829,-0.1020158520086154,6
2322,6.401470638908614,6.518513939877887,0.11704330096927329,2
2323,6.186343285835741,6.518513939877887,0.3321706540421463,4
2324,6.360603757780714,6.518513939877887,0.1579101820971731,1
2325,6.5664371111322275,6.518513939877887,-0.047923171254340424,6
2326,6.379109113433539,6.518513939877887,0.13940482644434837,9
2327,6.202746051606432,6.518513939877887,0.31576788827145474,3
2328,6.445545341250413,6.518513939877887,0.07296859862747418,7
2329,6.251471911912183,6.518513939877887,0.2670420279657044,8
2330,6.378743336117512,6.518513939877887,0.13977060376037542,10
2331,5.907746162872167,4.342422680822207,-1.5653234820499602,3
2332,5.903512564774737,4.342422680822207,-1.5610898839525307,5
2333,5.571834405940654,4.342422680822207,-1.2294117251184478,8
2334,6.421476839169443,4.342422680822207,-2.079054158347236,6
2335,6.292268249820765,4.342422680822207,-1.9498455689985583,1
2336,6.192816224856506,4.342422680822207,-1.8503935440342998,9
2337,6.363607455451861,4.342422680822207,-2.0211847746296545,7
2338,5.926980789589911,4.342422680822207,-1.5845581087677045,4
2339,6.199448428245687,4.342422680822207,-1.8570257474234806,10
2340,6.015088058847981,5.651762447380111,-0.3633256114678698,10
2341,6.4591513896261,5.651762447380111,-0.8073889422459883,8
2342,6.312099911992835,5.651762447380111,-0.6603374646127236,3
2343,6.50830996156169,5.651762447380111,-0.856547514181579,4
2344,6.085482579922282,5.651762447380111,-0.43372013254217023,1
2345,5.8933548277724315,5.651762447380111,-0.24159238039232012,6
2346,6.290894977810029,5.651762447380111,-0.6391325304299178,9
2347,6.1128786825068255,5.651762447380111,-0.4611162351267142,7
2348,6.086436249681661,5.651762447380111,-0.4346738023015497,2
2349,6.21016144095316,6.301969226865995,0.09180778591283545,7
2350,6.320048250996842,6.301969226865995,-0.018079024130846832,4
2351,6.056005545878726,6.301969226865995,0.24596368098726895,2
2352,6.309541407609726,6.301969226865995,-0.007572180743730783,5
2353,6.282347340538228,6.301969226865995,0.019621886327766624,3
2354,6.234706884366573,6.301969226865995,0.06726234249942209,8
2355,5.953092521597612,6.301969226865995,0.348876705268383,10
2356,6.3749686348853265,6.301969226865995,-0.07299940801933147,9
2357,6.158153138821359,6.301969226865995,0.14381608804463575,6
2358,6.946111790893397,6.903089986991944,-0.04302180390145338,2
2359,6.681685598880209,6.903089986991944,0.22140438811173446,7
2360,7.073037490346175,6.903089986991944,-0.1699475033542308,10
2361,6.874703056388033,6.903089986991944,0.02838693060391062,4
2362,6.975067654932087,6.903089986991944,-0.0719776679401436,5
2363,6.921508965172456,6.903089986991944,-0.01841897818051219,6
2364,6.84757872392402,6.903089986991944,0.05551126306792398,8
2365,6.925148213342622,6.903089986991944,-0.022058226350678112,1
2366,6.586827259332538,6.903089986991944,0.31626272765940566,3
2367,6.271369195802756,5.983175072037813,-0.288194123764943,4
2368,6.0187545121358506,5.983175072037813,-0.035579440098037374,2
2369,6.140023961586601,5.983175072037813,-0.15684888954878762,10
2370,6.4553812242066435,5.983175072037813,-0.47220615216883033,5
2371,6.4407791625270185,5.983175072037813,-0.45760409048920536,3
2372,6.446747919554675,5.983175072037813,-0.4635728475168621,9
2373,6.140787089206083,5.983175072037813,-0.15761201716826978,6
2374,6.323406122766646,5.983175072037813,-0.34023105072883286,7
2375,6.241560218431411,5.983175072037813,-0.2583851463935982,1
2376,6.078236749736452,6.587710965018911,0.5094742152824594,10
2377,6.342306478115756,6.587710965018911,0.24540448690315575,5
2378,6.2780826177542375,6.587710965018911,0.3096283472646739,4
2379,6.338740095639239,6.587710965018911,0.24897086937967217,9
2380,6.371032987833691,6.587710965018911,0.21667797718522053,3
2381,6.016990180298481,6.587710965018911,0.5707207847204305,2
2382,6.111279213240316,6.587710965018911,0.47643175177859565,1
2383,6.297823340800995,6.587710965018911,0.2898876242179167,8
2384,6.175430956471186,6.587710965018911,0.4122800085477252,6
2385,6.2780826177542375,6.5843312243675305,0.306248606613293,4
2386,6.342306478115756,6.5843312243675305,0.24202474625177484,5
2387,6.175430956471186,6.5843312243675305,0.40890026789634426,6
2388,6.016990180298481,6.5843312243675305,0.5673410440690496,2
2389,6.297823340800995,6.5843312243675305,0.2865078835665358,8
2390,6.111279213240316,6.5843312243675305,0.47305201112721473,1
2391,6.078236749736452,6.5843312243675305,0.5060944746310785,10
2392,6.214278538690505,6.5843312243675305,0.37005268567702565,7
2393,6.338740095639239,6.5843312243675305,0.24559112872829125,9
2394,5.832101109570963,5.229425847920695,-0.6026752616502673,7
2395,5.868816983569412,5.229425847920695,-0.639391135648717,6
2396,5.797686500242971,5.229425847920695,-0.5682606523222757,1
2397,5.634576111706076,5.229425847920695,-0.405150263785381,10
2398,5.944138445772921,5.229425847920695,-0.714712597852226,5
2399,5.828727402468247,5.229425847920695,-0.5993015545475515,4
2400,5.99583928560992,5.229425847920695,-0.7664134376892244,9
2401,5.766519594287259,5.229425847920695,-0.5370937463665637,3
2402,5.704512008217067,5.229425847920695,-0.47508616029637185,8
2403,5.927361563922704,6.136720567156407,0.20935900323370227,7
2404,6.00959096596864,6.136720567156407,0.12712960118776628,9
2405,6.004579326560662,6.136720567156407,0.13214124059574495,5
2406,6.047152512100616,6.136720567156407,0.08956805505579091,3
2407,5.734147157294436,6.136720567156407,0.40257340986197043,2
2408,5.898121212948094,6.136720567156407,0.23859935420831224,1
2409,5.831572070690943,6.136720567156407,0.3051484964654634,10
2410,5.881073924541825,6.136720567156407,0.2556466426145816,8
2411,5.90313098384996,6.136720567156407,0.23358958330644697,4
2412,6.166372149742423,5.0,-1.1663721497424229,10
2413,6.299197965592824,5.0,-1.2991979655928239,9
2414,6.228245911224023,5.0,-1.2282459112240227,2
2415,6.168186791980044,5.0,-1.1681867919800437,3
2416,6.219793732861556,5.0,-1.2197937328615556,1
2417,6.295456008899319,5.0,-1.2954560088993192,7
2418,6.130644976338058,5.0,-1.1306449763380577,5
2419,6.104068727298522,5.0,-1.1040687272985217,4
2420,6.369455575662438,5.0,-1.369455575662438,6
2421,6.2953196620559835,6.531478917042255,0.23615925498627188,6
2422,6.123045502041114,6.531478917042255,0.4084334150011415,1
2423,6.079870713861008,6.531478917042255,0.45160820318124717,5
2424,5.9932967735880975,6.531478917042255,0.5381821434541578,4
2425,6.219255805083942,6.531478917042255,0.3122231119583132,7
2426,6.141695529809565,6.531478917042255,0.3897833872326908,2
2427,6.231909548007202,6.531478917042255,0.29956936903505316,9
2428,6.023807661331053,6.531478917042255,0.5076712557112026,8
2429,6.069642368698734,6.531478917042255,0.4618365483435216,3
2430,5.924663604442318,4.292256071356476,-1.6324075330858419,7
2431,5.905331982697207,4.292256071356476,-1.6130759113407303,9
2432,5.8131905669472586,4.292256071356476,-1.5209344955907822,10
2433,6.033768176988366,4.292256071356476,-1.74151210563189,6
2434,5.8211045087776805,4.292256071356476,-1.5288484374212041,3
2435,5.915165801921984,4.292256071356476,-1.6229097305655076,8
2436,5.741495580154606,4.292256071356476,-1.4492395087981293,5
2437,5.8359016312157515,4.292256071356476,-1.543645559859275,2
2438,5.823792621591554,4.292256071356476,-1.531536550235078,4
2439,6.201193983834027,6.371067862271736,0.16987387843770918,8
2440,6.259495803407991,6.371067862271736,0.11157205886374477,2
2441,6.447134910709593,6.371067862271736,-0.07606704843785739,9
2442,6.42760756287459,6.371067862271736,-0.05653970060285385,3
2443,6.494120734867049,6.371067862271736,-0.12305287259531283,7
2444,6.196156562167233,6.371067862271736,0.17491130010450284,4
2445,6.329863240792707,6.371067862271736,0.0412046214790287,6
2446,6.354116456325905,6.371067862271736,0.016951405945830444,5
2447,6.30302865808324,6.371067862271736,0.06803920418849607,10
2448,6.128105462403414,6.305351369446623,0.17724590704320953,9
2449,5.902528389900192,6.305351369446623,0.4028229795464311,1
2450,5.783271041309325,6.305351369446623,0.5220803281372985,6
2451,5.7512802958449205,6.305351369446623,0.5540710736017029,10
2452,5.863909916389583,6.305351369446623,0.4414414530570401,2
2453,6.063253749508337,6.305351369446623,0.2420976199382867,4
2454,5.86731456065624,6.305351369446623,0.4380368087903834,7
2455,5.927117639820933,6.305351369446623,0.37823372962569035,8
2456,6.117897971489094,6.305351369446623,0.1874533979575297,3
2457,6.104068727298522,6.477121254719663,0.3730525274211409,4
2458,6.369455575662438,6.477121254719663,0.10766567905722457,6
2459,6.166372149742423,6.477121254719663,0.31074910497723973,10
2460,6.123233692440183,6.477121254719663,0.35388756227947926,8
2461,6.228245911224023,6.477121254719663,0.2488753434956399,2
2462,6.299197965592824,6.477121254719663,0.17792328912683875,9
2463,6.219793732861556,6.477121254719663,0.25732752185810703,1
2464,6.295456008899321,6.477121254719663,0.1816652458203416,7
2465,6.168186791980043,6.477121254719663,0.3089344627396198,3
2466,6.486340074867177,6.894105511777515,0.4077654369103385,5
2467,6.319379808507393,6.894105511777515,0.5747257032701221,6
2468,6.399471860956246,6.894105511777515,0.4946336508212692,8
2469,6.5800515320191755,6.894105511777515,0.3140539797583397,9
2470,6.452934144959271,6.894105511777515,0.441171366818244,7
2471,6.350088334566572,6.894105511777515,0.544017177210943,10
2472,6.630513800637156,6.894105511777515,0.26359171114035895,4
2473,6.489249285647168,6.894105511777515,0.404856226130347,3
2474,6.307265413554246,6.894105511777515,0.5868400982232691,1
2475,5.833134536226968,6.477121254719663,0.6439867184926946,8
2476,6.450718649845137,6.477121254719663,0.026402604874525615,7
2477,6.4688950040478685,6.477121254719663,0.008226250671794055,2
2478,6.482705446466425,6.477121254719663,-0.005584191746762279,6
2479,6.447610233690377,6.477121254719663,0.029511021029285267,10
2480,6.166880270487127,6.477121254719663,0.31024098423253577,3
2481,6.395616513291055,6.477121254719663,0.0815047414286072,9
2482,6.049686212401905,6.477121254719663,0.4274350423177573,5
2483,5.802545098094802,6.477121254719663,0.6745761566248607,4
2484,5.875662669569075,6.530839778616521,0.6551771090474459,5
2485,5.806539673168933,6.530839778616521,0.7243001054475879,2
2486,5.7788212735332305,6.530839778616521,0.7520185050832904,1
2487,5.873056243221334,6.530839778616521,0.6577835353951871,8
2488,5.954019360812989,6.530839778616521,0.5768204178035319,7
2489,5.817085263712025,6.530839778616521,0.7137545149044957,3
2490,5.913166955566829,6.530839778616521,0.6176728230496922,6
2491,5.947280368069564,6.530839778616521,0.5835594105469566,4
2492,5.963627704421413,6.530839778616521,0.5672120741951074,9
2493,6.34899536892959,6.3979400086720375,0.048944639742447116,9
2494,6.366690967909029,6.3979400086720375,0.03124904076300883,7
2495,6.180200147757197,6.3979400086720375,0.21773986091484065,8
2496,6.181477196337634,6.3979400086720375,0.21646281233440323,4
2497,6.170143712619073,6.3979400086720375,0.22779629605296492,5
2498,6.306538287717003,6.3979400086720375,0.09140172095503463,2
2499,6.4404425528215326,6.3979400086720375,-0.04250254414949506,6
2500,6.310920916392517,6.3979400086720375,0.08701909227952065,1
2501,6.245651422352794,6.3979400086720375,0.15228858631924336,10
2502,6.183491172019883,5.681241237375588,-0.5022499346442952,6
2503,6.3381301898566065,5.681241237375588,-0.6568889524810189,5
2504,6.416523687226691,5.681241237375588,-0.7352824498511037,4
2505,6.069854241947722,5.681241237375588,-0.3886130045721341,1
2506,5.994972981019518,5.681241237375588,-0.3137317436439302,10
2507,6.225698417459131,5.681241237375588,-0.5444571800835432,8
2508,6.086099273028696,5.681241237375588,-0.40485803565310796,2
2509,6.343780152247036,5.681241237375588,-0.6625389148714484,9
2510,6.396561274141447,5.681241237375588,-0.715320036765859,3
2511,6.342306478115756,6.173186268412274,-0.16912020970348163,5
2512,6.214278538690505,6.173186268412274,-0.041092270278230814,7
2513,6.078236749736453,6.173186268412274,0.09494951867582113,10
2514,6.371032987833691,6.173186268412274,-0.19784671942141685,3
2515,6.016990180298479,6.173186268412274,0.15619608811379493,2
2516,6.175430956471186,6.173186268412274,-0.002244688058912203,6
2517,6.2780826177542375,6.173186268412274,-0.10489634934196346,4
2518,6.111279213240316,6.173186268412274,0.06190705517195827,1
2519,6.297823340800995,6.173186268412274,-0.12463707238872068,8
2520,6.240683771789389,6.5910646070265,0.35038083523711183,3
2521,6.045388779009024,6.5910646070265,0.545675828017476,10
2522,6.143723983796931,6.5910646070265,0.4473406232295698,7
2523,6.072283734059451,6.5910646070265,0.5187808729670493,2
2524,6.094398413889381,6.5910646070265,0.496666193137119,1
2525,6.261568894972565,6.5910646070265,0.32949571205393546,4
2526,6.189716535811585,6.5910646070265,0.40134807121491534,8
2527,6.112536260360806,6.5910646070265,0.4785283466656942,5
2528,6.152430220055876,6.5910646070265,0.43863438697062485,9
2529,6.256056778191577,7.074450718954592,0.8183939407630154,10
2530,6.295093707670328,7.074450718954592,0.7793570112842643,2
2531,6.40599041019591,7.074450718954592,0.6684603087586822,1
2532,6.301083338796645,7.074450718954592,0.7733673801579473,5
2533,6.469763131783661,7.074450718954592,0.6046875871709316,9
2534,6.36499354194843,7.074450718954592,0.7094571770061622,4
2535,6.432833958182895,7.074450718954592,0.6416167607716972,3
2536,6.32170520826562,7.074450718954592,0.752745510688972,7
2537,6.426767112579449,7.074450718954592,0.6476836063751437,8
2538,6.078407373345218,6.486487153065907,0.40807977972068876,2
2539,6.133876187296944,6.486487153065907,0.3526109657689629,9
2540,6.1311977749486255,6.486487153065907,0.35528937811728145,10
2541,6.24690942943542,6.486487153065907,0.2395777236304868,7
2542,6.069911522660416,6.486487153065907,0.4165756304054913,5
2543,6.1231582075801345,6.486487153065907,0.36332894548577244,8
2544,6.260965726599181,6.486487153065907,0.22552142646672557,6
2545,6.1659046016980135,6.486487153065907,0.3205825513678935,3
2546,6.05472575245277,6.486487153065907,0.43176140061313717,1
2547,6.512295611073608,6.505149978319906,-0.007145632753701392,2
2548,6.661850310591031,6.505149978319906,-0.15670033227112512,6
2549,6.294178564345833,6.505149978319906,0.21097141397407349,8
2550,6.53275895843021,6.505149978319906,-0.027608980110303882,3
2551,6.486846693508594,6.505149978319906,0.018303284811311826,10
2552,6.454376219000092,6.505149978319906,0.05077375931981454,4
2553,6.506824873667912,6.505149978319906,-0.0016748953480059114,5
2554,6.505365333102876,6.505149978319906,-0.00021535478296996757,1
2555,6.60927970055925,6.505149978319906,-0.10412972223934336,7
2556,6.121064260115577,5.549003262025788,-0.572060998089789,2
2557,6.0536314878708275,5.549003262025788,-0.5046282258450399,3
2558,5.997345229269381,5.549003262025788,-0.44834196724359376,1
2559,6.156030513773852,5.549003262025788,-0.6070272517480646,9
2560,5.9546150799649835,5.549003262025788,-0.4056118179391959,5
2561,6.1207119499524465,5.549003262025788,-0.5717086879266589,10
2562,5.973719880947962,5.549003262025788,-0.42471661892217405,8
2563,5.90216757964389,5.549003262025788,-0.3531643176181021,4
2564,6.2693346264576375,5.549003262025788,-0.7203313644318499,6
2565,6.0557585924288455,6.190331698170292,0.13457310574144632,6
2566,5.9725731685784735,6.190331698170292,0.2177585295918183,10
2567,6.204991309929384,6.190331698170292,-0.01465961175909225,4
2568,5.975231139543688,6.190331698170292,0.21510055862660415,7
2569,6.024266821264655,6.190331698170292,0.16606487690563654,9
2570,5.822793259225099,6.190331698170292,0.3675384389451928,1
2571,6.183768381478814,6.190331698170292,0.006563316691478249,8
2572,5.935194195984228,6.190331698170292,0.2551375021860638,5
2573,5.849820822632961,6.190331698170292,0.3405108755373307,2
2574,6.289133971977374,6.196728722623287,-0.092405249354087,6
2575,6.217883141470024,6.196728722623287,-0.021154418846736966,4
2576,6.18725939716179,6.196728722623287,0.009469325461497036,8
2577,6.200815809956494,6.196728722623287,-0.004087087333207506,5
2578,6.170207495321152,6.196728722623287,0.02652122730213513,2
2579,6.232575522495729,6.196728722623287,-0.035846799872442325,1
2580,6.276427922993856,6.196728722623287,-0.07969920037056966,9
2581,6.163980019406437,6.196728722623287,0.03274870321684986,10
2582,6.261104335688356,6.196728722623287,-0.064375613065069,7
2583,6.305144601962614,4.968482948553935,-1.3366616534086795,2
2584,6.366567369307252,4.968482948553935,-1.3980844207533174,7
2585,6.359502509344068,4.968482948553935,-1.3910195607901334,1
2586,6.134115509969382,4.968482948553935,-1.165632561415447,4
2587,6.448513924013537,4.968482948553935,-1.4800309754596022,6
2588,6.257662617437343,4.968482948553935,-1.289179668883408,9
2589,6.295224366118739,4.968482948553935,-1.3267414175648042,10
2590,6.1394794027729525,4.968482948553935,-1.1709964542190177,5
2591,6.3075589902034235,4.968482948553935,-1.3390760416494887,8
2592,6.143856714432755,6.568201724066995,0.4243450096342398,6
2593,5.913413587507071,6.568201724066995,0.6547881365599242,3
2594,5.96096251262792,6.568201724066995,0.607239211439075,8
2595,6.026837122726441,6.568201724066995,0.541364601340554,7
2596,5.912043234582681,6.568201724066995,0.656158489484314,5
2597,5.9232574060858285,6.568201724066995,0.6449443179811665,4
2598,5.970776815771921,6.568201724066995,0.597424908295074,2
2599,5.962829516667175,6.568201724066995,0.60537220739982,9
2600,5.984150884340325,6.568201724066995,0.5840508397266699,1
2601,5.8533738245682185,4.913813852383717,-0.9395599721845018,9
2602,5.847587308392275,4.913813852383717,-0.9337734560085584,7
2603,6.181048103624708,4.913813852383717,-1.2672342512409909,4
2604,5.95202945066814,4.913813852383717,-1.038215598284423,6
2605,5.799323124947626,4.913813852383717,-0.8855092725639091,10
2606,6.245390671788923,4.913813852383717,-1.331576819405206,3
2607,6.169204782408617,4.913813852383717,-1.2553909300249,5
2608,5.794341468361388,4.913813852383717,-0.8805276159776714,1
2609,6.27788392833964,4.913813852383717,-1.3640700759559232,8
2610,6.369455575662438,6.207580514765431,-0.16187506089700676,6
2611,6.166372149742423,6.207580514765431,0.0412083650230084,10
2612,6.299197965592824,6.207580514765431,-0.09161745082739259,9
2613,6.295456008899319,6.207580514765431,-0.08787549413388795,7
2614,6.130644976338058,6.207580514765431,0.07693553842737355,5
2615,6.228245911224023,6.207580514765431,-0.020665396458591445,2
2616,6.168186791980043,6.207580514765431,0.03939372278538844,3
2617,6.123233692440183,6.207580514765431,0.08434682232524793,8
2618,6.219793732861556,6.207580514765431,-0.012213218096124301,1
2619,6.180200147757197,6.225309281725863,0.04510913396866645,8
2620,6.245651422352794,6.225309281725863,-0.02034214062693085,10
2621,6.366690967909029,6.225309281725863,-0.14138168618316538,7
2622,6.170143712619073,6.225309281725863,0.05516556910679071,5
2623,6.306538287717003,6.225309281725863,-0.08122900599113958,2
2624,6.34899536892959,6.225309281725863,-0.12368608720372709,9
2625,6.4404425528215326,6.225309281725863,-0.21513327109566927,6
2626,6.2475304564017025,6.225309281725863,-0.022221174675839173,3
2627,6.310920916392517,6.225309281725863,-0.08561163466665356,1
2628,6.053509716714705,6.491361693834273,0.4378519771195677,4
2629,5.773067393291166,6.491361693834273,0.7182943005431071,1
2630,5.998646411135613,6.491361693834273,0.4927152826986605,9
2631,5.954161485955562,6.491361693834273,0.537200207878711,5
2632,5.857981971996289,6.491361693834273,0.6333797218379837,6
2633,5.86224479861343,6.491361693834273,0.629116895220843,2
2634,5.906779268840883,6.491361693834273,0.58458242499339,8
2635,5.703816733124758,6.491361693834273,0.7875449607095151,10
2636,5.773742541293801,6.491361693834273,0.7176191525404718,7
2637,5.96118503935927,6.209515014542631,0.24832997518336075,6
2638,5.9447426826438985,6.209515014542631,0.2647723318987323,4
2639,6.168092561918882,6.209515014542631,0.041422452623748995,7
2640,5.936024788704811,6.209515014542631,0.27349022583781935,2
2641,6.029569694863358,6.209515014542631,0.1799453196792724,8
2642,6.066819320810841,6.209515014542631,0.14269569373179003,5
2643,5.995955888432502,6.209515014542631,0.21355912611012862,3
2644,5.836183922932669,6.209515014542631,0.3733310916099617,1
2645,5.79084336226821,6.209515014542631,0.41867165227442094,10
2646,6.122836060353335,6.230448921378274,0.10761286102493894,8
2647,6.207671617456612,6.230448921378274,0.02277730392166255,5
2648,6.390118076526884,6.230448921378274,-0.15966915514860958,9
2649,6.478162600570463,6.230448921378274,-0.24771367919218878,7
2650,6.412082507747854,6.230448921378274,-0.18163358636958016,2
2651,6.546344191950383,6.230448921378274,-0.315895270572109,6
2652,6.394222321974904,6.230448921378274,-0.1637734005966296,10
2653,6.459066645144555,6.230448921378274,-0.22861772376628053,1
2654,6.314398850580254,6.230448921378274,-0.08394992920197986,3
2655,6.253840933680692,6.361727836017593,0.1078869023369009,1
2656,6.2466801154791165,6.361727836017593,0.11504772053847656,4
2657,6.095904505532827,6.361727836017593,0.2658233304847659,6
2658,6.359106097303958,6.361727836017593,0.0026217387136346915,7
2659,6.079783971619016,6.361727836017593,0.28194386439857677,8
2660,6.193969710294118,6.361727836017593,0.16775812572347526,3
2661,6.333405121328595,6.361727836017593,0.02832271468899794,9
2662,6.173133867649882,6.361727836017593,0.18859396836771136,2
2663,6.143387080833323,6.361727836017593,0.2183407551842702,5
2664,6.35411839883285,5.089905111439398,-1.264213287393452,7
2665,6.153517853946577,5.089905111439398,-1.0636127425071793,5
2666,6.322362102073528,5.089905111439398,-1.2324569906341303,1
2667,6.11662010422839,5.089905111439398,-1.0267149927889916,8
2668,6.221553891982468,5.089905111439398,-1.1316487805430704,3
2669,6.29372676763804,5.089905111439398,-1.2038216561986417,9
2670,6.25000147590074,5.089905111439398,-1.1600963644613422,2
2671,6.328132200467745,5.089905111439398,-1.2382270890283467,6
2672,6.208598120279669,5.089905111439398,-1.1186930088402711,10
2673,6.298429867815257,6.426511261364575,0.12808139354931836,7
2674,6.2468100361440815,6.426511261364575,0.17970122522049348,9
2675,6.182867638348187,6.426511261364575,0.2436436230163883,3
2676,6.161630265291416,6.426511261364575,0.26488099607315885,4
2677,6.126442295023187,6.426511261364575,0.3000689663413878,10
2678,6.178042673738171,6.426511261364575,0.24846858762640434,2
2679,6.232309597847465,6.426511261364575,0.1942016635171102,6
2680,6.1245649235147415,6.426511261364575,0.3019463378498335,5
2681,6.105315932289918,6.426511261364575,0.32119532907465675,8
2682,5.816678834657378,6.095029796648452,0.278350961991074,7
2683,6.147937535162217,6.095029796648452,-0.05290773851376507,3
2684,5.759773539737558,6.095029796648452,0.33525625691089456,10
2685,5.843971990721486,6.095029796648452,0.25105780592696636,9
2686,5.764668593809918,6.095029796648452,0.3303612028385343,2
2687,6.237679068544359,6.095029796648452,-0.14264927189590626,8
2688,6.1978129990775175,6.095029796648452,-0.10278320242906513,4
2689,6.108708542394611,6.095029796648452,-0.013678745746158683,5
2690,5.8455864111053,6.095029796648452,0.24944338554315237,6
2691,6.2813174907555585,6.223080397831155,-0.05823709292440338,2
2692,6.411502791192251,6.223080397831155,-0.18842239336109579,8
2693,6.389255048594268,6.223080397831155,-0.16617465076311255,4
2694,6.348190358810021,6.223080397831155,-0.1251099609788655,6
2695,6.337997501231475,6.223080397831155,-0.11491710340031958,9
2696,6.463427865678122,6.223080397831155,-0.24034746784696726,7
2697,6.262906257956837,6.223080397831155,-0.03982586012568223,10
2698,6.246685571644761,6.223080397831155,-0.02360517381360605,3
2699,6.305626385017717,6.223080397831155,-0.08254598718656236,1
2700,6.25935879212233,6.456366033129043,0.19700724100671252,4
2701,6.2450462386339645,6.456366033129043,0.2113197944950782,3
2702,6.242095406711585,6.456366033129043,0.21427062641745742,5
2703,6.396088651150033,6.456366033129043,0.06027738197900945,6
2704,6.244999679631517,6.456366033129043,0.21136635349752542,8
2705,6.383829595510066,6.456366033129043,0.07253643761897699,10
2706,6.38178079863731,6.456366033129043,0.0745852344917326,9
2707,6.442793581222024,6.456366033129043,0.01357245190701839,2
2708,6.591263345207168,6.456366033129043,-0.1348973120781256,7
2709,5.545882079679007,5.802773725291976,0.25689164561296884,1
2710,5.630888461361433,5.802773725291976,0.17188526393054282,3
2711,5.622555166771471,5.802773725291976,0.1802185585205054,9
2712,5.567896538331034,5.802773725291976,0.23487718696094184,5
2713,5.695772397379993,5.802773725291976,0.10700132791198325,6
2714,5.692740653275596,5.802773725291976,0.11003307201638002,4
2715,5.607931591975857,5.802773725291976,0.19484213331611855,10
2716,5.521609337927271,5.802773725291976,0.28116438736470517,2
2717,5.567022337405652,5.802773725291976,0.23575138788632355,7
2718,5.823477103596142,6.3979400086720375,0.5744629050758956,8
2719,5.862134053505482,6.3979400086720375,0.5358059551665555,9
2720,5.848345339171119,6.3979400086720375,0.5495946695009186,5
2721,5.68323802076374,6.3979400086720375,0.7147019879082972,1
2722,5.817930722706548,6.3979400086720375,0.5800092859654891,10
2723,5.845323154827211,6.3979400086720375,0.5526168538448264,7
2724,5.8878848618930455,6.3979400086720375,0.510055146778992,3
2725,5.876105926509347,6.3979400086720375,0.5218340821626901,4
2726,5.713454778458529,6.3979400086720375,0.6844852302135083,2
2727,5.985384116516665,5.603642280263075,-0.3817418362535898,3
2728,5.913846656745204,5.603642280263075,-0.3102043764821296,5
2729,5.897976310591717,5.603642280263075,-0.2943340303286419,7
2730,5.916324740221758,5.603642280263075,-0.31268245995868327,8
2731,6.1141034857765755,5.603642280263075,-0.5104612055135007,4
2732,5.98556288798511,5.603642280263075,-0.3819206077220354,6
2733,5.888469870095039,5.603642280263075,-0.28482758983196454,10
2734,5.871986563945505,5.603642280263075,-0.26834428368243035,1
2735,5.922680342985719,5.603642280263075,-0.3190380627226439,9
2736,6.022852892938793,6.20682587603185,0.18397298309305743,5
2737,5.946000746389935,6.20682587603185,0.2608251296419146,2
2738,5.883240335486359,6.20682587603185,0.3235855405454906,1
2739,6.103142937714326,6.20682587603185,0.10368293831752418,6
2740,6.006586304721752,6.20682587603185,0.20023957131009773,9
2741,6.165590397897636,6.20682587603185,0.041235478134214354,4
2742,5.956620365106728,6.20682587603185,0.250205510925122,10
2743,6.086514125145202,6.20682587603185,0.12031175088664803,3
2744,6.018639694642542,6.20682587603185,0.18818618138930798,7
2745,5.927640283411181,6.342422680822207,0.4147823974110256,3
2746,5.6874628581220765,6.342422680822207,0.6549598227001301,2
2747,5.88561391721096,6.342422680822207,0.4568087636112468,5
2748,6.0587159426971775,6.342422680822207,0.2837067381250291,4
2749,5.672584389391873,6.342422680822207,0.6698382914303336,10
2750,5.649921230475641,6.342422680822207,0.6925014503465654,1
2751,5.834190412861811,6.342422680822207,0.5082322679603957,9
2752,5.6856465957690085,6.342422680822207,0.6567760850531981,7
2753,5.92107422987105,6.342422680822207,0.4213484509511565,8
2754,5.488492870094973,6.301029995663981,0.8125371255690084,9
2755,5.60739739182854,6.301029995663981,0.6936326038354412,4
2756,5.43939904877073,6.301029995663981,0.8616309468932508,8
2757,5.430178371246289,6.301029995663981,0.8708516244176918,3
2758,5.272390407203444,6.301029995663981,1.0286395884605373,1
2759,5.351503902821555,6.301029995663981,0.9495260928424258,6
2760,5.243397241998036,6.301029995663981,1.0576327536659456,10
2761,5.393527811923457,6.301029995663981,0.9075021837405242,5
2762,5.224034615322924,6.301029995663981,1.0769953803410575,7
2763,5.705513592233415,6.505149978319906,0.7996363860864912,8
2764,5.593613538799621,6.505149978319906,0.911536439520285,2
2765,5.95002517895434,6.505149978319906,0.5551247993655659,4
2766,5.6252627611779245,6.505149978319906,0.8798872171419818,3
2767,5.710185540483894,6.505149978319906,0.7949644378360121,9
2768,5.622440110024186,6.505149978319906,0.88270986829572,1
2769,5.690695063714473,6.505149978319906,0.8144549146054336,5
2770,5.698880306300406,6.505149978319906,0.8062696720195,10
2771,5.786550026983947,6.505149978319906,0.7185999513359596,7
2772,5.673911129950771,6.176091259055681,0.50218012910491,2
2773,5.846417057866632,6.176091259055681,0.3296742011890492,6
2774,5.82913094701481,6.176091259055681,0.3469603120408715,8
2775,5.734077384001757,6.176091259055681,0.44201387505392464,9
2776,5.550066343058694,6.176091259055681,0.6260249159969877,1
2777,5.901069648989443,6.176091259055681,0.27502161006623815,3
2778,5.735701044376911,6.176091259055681,0.4403902146787706,5
2779,5.78820512134752,6.176091259055681,0.38788613770816127,7
2780,5.773683017143264,6.176091259055681,0.40240824191241753,10
2781,5.949886511622393,7.1003705451175625,1.1504840334951698,8
2782,5.926548809817388,7.1003705451175625,1.1738217353001748,10
2783,5.9513041973939,7.1003705451175625,1.1490663477236627,9
2784,6.118907315629081,7.1003705451175625,0.9814632294884813,3
2785,6.300818740120675,7.1003705451175625,0.799551804996887,4
2786,5.957352569846142,7.1003705451175625,1.1430179752714205,5
2787,5.974828782303019,7.1003705451175625,1.1255417628145432,1
2788,6.069443881662615,7.1003705451175625,1.0309266634549479,7
2789,5.968573868444721,7.1003705451175625,1.1317966766728418,6
2790,5.687750547457287,5.836197480778925,0.1484469333216385,8
2791,5.690249149110462,5.836197480778925,0.1459483316684631,1
2792,5.670852444423503,5.836197480778925,0.16534503635542208,10
2793,5.865458526483941,5.836197480778925,-0.029261045705015754,6
2794,5.728405004706546,5.836197480778925,0.10779247607237963,9
2795,5.636702387934041,5.836197480778925,0.19949509284488443,4
2796,5.752875951729175,5.836197480778925,0.08332152904975043,7
2797,5.555584279677681,5.836197480778925,0.28061320110124477,5
2798,5.622955755187902,5.836197480778925,0.21324172559102372,2
2799,5.187491880749807,6.054708787938054,0.8672169071882472,7
2800,5.584448397824626,6.054708787938054,0.47026039011342835,8
2801,5.21737052010897,6.054708787938054,0.8373382678290842,10
2802,5.172225251490472,6.054708787938054,0.882483536447582,1
2803,5.256081215843899,6.054708787938054,0.7986275720941549,4
2804,5.336264103913775,6.054708787938054,0.7184446840242789,9
2805,5.3889222259742455,6.054708787938054,0.6657865619638086,6
2806,5.545289269692249,6.054708787938054,0.5094195182458048,3
2807,5.1130697275959145,6.054708787938054,0.9416390603421396,2
2808,6.048465761937057,6.477121254719663,0.42865549278260584,5
2809,5.71691745811862,6.477121254719663,0.7602037966010426,6
2810,5.92004464577976,6.477121254719663,0.5570766089399024,3
2811,5.738934639323952,6.477121254719663,0.7381866153957102,1
2812,5.79634658180143,6.477121254719663,0.6807746729182327,7
2813,5.9376858080754795,6.477121254719663,0.5394354466441831,9
2814,5.748757125718458,6.477121254719663,0.7283641290012044,2
2815,6.109429688057232,6.477121254719663,0.3676915666624305,8
2816,5.713303858157374,6.477121254719663,0.7638173965622883,10
2817,6.064077821719264,6.133644275865875,0.069566454146611,3
2818,5.625546767474406,6.133644275865875,0.5080975083914696,2
2819,5.760730685602141,6.133644275865875,0.3729135902637344,1
2820,5.908047997206753,6.133644275865875,0.2255962786591219,5
2821,5.8413781314471755,6.133644275865875,0.2922661444186998,7
2822,5.994682084410001,6.133644275865875,0.13896219145587452,9
2823,5.8696352198829365,6.133644275865875,0.2640090559829389,6
2824,5.746086965135862,6.133644275865875,0.3875573107300134,10
2825,5.877083969898314,6.133644275865875,0.25656030596756096,4
2826,5.823792621591554,6.32221929473392,0.4984266731423661,4
2827,5.8359016312157515,6.32221929473392,0.48631766351816896,2
2828,5.8131905669472586,6.32221929473392,0.5090287277866619,10
2829,5.905331982697207,6.32221929473392,0.4168873120367138,9
2830,5.924663604442318,6.32221929473392,0.3975556902916022,7
2831,5.8211045087776805,6.32221929473392,0.5011147859562399,3
2832,5.915165801921984,6.32221929473392,0.4070534928119365,8
2833,6.033768176988366,6.32221929473392,0.288451117745554,6
2834,5.833041470328659,6.32221929473392,0.48917782440526114,1
2835,5.915165801921984,5.880813592280791,-0.034352209641192566,8
2836,5.924663604442318,5.880813592280791,-0.04385001216152684,7
2837,5.833041470328659,5.880813592280791,0.047772121952132096,1
2838,5.8211045087776805,5.880813592280791,0.05970908350311088,3
2839,5.905331982697207,5.880813592280791,-0.024518390416415237,9
2840,5.823792621591554,5.880813592280791,0.05702097068923706,4
2841,5.741495580154606,5.880813592280791,0.13931801212618566,5
2842,5.8359016312157515,5.880813592280791,0.04491196106503992,2
2843,6.033768176988366,5.880813592280791,-0.15295458470757506,6
2844,5.355954482408327,6.477121254719663,1.1211667723113354,9
2845,5.371650302477447,6.477121254719663,1.1054709522422153,7
2846,5.393866011669638,6.477121254719663,1.0832552430500249,5
2847,5.241862283186133,6.477121254719663,1.23525897153353,10
2848,5.273187317529526,6.477121254719663,1.2039339371901363,1
2849,5.561653683648566,6.477121254719663,0.9154675710710967,6
2850,5.40001717525397,6.477121254719663,1.077104079465693,4
2851,5.456001913585122,6.477121254719663,1.0211193411345407,3
2852,5.492753457048778,6.477121254719663,0.9843677976708847,8
2853,5.742561730821639,4.6020599913279625,-1.1405017394936765,8
2854,6.049290014143504,4.6020599913279625,-1.4472300228155417,6
2855,5.601881191702012,4.6020599913279625,-0.9998212003740496,5
2856,5.6326411991935075,4.6020599913279625,-1.030581207865545,4
2857,5.981343813818165,4.6020599913279625,-1.3792838224902022,7
2858,5.6503192132988165,4.6020599913279625,-1.048259221970854,3
2859,5.823276172145994,4.6020599913279625,-1.2212161808180317,2
2860,5.805556085650034,4.6020599913279625,-1.2034960943220714,1
2861,5.823311254793594,4.6020599913279625,-1.2212512634656312,10
2862,5.791348866231736,6.02530586526477,0.23395699903303413,3
2863,5.777901943130863,6.02530586526477,0.24740392213390727,7
2864,5.868041834379359,6.02530586526477,0.1572640308854112,6
2865,5.95340116573112,6.02530586526477,0.07190469953365053,4
2866,5.572928053656032,6.02530586526477,0.4523778116087387,1
2867,5.664700559656933,6.02530586526477,0.3606053056078373,2
2868,5.821174511130627,6.02530586526477,0.20413135413414363,8
2869,5.792145632701369,6.02530586526477,0.23316023256340124,9
2870,5.562222110725934,6.02530586526477,0.463083754538836,10
2871,5.397386449362236,5.477121254719663,0.07973480535742627,10
2872,5.3660742328708055,5.477121254719663,0.11104702184885706,8
2873,5.247274730467552,5.477121254719663,0.22984652425211038,3
2874,5.475238385252989,5.477121254719663,0.001882869466673931,7
2875,5.413584878029804,5.477121254719663,0.0635363766898589,1
2876,5.599176557476059,5.477121254719663,-0.12205530275639642,4
2877,5.721529741730774,5.477121254719663,-0.2444084870111114,6
2878,5.2703963510909295,5.477121254719663,0.20672490362873308,2
2879,5.431749514557821,5.477121254719663,0.04537174016184142,9
2880,5.618043726944941,6.505149978319906,0.8871062513749655,6
2881,5.572730040567272,6.505149978319906,0.9324199377526341,10
2882,5.797872725386117,6.505149978319906,0.707277252933789,3
2883,5.466649654778802,6.505149978319906,1.038500323541104,5
2884,5.701748526335487,6.505149978319906,0.8034014519844197,4
2885,5.35341664360609,6.505149978319906,1.151733334713816,1
2886,5.619089641766685,6.505149978319906,0.8860603365532214,9
2887,5.359319121456695,6.505149978319906,1.1458308568632116,2
2888,5.52734499682223,6.505149978319906,0.9778049814976759,7
2889,5.833041470328659,6.812913356642856,0.9798718863141964,1
2890,6.033768176988366,6.812913356642856,0.7791451796544893,6
2891,5.8131905669472586,6.812913356642856,0.9997227896955971,10
2892,5.8359016312157515,6.812913356642856,0.9770117254271042,2
2893,5.915165801921984,6.812913356642856,0.8977475547208718,8
2894,5.924663604442318,6.812913356642856,0.8882497522005375,7
2895,5.823792621591554,6.812913356642856,0.9891207350513014,4
2896,5.905331982697207,6.812913356642856,0.9075813739456491,9
2897,5.82110450877768,6.812913356642856,0.9918088478651761,3
2898,5.495765721486543,5.17897694729317,-0.31678877419337326,4
2899,5.6983816319231115,5.17897694729317,-0.5194046846299418,6
2900,5.533707178743464,5.17897694729317,-0.3547302314502945,1
2901,5.555223057614218,5.17897694729317,-0.3762461103210484,8
2902,5.533742245386944,5.17897694729317,-0.3547652980937741,9
2903,5.55892644505577,5.17897694729317,-0.3799494977625999,7
2904,5.448022384468332,5.17897694729317,-0.26904543717516205,2
2905,5.507398334612744,5.17897694729317,-0.32842138731957427,10
2906,5.454642433627488,5.17897694729317,-0.27566548633431864,5
2907,5.727241405341618,5.365487984890899,-0.3617534204507189,2
2908,5.656566782068415,5.365487984890899,-0.2910787971775157,1
2909,5.946005428762278,5.365487984890899,-0.5805174438713783,6
2910,5.91021992000519,5.365487984890899,-0.5447319351142905,3
2911,5.792382340532689,5.365487984890899,-0.4268943556417897,8
2912,5.864942588643353,5.365487984890899,-0.49945460375245343,7
2913,5.801318707393397,5.365487984890899,-0.435830722502498,9
2914,5.756362533858078,5.365487984890899,-0.39087454896717855,5
2915,5.756568895016813,5.365487984890899,-0.39108091012591384,10
2916,5.200675083190611,6.15839265038712,0.957717567196509,8
2917,5.382467968480811,6.15839265038712,0.775924681906309,9
2918,5.115535801096548,6.15839265038712,1.0428568492905725,4
2919,5.213279811984238,6.15839265038712,0.9451128384028822,3
2920,5.459180163937418,6.15839265038712,0.699212486449702,6
2921,5.288863431284445,6.15839265038712,0.8695292191026756,2
2922,5.188581095282756,6.15839265038712,0.9698115551043642,7
2923,5.306463044273387,6.15839265038712,0.8519296061137336,10
2924,5.381135156882238,6.15839265038712,0.7772574935048819,5
2925,5.715877316023255,4.477121254719663,-1.2387560613035928,6
2926,5.776990674065203,4.477121254719663,-1.2998694193455407,1
2927,5.798020506333141,4.477121254719663,-1.3208992516134783,9
2928,5.5902684312188695,4.477121254719663,-1.113147176499207,2
2929,5.567486472953189,4.477121254719663,-1.0903652182335266,8
2930,5.6327478998038725,4.477121254719663,-1.1556266450842099,10
2931,5.425501080644641,4.477121254719663,-0.9483798259249783,4
2932,5.645932638673668,4.477121254719663,-1.1688113839540053,7
2933,5.676472574790866,4.477121254719663,-1.1993513200712034,3
2934,5.75261825707205,4.453624073591451,-1.2989941834805991,10
2935,4.934349946811796,4.453624073591451,-0.48072587322034543,3
2936,5.88176941792453,4.453624073591451,-1.4281453443330792,2
2937,6.0065917091982834,4.453624073591451,-1.5529676356068327,6
2938,5.656434739039239,4.453624073591451,-1.202810665447788,5
2939,5.691550103986988,4.453624073591451,-1.2379260303955375,9
2940,6.203184418838202,4.453624073591451,-1.749560345246751,1
2941,5.765872891379174,4.453624073591451,-1.3122488177877232,7
2942,5.918005789033025,4.453624073591451,-1.464381715441574,8
2943,6.543549089166459,6.086359830674748,-0.4571892584917103,6
2944,6.435655962445693,6.086359830674748,-0.3492961317709442,10
2945,6.393682439684982,6.086359830674748,-0.30732260901023345,1
2946,6.444197462949526,6.086359830674748,-0.3578376322747774,9
2947,6.245000257304869,6.086359830674748,-0.15864042663012068,8
2948,6.284330201448282,6.086359830674748,-0.1979703707735334,5
2949,6.5513756738804085,6.086359830674748,-0.46501584320566014,7
2950,6.228468654480584,6.086359830674748,-0.14210882380583545,4
2951,6.367829129304253,6.086359830674748,-0.28146929862950465,2
2952,6.299038366241956,6.086359830674748,-0.21267853556720784,3
2953,6.259257823157871,6.086359830674748,-0.1728979924831222,8
2954,6.438592214544005,6.086359830674748,-0.35223238386925626,10
2955,6.330829580961907,6.086359830674748,-0.24446975028715823,2
2956,6.293507023932812,6.086359830674748,-0.20714719325806374,5
2957,6.524540024036714,6.086359830674748,-0.43818019336196556,6
2958,6.36520534695665,6.086359830674748,-0.27884551628190124,1
2959,6.446183925775881,6.086359830674748,-0.3598240951011329,9
2960,6.559594120335604,6.086359830674748,-0.4732342896608559,7
2961,6.1516786294586945,6.319314304090512,0.16763567463181772,6
2962,6.014476035640447,6.319314304090512,0.304838268450065,2
2963,6.0695832077788205,6.319314304090512,0.24973109631169166,9
2964,6.177578500318872,6.319314304090512,0.14173580377164008,4
2965,6.0524315763979155,6.319314304090512,0.2668827276925967,10
2966,6.014890559296632,6.319314304090512,0.3044237447938798,5
2967,6.008350614195212,6.319314304090512,0.3109636898953001,8
2968,6.147290639910606,6.319314304090512,0.172023664179906,3
2969,6.106721668040995,6.319314304090512,0.21259263604951695,1
2970,6.2444451118849145,6.477121254719663,0.23267614283474813,1
2971,6.088124137606508,6.477121254719663,0.38899711711315454,8
2972,6.240107082642338,6.477121254719663,0.23701417207732423,4
2973,6.248385105369614,6.477121254719663,0.22873614935004838,3
2974,6.303737448336631,6.477121254719663,0.17338380638303175,6
2975,6.242780847085296,6.477121254719663,0.2343404076343667,7
2976,6.202089801071369,6.477121254719663,0.2750314536482934,9
2977,6.122222638384934,6.477121254719663,0.3548986163347285,5
2978,6.163090700559207,6.477121254719663,0.314030554160456,2
2979,6.045388779009024,6.374198257929082,0.32880947892005796,10
2980,6.072283734059451,6.374198257929082,0.30191452386963125,2
2981,6.112536260360806,6.374198257929082,0.26166199756827613,5
2982,6.222733734520556,6.374198257929082,0.15146452340852612,6
2983,6.143723983796931,6.374198257929082,0.2304742741321517,7
2984,6.152430220055876,6.374198257929082,0.22176803787320676,9
2985,6.189716535811585,6.374198257929082,0.18448172211749725,8
2986,6.261568894972564,6.374198257929082,0.11262936295651826,4
2987,6.240683771789389,6.374198257929082,0.13351448613969374,3
2988,5.667824849606705,6.3979400086720375,0.7301151590653321,2
2989,5.831417562367435,6.3979400086720375,0.5665224463046021,9
2990,5.921592161851825,6.3979400086720375,0.4763478468202127,3
2991,5.970112543363875,6.3979400086720375,0.4278274653081624,4
2992,5.557350622438652,6.3979400086720375,0.8405893862333853,10
2993,5.743417645769508,6.3979400086720375,0.6545223629025294,5
2994,5.8202717610774215,6.3979400086720375,0.577668247594616,6
2995,5.738236309547782,6.3979400086720375,0.6597036991242557,7
2996,5.973544979252471,6.3979400086720375,0.42439502941956686,8
2997,5.653531688053165,5.187520720836463,-0.4660109672167021,5
2998,5.603262689272445,5.187520720836463,-0.41574196843598266,7
2999,5.455725123483765,5.187520720836463,-0.26820440264730205,3
3000,5.552285506777282,5.187520720836463,-0.3647647859408192,2
3001,5.431586029127099,5.187520720836463,-0.24406530829063655,10
3002,5.793983498144769,5.187520720836463,-0.6064627773083062,6
3003,5.3707364959112285,5.187520720836463,-0.18321577507476583,8
3004,5.428799125072021,5.187520720836463,-0.24127840423555824,9
3005,5.525656925500607,5.187520720836463,-0.33813620466414473,1
3006,6.383353049151949,5.528916700277655,-0.8544363488742936,8
3007,5.691341395393087,5.528916700277655,-0.16242469511543156,10
3008,5.770860551418164,5.528916700277655,-0.2419438511405092,7
3009,6.198136259334379,5.528916700277655,-0.6692195590567236,9
3010,6.3169221100805,5.528916700277655,-0.7880054098028451,5
3011,6.207973057748747,5.528916700277655,-0.6790563574710919,3
3012,6.381212113587559,5.528916700277655,-0.8522954133099034,4
3013,5.642265221751313,5.528916700277655,-0.11334852147365826,2
3014,5.920287621020567,5.528916700277655,-0.39137092074291147,1
3015,6.125922898129791,6.568201724066995,0.4422788259372039,3
3016,5.693081390800422,6.568201724066995,0.8751203332665733,2
3017,5.786531907703725,6.568201724066995,0.7816698163632703,7
3018,5.9865031107437074,6.568201724066995,0.5816986133232875,9
3019,6.148067183112345,6.568201724066995,0.42013454095464997,5
3020,6.0444435966241015,6.568201724066995,0.5237581274428935,6
3021,5.874512757271854,6.568201724066995,0.6936889667951407,10
3022,6.029552016432695,6.568201724066995,0.5386497076343,4
3023,5.949427713316167,6.568201724066995,0.6187740107508279,1
3024,5.660687868390171,5.0,-0.6606878683901707,8
3025,5.850516002391641,5.0,-0.8505160023916414,9
3026,5.764190665921273,5.0,-0.7641906659212729,3
3027,5.5129735488360785,5.0,-0.5129735488360785,7
3028,5.592447938983097,5.0,-0.5924479389830974,1
3029,5.820913111129736,5.0,-0.8209131111297356,4
3030,5.459030505263392,5.0,-0.4590305052633923,10
3031,5.718475299998812,5.0,-0.7184752999988122,2
3032,5.569236170037382,5.0,-0.5692361700373816,6
3033,5.360106632724967,6.079181246047625,0.7190746133226584,3
3034,5.380373051815513,6.079181246047625,0.6988081942321118,2
3035,5.349247463205956,6.079181246047625,0.7299337828416688,8
3036,5.477037356398963,6.079181246047625,0.6021438896486622,4
3037,5.213305332056409,6.079181246047625,0.865875913991216,7
3038,5.214834208203069,6.079181246047625,0.8643470378445564,1
3039,5.501595142986157,6.079181246047625,0.577586103061468,5
3040,5.339392148552322,6.079181246047625,0.7397890974953034,6
3041,5.313210255600378,6.079181246047625,0.7659709904472471,9
3042,5.97094526517363,4.814913181275074,-1.1560320838985563,9
3043,5.783014664332843,4.814913181275074,-0.9681014830577688,1
3044,5.938465918193781,4.814913181275074,-1.1235527369187075,3
3045,5.854662417994258,4.814913181275074,-1.0397492367191843,8
3046,6.042212299298794,4.814913181275074,-1.22729911802372,4
3047,5.6866992009344495,4.814913181275074,-0.8717860196593756,6
3048,5.800962485504203,4.814913181275074,-0.9860493042291294,2
3049,6.020076682284586,4.814913181275074,-1.2051635010095119,5
3050,5.661436101497341,4.814913181275074,-0.8465229202222675,10
3051,5.481915538105183,5.08170727009735,-0.4002082680078338,2
3052,5.550279562341234,5.08170727009735,-0.4685722922438842,3
3053,5.666656374940585,5.08170727009735,-0.5849491048432354,8
3054,5.341175132395656,5.08170727009735,-0.25946786229830643,7
3055,5.539310914269111,5.08170727009735,-0.457603644171761,5
3056,5.4812950470081345,5.08170727009735,-0.39958777691078495,6
3057,5.6877951120121475,5.08170727009735,-0.6060878419147979,4
3058,5.624799614628124,5.08170727009735,-0.5430923445307743,9
3059,5.178557786638864,5.08170727009735,-0.09685051654151433,10
3060,5.765629695874371,6.384711742938283,0.6190820470639116,5
3061,5.46203248705435,6.384711742938283,0.9226792558839323,6
3062,5.8430550033611395,6.384711742938283,0.5416567395771432,9
3063,5.40058019836429,6.384711742938283,0.9841315445739927,10
3064,5.75523718914042,6.384711742938283,0.6294745537978628,3
3065,5.587932239196928,6.384711742938283,0.7967795037413543,2
3066,5.543883481970249,6.384711742938283,0.840828260968034,7
3067,5.903313346428949,6.384711742938283,0.48139839650933336,4
3068,5.536501135087793,6.384711742938283,0.8482106078504899,1
3069,6.341117186696577,6.342422680822207,0.001305494125629636,6
3070,6.148395240438836,6.342422680822207,0.19402744038337083,1
3071,6.166964840698351,6.342422680822207,0.17545784012385557,2
3072,6.1720983719015665,6.342422680822207,0.1703243089206401,9
3073,5.9100417594238985,6.342422680822207,0.4323809213983081,5
3074,5.841890203473192,6.342422680822207,0.5005324773490143,8
3075,5.880909900763585,6.342422680822207,0.4615127800586212,3
3076,6.152747743460211,6.342422680822207,0.18967493736199526,10
3077,6.32349971894675,6.342422680822207,0.0189229618754565,7
3078,6.027496907979122,5.671172842715083,-0.35632406526403937,5
3079,6.3902102655599275,5.671172842715083,-0.7190374228448446,7
3080,6.423031389896735,5.671172842715083,-0.7518585471816523,6
3081,6.018909800543775,5.671172842715083,-0.3477369578286922,8
3082,6.2692290462539235,5.671172842715083,-0.5980562035388406,2
3083,6.0047692773803005,5.671172842715083,-0.3335964346652176,4
3084,6.062939774607763,5.671172842715083,-0.39176693189267997,3
3085,6.276333236884655,5.671172842715083,-0.6051603941695722,9
3086,6.2344453781333335,5.671172842715083,-0.5632725354182506,10
3087,5.746062544706073,6.278753600952829,0.5326910562467555,5
3088,5.877266846450613,6.278753600952829,0.4014867545022156,7
3089,5.756353315292452,6.278753600952829,0.5224002856603764,2
3090,5.921801867968252,6.278753600952829,0.3569517329845766,3
3091,5.712876537957635,6.278753600952829,0.5658770629951935,1
3092,5.955097578783261,6.278753600952829,0.3236560221695681,6
3093,5.898516247305876,6.278753600952829,0.38023735364695277,4
3094,5.757450492142563,6.278753600952829,0.5213031088102662,9
3095,5.85183159969639,6.278753600952829,0.42692200125643875,8
3096,5.823311254793594,6.284656282788515,0.4613450279949216,10
3097,5.601881191702012,6.284656282788515,0.6827750910865031,5
3098,6.049290014143504,6.284656282788515,0.2353662686450111,6
3099,5.6326411991935075,6.284656282788515,0.6520150835950078,4
3100,5.6503192132988165,6.284656282788515,0.6343370694896988,3
3101,5.742561730821639,6.284656282788515,0.5420945519668763,8
3102,5.823276172145994,6.284656282788515,0.46138011064252105,2
3103,5.981343813818165,6.284656282788515,0.3033124689703506,7
3104,5.827668773223135,6.284656282788515,0.4569875095653799,9
3105,5.572221857814028,6.3560258571931225,0.7838039993790948,4
3106,5.779405627024233,6.3560258571931225,0.5766202301688894,5
3107,6.074808032793031,6.3560258571931225,0.28121782440009113,10
3108,5.616277936989431,6.3560258571931225,0.7397479202036914,8
3109,5.687413586087917,6.3560258571931225,0.6686122711052054,3
3110,6.060412925414069,6.3560258571931225,0.29561293177905323,2
3111,6.032141266035261,6.3560258571931225,0.32388459115786183,1
3112,6.261861421100602,6.3560258571931225,0.09416443609252045,6
3113,6.25220035201367,6.3560258571931225,0.10382550517945255,7
3114,5.295334866309735,5.671172842715083,0.37583797640534833,7
3115,5.28220183730856,5.671172842715083,0.38897100540652296,5
3116,5.333681721535622,5.671172842715083,0.3374911211794611,2
3117,5.408810317484081,5.671172842715083,0.26236252523100223,6
3118,5.383509486684897,5.671172842715083,0.287663356030186,3
3119,5.35030440589401,5.671172842715083,0.3208684368210726,10
3120,5.306890656887647,5.671172842715083,0.3642821858274363,8
3121,5.302359485069298,5.671172842715083,0.36881335764578527,1
3122,5.395606278899933,5.671172842715083,0.27556656381514966,9
3123,6.230819269861633,6.477121254719663,0.24630198485802968,6
3124,6.418651260579483,6.477121254719663,0.058469994140179615,4
3125,6.141388537584845,6.477121254719663,0.33573271713481745,8
3126,5.900679661993157,6.477121254719663,0.5764415927265052,10
3127,6.242759555358812,6.477121254719663,0.23436169936085083,3
3128,6.199986766518897,6.477121254719663,0.27713448820076536,5
3129,6.093155692879885,6.477121254719663,0.38396556183977726,2
3130,6.15174334903096,6.477121254719663,0.3253779056887023,9
3131,5.9452532370816265,6.477121254719663,0.5318680176380362,1
3132,5.762261155554364,5.0,-0.7622611555543637,8
3133,5.819013540347392,5.0,-0.8190135403473917,3
3134,5.605751942560353,5.0,-0.605751942560353,7
3135,5.818770875694983,5.0,-0.818770875694983,9
3136,5.371497750131333,5.0,-0.3714977501313328,10
3137,5.829442202296735,5.0,-0.8294422022967352,5
3138,5.736267866927556,5.0,-0.7362678669275562,2
3139,5.498188750610451,5.0,-0.498188750610451,1
3140,5.661926019646724,5.0,-0.6619260196467236,6
3141,5.865367866621426,5.852174904420303,-0.013192962201123315,7
3142,5.644234611123142,5.852174904420303,0.20794029329716057,10
3143,5.956257878120729,5.852174904420303,-0.10408297370042607,6
3144,6.0052586751297214,5.852174904420303,-0.1530837707094186,4
3145,5.778333354622567,5.852174904420303,0.07384154979773605,2
3146,5.8016108047579635,5.852174904420303,0.050564099662339324,9
3147,5.849009842141684,5.852174904420303,0.003165062278618791,8
3148,5.878002368379224,5.852174904420303,-0.025827463958921548,3
3149,5.709243978610212,5.852174904420303,0.1429309258100906,1
3150,5.5562659737711,5.3979400086720375,-0.1583259650990625,8
3151,5.460689623479854,5.3979400086720375,-0.06274961480781638,5
3152,5.559848842250008,5.3979400086720375,-0.1619088335779706,7
3153,5.882441521271951,5.3979400086720375,-0.4845015125999135,6
3154,5.744524619488906,5.3979400086720375,-0.3465846108168682,2
3155,5.679671588483601,5.3979400086720375,-0.2817315798115638,10
3156,5.511853763055849,5.3979400086720375,-0.11391375438381157,4
3157,5.633546636485326,5.3979400086720375,-0.23560662781328823,3
3158,5.673397765536326,5.3979400086720375,-0.27545775686428886,9
3159,6.33936717072583,6.139879086401237,-0.1994880843245932,6
3160,6.0313077993978,6.139879086401237,0.10857128700343655,4
3161,5.974511874792173,6.139879086401237,0.1653672116090643,3
3162,5.8760344028530875,6.139879086401237,0.2638446835481494,8
3163,6.243702014859184,6.139879086401237,-0.10382292845794705,10
3164,6.1969405554753845,6.139879086401237,-0.05706146907414755,1
3165,5.996964045365886,6.139879086401237,0.14291504103535058,5
3166,6.194710373639534,6.139879086401237,-0.05483128723829722,9
3167,6.295187520973442,6.139879086401237,-0.15530843457220467,7
3168,6.179844284878611,6.273487409697184,0.0936431248185734,5
3169,6.276471629049045,6.273487409697184,-0.002984219351860773,3
3170,6.151981347933977,6.273487409697184,0.12150606176320711,8
3171,6.272767286945636,6.273487409697184,0.0007201227515478692,4
3172,6.190489577817541,6.273487409697184,0.08299783187964316,6
3173,6.15212974714525,6.273487409697184,0.12135766255193392,2
3174,6.256354692998264,6.273487409697184,0.017132716698919914,9
3175,6.329864025397978,6.273487409697184,-0.056376615700793664,7
3176,6.210523820498753,6.273487409697184,0.06296358919843126,10
3177,6.206835364462727,6.320623955053538,0.11378859059081048,4
3178,6.132648070805543,6.320623955053538,0.1879758842479946,10
3179,6.21876694564411,6.320623955053538,0.10185700940942777,8
3180,6.27425300269721,6.320623955053538,0.0463709523563276,7
3181,6.185270776698725,6.320623955053538,0.13535317835481298,5
3182,6.225503662435485,6.320623955053538,0.09512029261805299,6
3183,6.260400031755981,6.320623955053538,0.060223923297557214,9
3184,6.25762545330891,6.320623955053538,0.06299850174462751,3
3185,6.142894700447836,6.320623955053538,0.1777292546057021,2
3186,5.873344849037113,6.6020599913279625,0.7287151422908495,5
3187,6.007419254619012,6.6020599913279625,0.5946407367089508,7
3188,5.890101808679073,6.6020599913279625,0.7119581826488899,8
3189,5.833864754756934,6.6020599913279625,0.768195236571029,2
3190,5.969131676684044,6.6020599913279625,0.6329283146439186,4
3191,5.927573000988442,6.6020599913279625,0.6744869903395205,1
3192,5.903940131562314,6.6020599913279625,0.6981198597656482,10
3193,5.90137005098403,6.6020599913279625,0.7006899403439322,9
3194,5.948263525610684,6.6020599913279625,0.6537964657172788,6
3195,6.2673761750588195,6.337459261290656,0.07008308623183623,10
3196,6.298500756371003,6.337459261290656,0.0389585049196528,2
3197,6.412183692364121,6.337459261290656,-0.0747244310734656,7
3198,6.305541138693092,6.337459261290656,0.031918122597563325,3
3199,6.371746348978361,6.337459261290656,-0.03428708768770505,6
3200,6.358732068759548,6.337459261290656,-0.021272807468892374,5
3201,6.244672701850447,6.337459261290656,0.09278655944020908,8
3202,6.340224820251164,6.337459261290656,-0.00276555896050823,1
3203,6.3679966856411285,6.337459261290656,-0.030537424350472797,9
3204,6.295429108149506,6.301029995663981,0.005600887514475517,3
3205,6.21694935644994,6.301029995663981,0.08408063921404096,2
3206,6.3283874550566726,6.301029995663981,-0.027357459392691297,7
3207,6.287383444500027,6.301029995663981,0.01364655116395408,5
3208,6.2223652971941,6.301029995663981,0.07866469846988089,1
3209,6.331868321459254,6.301029995663981,-0.03083832579527268,9
3210,6.173758060747827,6.301029995663981,0.12727193491615463,10
3211,6.3166591555729985,6.301029995663981,-0.015629159909017254,6
3212,6.210788622419349,6.301029995663981,0.09024137324463233,4
3213,6.130372317365599,6.3979400086720375,0.2675676913064384,3
3214,6.249903487694699,6.3979400086720375,0.14803652097733888,2
3215,6.158182177266852,6.3979400086720375,0.23975783140518558,4
3216,6.028820449724633,6.3979400086720375,0.36911955894740434,8
3217,6.350344310532734,6.3979400086720375,0.04759569813930309,6
3218,6.345434609149444,6.3979400086720375,0.0525053995225937,9
3219,6.257181345370142,6.3979400086720375,0.14075866330189513,10
3220,6.1802319796766145,6.3979400086720375,0.21770802899542296,5
3221,6.299354305679248,6.3979400086720375,0.09858570299278924,1
3222,6.2765451203888345,6.45484486000851,0.1782997396196757,6
3223,6.07094419737711,6.45484486000851,0.3839006626314001,8
3224,6.083487368242701,6.45484486000851,0.3713574917658091,9
3225,6.0435936897797555,6.45484486000851,0.4112511702287547,5
3226,6.082325106218513,6.45484486000851,0.37251975378999713,4
3227,6.2645387535839,6.45484486000851,0.1903061064246101,7
3228,6.162220289970198,6.45484486000851,0.29262457003831255,10
3229,6.054085787465147,6.45484486000851,0.4007590725433632,2
3230,6.076363212793554,6.45484486000851,0.37848164721495614,1
3231,6.632311025229303,8.146128035678238,1.5138170104489355,5
3232,6.783752638380908,8.146128035678238,1.3623753972973303,9
3233,6.351088606094069,8.146128035678238,1.7950394295841692,8
3234,6.688100535683346,8.146128035678238,1.4580274999948921,10
3235,6.619101652406651,8.146128035678238,1.5270263832715871,4
3236,6.713785143206563,8.146128035678238,1.4323428924716755,1
3237,6.793390834597619,8.146128035678238,1.3527372010806191,7
3238,6.658183904346838,8.146128035678238,1.4879441313314006,3
3239,6.701582810529634,8.146128035678238,1.4445452251486044,2
3240,5.638078441332564,4.5820633629117085,-1.056015078420856,9
3241,5.400620208370263,4.5820633629117085,-0.8185568454585548,3
3242,5.75622154964712,4.5820633629117085,-1.1741581867354114,5
3243,5.955862014603593,4.5820633629117085,-1.3737986516918843,6
3244,5.621417450318771,4.5820633629117085,-1.0393540874070624,10
3245,5.676864660838731,4.5820633629117085,-1.094801297927023,1
3246,5.707173647764718,4.5820633629117085,-1.12511028485301,7
3247,5.474564643572715,4.5820633629117085,-0.8925012806610066,2
3248,5.507601904355373,4.5820633629117085,-0.9255385414436645,8
3249,5.969888404878353,6.272305844402086,0.3024174395237331,10
3250,6.078208951021827,6.272305844402086,0.1940968933802596,7
3251,5.97006095765141,6.272305844402086,0.3022448867506764,9
3252,5.811774923514215,6.272305844402086,0.4605309208878712,3
3253,6.082079219580003,6.272305844402086,0.19022662482208297,4
3254,5.820567560845504,6.272305844402086,0.4517382835565824,8
3255,6.1898178813914955,6.272305844402086,0.0824879630105908,6
3256,5.980554211664518,6.272305844402086,0.29175163273756866,5
3257,5.83029920898731,6.272305844402086,0.44200663541477603,2
3258,6.863383103526503,5.728256359248493,-1.1351267442780095,6
3259,6.688100535683346,5.728256359248493,-0.9598441764348529,10
3260,6.619101652406653,5.728256359248493,-0.8908452931581596,4
3261,6.713785143206563,5.728256359248493,-0.9855287839580695,1
3262,6.793390834597619,5.728256359248493,-1.0651344753491259,7
3263,6.701582810529634,5.728256359248493,-0.9733264512811406,2
3264,6.351088606094069,5.728256359248493,-0.6228322468455758,8
3265,6.783752638380908,5.728256359248493,-1.0554962791324147,9
3266,6.658183904346838,5.728256359248493,-0.9299275450983444,3
3267,6.31288933217819,5.71717102683231,-0.5957183053458799,7
3268,6.126055677076732,5.71717102683231,-0.40888465024442144,9
3269,6.063224898098164,5.71717102683231,-0.34605387126585363,2
3270,5.92263326115261,5.71717102683231,-0.20546223432029986,8
3271,6.249511290187512,5.71717102683231,-0.5323402633552021,6
3272,6.1061757112555615,5.71717102683231,-0.3890046844232513,1
3273,6.0323932132873095,5.71717102683231,-0.31522218645499933,5
3274,6.113212122601141,5.71717102683231,-0.3960410957688305,4
3275,6.13316310742753,5.71717102683231,-0.4159920805952195,10
3276,5.756737494907419,6.049218022670182,0.2924805277627627,9
3277,5.7234644182713845,6.049218022670182,0.3257536043987974,7
3278,5.559203514066253,6.049218022670182,0.49001450860392914,2
3279,5.963787442597357,6.049218022670182,0.085430580072825,4
3280,5.686250924960429,6.049218022670182,0.36296709770975255,3
3281,5.732856953795129,6.049218022670182,0.3163610688750529,8
3282,5.730599699106667,6.049218022670182,0.3186183235635145,6
3283,5.491590617268809,6.049218022670182,0.557627405401373,1
3284,5.534694077368998,6.049218022670182,0.5145239453011836,10
3285,5.343588964582036,6.396199347095736,1.0526103825137003,8
3286,5.321896174683935,6.396199347095736,1.0743031724118017,5
3287,5.055128098812281,6.396199347095736,1.3410712482834555,1
3288,5.365168955891169,6.396199347095736,1.0310303912045677,6
3289,5.405854406113474,6.396199347095736,0.9903449409822622,9
3290,5.139405082257327,6.396199347095736,1.2567942648384092,10
3291,5.202096268698349,6.396199347095736,1.1941030783973874,2
3292,5.424491976737747,6.396199347095736,0.971707370357989,4
3293,5.402291074528387,6.396199347095736,0.9939082725673494,7
3294,5.807490509158123,5.550228353055094,-0.25726215610302905,8
3295,6.384759687322492,5.550228353055094,-0.8345313342673979,10
3296,6.094823825291936,5.550228353055094,-0.5445954722368418,3
3297,6.452319302143695,5.550228353055094,-0.9020909490886009,6
3298,5.979895905632238,5.550228353055094,-0.4296675525771434,5
3299,5.8858351483242926,5.550228353055094,-0.33560679526919834,4
3300,6.282418323509642,5.550228353055094,-0.7321899704545478,1
3301,6.244992067830417,5.550228353055094,-0.6947637147753225,9
3302,6.365914363022912,5.550228353055094,-0.815686009967818,7
3303,6.465320329421143,5.575072325713813,-0.8902480037073301,1
3304,6.475479275023916,5.575072325713813,-0.9004069493101028,9
3305,6.548957389752769,5.575072325713813,-0.9738850640389565,6
3306,6.532337235046543,5.575072325713813,-0.9572649093327303,10
3307,6.645367464914316,5.575072325713813,-1.0702951392005033,7
3308,6.132118222300677,5.575072325713813,-0.5570458965868639,5
3309,6.14669530403233,5.575072325713813,-0.5716229783185174,4
3310,6.114328145556298,5.575072325713813,-0.5392558198424853,8
3311,6.430814827247471,5.575072325713813,-0.8557425015336584,2
3312,5.861383533303706,6.100025730107863,0.23864219680415655,8
3313,6.093938729358458,6.100025730107863,0.006087000749404936,9
3314,5.98385740888796,6.100025730107863,0.11616832121990228,3
3315,6.171571342778714,6.100025730107863,-0.07154561267085136,10
3316,5.952024183929666,6.100025730107863,0.14800154617819672,1
3317,6.124982059341311,6.100025730107863,-0.024956329233448038,2
3318,6.258678789838936,6.100025730107863,-0.15865305973107358,7
3319,6.277685186206226,6.100025730107863,-0.17765945609836375,6
3320,5.809054699095788,6.100025730107863,0.29097103101207455,4
3321,5.971438665367279,4.860338006570994,-1.1111006587962846,9
3322,6.010004281698458,4.860338006570994,-1.1496662751274638,2
3323,5.782341717852692,4.860338006570994,-0.9220037112816977,1
3324,6.167043696149824,4.860338006570994,-1.3067056895788296,7
3325,5.744461850787647,4.860338006570994,-0.8841238442166528,5
3326,5.846413415618964,4.860338006570994,-0.9860754090479702,3
3327,6.08421347087463,4.860338006570994,-1.223875464303636,10
3328,5.664944128149636,4.860338006570994,-0.804606121578642,4
3329,6.169450116460415,4.860338006570994,-1.309112109889421,6
3330,6.851129395018046,6.489958479424835,-0.36117091559321146,9
3331,6.518985207156084,6.489958479424835,-0.02902672773124948,6
3332,6.573280585534128,6.489958479424835,-0.08332210610929369,10
3333,6.694485311842778,6.489958479424835,-0.204526832417943,5
3334,6.662885843893307,6.489958479424835,-0.1729273644684728,7
3335,6.59380794457922,6.489958479424835,-0.10384946515438553,1
3336,6.5764046770155415,6.489958479424835,-0.08644619759070693,3
3337,6.619349429725927,6.489958479424835,-0.12939095030109282,2
3338,6.491460551901608,6.489958479424835,-0.001502072476773364,8
3339,6.062277002957843,6.3979400086720375,0.3356630057141947,4
3340,6.191604307941328,6.3979400086720375,0.20633570073070917,9
3341,6.2023589537305375,6.3979400086720375,0.19558105494150002,3
3342,6.22453762623226,6.3979400086720375,0.1734023824397779,10
3343,6.045712792943901,6.3979400086720375,0.35222721572813676,5
3344,6.059386461733532,6.3979400086720375,0.33855354693850526,2
3345,6.10966183378264,6.3979400086720375,0.2882781748893972,8
3346,6.2898309205669145,6.3979400086720375,0.10810908810512299,6
3347,6.195650805894787,6.3979400086720375,0.2022892027772505,7
3348,5.614715194829353,6.3560258571931225,0.7413106623637695,1
3349,5.9849132861151775,6.3560258571931225,0.37111257107794504,4
3350,5.869733728144933,6.3560258571931225,0.48629212904818964,6
3351,5.948544628366099,6.3560258571931225,0.40748122882702376,3
3352,5.863198825619407,6.3560258571931225,0.4928270315737153,8
3353,5.912656854298553,6.3560258571931225,0.4433690028945696,10
3354,5.6533579395472495,6.3560258571931225,0.702667917645873,2
3355,5.859977708109464,6.3560258571931225,0.49604814908365835,9
3356,5.76857871495737,6.3560258571931225,0.5874471422357521,5
3357,5.284585461645714,4.705863712283919,-0.5787217493617955,2
3358,5.3548393466489115,4.705863712283919,-0.6489756343649926,8
3359,5.319833551260757,4.705863712283919,-0.6139698389768382,3
3360,5.476777087685717,4.705863712283919,-0.7709133754017978,5
3361,5.374662567284486,4.705863712283919,-0.668798855000567,10
3362,5.3175870686526805,4.705863712283919,-0.6117233563687616,4
3363,5.287567003798994,4.705863712283919,-0.5817032915150753,9
3364,5.400922175882247,4.705863712283919,-0.6950584635983281,7
3365,5.183443015710209,4.705863712283919,-0.47757930342628985,1
3366,5.596581669542609,4.833147111912785,-0.7634345576298243,9
3367,5.4717958038551675,4.833147111912785,-0.6386486919423824,1
3368,5.459622391264749,4.833147111912785,-0.6264752793519639,2
3369,5.717936767870277,4.833147111912785,-0.8847896559574915,4
3370,5.687167079572387,4.833147111912785,-0.8540199676596023,6
3371,5.734507946033344,4.833147111912785,-0.9013608341205588,8
3372,5.584046337990466,4.833147111912785,-0.7508992260776806,5
3373,5.6596568165610375,4.833147111912785,-0.8265097046482524,10
3374,5.603069717870996,4.833147111912785,-0.7699226059582109,7
3375,5.960261236295381,6.182671386675478,0.2224101503800977,7
3376,5.9748126503708265,6.182671386675478,0.2078587363046518,8
3377,6.111675456222992,6.182671386675478,0.07099593045248653,6
3378,6.000628855201746,6.182671386675478,0.18204253147373262,9
3379,6.009387258387917,6.182671386675478,0.17328412828756168,2
3380,5.995409908699315,6.182671386675478,0.187261477976163,3
3381,6.1155909889314914,6.182671386675478,0.06708039774398689,5
3382,5.975200298347253,6.182671386675478,0.20747108832822558,10
3383,6.099210193724643,6.182671386675478,0.08346119295083554,1
3384,5.981909718904889,6.262023704606317,0.2801139857014281,3
3385,6.013320744287405,6.262023704606317,0.24870296031891215,8
3386,5.986439048198347,6.262023704606317,0.27558465640797003,1
3387,5.9565010720494165,6.262023704606317,0.30552263255690093,9
3388,6.004277914001357,6.262023704606317,0.25774579060496006,10
3389,5.934481642836384,6.262023704606317,0.3275420617699334,2
3390,6.016324794103206,6.262023704606317,0.2456989105031111,4
3391,6.041437216118497,6.262023704606317,0.2205864884878208,7
3392,6.14770118683282,6.262023704606317,0.11432251777349745,6
3393,5.919368545703309,6.408239965311849,0.4888714196085404,5
3394,5.848234482737816,6.408239965311849,0.5600054825740335,3
3395,5.7994673990594645,6.408239965311849,0.6087725662523846,10
3396,5.943054579002906,6.408239965311849,0.465185386308943,1
3397,5.7576565535454804,6.408239965311849,0.6505834117663687,7
3398,5.788331246882877,6.408239965311849,0.619908718428972,9
3399,5.845660866586343,6.408239965311849,0.5625790987255064,2
3400,5.94729704808442,6.408239965311849,0.4609429172274293,6
3401,5.702366238401699,6.408239965311849,0.7058737269101503,8
3402,6.339020368392001,6.5910646070265,0.25204423863449943,1
3403,6.308197061718851,6.5910646070265,0.28286754530764924,7
3404,6.2671966249027244,6.5910646070265,0.323867982123776,4
3405,6.183057525790827,6.5910646070265,0.40800708123567375,2
3406,6.141680953636926,6.5910646070265,0.44938365338957453,8
3407,6.2806715864933516,6.5910646070265,0.3103930205331489,3
3408,6.287721488736543,6.5910646070265,0.3033431182899573,9
3409,6.252401352530426,6.5910646070265,0.3386632544960744,5
3410,6.27715855578148,6.5910646070265,0.31390605124502,6
3411,6.133233082079037,5.876217840591642,-0.2570152414873945,8
3412,6.230857486258689,5.876217840591642,-0.35463964566704664,3
3413,6.199689485447755,5.876217840591642,-0.323471644856113,5
3414,6.203192551671598,5.876217840591642,-0.3269747110799557,6
3415,6.22949147479355,5.876217840591642,-0.3532736342019076,4
3416,6.140248886572297,5.876217840591642,-0.26403104598065497,2
3417,6.281833539872725,5.876217840591642,-0.4056156992810829,1
3418,6.249050893947982,5.876217840591642,-0.37283305335633976,9
3419,6.27529537520202,5.876217840591642,-0.3990775346103783,7
3420,5.135327808135172,6.1041455505540085,0.9688177424188362,10
3421,5.201785202324313,6.1041455505540085,0.9023603482296956,4
3422,5.201569562889591,6.1041455505540085,0.9025759876644175,2
3423,5.383076663544381,6.1041455505540085,0.7210688870096273,9
3424,5.147665561264065,6.1041455505540085,0.9564799892899432,6
3425,5.289821118110669,6.1041455505540085,0.8143244324433399,5
3426,5.199085144751464,6.1041455505540085,0.9050604058025442,1
3427,5.309036956364458,6.1041455505540085,0.7951085941895508,8
3428,5.08707971209665,6.1041455505540085,1.0170658384573583,7
3429,5.776445267796048,4.630122642859312,-1.1463226249367366,2
3430,5.902381128253899,4.630122642859312,-1.2722584853945875,6
3431,5.880776109351431,4.630122642859312,-1.2506534664921194,7
3432,5.994660750637119,4.630122642859312,-1.3645381077778076,9
3433,6.027697628092753,4.630122642859312,-1.3975749852334411,4
3434,6.145072725800676,4.630122642859312,-1.5149500829413647,8
3435,5.715861204321961,4.630122642859312,-1.0857385614626498,10
3436,6.151446446415364,4.630122642859312,-1.5213238035560526,3
3437,5.956390491535095,4.630122642859312,-1.3262678486757835,5
3438,5.9576513637258275,6.5910646070265,0.633413243300673,5
3439,5.974251492394192,6.5910646070265,0.6168131146323086,6
3440,5.974252761985679,6.5910646070265,0.6168118450408215,4
3441,5.925773644161609,6.5910646070265,0.6652909628648915,3
3442,5.928126297400721,6.5910646070265,0.6629383096257797,10
3443,6.005755631685737,6.5910646070265,0.5853089753407632,1
3444,5.898249554604962,6.5910646070265,0.6928150524215386,8
3445,5.959819905253085,6.5910646070265,0.6312447017734151,7
3446,5.914741115183367,6.5910646070265,0.6763234918431333,9
3447,6.249364795483156,5.978180516937414,-0.2711842785457419,3
3448,6.191660849054746,5.978180516937414,-0.21348033211733242,6
3449,6.056047268309696,5.978180516937414,-0.07786675137228194,1
3450,6.184989002141934,5.978180516937414,-0.20680848520451978,7
3451,6.181145427566963,5.978180516937414,-0.20296491062954924,9
3452,6.190129132678112,5.978180516937414,-0.211948615740698,5
3453,6.036313727238186,5.978180516937414,-0.05813321030077212,8
3454,6.110535131338594,5.978180516937414,-0.13235461440118002,10
3455,5.996061093552288,5.978180516937414,-0.017880576614873966,4
3456,6.2500061628579235,6.32221929473392,0.07221313187599687,10
3457,6.252501141750223,6.32221929473392,0.06971815298369766,1
3458,6.106108103837784,6.32221929473392,0.21611119089613684,3
3459,6.076434895667791,6.32221929473392,0.24578439906612903,5
3460,6.239020493866973,6.32221929473392,0.08319880086694731,6
3461,5.992734535050636,6.32221929473392,0.32948475968328417,8
3462,6.118973358597176,6.32221929473392,0.20324593613674402,4
3463,6.1935735993988486,6.32221929473392,0.12864569533507186,7
3464,6.090396144172767,6.32221929473392,0.2318231505611532,2
3465,6.095972639988886,6.100025730107863,0.004053090118977032,6
3466,6.06709526309482,6.100025730107863,0.03293046701304281,8
3467,6.248921394811013,6.100025730107863,-0.14889566470315074,5
3468,6.179432039108384,6.100025730107863,-0.0794063090005217,4
3469,6.278063353788649,6.100025730107863,-0.1780376236807868,9
3470,6.115065810340468,6.100025730107863,-0.01504008023260539,1
3471,6.212037844115172,6.100025730107863,-0.11201211400730937,3
3472,6.12025014844616,6.100025730107863,-0.020224418338297134,7
3473,5.902212336095633,6.100025730107863,0.19781339401222997,2
3474,6.1527447106200155,5.675778341674085,-0.4769663689459307,10
3475,6.116384612662687,5.675778341674085,-0.44060627098860206,3
3476,6.1266872432040484,5.675778341674085,-0.45090890152996366,4
3477,6.278082633532137,5.675778341674085,-0.6023042918580526,6
3478,6.099478270088027,5.675778341674085,-0.4236999284139422,8
3479,6.230892905854358,5.675778341674085,-0.5551145641802728,9
3480,6.090581596764577,5.675778341674085,-0.4148032550904919,5
3481,6.185345596047547,5.675778341674085,-0.5095672543734624,1
3482,6.120563109017106,5.675778341674085,-0.4447847673430214,2
3483,6.177906540122362,6.0,-0.17790654012236207,2
3484,6.303329536641287,6.0,-0.3033295366412867,4
3485,6.2934846279086525,6.0,-0.2934846279086525,7
3486,6.28461224579243,6.0,-0.28461224579243005,9
3487,6.209524520547318,6.0,-0.20952452054731818,8
3488,6.199853840021909,6.0,-0.19985384002190898,3
3489,6.299965125021301,6.0,-0.2999651250213011,6
3490,6.256732738560831,6.0,-0.2567327385608307,5
3491,6.280461484597511,6.0,-0.2804614845975113,1
3492,5.865180302757683,6.431363764158987,0.5661834614013035,7
3493,5.852896612685881,6.431363764158987,0.5784671514731059,9
3494,5.8174521743473155,6.431363764158987,0.6139115898116714,5
3495,5.756894783348553,6.431363764158987,0.6744689808104338,2
3496,5.930157664290682,6.431363764158987,0.5012060998683046,1
3497,5.859884867589464,6.431363764158987,0.5714788965695226,4
3498,5.802765305101219,6.431363764158987,0.628598459057768,3
3499,5.907139532733601,6.431363764158987,0.5242242314253858,10
3500,5.786930556198869,6.431363764158987,0.6444332079601178,8
3501,6.094542484156335,6.1525940779274695,0.058051593771134335,3
3502,6.190730954316856,6.1525940779274695,-0.038136876389386565,4
3503,6.14562551297212,6.1525940779274695,0.006968564955349699,5
3504,6.509938860981448,6.1525940779274695,-0.35734478305397843,1
3505,6.367658607319426,6.1525940779274695,-0.21506452939195686,2
3506,6.318046317954971,6.1525940779274695,-0.16545224002750114,8
3507,6.546438372105789,6.1525940779274695,-0.39384429417831956,6
3508,6.400134245151665,6.1525940779274695,-0.24754016722419525,10
3509,6.241731546182874,6.1525940779274695,-0.08913746825540425,9
3510,6.38583896728922,6.732393759822968,0.3465547925337482,8
3511,6.626762838850638,6.732393759822968,0.10563092097233007,7
3512,6.632906335256006,6.732393759822968,0.09948742456696191,1
3513,6.532888847954151,6.732393759822968,0.19950491186881703,2
3514,6.718415488005651,6.732393759822968,0.013978271817316923,6
3515,6.546903565198822,6.732393759822968,0.18549019462414584,10
3516,6.425258733518597,6.732393759822968,0.30713502630437084,3
3517,6.402466665743504,6.732393759822968,0.32992709407946386,5
3518,6.536670716983701,6.732393759822968,0.19572304283926734,9
3519,5.352786049435598,4.491361693834273,-0.8614243556013248,6
3520,5.427648920024884,4.491361693834273,-0.9362872261906112,3
3521,5.286180479725793,4.491361693834273,-0.7948187858915201,1
3522,5.4737402157198325,4.491361693834273,-0.9823785218855594,4
3523,5.227287154405677,4.491361693834273,-0.7359254605714041,7
3524,5.398550239470744,4.491361693834273,-0.9071885456364708,8
3525,5.455384156101748,4.491361693834273,-0.9640224622674749,9
3526,5.327032548209359,4.491361693834273,-0.8356708543750857,2
3527,5.36253096198629,4.491361693834273,-0.8711692681520171,5
3528,4.532718180757927,4.77901897191487,0.24630079115694326,4
3529,5.09018064168998,4.77901897191487,-0.3111616697751103,8
3530,4.323086651109703,4.77901897191487,0.4559323208051671,7
3531,4.43432781245959,4.77901897191487,0.34469115945528017,3
3532,4.527463423518739,4.77901897191487,0.2515555483961309,1
3533,4.349767398690332,4.77901897191487,0.4292515732245379,5
3534,4.524868839730125,4.77901897191487,0.254150132184745,6
3535,4.61356549371381,4.77901897191487,0.16545347820106038,2
3536,4.4588321057567155,4.77901897191487,0.3201868661581546,9
3537,5.579327517702895,6.556302500767287,0.9769749830643919,1
3538,5.567375694375222,6.556302500767287,0.9889268063920644,3
3539,5.468886071763659,6.556302500767287,1.0874164290036274,6
3540,5.502057210681163,6.556302500767287,1.0542452900861239,2
3541,5.521311270550217,6.556302500767287,1.03499123021707,7
3542,5.539220229069252,6.556302500767287,1.017082271698035,9
3543,5.498888858162013,6.556302500767287,1.0574136426052743,8
3544,5.587373226604879,6.556302500767287,0.9689292741624076,4
3545,5.482010372212508,6.556302500767287,1.074292128554779,10
3546,5.055114818397522,4.850033257689769,-0.20508156070775296,8
3547,5.002618945987563,4.850033257689769,-0.15258568829779406,6
3548,5.041302790580694,4.850033257689769,-0.1912695328909253,9
3549,4.983009851394819,4.850033257689769,-0.13297659370504977,5
3550,4.85907015263598,4.850033257689769,-0.009036894946211405,7
3551,4.854260166167448,4.850033257689769,-0.004226908477678926,3
3552,4.774233818992058,4.850033257689769,0.075799438697711,4
3553,4.8892784109477585,4.850033257689769,-0.03924515325798961,10
3554,4.985726594784288,4.850033257689769,-0.13569333709451925,2
3555,6.243131444479372,6.278753600952829,0.03562215647345646,1
3556,6.111472727663728,6.278753600952829,0.16728087328910046,2
3557,6.1853080503869755,6.278753600952829,0.09344555056585335,5
3558,6.239203486108935,6.278753600952829,0.0395501148438937,3
3559,6.133242862435491,6.278753600952829,0.14551073851733776,8
3560,6.274441834988772,6.278753600952829,0.004311765964057024,10
3561,6.094458430833883,6.278753600952829,0.18429517011894614,4
3562,6.31864898060336,6.278753600952829,-0.039895379650531027,6
3563,6.336903031212033,6.278753600952829,-0.05814943025920449,9
3564,6.270408759362697,6.4623979978989565,0.1919892385362596,10
3565,6.276696801055603,6.4623979978989565,0.18570119684335396,4
3566,6.357129076147373,6.4623979978989565,0.1052689217515832,1
3567,6.18113198195286,6.4623979978989565,0.28126601594609646,9
3568,6.182104125587794,6.4623979978989565,0.2802938723111623,5
3569,5.705378848122892,6.4623979978989565,0.7570191497760641,8
3570,6.176814715432505,6.4623979978989565,0.2855832824664519,3
3571,6.060637969686013,6.4623979978989565,0.40176002821294343,2
3572,6.506912626288348,6.4623979978989565,-0.044514628389391575,6
3573,6.052539865787434,6.399154333958217,0.3466144681707828,1
3574,6.225511140283473,6.399154333958217,0.173643193674744,9
3575,6.209214407374666,6.399154333958217,0.18993992658355108,7
3576,5.896352590498331,6.399154333958217,0.5028017434598855,4
3577,5.939116114517362,6.399154333958217,0.46003821944085477,3
3578,5.951805349820383,6.399154333958217,0.4473489841378342,5
3579,6.053344275848429,6.399154333958217,0.34581005810978827,2
3580,5.92434958199074,6.399154333958217,0.4748047519674765,8
3581,6.201672466933717,6.399154333958217,0.1974818670245,6
3582,5.783280511808116,6.3979400086720375,0.6146594968639212,10
3583,5.699533043211678,6.3979400086720375,0.6984069654603591,1
3584,5.887670169488784,6.3979400086720375,0.5102698391832536,9
3585,5.9071226144379185,6.3979400086720375,0.49081739423411896,6
3586,5.74603508095692,6.3979400086720375,0.6519049277151172,4
3587,5.8635262035748115,6.3979400086720375,0.534413805097226,7
3588,5.7063358628405165,6.3979400086720375,0.691604145831521,3
3589,5.70179489338346,6.3979400086720375,0.6961451152885774,5
3590,5.815584310561175,6.3979400086720375,0.5823556981108622,8
3591,6.0106522372578475,5.880813592280791,-0.1298386449770561,1
3592,6.169823368622077,5.880813592280791,-0.28900977634128555,9
3593,6.032834010773829,5.880813592280791,-0.15202041849303782,2
3594,5.8567508856698325,5.880813592280791,0.024062706610958884,3
3595,6.224441944187501,5.880813592280791,-0.3436283519067098,6
3596,5.843468821874201,5.880813592280791,0.03734477040659012,4
3597,6.2203560619681255,5.880813592280791,-0.33954246968733415,7
3598,6.076897732019845,5.880813592280791,-0.19608413973905403,10
3599,5.874515769622623,5.880813592280791,0.006297822658168251,5
3600,6.347719378596314,5.892094602690481,-0.45562477590583317,2
3601,6.209137281300876,5.892094602690481,-0.31704267861039526,1
3602,6.002085721960308,5.892094602690481,-0.10999111926982685,3
3603,5.970532362351299,5.892094602690481,-0.0784377596608179,4
3604,6.188536559935017,5.892094602690481,-0.2964419572445358,10
3605,6.331330218796608,5.892094602690481,-0.43923561610612705,6
3606,6.465657670889921,5.892094602690481,-0.5735630681994399,7
3607,5.821262440423293,5.892094602690481,0.07083216226718747,5
3608,6.082391663744747,5.892094602690481,-0.1902970610542658,8
3609,5.8226192054422015,5.7160033436348,-0.10661586180740112,3
3610,5.840297505086757,5.7160033436348,-0.1242941614519566,4
3611,5.964351024612694,5.7160033436348,-0.2483476809778935,7
3612,5.853885665970425,5.7160033436348,-0.13788232233562425,8
3613,5.840194561219649,5.7160033436348,-0.12419121758484852,1
3614,5.829407266989799,5.7160033436348,-0.1134039233549986,2
3615,5.866627223418487,5.7160033436348,-0.1506238797836863,5
3616,5.977967710267589,5.7160033436348,-0.2619643666327889,9
3617,5.998205164281925,5.7160033436348,-0.28220182064712507,6
3618,5.86076599735009,6.696836730575163,0.836070733225073,6
3619,5.75425062025771,6.696836730575163,0.9425861103174533,7
3620,5.771183673857022,6.696836730575163,0.9256530567181409,1
3621,5.674634143327187,6.696836730575163,1.0222025872479765,2
3622,5.524129717317295,6.696836730575163,1.1727070132578685,10
3623,5.980549214339358,6.696836730575163,0.7162875162358056,8
3624,5.78492402241882,6.696836730575163,0.9119127081563434,4
3625,5.719805280598267,6.696836730575163,0.977031449976896,5
3626,5.928584596703006,6.696836730575163,0.7682521338721573,3
3627,5.832101109570963,5.530481449815745,-0.3016196597552181,7
3628,5.868816983569412,5.530481449815745,-0.33833553375366776,6
3629,5.704512008217067,5.530481449815745,-0.17403055840132264,8
3630,5.6550839276329254,5.530481449815745,-0.12460247781718081,2
3631,5.828727402468247,5.530481449815745,-0.2982459526525023,4
3632,5.797686500242971,5.530481449815745,-0.26720505042722653,1
3633,5.634576111706076,5.530481449815745,-0.10409466189033179,10
3634,5.944138445772921,5.530481449815745,-0.41365699595717675,5
3635,5.766519594287259,5.530481449815745,-0.2360381444715145,3
3636,5.550279562341234,6.465828815357437,0.915549253016203,3
3637,5.481915538105183,6.465828815357437,0.9839132772522534,2
3638,5.666656374940585,6.465828815357437,0.7991724404168519,8
3639,5.178557786638864,6.465828815357437,1.287271028718573,10
3640,5.624799614628124,6.465828815357437,0.841029200729313,9
3641,5.450275818720767,6.465828815357437,1.0155529966366696,1
3642,5.341175132395656,6.465828815357437,1.1246536829617808,7
3643,5.6877951120121475,6.465828815357437,0.7780337033452893,4
3644,5.539310914269111,6.465828815357437,0.9265179010883262,5
3645,5.415702960809023,6.5910646070265,1.1753616462174774,3
3646,5.511421777823422,6.5910646070265,1.0796428292030784,4
3647,5.449537115040109,6.5910646070265,1.1415274919863911,5
3648,5.169113873150635,6.5910646070265,1.4219507338758657,10
3649,5.64267786760062,6.5910646070265,0.9483867394258807,6
3650,5.6328030319205284,6.5910646070265,0.958261575105972,8
3651,5.413213027765003,6.5910646070265,1.1778515792614979,2
3652,5.462280207415959,6.5910646070265,1.1287843996105416,7
3653,5.559776340624556,6.5910646070265,1.031288266401944,9
3654,6.123233692440183,6.919078092376074,0.7958443999358904,8
3655,6.228245911224023,6.919078092376074,0.690832181152051,2
3656,6.219793732861556,6.919078092376074,0.6992843595145182,1
3657,6.369455575662438,6.919078092376074,0.5496225167136357,6
3658,6.295456008899319,6.919078092376074,0.6236220834767545,7
3659,6.299197965592824,6.919078092376074,0.6198801267832499,9
3660,6.130644976338058,6.919078092376074,0.788433116038016,5
3661,6.168186791980043,6.919078092376074,0.7508913003960309,3
3662,6.104068727298522,6.919078092376074,0.8150093650775521,4
3663,5.861041710648824,6.301029995663981,0.43998828501515685,6
3664,6.061959190547578,6.301029995663981,0.23907080511640366,5
3665,6.1692947607966735,6.301029995663981,0.13173523486730776,4
3666,5.856079378099731,6.301029995663981,0.4449506175642499,2
3667,5.995044676703944,6.301029995663981,0.30598531896003767,7
3668,5.914154599657175,6.301029995663981,0.38687539600680587,1
3669,6.056575377482632,6.301029995663981,0.24445461818134895,3
3670,6.082219832635756,6.301029995663981,0.2188101630282251,9
3671,5.809317687697852,6.301029995663981,0.49171230796612964,10
3672,5.797503413093591,6.380211241711606,0.5827078286180152,10
3673,6.154299614136802,6.380211241711606,0.22591162757480454,3
3674,5.950816247026679,6.380211241711606,0.4293949946849276,7
3675,6.2675718122160875,6.380211241711606,0.11263942949551886,5
3676,6.141833833637464,6.380211241711606,0.23837740807414232,9
3677,6.207493746530962,6.380211241711606,0.1727174951806445,8
3678,5.72603138565927,6.380211241711606,0.6541798560523366,6
3679,5.877062284490153,6.380211241711606,0.5031489572214536,1
3680,6.305693080318872,6.380211241711606,0.07451816139273415,4
3681,6.340828472210866,6.204119982655925,-0.13670848955494108,1
3682,6.146868353616672,6.204119982655925,0.05725162903925263,9
3683,6.380535625611977,6.204119982655925,-0.1764156429560524,4
3684,6.348224043600096,6.204119982655925,-0.14410406094417105,7
3685,6.306717976483939,6.204119982655925,-0.10259799382801393,10
3686,6.231064875837833,6.204119982655925,-0.02694489318190829,8
3687,6.379116789521029,6.204119982655925,-0.17499680686510377,6
3688,6.254649757479014,6.204119982655925,-0.05052977482308929,3
3689,6.180045717045346,6.204119982655925,0.02407426561057857,2
3690,5.9500277301906,6.301029995663981,0.3510022654733813,5
3691,6.027824934674292,6.301029995663981,0.27320506098968966,10
3692,6.066904349981323,6.301029995663981,0.23412564568265815,1
3693,5.919570737555354,6.301029995663981,0.38145925810862735,3
3694,6.049117882348784,6.301029995663981,0.25191211331519714,7
3695,6.129645465610001,6.301029995663981,0.17138453005398002,6
3696,5.838893231172326,6.301029995663981,0.46213676449165497,9
3697,5.952602332732751,6.301029995663981,0.34842766293122995,8
3698,5.9046084648254356,6.301029995663981,0.3964215308385457,2
3699,6.008853743140026,6.073105874968971,0.06425213182894485,6
3700,5.807680571201248,6.073105874968971,0.26542530376772344,2
3701,5.78041206219516,6.073105874968971,0.2926938127738108,5
3702,5.773301975398317,6.073105874968971,0.29980389957065423,3
3703,5.796636002738498,6.073105874968971,0.27646987223047326,9
3704,5.788681903219792,6.073105874968971,0.2844239717491792,4
3705,5.8936084848323596,6.073105874968971,0.17949739013661148,7
3706,5.840929340970975,6.073105874968971,0.23217653399799598,10
3707,5.764661695693183,6.073105874968971,0.3084441792757877,8
3708,5.278713273681609,6.2552725051033065,0.9765592314216978,10
3709,5.422860787828791,6.2552725051033065,0.8324117172745158,6
3710,5.50582732576683,6.2552725051033065,0.749445179336476,3
3711,5.184605278054186,6.2552725051033065,1.0706672270491202,2
3712,5.311334902219392,6.2552725051033065,0.9439376028839144,5
3713,5.244401997735543,6.2552725051033065,1.0108705073677635,4
3714,5.283893279845978,6.2552725051033065,0.9713792252573281,1
3715,5.404988818106303,6.2552725051033065,0.8502836869970034,8
3716,5.266489388656901,6.2552725051033065,0.9887831164464052,9
3717,6.12739524432795,6.32221929473392,0.19482405040597062,1
3718,5.911032224850164,6.32221929473392,0.41118706988375653,8
3719,5.975366175006421,6.32221929473392,0.3468531197274993,3
3720,6.054313925187624,6.32221929473392,0.2679053695462965,10
3721,5.948458797021166,6.32221929473392,0.37376049771275444,5
3722,6.117440630292589,6.32221929473392,0.20477866444133141,7
3723,5.961381560075163,6.32221929473392,0.360837734658757,4
3724,6.021735350425605,6.32221929473392,0.3004839443083158,9
3725,6.216402786611995,6.32221929473392,0.10581650812192578,6
3726,6.029815311306649,5.866287339084195,-0.16352797222245385,5
3727,6.10714535745898,5.866287339084195,-0.2408580183747846,9
3728,5.967201616422422,5.866287339084195,-0.10091427733822655,3
3729,6.220912355819512,5.866287339084195,-0.35462501673531666,7
3730,6.329899037328658,5.866287339084195,-0.46361169824446247,6
3731,6.149063400502931,5.866287339084195,-0.282776061418736,2
3732,6.124810839753356,5.866287339084195,-0.25852350066916063,10
3733,6.036978891249704,5.866287339084195,-0.17069155216550858,8
3734,5.982318812593364,5.866287339084195,-0.1160314735091692,4
3735,5.919673681907507,6.318063334962762,0.3983896530552551,10
3736,5.913413587507071,6.318063334962762,0.40464974745569116,3
3737,5.9232574060858285,6.318063334962762,0.39480592887693344,4
3738,6.143856714432755,6.318063334962762,0.1742066205300068,6
3739,5.984150884340325,6.318063334962762,0.3339124506224369,1
3740,6.026837122726441,6.318063334962762,0.29122621223632095,7
3741,5.962829516667175,6.318063334962762,0.355233818295587,9
3742,5.912043234582681,6.318063334962762,0.40602010038008096,5
3743,5.96096251262792,6.318063334962762,0.35710082233484197,8
3744,5.962829516667175,6.368100851709351,0.40527133504217616,9
3745,5.912043234582682,6.368100851709351,0.45605761712666926,5
3746,6.026837122726441,6.368100851709351,0.34126372898291013,7
3747,5.984150884340325,6.368100851709351,0.3839499673690261,1
3748,5.919673681907507,6.368100851709351,0.44842716980184427,10
3749,5.96096251262792,6.368100851709351,0.40713833908143116,8
3750,6.143856714432754,6.368100851709351,0.22424413727659687,6
3751,5.9232574060858285,6.368100851709351,0.4448434456235226,4
3752,5.913413587507071,6.368100851709351,0.45468726420228034,3
3753,5.887614992429259,6.378397900948138,0.49078290851887907,2
3754,6.018922497452679,6.378397900948138,0.35947540349545903,6
3755,5.9277634126729355,6.378397900948138,0.45063448827520247,4
3756,5.921124661675911,6.378397900948138,0.45727323927222674,9
3757,5.891313803973899,6.378397900948138,0.4870840969742387,8
3758,5.88120677191164,6.378397900948138,0.49719112903649787,10
3759,5.995541868826907,6.378397900948138,0.3828560321212313,1
3760,5.903216059618623,6.378397900948138,0.4751818413295146,3
3761,5.882557506942284,6.378397900948138,0.495840394005854,5
3762,5.467445968830768,6.326130956710794,0.858684987880026,1
3763,5.619555381473899,6.326130956710794,0.7065755752368954,5
3764,5.651154206836257,6.326130956710794,0.6749767498745376,4
3765,5.596474121990586,6.326130956710794,0.7296568347202079,9
3766,5.559986413393046,6.326130956710794,0.7661445433177478,3
3767,5.543421050608891,6.326130956710794,0.7827099061019034,2
3768,5.49538227307279,6.326130956710794,0.8307486836380038,6
3769,5.514944975574744,6.326130956710794,0.8111859811360498,8
3770,5.400716275741989,6.326130956710794,0.9254146809688049,7
3771,5.925997332051846,4.354108439147401,-1.571888892904445,10
3772,6.159575289061473,4.354108439147401,-1.8054668499140716,6
3773,5.954307630906562,4.354108439147401,-1.6001991917591605,2
3774,5.72860892128769,4.354108439147401,-1.3745004821402889,3
3775,5.950376351287199,4.354108439147401,-1.5962679121397976,1
3776,6.081749145664432,4.354108439147401,-1.7276407065170307,7
3777,5.885912363913568,4.354108439147401,-1.5318039247661668,9
3778,5.759610472423162,4.354108439147401,-1.405502033275761,5
3779,5.773216776991651,4.354108439147401,-1.41910833784425,8
3780,5.833864754756933,6.396722278503773,0.5628575237468407,2
3781,5.873344849037113,6.396722278503773,0.5233774294666604,5
3782,5.903940131562314,6.396722278503773,0.49278214694145905,10
3783,5.90137005098403,6.396722278503773,0.49535222751974306,9
3784,5.939714898739472,6.396722278503773,0.4570073797643017,3
3785,5.969131676684044,6.396722278503773,0.4275906018197295,4
3786,5.948263525610684,6.396722278503773,0.4484587528930897,6
3787,5.890101808679073,6.396722278503773,0.5066204698247008,8
3788,6.007419254619012,6.396722278503773,0.3893030238847617,7
3789,5.744380337559855,5.619093330626742,-0.1252870069331129,8
3790,6.11892798356312,5.619093330626742,-0.49983465293637774,10
3791,5.982284948125824,5.619093330626742,-0.3631916174990817,9
3792,5.878604489388289,5.619093330626742,-0.25951115876154685,5
3793,6.112190351222872,5.619093330626742,-0.4930970205961298,7
3794,5.892249733872282,5.619093330626742,-0.27315640324553936,3
3795,5.803726931168499,5.619093330626742,-0.1846336005417566,4
3796,6.060054993806466,5.619093330626742,-0.4409616631797233,1
3797,6.058165260804589,5.619093330626742,-0.43907193017784696,2
3798,4.8892784109477585,3.6989700043360174,-1.190308406611741,10
3799,4.774233818992058,3.6989700043360174,-1.0752638146560405,4
3800,4.854260166167448,3.6989700043360174,-1.1552901618314304,3
3801,5.055114818397523,3.6989700043360174,-1.3561448140615053,8
3802,4.85907015263598,3.6989700043360174,-1.1601001482999629,7
3803,5.002618945987563,3.6989700043360174,-1.3036489416515455,6
3804,5.041302790580694,3.6989700043360174,-1.3423327862446768,9
3805,4.985726594784288,3.6989700043360174,-1.2867565904482707,2
3806,4.983009851394819,3.6989700043360174,-1.2840398470588013,5
3807,5.672278388448731,5.766784515497859,0.09450612704912764,1
3808,5.583741472159932,5.766784515497859,0.18304304333792665,8
3809,5.57133851764421,5.766784515497859,0.1954459978536489,4
3810,5.5407505856123045,5.766784515497859,0.22603392988555449,2
3811,5.540909073579263,5.766784515497859,0.2258754419185962,9
3812,5.7668353778980785,5.766784515497859,-5.086240021956456e-05,6
3813,5.635145157246423,5.766784515497859,0.13163935825143636,7
3814,5.593061059066598,5.766784515497859,0.17372345643126064,10
3815,5.5808162873765,5.766784515497859,0.18596822812135905,5
3816,5.9040634820654585,6.474755154291798,0.5706916722263395,4
3817,6.176497144610499,6.474755154291798,0.298258009681299,1
3818,6.229067841637272,6.474755154291798,0.24568731265452648,9
3819,6.147030864181853,6.474755154291798,0.32772429010994486,7
3820,6.136159707465759,6.474755154291798,0.33859544682603904,10
3821,6.06607633169256,6.474755154291798,0.4086788225992377,3
3822,5.903421250080446,6.474755154291798,0.5713339042113521,8
3823,6.126936735280492,6.474755154291798,0.34781841901130583,2
3824,6.2958300211170135,6.474755154291798,0.17892513317478453,6
3825,5.986808357151314,5.643452676486188,-0.3433556806651259,8
3826,5.711412774917097,5.643452676486188,-0.067960098430909,1
3827,5.698584150797255,5.643452676486188,-0.05513147431106713,7
3828,6.232204721044929,5.643452676486188,-0.5887520445587411,4
3829,6.056852553474991,5.643452676486188,-0.4133998769888034,5
3830,5.831492205023034,5.643452676486188,-0.18803952853684613,3
3831,5.479535391148915,5.643452676486188,0.16391728533727257,10
3832,5.69016593456694,5.643452676486188,-0.046713258080751885,6
3833,5.891477205790848,5.643452676486188,-0.24802452930466057,9
3834,6.0246779449067285,6.453318340047038,0.4286403951403095,5
3835,5.982465887258001,6.453318340047038,0.4708524527890372,4
3836,6.285498138817633,6.453318340047038,0.16782020122940455,6
3837,6.23984612731307,6.453318340047038,0.21347221273396766,9
3838,6.006794971988447,6.453318340047038,0.4465233680585907,8
3839,6.087214467063711,6.453318340047038,0.36610387298332725,10
3840,6.119431034838798,6.453318340047038,0.33388730520823984,2
3841,6.07159125030695,6.453318340047038,0.38172708974008795,3
3842,6.15983643166116,6.453318340047038,0.2934819083858784,7
3843,6.025642923801031,4.764176132390331,-1.2614667914107,6
3844,5.854792186459466,4.764176132390331,-1.0906160540691356,7
3845,5.909268679183762,4.764176132390331,-1.145092546793431,9
3846,5.813358788340528,4.764176132390331,-1.0491826559501973,3
3847,5.787285488238222,4.764176132390331,-1.0231093558478914,5
3848,5.752429484597601,4.764176132390331,-0.9882533522072707,4
3849,5.8312844693445065,4.764176132390331,-1.0671083369541758,2
3850,5.754409240066569,4.764176132390331,-0.9902331076762385,8
3851,5.850215789726184,4.764176132390331,-1.0860396573358537,10
3852,5.640711148785768,6.227115082589125,0.5864039338033571,10
3853,5.741955831921971,6.227115082589125,0.48515925066715404,6
3854,5.873608840157176,6.227115082589125,0.3535062424319495,5
3855,5.956822040380101,6.227115082589125,0.2702930422090244,4
3856,6.021062536932259,6.227115082589125,0.20605254565686604,8
3857,5.6172119598834005,6.227115082589125,0.6099031227057248,7
3858,5.625192231589295,6.227115082589125,0.6019228509998307,9
3859,5.6407194333531425,6.227115082589125,0.5863956492359828,1
3860,5.597604860175472,6.227115082589125,0.6295102224136535,2
3861,5.8533738245682185,6.039255443806487,0.18588161923826885,9
3862,5.818774824965685,6.039255443806487,0.22048061884080195,2
3863,5.799323124947626,6.039255443806487,0.23993231885886157,10
3864,5.95202945066814,6.039255443806487,0.08722599313834767,6
3865,5.847587308392275,6.039255443806487,0.19166813541421224,7
3866,6.27788392833964,6.039255443806487,-0.23862848453315255,8
3867,6.245390671788923,6.039255443806487,-0.20613522798243533,3
3868,6.169204782408617,6.039255443806487,-0.12994933860212932,5
3869,6.181048103624708,6.039255443806487,-0.1417926598182202,4
3870,5.836006641892679,6.079181246047625,0.2431746041549463,8
3871,5.48143063242945,6.079181246047625,0.5977506136181754,7
3872,5.489932964763766,6.079181246047625,0.5892482812838589,10
3873,5.464124625378634,6.079181246047625,0.6150566206689909,9
3874,5.446734128215231,6.079181246047625,0.6324471178323945,2
3875,5.627924129106202,6.079181246047625,0.4512571169414228,6
3876,5.710267673019331,6.079181246047625,0.3689135730282942,5
3877,5.702119897881065,6.079181246047625,0.3770613481665599,3
3878,5.516445909269189,6.079181246047625,0.5627353367784362,1
3879,5.982889114137768,6.387211800313731,0.4043226861759628,1
3880,6.191573330565048,6.387211800313731,0.19563846974868238,3
3881,6.108152687825563,6.387211800313731,0.2790591124881674,5
3882,6.0933093141553885,6.387211800313731,0.29390248615834214,10
3883,6.189591347892715,6.387211800313731,0.1976204524210159,7
3884,5.85846057897952,6.387211800313731,0.5287512213342103,4
3885,6.129159473396961,6.387211800313731,0.2580523269167694,9
3886,6.081073455238104,6.387211800313731,0.30613834507562654,2
3887,6.225397060499474,6.387211800313731,0.16181473981425665,6
3888,6.215225012259048,5.575072325713813,-0.6401526865452354,10
3889,5.915437533407702,5.575072325713813,-0.340365207693889,4
3890,5.989215698076133,5.575072325713813,-0.4141433723623198,8
3891,6.056621890393387,5.575072325713813,-0.48154956467957444,5
3892,6.135376249282369,5.575072325713813,-0.5603039235685561,2
3893,6.131844364973413,5.575072325713813,-0.5567720392596005,9
3894,6.268021034120886,5.575072325713813,-0.6929487084070729,3
3895,6.2882560301171315,5.575072325713813,-0.7131837044033187,6
3896,6.235674236093149,5.575072325713813,-0.6606019103793361,7
3897,6.111210524965787,6.539076098792776,0.4278655738269892,6
3898,6.003459854452022,6.539076098792776,0.5356162443407539,5
3899,6.024073858924189,6.539076098792776,0.5150022398685872,3
3900,6.079530352586145,6.539076098792776,0.459545746206631,7
3901,5.706807124480785,6.539076098792776,0.8322689743119911,4
3902,5.964330750900207,6.539076098792776,0.574745347892569,2
3903,5.99392208566182,6.539076098792776,0.545154013130956,9
3904,5.989038190213286,6.539076098792776,0.5500379085794904,10
3905,5.660988362583818,6.539076098792776,0.8780877362089585,8
3906,5.42384098078651,6.008600171761918,0.584759190975408,3
3907,5.762299861587749,6.008600171761918,0.24630031017416876,1
3908,5.807041182883844,6.008600171761918,0.201558988878074,7
3909,5.944279685560007,6.008600171761918,0.06432048620191111,9
3910,5.78095143258319,6.008600171761918,0.2276487391787283,10
3911,5.733330079158864,6.008600171761918,0.275270092603054,4
3912,5.376832999613591,6.008600171761918,0.6317671721483267,5
3913,5.581448749511892,6.008600171761918,0.42715142225002634,2
3914,5.709054730486587,6.008600171761918,0.2995454412753311,8
3915,6.205995022313208,6.113943352306837,-0.09205167000637093,8
3916,6.042605259420943,6.113943352306837,0.07133809288589354,7
3917,5.952943694289456,6.113943352306837,0.16099965801738136,1
3918,5.757673817566723,6.113943352306837,0.3562695347401137,5
3919,5.879631273943552,6.113943352306837,0.23431207836328483,3
3920,5.871515541988475,6.113943352306837,0.2424278103183619,2
3921,6.075608223636997,6.113943352306837,0.038335128669840124,6
3922,6.07175051734173,6.113943352306837,0.04219283496510684,10
3923,6.330334314961001,6.113943352306837,-0.21639096265416402,9
3924,6.083383156656357,6.222456336679247,0.1390731800228906,3
3925,6.0560842685743035,6.222456336679247,0.16637206810494387,2
3926,6.499137757084539,6.222456336679247,-0.27668142040529187,9
3927,6.366522123376558,6.222456336679247,-0.1440657866973103,10
3928,6.290392084637098,6.222456336679247,-0.06793574795785062,1
3929,6.265884387069265,6.222456336679247,-0.04342805039001796,8
3930,6.198291058458685,6.222456336679247,0.024165278220562136,4
3931,5.989081556048921,6.222456336679247,0.23337478063032613,5
3932,6.416414072850041,6.222456336679247,-0.19395773617079382,7
3933,5.800644524582691,5.276461804173244,-0.5241827204094474,5
3934,5.965556760288911,5.276461804173244,-0.6890949561156674,2
3935,6.022935765322262,5.276461804173244,-0.7464739611490181,10
3936,6.275187792185323,5.276461804173244,-0.9987259880120796,4
3937,6.153966649479914,5.276461804173244,-0.8775048453066701,7
3938,6.246855427426231,5.276461804173244,-0.9703936232529875,8
3939,6.009750929315727,5.276461804173244,-0.7332891251424831,1
3940,5.99559433109863,5.276461804173244,-0.7191325269253861,3
3941,6.158817540714994,5.276461804173244,-0.8823557365417498,6
3942,6.2679656567129305,6.301029995663981,0.033064338951050765,4
3943,6.311898064051681,6.301029995663981,-0.010868068387699381,1
3944,6.101996932616436,6.301029995663981,0.19903306304754498,5
3945,6.213787400050893,6.301029995663981,0.08724259561308845,6
3946,5.929015167496258,6.301029995663981,0.3720148281677229,3
3947,6.314007428158592,6.301029995663981,-0.01297743249461103,8
3948,6.247826595039871,6.301029995663981,0.053203400624110664,7
3949,6.513607309501236,6.301029995663981,-0.21257731383725442,9
3950,6.264027352117364,6.301029995663981,0.03700264354661709,10
3951,5.880672535099358,5.275103949569196,-0.605568585530162,2
3952,6.300827261201815,5.275103949569196,-1.0257233116326185,6
3953,6.197686006286179,5.275103949569196,-0.9225820567169825,10
3954,6.212132934583499,5.275103949569196,-0.9370289850143028,7
3955,6.142278346394659,5.275103949569196,-0.8671743968254626,9
3956,5.715619488035051,5.275103949569196,-0.44051553846585456,3
3957,5.460799430209533,5.275103949569196,-0.18569548064033636,8
3958,6.27319535369427,5.275103949569196,-0.9980914041250735,1
3959,5.732163939013027,5.275103949569196,-0.45705998944383097,5
3960,5.671975000382129,6.884795363948981,1.212820363566852,10
3961,6.14223342731417,6.884795363948981,0.7425619366348108,8
3962,5.862433862793176,6.884795363948981,1.022361501155805,6
3963,5.55692848264398,6.884795363948981,1.3278668813050007,2
3964,6.086126148457936,6.884795363948981,0.7986692154910449,9
3965,6.1624273645082965,6.884795363948981,0.7223679994406842,3
3966,5.8016214404774455,6.884795363948981,1.0831739234715352,1
3967,5.801148664998583,6.884795363948981,1.083646698950398,4
3968,5.770811099563535,6.884795363948981,1.1139842643854454,7
3969,6.940387296941968,6.849419413796899,-0.0909678831450691,10
3970,6.7304180613488604,6.849419413796899,0.11900135244803867,3
3971,6.943281246362918,6.849419413796899,-0.09386183256601921,6
3972,6.6123477082955215,6.849419413796899,0.23707170550137757,5
3973,6.894760293020067,6.849419413796899,-0.04534087922316754,1
3974,6.551111855267044,6.849419413796899,0.2983075585298547,8
3975,6.782659599516614,6.849419413796899,0.06675981428028521,2
3976,6.520444502075499,6.849419413796899,0.32897491172140025,4
3977,6.76728046111196,6.849419413796899,0.08213895268493943,7
3978,6.490997008649803,6.7979596437371965,0.30696263508739374,4
3979,6.807094450488234,6.7979596437371965,-0.009134806751037061,6
3980,6.706121704448692,6.7979596437371965,0.0918379392885047,7
3981,6.6258449356846905,6.7979596437371965,0.17211470805250606,2
3982,6.458098317068139,6.7979596437371965,0.3398613266690571,8
3983,6.701851938128596,6.7979596437371965,0.09610770560860082,3
3984,6.748958958454657,6.7979596437371965,0.049000685282539536,10
3985,6.6960118807966005,6.7979596437371965,0.10194776294059604,9
3986,6.743081195033396,6.7979596437371965,0.054878448703800764,1
3987,6.754773662773343,7.505149978319906,0.7503763155465633,6
3988,6.584554236326019,7.505149978319906,0.9205957419938873,5
3989,6.6481643384577955,7.505149978319906,0.8569856398621107,3
3990,6.6849694327456834,7.505149978319906,0.8201805455742228,1
3991,6.744549672078899,7.505149978319906,0.7606003062410069,10
3992,6.522738639216236,7.505149978319906,0.9824113391036704,4
3993,6.625358369001058,7.505149978319906,0.8797916093188487,9
3994,6.679998418772711,7.505149978319906,0.8251515595471952,7
3995,6.649577903528627,7.505149978319906,0.8555720747912794,2
3996,6.3967942268728475,6.517723594833735,0.12092936796088782,6
3997,6.494019632238216,6.517723594833735,0.0237039625955191,8
3998,6.473108887408188,6.517723594833735,0.04461470742554763,4
3999,6.266738294803325,6.517723594833735,0.2509853000304103,2
4000,6.395906473215313,6.517723594833735,0.12181712161842206,5
4001,6.151036471587037,6.517723594833735,0.36668712324669794,3
4002,6.434365272793681,6.517723594833735,0.08335832204005467,10
4003,6.5049938086555565,6.517723594833735,0.01272978617817877,9
4004,6.396888274274261,6.517723594833735,0.12083532055947455,1
4005,6.157038140531015,6.6349808000512285,0.4779426595202132,7
4006,6.219519152935858,6.6349808000512285,0.4154616471153707,4
4007,6.073025471524158,6.6349808000512285,0.5619553285270706,2
4008,6.099920632274018,6.6349808000512285,0.5350601677772104,5
4009,5.989095268278712,6.6349808000512285,0.6458855317725165,1
4010,6.440590356855956,6.6349808000512285,0.19439044319527277,3
4011,6.165521820923708,6.6349808000512285,0.46945897912752077,10
4012,6.20781941918838,6.6349808000512285,0.4271613808628487,9
4013,6.541233668044231,6.6349808000512285,0.0937471320069978,8
4014,6.420940102031557,6.6452748593294935,0.22433475729793617,7
4015,6.500138452883781,6.6452748593294935,0.14513640644571257,9
4016,6.397463408428435,6.6452748593294935,0.24781145090105827,4
4017,6.195776985782687,6.6452748593294935,0.4494978735468065,2
4018,6.415655518214276,6.6452748593294935,0.22961934111521742,5
4019,6.356329350356299,6.6452748593294935,0.28894550897319426,1
4020,6.281325097008939,6.6452748593294935,0.3639497623205541,10
4021,6.267992989810984,6.6452748593294935,0.3772818695185096,8
4022,6.530914312919583,6.6452748593294935,0.11436054640991067,3
4023,5.947181464685456,6.270678836144707,0.3234973714592506,8
4024,5.667890432359058,6.270678836144707,0.6027884037856488,9
4025,5.415931728558318,6.270678836144707,0.8547471075863884,1
4026,5.398143489612122,6.270678836144707,0.8725353465325849,7
4027,5.320154217894779,6.270678836144707,0.9505246182499274,2
4028,5.453722930146232,6.270678836144707,0.8169559059984746,10
4029,5.68912508938903,6.270678836144707,0.5815537467556764,3
4030,5.419003685718802,6.270678836144707,0.8516751504259048,6
4031,5.640989262920619,6.270678836144707,0.6296895732240877,5
4032,6.5264919516334094,6.024895960107485,-0.5015959915259245,5
4033,6.459781268957577,6.024895960107485,-0.4348853088500917,4
4034,6.36460675095296,6.024895960107485,-0.3397107908454746,8
4035,6.3078096663861105,6.024895960107485,-0.28291370627862555,2
4036,6.409115503928542,6.024895960107485,-0.3842195438210574,10
4037,6.535150251392857,6.024895960107485,-0.5102542912853725,9
4038,6.518108993006641,6.024895960107485,-0.4932130328991562,7
4039,6.445243471645856,6.024895960107485,-0.42034751153837124,1
4040,6.552627030425517,6.024895960107485,-0.5277310703180325,3
4041,6.483114033763212,7.385606273598312,0.9024922398350999,9
4042,6.400305357783086,7.385606273598312,0.9853009158152259,1
4043,6.491134433748951,7.385606273598312,0.894471839849361,7
4044,6.376235457120598,7.385606273598312,1.0093708164777144,4
4045,6.442780483239232,7.385606273598312,0.9428257903590804,5
4046,6.372193655731835,7.385606273598312,1.0134126178664769,8
4047,6.290412923171874,7.385606273598312,1.0951933504264382,2
4048,6.555738559721212,7.385606273598312,0.8298677138770998,3
4049,6.359736997770914,7.385606273598312,1.0258692758273984,10
4050,6.458098317068139,6.284453294010853,-0.17364502305728635,8
4051,6.490997008649803,6.284453294010853,-0.20654371463894972,4
4052,6.579956287349245,6.284453294010853,-0.2955029933383919,5
4053,6.706121704448692,6.284453294010853,-0.42166841043783876,7
4054,6.748958958454657,6.284453294010853,-0.4645056644438039,10
4055,6.743081195033396,6.284453294010853,-0.4586279010225427,1
4056,6.6258449356846905,6.284453294010853,-0.3413916416738374,2
4057,6.80709445048823,6.284453294010853,-0.522641156477377,6
4058,6.6960118807966005,6.284453294010853,-0.4115585867857474,9
4059,6.383324992450842,6.501059262217751,0.11773426976690882,6
4060,6.374984367066464,6.501059262217751,0.12607489515128734,10
4061,6.399429697249664,6.501059262217751,0.1016295649680874,1
4062,6.589022747759347,6.501059262217751,-0.08796348554159561,3
4063,6.489624887894103,6.501059262217751,0.011434374323648022,5
4064,6.401703199976413,6.501059262217751,0.09935606224133853,8
4065,6.444980101082346,6.501059262217751,0.05607916113540501,7
4066,6.481050691606408,6.501059262217751,0.02000857061134287,4
4067,6.525786034234099,6.501059262217751,-0.024726772016347986,9
4068,6.191780836595445,6.501059262217751,0.30927842562230623,8
4069,6.154613211123634,6.501059262217751,0.34644605109411764,1
4070,6.195410147258527,6.501059262217751,0.3056491149592242,4
4071,6.144871732644994,6.501059262217751,0.35618752957275746,10
4072,6.049166132804116,6.501059262217751,0.45189312941363546,2
4073,6.162928196641461,6.501059262217751,0.3381310655762899,6
4074,6.196464225570655,6.501059262217751,0.304595036647096,7
4075,6.256909154516648,6.501059262217751,0.24415010770110346,3
4076,6.175662078668318,6.501059262217751,0.32539718354943314,5
4077,6.267992989810984,6.7160033436348,0.4480103538238165,8
4078,6.500138452883779,6.7160033436348,0.21586489075102122,9
4079,6.3019554079958215,6.7160033436348,0.4140479356389788,6
4080,6.420940102031557,6.7160033436348,0.29506324160324304,7
4081,6.356329350356299,6.7160033436348,0.35967399327850114,1
4082,6.415655518214276,6.7160033436348,0.3003478254205243,5
4083,6.397463408428435,6.7160033436348,0.31853993520636514,4
4084,6.530914312919583,6.7160033436348,0.18508903071521754,3
4085,6.281325097008939,6.7160033436348,0.43467824662586096,10
4086,6.32684801176131,6.3979400086720375,0.07109199691072732,1
4087,6.287484177552645,6.3979400086720375,0.11045583111939283,2
4088,6.305935585368558,6.3979400086720375,0.09200442330347958,3
4089,6.2814274396790255,6.3979400086720375,0.11651256899301199,8
4090,6.309892908818617,6.3979400086720375,0.08804709985342019,5
4091,6.24171060101718,6.3979400086720375,0.15622940765485716,4
4092,6.4632851211475835,6.3979400086720375,-0.06534511247554597,6
4093,6.396286256880951,6.3979400086720375,0.0016537517910863997,9
4094,6.32062113300386,6.3979400086720375,0.07731887566817708,10
4095,6.3142885479624855,6.2716557723522754,-0.04263277561021006,1
4096,6.28834936163344,6.2716557723522754,-0.016693589281164378,5
4097,6.390878108612987,6.2716557723522754,-0.11922233626071144,9
4098,6.28050271325018,6.2716557723522754,-0.00884694089790461,2
4099,6.309563248053916,6.2716557723522754,-0.037907475701640436,3
4100,6.269201845742761,6.2716557723522754,0.0024539266095144896,8
4101,6.409858843411805,6.2716557723522754,-0.13820307105952967,6
4102,6.4095181808226735,6.2716557723522754,-0.1378624084703981,7
4103,6.2025874800277965,6.2716557723522754,0.06906829232447897,4
4104,6.152418264331065,6.269512944217916,0.11709467988685063,10
4105,6.247026959363325,6.269512944217916,0.0224859848545913,1
4106,6.028601555669482,6.269512944217916,0.24091138854843397,4
4107,6.049924552342263,6.269512944217916,0.2195883918756527,3
4108,6.317402354427636,6.269512944217916,-0.04788941020972004,6
4109,6.265489950004286,6.269512944217916,0.004022994213629616,9
4110,5.570919164116952,6.269512944217916,0.6985937801009641,8
4111,6.265360639174635,6.269512944217916,0.004152305043280791,2
4112,6.028855841879181,6.269512944217916,0.24065710233873538,5
4113,6.359398445897725,6.32221929473392,-0.037179151163804214,3
4114,6.577933423169897,6.32221929473392,-0.25571412843597674,4
4115,5.98404716830017,6.32221929473392,0.3381721264337507,10
4116,6.1022453010214806,6.32221929473392,0.21997399371243986,7
4117,6.6892999593105005,6.32221929473392,-0.36708066457658006,5
4118,6.678515953964867,6.32221929473392,-0.35629665923094667,8
4119,6.011709310462776,6.32221929473392,0.3105099842711443,2
4120,6.390448883512446,6.32221929473392,-0.06822958877852603,9
4121,6.075792711201144,6.32221929473392,0.24642658353277636,1
4122,5.909642876158054,5.337459261290656,-0.5721836148673987,2
4123,6.494405028068784,5.337459261290656,-1.1569457667781284,9
4124,6.286226433537891,5.337459261290656,-0.9487671722472353,3
4125,6.220816183538041,5.337459261290656,-0.8833569222473852,7
4126,6.444938653661244,5.337459261290656,-1.1074793923705881,8
4127,6.081214621361462,5.337459261290656,-0.7437553600708062,10
4128,6.05929445178429,5.337459261290656,-0.7218351904936346,6
4129,6.132974640160171,5.337459261290656,-0.7955153788695153,1
4130,6.523523781175633,5.337459261290656,-1.1860645198849769,5
4131,6.255869579991738,6.755874855672492,0.5000052756807545,7
4132,6.175580688536808,6.755874855672492,0.5802941671356843,1
4133,6.235602834719569,6.755874855672492,0.5202720209529232,5
4134,6.314806983592011,6.755874855672492,0.44106787208048104,3
4135,6.223216612504719,6.755874855672492,0.5326582431677735,4
4136,6.262488846309255,6.755874855672492,0.4933860093632374,6
4137,6.36959894706428,6.755874855672492,0.38627590860821215,9
4138,6.19113229513195,6.755874855672492,0.5647425605405427,8
4139,6.130024855924222,6.755874855672492,0.6258499997482705,2
4140,6.36959894706428,6.596047007545439,0.22644806048115917,9
4141,6.314806983592011,6.596047007545439,0.28124002395342806,3
4142,6.13002485592422,6.596047007545439,0.4660221516212193,2
4143,6.235602834719569,6.596047007545439,0.36044417282587027,5
4144,6.175580688536808,6.596047007545439,0.4204663190086313,1
4145,6.223216612504719,6.596047007545439,0.3728303950407206,4
4146,6.130017302735998,6.596047007545439,0.4660297048094417,10
4147,6.262488846309255,6.596047007545439,0.3335581612361844,6
4148,6.19113229513195,6.596047007545439,0.40491471241348975,8
4149,6.213030370193013,6.372912002970106,0.15988163277709333,6
4150,6.171124116240311,6.372912002970106,0.20178788672979486,2
4151,6.399470015651712,6.372912002970106,-0.026558012681605625,9
4152,6.262477557713857,6.372912002970106,0.11043444525624935,8
4153,6.379972602804308,6.372912002970106,-0.0070605998342019305,3
4154,6.2946266217915845,6.372912002970106,0.0782853811785218,1
4155,6.291166203261592,6.372912002970106,0.08174579970851426,5
4156,6.195822446035055,6.372912002970106,0.17708955693505146,10
4157,6.3636053155091235,6.372912002970106,0.009306687460982843,7
4158,6.334140704135532,4.484299839346786,-1.8498408647887459,9
4159,6.138259340797059,4.484299839346786,-1.6539595014502728,2
4160,6.226046659338334,4.484299839346786,-1.7417468199915485,5
4161,6.237430093780393,4.484299839346786,-1.7531302544336071,4
4162,6.225089629448468,4.484299839346786,-1.7407897901016822,8
4163,6.132839387509107,4.484299839346786,-1.6485395481623213,10
4164,6.158679193722368,4.484299839346786,-1.6743793543755823,6
4165,6.251794203319369,4.484299839346786,-1.7674943639725829,1
4166,6.316717492961983,4.484299839346786,-1.832417653615197,7
4167,6.263484205207542,6.227886704613674,-0.03559750059386779,8
4168,6.292022812955483,6.227886704613674,-0.06413610834180883,5
4169,6.285261359442576,6.227886704613674,-0.05737465482890247,4
4170,6.487471977795737,6.227886704613674,-0.25958527318206315,7
4171,6.302935228726916,6.227886704613674,-0.07504852411324237,1
4172,6.322012109834986,6.227886704613674,-0.09412540522131252,3
4173,6.25728258440182,6.227886704613674,-0.029395879788146395,6
4174,6.295738526435067,6.227886704613674,-0.06785182182139327,2
4175,6.2753494200953215,6.227886704613674,-0.0474627154816476,10
4176,6.074716699056456,6.477121254719663,0.40240455566320676,3
4177,5.729050993834955,6.477121254719663,0.7480702608847078,7
4178,5.569142536964773,6.477121254719663,0.9079787177548893,2
4179,5.79087380241376,6.477121254719663,0.6862474523059028,9
4180,5.935291865317511,6.477121254719663,0.5418293894021513,4
4181,5.668547890824349,6.477121254719663,0.8085733638953139,10
4182,5.934974097891904,6.477121254719663,0.5421471568277587,5
4183,6.136914988428982,6.477121254719663,0.3402062662906804,8
4184,5.7827571302881315,6.477121254719663,0.6943641244315311,6
4185,5.673001534318695,6.079181246047625,0.40617971172892986,1
4186,5.679311132677008,6.079181246047625,0.39987011337061684,8
4187,5.809910671309863,6.079181246047625,0.26927057473776195,9
4188,5.753616573370051,6.079181246047625,0.32556467267757405,4
4189,5.6608338517527566,6.079181246047625,0.41834739429486856,10
4190,5.680234126982533,6.079181246047625,0.3989471190650917,5
4191,5.764212933948431,6.079181246047625,0.31496831209919396,7
4192,5.566594388912613,6.079181246047625,0.5125868571350125,2
4193,5.703693221579739,6.079181246047625,0.3754880244678862,3
4194,6.420450284527045,6.3979400086720375,-0.022510275855007755,3
4195,6.313984717864919,6.3979400086720375,0.08395529080711839,8
4196,5.907710116100349,6.3979400086720375,0.4902298925716888,2
4197,6.196686242096302,6.3979400086720375,0.20125376657573568,4
4198,5.968778309518066,6.3979400086720375,0.42916169915397173,6
4199,6.1780736673608265,6.3979400086720375,0.21986634131121097,9
4200,6.047445406489149,6.3979400086720375,0.35049460218288875,7
4201,5.860799603795197,6.3979400086720375,0.5371404048768404,1
4202,6.164614600156182,6.3979400086720375,0.2333254085158556,5
4203,5.277283711738599,4.742725131304698,-0.5345585804339015,2
4204,5.375696664180925,4.742725131304698,-0.6329715328762271,6
4205,5.44955865546069,4.742725131304698,-0.706833524155992,1
4206,5.303823727313966,4.742725131304698,-0.561098596009268,8
4207,5.347949158826736,4.742725131304698,-0.6052240275220377,10
4208,5.261693772391845,4.742725131304698,-0.518968641087147,4
4209,5.231751088176019,4.742725131304698,-0.48902595687132155,7
4210,5.469342245822083,4.742725131304698,-0.726617114517385,9
4211,5.309662983261516,4.742725131304698,-0.5669378519568182,3
4212,6.309710557036152,6.278753600952829,-0.030956956083323384,8
4213,6.236752430987026,6.278753600952829,0.042001169965803165,9
4214,5.95430739627606,6.278753600952829,0.3244462046767689,2
4215,6.205603116308459,6.278753600952829,0.07315048464437002,5
4216,6.057533320015525,6.278753600952829,0.22122028093730428,10
4217,6.128874192327134,6.278753600952829,0.1498794086256945,7
4218,6.10064896273539,6.278753600952829,0.17810463821743916,1
4219,6.303666145580312,6.278753600952829,-0.024912544627483157,3
4220,6.040438444725113,6.278753600952829,0.23831515622771615,6
4221,6.115258133521286,6.380211241711606,0.26495310819032003,6
4222,6.018590402653819,6.380211241711606,0.3616208390577871,2
4223,6.385423649161748,6.380211241711606,-0.005212407450141399,3
4224,6.3587008855020954,6.380211241711606,0.021510356209510917,5
4225,6.6199240296774855,6.380211241711606,-0.23971278796587914,4
4226,5.91514980885324,6.380211241711606,0.46506143285836643,10
4227,5.949528298265779,6.380211241711606,0.43068294344582725,1
4228,6.320191848325266,6.380211241711606,0.06001939338633999,8
4229,6.170383480624051,6.380211241711606,0.2098277610875554,7
4230,6.32380396108884,5.4446692309385245,-0.8791347301503158,7
4231,6.361509911267835,5.4446692309385245,-0.9168406803293108,9
4232,6.182919463826553,5.4446692309385245,-0.7382502328880287,10
4233,6.066956928335981,5.4446692309385245,-0.6222876973974563,2
4234,6.313171243430155,5.4446692309385245,-0.8685020124916303,5
4235,6.075998999038256,5.4446692309385245,-0.6313297680997314,6
4236,6.381032572799007,5.4446692309385245,-0.9363633418604822,4
4237,6.195395556501948,5.4446692309385245,-0.7507263255634236,1
4238,6.4145051026728375,5.4446692309385245,-0.969835871734313,3
4239,6.281720399737097,6.43695733066945,0.1552369309323529,4
4240,6.398173153089885,6.43695733066945,0.03878417757956498,9
4241,6.223787004040986,6.43695733066945,0.2131703266284637,1
4242,6.2867068685162275,6.43695733066945,0.15025046215322213,8
4243,6.403001834252804,6.43695733066945,0.0339554964166453,7
4244,6.277897150289282,6.43695733066945,0.1590601803801679,6
4245,6.344253562583802,6.43695733066945,0.09270376808564773,5
4246,6.198588240365508,6.43695733066945,0.2383690903039417,10
4247,6.444947487186376,6.43695733066945,-0.007990156516926028,3
4248,6.380576074600875,6.063145637106638,-0.31743043749423716,3
4249,6.202331598563799,6.063145637106638,-0.13918596145716045,10
4250,6.295316885827388,6.063145637106638,-0.2321712487207499,1
4251,6.182958510366402,6.063145637106638,-0.11981287325976364,8
4252,6.182064646656433,6.063145637106638,-0.11891900954979473,2
4253,6.3986689102904695,6.063145637106638,-0.33552327318383135,5
4254,6.389199820179317,6.063145637106638,-0.32605418307267886,4
4255,6.269413467836968,6.063145637106638,-0.20626783073033028,6
4256,6.379104165339387,6.063145637106638,-0.3159585282327493,7
4257,6.32486064415881,6.442479769064448,0.1176191249056382,4
4258,6.365479909612212,6.442479769064448,0.07699985945223631,5
4259,6.395899835116176,6.442479769064448,0.04657993394827198,9
4260,6.263276343009074,6.442479769064448,0.17920342605537432,6
4261,6.36656696056834,6.442479769064448,0.07591280849610804,3
4262,6.26764826023788,6.442479769064448,0.17483150882656862,10
4263,6.474831561393385,6.442479769064448,-0.032351792328936924,7
4264,6.2844887974054995,6.442479769064448,0.1579909716589487,1
4265,6.266081910014395,6.442479769064448,0.176397859050053,2
4266,6.237895729334391,6.645324001562293,0.4074282722279019,5
4267,6.253487127051181,6.645324001562293,0.39183687451111204,7
4268,6.009169403981495,6.645324001562293,0.6361545975807976,1
4269,6.161995900560595,6.645324001562293,0.4833281010016979,8
4270,6.2854737819541,6.645324001562293,0.35985021960819275,9
4271,6.047676715848209,6.645324001562293,0.5976472857140838,2
4272,6.298474071927791,6.645324001562293,0.34684992963450156,3
4273,6.212855554923744,6.645324001562293,0.43246844663854933,6
4274,6.236498488371182,6.645324001562293,0.40882551319111116,4
4275,6.131517468451933,5.373500477967874,-0.7580169904840588,9
4276,5.971189595135103,5.373500477967874,-0.5976891171672287,2
4277,6.237948367780301,5.373500477967874,-0.8644478898124266,3
4278,6.12406379209158,5.373500477967874,-0.7505633141237062,8
4279,6.134711352641946,5.373500477967874,-0.761210874674072,5
4280,6.186544729390115,5.373500477967874,-0.8130442514222409,6
4281,6.119372941310888,5.373500477967874,-0.745872463343014,10
4282,6.0640911842793415,5.373500477967874,-0.6905907063114674,1
4283,6.1257622449650775,5.373500477967874,-0.7522617669972034,4
4284,6.120537036242118,6.477121254719663,0.3565842184775443,10
4285,6.181593010945206,6.477121254719663,0.29552824377445663,6
4286,5.966661117526733,6.477121254719663,0.51046013719293,5
4287,6.044875890146447,6.477121254719663,0.43224536457321516,2
4288,6.20251683524861,6.477121254719663,0.27460441947105263,7
4289,6.296791666904086,6.477121254719663,0.18032958781557618,3
4290,6.093909376827007,6.477121254719663,0.38321187789265565,4
4291,6.018090423257473,6.477121254719663,0.45903083146219004,1
4292,6.163048002022213,6.477121254719663,0.31407325269744923,9
4293,5.954491756042429,5.283301228703549,-0.6711905273388794,5
4294,5.6147395027653255,5.283301228703549,-0.3314382740617763,6
4295,5.913445979104122,5.283301228703549,-0.6301447504005724,9
4296,5.771230188018477,5.283301228703549,-0.4879289593149281,3
4297,5.524824024584176,5.283301228703549,-0.24152279588062697,2
4298,5.565886185666961,5.283301228703549,-0.28258495696341157,10
4299,5.730895732498009,5.283301228703549,-0.44759450379446,7
4300,5.512123156140559,5.283301228703549,-0.2288219274370098,1
4301,5.8028113683349964,5.283301228703549,-0.5195101396314472,8
4302,5.206104709296551,6.176091259055681,0.9699865497591302,2
4303,5.4275492025071665,6.176091259055681,0.7485420565485148,8
4304,5.654520212373286,6.176091259055681,0.5215710466823955,4
4305,5.550926991820341,6.176091259055681,0.6251642672353404,9
4306,5.421623623986725,6.176091259055681,0.7544676350689565,7
4307,5.425362315261626,6.176091259055681,0.750728943794055,5
4308,5.1955168075116545,6.176091259055681,0.9805744515440269,10
4309,5.28812428607055,6.176091259055681,0.8879669729851312,3
4310,5.292061494556769,6.176091259055681,0.8840297644989121,6
4311,6.236763489789072,6.57978359661681,0.34302010682773787,7
4312,5.882631226947767,6.57978359661681,0.6971523696690429,4
4313,6.085379878473688,6.57978359661681,0.494403718143122,3
4314,6.1677731655842996,6.57978359661681,0.41201043103251056,6
4315,6.035045016441495,6.57978359661681,0.5447385801753155,2
4316,5.9153696480393085,6.57978359661681,0.6644139485775016,8
4317,6.132984969726592,6.57978359661681,0.4467986268902182,9
4318,5.961855907074548,6.57978359661681,0.6179276895422623,5
4319,6.115155749421769,6.57978359661681,0.46462784719504135,10
4320,6.160672255558263,5.845098040014257,-0.31557421554400644,9
4321,5.962842122308977,5.845098040014257,-0.11774408229472044,1
4322,6.04680602677684,5.845098040014257,-0.2017079867625835,5
4323,6.098862428516269,5.845098040014257,-0.2537643885020122,10
4324,6.038259922694228,5.845098040014257,-0.1931618826799708,4
4325,6.048217251998327,5.845098040014257,-0.20311921198407035,8
4326,5.998820646240883,5.845098040014257,-0.15372260622662637,2
4327,6.236005475466555,5.845098040014257,-0.39090743545229767,7
4328,6.1910987144474,5.845098040014257,-0.3460006744331432,3
4329,5.586674877658425,5.62797998982998,0.04130511217155419,5
4330,5.538230708621597,5.62797998982998,0.08974928120838221,3
4331,5.459741783180841,5.62797998982998,0.16823820664913836,7
4332,5.60390235634812,5.62797998982998,0.024077633481859984,4
4333,5.441827457798258,5.62797998982998,0.18615253203172166,9
4334,5.648870341479907,5.62797998982998,-0.020890351649927474,8
4335,5.303227635097127,5.62797998982998,0.324752354732853,10
4336,5.276334064127051,5.62797998982998,0.35164592570292896,1
4337,5.302101574127256,5.62797998982998,0.32587841570272325,6
4338,5.982546646258882,6.146128035678238,0.16358138941935607,3
4339,5.941975846630761,6.146128035678238,0.2041521890474769,10
4340,5.9168076948692825,6.146128035678238,0.2293203408089557,4
4341,5.970206906911728,6.146128035678238,0.17592112876651012,6
4342,5.934641286666781,6.146128035678238,0.21148674901145714,7
4343,5.68378499399852,6.146128035678238,0.46234304167971807,1
4344,5.956748331068808,6.146128035678238,0.1893797046094301,8
4345,5.955378914718146,6.146128035678238,0.190749120960092,9
4346,5.908199019727777,6.146128035678238,0.2379290159504608,5
4347,5.5353238082815865,6.528736777724652,0.9934129694430656,7
4348,5.299261783990839,6.528736777724652,1.2294749937338132,2
4349,5.702296885202406,6.528736777724652,0.826439892522246,9
4350,5.746534015805866,6.528736777724652,0.7822027619187857,5
4351,5.91524100383441,6.528736777724652,0.613495773890242,3
4352,5.880576785948818,6.528736777724652,0.6481599917758345,4
4353,6.064175578963458,6.528736777724652,0.46456119876119395,8
4354,5.423488962565494,6.528736777724652,1.1052478151591583,6
4355,5.488705938017135,6.528736777724652,1.0400308397075175,10
4356,5.925494770690313,6.32221929473392,0.3967245240436075,2
4357,5.9743270505155435,6.32221929473392,0.34789224421837694,7
4358,6.257320192047431,6.32221929473392,0.06489910268648913,8
4359,6.083164670501278,6.32221929473392,0.2390546242326428,1
4360,6.147508485991787,6.32221929473392,0.17471080874213385,9
4361,6.01118278694966,6.32221929473392,0.3110365077842605,6
4362,6.135896679108034,6.32221929473392,0.1863226156258868,4
4363,6.140611609153069,6.32221929473392,0.18160768558085127,3
4364,6.23282353399012,6.32221929473392,0.08939576074380007,5
4365,6.1111322184985015,6.184691430817598,0.0735592123190969,2
4366,6.325535156214829,6.184691430817598,-0.14084372539723056,8
4367,6.241154662108293,6.184691430817598,-0.05646323129069497,10
4368,6.305865948787682,6.184691430817598,-0.1211745179700836,7
4369,6.151091609952578,6.184691430817598,0.033599820865020114,6
4370,6.377409857892537,6.184691430817598,-0.19271842707493825,5
4371,6.396737582263282,6.184691430817598,-0.2120461514456835,9
4372,6.3025907449173175,6.184691430817598,-0.1178993140997191,1
4373,6.391537686055341,6.184691430817598,-0.20684625523774258,4
4374,6.131968688870037,6.6020599913279625,0.4700913024579254,6
4375,6.043224691902521,6.6020599913279625,0.5588352994254411,8
4376,6.184134024793028,6.6020599913279625,0.4179259665349342,9
4377,6.082467851825673,6.6020599913279625,0.5195921395022891,5
4378,6.039127507933602,6.6020599913279625,0.5629324833943601,4
4379,6.022719325757006,6.6020599913279625,0.5793406655709568,1
4380,6.166955249169157,6.6020599913279625,0.43510474215880546,3
4381,6.228025153555989,6.6020599913279625,0.37403483777197355,7
4382,6.136571847853878,6.6020599913279625,0.46548814347408474,10
4383,6.176368833735064,5.900312496983727,-0.27605633675133756,7
4384,6.077745019021936,5.900312496983727,-0.17743252203820958,5
4385,6.0625142548509405,5.900312496983727,-0.1622017578672139,1
4386,6.112441698508905,5.900312496983727,-0.21212920152517878,9
4387,5.947360683818309,5.900312496983727,-0.04704818683458267,2
4388,6.185769732790506,5.900312496983727,-0.2854572358067795,6
4389,6.052679204310979,5.900312496983727,-0.15236670732725255,4
4390,6.1025559403170355,5.900312496983727,-0.2022434433333089,3
4391,6.1381979572151835,5.900312496983727,-0.23788546023145685,10
4392,5.763299745520065,6.108226656374929,0.3449269108548636,1
4393,5.878270775736958,6.108226656374929,0.2299558806379709,5
4394,5.740362831229326,6.108226656374929,0.36786382514560323,8
4395,5.660311911488608,6.108226656374929,0.44791474488632055,2
4396,5.828583708720323,6.108226656374929,0.2796429476546054,10
4397,5.96294182914648,6.108226656374929,0.1452848272284486,4
4398,5.748810857253343,6.108226656374929,0.35941579912158605,6
4399,5.764358422215785,6.108226656374929,0.34386823415914414,7
4400,5.716906131903121,6.108226656374929,0.39132052447180765,3
4401,6.06584860514752,6.385606273598312,0.31975766845079256,3
4402,5.966827164275961,6.385606273598312,0.41877910932235096,6
4403,5.882856748992948,6.385606273598312,0.5027495246053642,2
4404,6.178227937000038,6.385606273598312,0.20737833659827398,5
4405,5.951368770998594,6.385606273598312,0.43423750259971783,7
4406,6.110479029198349,6.385606273598312,0.27512724439996283,9
4407,6.1452578657236545,6.385606273598312,0.2403484078746576,4
4408,6.065779238991622,6.385606273598312,0.31982703460669004,1
4409,6.010195003843738,6.385606273598312,0.37541126975457395,10
4410,5.981131051211652,6.585460729508501,0.6043296782968488,4
4411,5.858853701020272,6.585460729508501,0.7266070284882291,6
4412,5.936271703389099,6.585460729508501,0.6491890261194024,5
4413,5.899602232097879,6.585460729508501,0.6858584974106217,7
4414,5.92817175120229,6.585460729508501,0.6572889783062115,10
4415,5.9188313324426876,6.585460729508501,0.6666293970658135,3
4416,5.9351736127547285,6.585460729508501,0.6502871167537725,8
4417,5.93653490288381,6.585460729508501,0.6489258266246907,1
4418,5.966821488992596,6.585460729508501,0.6186392405159049,9
4419,5.919446612188753,6.271841606536499,0.3523949943477458,8
4420,5.770074887555374,6.271841606536499,0.5017667189811243,2
4421,5.944636843951707,6.271841606536499,0.3272047625847918,9
4422,5.888761638156687,6.271841606536499,0.3830799683798114,6
4423,5.95872822870163,6.271841606536499,0.3131133778348687,4
4424,5.949060742072667,6.271841606536499,0.3227808644638319,5
4425,5.859638991230814,6.271841606536499,0.41220261530568436,10
4426,5.927146274541581,6.271841606536499,0.34469533199491753,3
4427,5.915317952983369,6.271841606536499,0.35652365355313,1
4428,6.180949699018624,6.401572845676446,0.22062314665782168,6
4429,6.200635991997068,6.401572845676446,0.2009368536793783,3
4430,5.989481778775693,6.401572845676446,0.4120910669007527,8
4431,6.148309762788312,6.401572845676446,0.25326308288813415,1
4432,6.036630946401104,6.401572845676446,0.36494189927534215,2
4433,6.147881426755342,6.401572845676446,0.2536914189211039,7
4434,6.012717149461915,6.401572845676446,0.38885569621453087,4
4435,6.2988245344080545,6.401572845676446,0.10274831126839157,9
4436,6.114918163655172,6.401572845676446,0.28665468202127364,5
4437,4.7887771495856475,3.724275869600789,-1.0645012799848583,4
4438,4.837191363071441,3.724275869600789,-1.112915493470652,7
4439,4.930674661852087,3.724275869600789,-1.2063987922512975,9
4440,4.75932891591417,3.724275869600789,-1.0350530463133811,5
4441,4.82173203726434,3.724275869600789,-1.0974561676635508,10
4442,5.034286909111811,3.724275869600789,-1.3100110395110223,6
4443,4.869333825117818,3.724275869600789,-1.1450579555170286,8
4444,4.682727363425132,3.724275869600789,-0.9584514938243425,2
4445,4.691427613745919,3.724275869600789,-0.9671517441451298,3
4446,5.068372505843469,6.176091259055681,1.107718753212212,10
4447,5.675927545399297,6.176091259055681,0.5001637136563843,8
4448,5.133154270309912,6.176091259055681,1.0429369887457698,5
4449,5.42189533895685,6.176091259055681,0.7541959200988311,4
4450,5.246730449751135,6.176091259055681,0.929360809304546,6
4451,5.247911521784366,6.176091259055681,0.9281797372713152,7
4452,5.266453811267988,6.176091259055681,0.9096374477876932,3
4453,5.350203758155065,6.176091259055681,0.8258875009006159,9
4454,4.781425949765003,6.176091259055681,1.3946653092906782,1
4455,4.4394222503715906,6.176091259055681,1.7366690086840908,10
4456,4.1637659676427825,6.176091259055681,2.012325291412899,7
4457,4.392101502925402,6.176091259055681,1.7839897561302793,2
4458,4.904025955036215,6.176091259055681,1.272065304019466,8
4459,4.22553878263865,6.176091259055681,1.9505524764170312,5
4460,4.260779212165456,6.176091259055681,1.9153120468902252,1
4461,4.298324961975121,6.176091259055681,1.8777662970805604,4
4462,4.381415971965764,6.176091259055681,1.794675287089917,9
4463,4.416187736660539,6.176091259055681,1.7599035223951427,6
4464,6.26626025118556,6.301029995663981,0.03476974447842096,2
4465,5.94504820757996,6.301029995663981,0.35598178808402103,3
4466,6.2677067314205965,6.301029995663981,0.03332326424338472,10
4467,6.292791131588158,6.301029995663981,0.00823886407582286,7
4468,6.03891768551646,6.301029995663981,0.2621123101475211,4
4469,6.0865615465653535,6.301029995663981,0.21446844909862772,5
4470,6.483345306919452,6.301029995663981,-0.18231531125547118,6
4471,6.196219827729111,6.301029995663981,0.10481016793487008,1
4472,6.242882133023245,6.301029995663981,0.05814786264073657,9
4473,5.709334291193209,5.04688519083771,-0.6624491003554995,4
4474,5.774069709466808,5.04688519083771,-0.7271845186290982,3
4475,6.061233621496604,5.04688519083771,-1.0143484306588944,8
4476,6.179930403552969,5.04688519083771,-1.1330452127152597,10
4477,6.370365827764663,5.04688519083771,-1.323480636926953,6
4478,5.978034712487982,5.04688519083771,-0.9311495216502719,5
4479,6.158608467062129,5.04688519083771,-1.111723276224419,1
4480,6.291427194979392,5.04688519083771,-1.2445420041416826,9
4481,6.24393793126957,5.04688519083771,-1.19705274043186,7
4482,6.149890559048818,6.068185861746161,-0.08170469730265673,5
4483,6.261498016702355,6.068185861746161,-0.19331215495619336,10
4484,6.374732621492215,6.068185861746161,-0.3065467597460536,6
4485,6.248618306003453,6.068185861746161,-0.180432444257292,2
4486,6.154389975216198,6.068185861746161,-0.08620411347003643,1
4487,6.261057480162379,6.068185861746161,-0.19287161841621803,9
4488,6.205859630728562,6.068185861746161,-0.1376737689824008,4
4489,6.249255972340783,6.068185861746161,-0.18107011059462153,8
4490,6.038731392360786,6.068185861746161,0.029454469385375326,3
4491,5.807913487795813,6.181843587944773,0.3739301001489599,10
4492,5.941392812307461,6.181843587944773,0.24045077563731176,3
4493,6.0642519062811875,6.181843587944773,0.11759168166358513,8
4494,6.00152970493388,6.181843587944773,0.1803138830108928,5
4495,6.006979624502447,6.181843587944773,0.17486396344232524,4
4496,6.09321545681491,6.181843587944773,0.08862813112986245,9
4497,5.914266841411578,6.181843587944773,0.2675767465331944,6
4498,5.9397218963668825,6.181843587944773,0.2421216915778901,2
4499,5.792329509687503,6.181843587944773,0.38951407825726925,1
4500,6.216584976502208,6.32221929473392,0.10563431823171232,3
4501,6.189507248209898,6.32221929473392,0.13271204652402258,1
4502,6.161318151071101,6.32221929473392,0.16090114366281938,7
4503,6.1869379795817805,6.32221929473392,0.13528131515213992,2
4504,6.0969862240352235,6.32221929473392,0.2252330706986969,10
4505,6.244152365032892,6.32221929473392,0.0780669297010288,9
4506,6.020576154765369,6.32221929473392,0.30164313996855174,5
4507,6.284073389526179,6.32221929473392,0.03814590520774175,6
4508,6.0659065457166035,6.32221929473392,0.25631274901731693,8
4509,6.230875334911036,6.855525212731306,0.6246498778202705,10
4510,6.050063392637666,6.855525212731306,0.8054618200936403,3
4511,6.265186783088695,6.855525212731306,0.5903384296426113,9
4512,6.113694944499291,6.855525212731306,0.7418302682320155,4
4513,6.2019188216178485,6.855525212731306,0.653606391113458,1
4514,6.20549973591731,6.855525212731306,0.6500254768139966,2
4515,6.415899436121629,6.855525212731306,0.4396257766096774,6
4516,6.003320181082205,6.855525212731306,0.8522050316491017,5
4517,6.077102674300076,6.855525212731306,0.7784225384312302,8
4518,5.805174702411546,6.342422680822207,0.5372479784106607,2
4519,5.7249156173247115,6.342422680822207,0.6175070634974951,5
4520,5.758927424889474,6.342422680822207,0.5834952559327329,8
4521,5.912896605628405,6.342422680822207,0.4295260751938015,9
4522,5.631748679053477,6.342422680822207,0.7106740017687292,3
4523,5.759971004392443,6.342422680822207,0.5824516764297636,4
4524,5.9038084930073,6.342422680822207,0.438614187814907,6
4525,5.974755482994039,6.342422680822207,0.36766719782816804,7
4526,5.678632736808636,6.342422680822207,0.6637899440135708,1
4527,6.401470638908614,6.447158031342219,0.045687392433605645,2
4528,6.251471911912183,6.447158031342219,0.19568611943003678,8
4529,6.445545341250413,6.447158031342219,0.0016126900918065346,7
4530,6.378743336117512,6.447158031342219,0.06841469522470778,10
4531,6.202746051606432,6.447158031342219,0.2444119797357871,3
4532,6.5664371111322275,6.447158031342219,-0.11927907979000807,6
4533,6.186343285835741,6.447158031342219,0.26081474550647865,4
4534,6.360603757780714,6.447158031342219,0.08655427356150547,1
4535,6.379109113433539,6.447158031342219,0.06804891790868073,9
4536,6.24171060101718,6.491361693834273,0.24965109281709275,4
4537,6.396286256880951,6.491361693834273,0.09507543695332199,9
4538,6.309892908818617,6.491361693834273,0.18146878501565578,5
4539,6.32062113300386,6.491361693834273,0.17074056083041267,10
4540,6.287484177552645,6.491361693834273,0.20387751628162842,2
4541,6.2814274396790255,6.491361693834273,0.20993425415524758,8
4542,6.4632851211475835,6.491361693834273,0.028076572686689616,6
4543,6.305935585368558,6.491361693834273,0.18542610846571517,3
4544,6.32684801176131,6.491361693834273,0.1645136820729629,1
4545,5.867248807606814,6.32221929473392,0.4549704871271061,4
4546,5.85440179055712,6.32221929473392,0.4678175041768,10
4547,5.838878358663724,6.32221929473392,0.48334093607019657,1
4548,6.103972308621473,6.32221929473392,0.21824698611244742,6
4549,5.972184302685943,6.32221929473392,0.35003499204797706,7
4550,6.177682029842168,6.32221929473392,0.14453726489175267,9
4551,5.870158157461783,6.32221929473392,0.45206113727213726,2
4552,5.950157487383947,6.32221929473392,0.3720618073499731,3
4553,5.868080332377416,6.32221929473392,0.4541389623565042,8
4554,5.998573951025535,7.0,1.0014260489744649,4
4555,6.203579232238242,7.0,0.7964207677617576,2
4556,6.140474371389067,7.0,0.8595256286109327,5
4557,6.063686378515531,7.0,0.9363136214844694,3
4558,6.293224990054321,7.0,0.7067750099456793,9
4559,6.36521610868434,7.0,0.63478389131566,6
4560,6.261838759116579,7.0,0.7381612408834206,7
4561,6.1686798965545595,7.0,0.8313201034454405,10
4562,6.140949045270671,7.0,0.8590509547293292,8
4563,6.294165247428389,6.357934847000454,0.06376959957206463,8
4564,6.078114585465887,6.357934847000454,0.2798202615345673,10
4565,6.1404799525030676,6.357934847000454,0.21745489449738642,7
4566,6.089084124116089,6.357934847000454,0.2688507228843653,2
4567,6.111586149013287,6.357934847000454,0.24634869798716696,5
4568,5.9320530025038085,6.357934847000454,0.42588184449664546,1
4569,6.15946879615707,6.357934847000454,0.19846605084338353,9
4570,6.081994127876336,6.357934847000454,0.2759407191241179,4
4571,6.1935773968420325,6.357934847000454,0.16435745015842151,3
4572,6.268666861235771,6.309757882316366,0.041091021080594814,5
4573,6.142256459611417,6.309757882316366,0.16750142270494894,3
4574,6.4631705157907176,6.309757882316366,-0.15341263347435152,7
4575,6.289794130087888,6.309757882316366,0.01996375222847835,1
4576,6.279704034377291,6.309757882316366,0.030053847939075062,8
4577,6.383315508724935,6.309757882316366,-0.07355762640856867,9
4578,6.319832703914553,6.309757882316366,-0.010074821598187178,2
4579,6.154021326745519,6.309757882316366,0.1557365555708472,4
4580,6.511729324133687,6.309757882316366,-0.20197144181732085,6
4581,6.122454558901777,5.751510050270041,-0.37094450863173556,5
4582,6.302278409421427,5.751510050270041,-0.5507683591513857,6
4583,6.2736226796950465,5.751510050270041,-0.5221126294250054,3
4584,6.193914562963401,5.751510050270041,-0.44240451269335956,7
4585,6.249897747848131,5.751510050270041,-0.49838769757808965,4
4586,6.093822042589801,5.751510050270041,-0.34231199231976017,1
4587,6.12584643890482,5.751510050270041,-0.374336388634779,10
4588,6.124474527698978,5.751510050270041,-0.3729644774289369,2
4589,6.255099529286055,5.751510050270041,-0.5035894790160143,8
4590,5.817005689225671,6.290034611362518,0.4730289221368471,9
4591,5.846239449621344,6.290034611362518,0.44379516174117395,4
4592,6.062421879030161,6.290034611362518,0.22761273233235713,6
4593,5.939817687645307,6.290034611362518,0.3502169237172117,3
4594,5.824407901646185,6.290034611362518,0.46562670971633313,2
4595,5.892445537664377,6.290034611362518,0.3975890736981409,7
4596,5.69819555300214,6.290034611362518,0.5918390583603781,1
4597,5.882012479185079,6.290034611362518,0.40802213217743954,8
4598,5.815173750284404,6.290034611362518,0.4748608610781142,5
4599,6.160498681903455,6.301029995663981,0.1405313137605262,1
4600,6.217095607324472,6.301029995663981,0.08393438833950917,3
4601,6.1348608949793135,6.301029995663981,0.16616910068466773,4
4602,6.185630401841256,6.301029995663981,0.11539959382272524,2
4603,6.311976348687483,6.301029995663981,-0.010946353023501665,7
4604,6.210936795320204,6.301029995663981,0.09009320034377755,10
4605,6.284703288800906,6.301029995663981,0.016326706863075025,9
4606,6.1984225450137655,6.301029995663981,0.1026074506502157,5
4607,6.280055629823871,6.301029995663981,0.020974365840110032,6
4608,6.351311507089073,6.073351702386901,-0.27795980470217163,4
4609,6.429721890730754,6.073351702386901,-0.3563701883438526,3
4610,6.50778215199149,6.073351702386901,-0.434430449604589,5
4611,6.478650952209272,6.073351702386901,-0.4052992498223711,6
4612,6.511982266350651,6.073351702386901,-0.43863056396374933,7
4613,6.392055693337191,6.073351702386901,-0.31870399095029,1
4614,6.614221034024266,6.073351702386901,-0.5408693316373645,9
4615,6.405218750919691,6.073351702386901,-0.33186704853279014,2
4616,6.357219850735371,6.073351702386901,-0.2838681483484695,10
4617,6.2171475677604935,6.057099097526547,-0.16004847023394664,3
4618,6.3556159614889065,6.057099097526547,-0.29851686396235966,7
4619,6.297828938139327,6.057099097526547,-0.24072984061278024,9
4620,5.961586334795611,6.057099097526547,0.09551276273093556,4
4621,6.228608029402282,6.057099097526547,-0.17150893187573502,5
4622,6.255100399587742,6.057099097526547,-0.19800130206119526,2
4623,6.234831222627057,6.057099097526547,-0.17773212510051017,10
4624,6.065038427259879,6.057099097526547,-0.007939329733332556,8
4625,6.348404950872121,6.057099097526547,-0.29130585334557413,6
4626,6.300049831837714,6.186278103445368,-0.1137717283923454,9
4627,6.2804772609059505,6.186278103445368,-0.09419915746058205,3
4628,6.2547956107225025,6.186278103445368,-0.06851750727713402,5
4629,6.215773355419575,6.186278103445368,-0.02949525197420666,8
4630,6.195641822031827,6.186278103445368,-0.009363718586458347,2
4631,6.188114565872386,6.186278103445368,-0.0018364624270175156,1
4632,6.256995325154801,6.186278103445368,-0.07071722170943229,6
4633,6.195200571030381,6.186278103445368,-0.008922467585012583,10
4634,6.330669851282093,6.186278103445368,-0.1443917478367247,7
4635,6.232866330270301,6.301029995663981,0.0681636653936799,3
4636,6.028065854316628,6.301029995663981,0.27296414134735336,1
4637,6.267374287682138,6.301029995663981,0.033655707981843364,6
4638,6.183932129387754,6.301029995663981,0.11709786627622698,4
4639,6.0853997999048675,6.301029995663981,0.2156301957591138,9
4640,6.152822556344065,6.301029995663981,0.14820743931991665,10
4641,6.073209362610895,6.301029995663981,0.22782063305308586,5
4642,6.067565645277409,6.301029995663981,0.23346435038657187,2
4643,6.248476221523026,6.301029995663981,0.05255377414095541,7
4644,6.590871416267953,6.477555332198981,-0.11331608406897242,7
4645,6.252654640731069,6.477555332198981,0.22490069146791214,8
4646,6.5458652911977575,6.477555332198981,-0.06830995899877657,10
4647,6.419929911656852,6.477555332198981,0.057625420542128936,5
4648,6.321432145649965,6.477555332198981,0.15612318654901625,3
4649,6.743271726174478,6.477555332198981,-0.26571639397549696,6
4650,6.515812282441127,6.477555332198981,-0.038256950242145926,1
4651,6.510176342006736,6.477555332198981,-0.032621009807755286,2
4652,6.605555702404641,6.477555332198981,-0.12800037020566002,9
4653,5.758767889978182,5.99563519459755,0.2368673046193681,2
4654,5.6879147253529325,5.99563519459755,0.30772046924461716,3
4655,5.925346529995669,5.99563519459755,0.07028866460188077,9
4656,5.9670535993452365,5.99563519459755,0.028581595252313186,6
4657,5.710802370895,5.99563519459755,0.2848328237025495,10
4658,5.623098124945583,5.99563519459755,0.3725370696519663,1
4659,5.944307705495151,5.99563519459755,0.05132748910239826,4
4660,5.895433504001019,5.99563519459755,0.10020169059653039,5
4661,5.903690150232891,5.99563519459755,0.09194504436465856,7
4662,6.183104621051004,6.204119982655925,0.021015361604921345,8
4663,6.069594730707993,6.204119982655925,0.13452525194793186,9
4664,6.164530428614229,6.204119982655925,0.039589554041696395,4
4665,5.890791037245093,6.204119982655925,0.31332894541083167,5
4666,6.013247320218412,6.204119982655925,0.19087266243751344,10
4667,5.854559244646466,6.204119982655925,0.3495607380094592,2
4668,6.075177107808565,6.204119982655925,0.12894287484736022,6
4669,6.3148102101188,6.204119982655925,-0.11069022746287516,3
4670,5.997397038084411,6.204119982655925,0.2067229445715144,7
4671,5.626161237467059,6.089905111439398,0.46374387397233896,3
4672,5.917692074932811,6.089905111439398,0.17221303650658726,9
4673,5.7306620425953305,6.089905111439398,0.35924306884406754,1
4674,5.755116543529663,6.089905111439398,0.3347885679097349,10
4675,5.928804871048134,6.089905111439398,0.16110024039126447,7
4676,5.865296016957424,6.089905111439398,0.2246090944819743,2
4677,5.801019431079446,6.089905111439398,0.288885680359952,8
4678,5.624454048770873,6.089905111439398,0.4654510626685253,5
4679,5.733941661095477,6.089905111439398,0.3559634503439213,4
4680,5.879589206480193,5.043755126968679,-0.835834079511514,5
4681,5.786146673097517,5.043755126968679,-0.7423915461288377,4
4682,5.923040545688877,5.043755126968679,-0.8792854187201975,8
4683,5.7392740125721105,5.043755126968679,-0.6955188856034313,3
4684,5.953420994913962,5.043755126968679,-0.9096658679452831,1
4685,6.204099665693852,5.043755126968679,-1.1603445387251732,6
4686,5.995450724975824,5.043755126968679,-0.9516955980071451,2
4687,6.069671149252359,5.043755126968679,-1.0259160222836803,7
4688,5.929328219409727,5.043755126968679,-0.8855730924410476,9
4689,6.092208711137646,6.394451680826216,0.30224296968857,1
4690,5.95845437786883,6.394451680826216,0.4359973029573858,10
4691,6.272112238271242,6.394451680826216,0.1223394425549742,6
4692,6.268906931872128,6.394451680826216,0.12554474895408774,2
4693,5.562372216805576,6.394451680826216,0.8320794640206399,4
4694,5.449944709073439,6.394451680826216,0.9445069717527765,5
4695,6.164802552292493,6.394451680826216,0.22964912853372255,7
4696,5.46837115543046,6.394451680826216,0.926080525395756,3
4697,5.93417781002909,6.394451680826216,0.4602738707971259,9
4698,4.018209914853559,3.397940008672037,-0.6202699061815218,8
4699,4.10364680031842,3.397940008672037,-0.7057067916463828,3
4700,4.0299639665971405,3.397940008672037,-0.6320239579251035,10
4701,4.1036268446276365,3.397940008672037,-0.7056868359555994,7
4702,4.019080610789299,3.397940008672037,-0.6211406021172619,6
4703,3.9092166709273166,3.397940008672037,-0.5112766622552796,5
4704,3.7945583633727207,3.397940008672037,-0.39661835470068363,9
4705,3.7183947183650066,3.397940008672037,-0.3204547096929695,4
4706,3.8092905991262382,3.397940008672037,-0.4113505904542012,2
4707,5.518403744325624,6.491361693834273,0.9729579495086487,1
4708,6.328325691350465,6.491361693834273,0.16303600248380778,3
4709,5.429752221133362,6.491361693834273,1.061609472700911,10
4710,5.431628802487988,6.491361693834273,1.0597328913462851,6
4711,5.762035040087723,6.491361693834273,0.7293266537465497,9
4712,5.970278310856248,6.491361693834273,0.5210833829780253,4
4713,5.5857288492115105,6.491361693834273,0.9056328446227626,7
4714,5.458044823379221,6.491361693834273,1.0333168704550522,2
4715,5.96913148867772,6.491361693834273,0.5222302051565535,8
4716,5.618574519722724,5.078094150406411,-0.5404803693163132,1
4717,5.784539372534982,5.078094150406411,-0.7064452221285711,7
4718,5.518959909721011,5.078094150406411,-0.44086575931460015,8
4719,5.593909058062948,5.078094150406411,-0.5158149076565373,3
4720,5.649949995304666,5.078094150406411,-0.5718558448982547,10
4721,5.82477051765813,5.078094150406411,-0.7466763672517187,5
4722,5.860930628349915,5.078094150406411,-0.782836477943504,6
4723,5.606042148068221,5.078094150406411,-0.5279479976618102,2
4724,5.543926683761206,5.078094150406411,-0.4658325333547948,4
4725,5.989656388957911,5.12057393120585,-0.8690824577520617,6
4726,5.627061176697975,5.12057393120585,-0.5064872454921252,8
4727,5.628267438720684,5.12057393120585,-0.5076935075148343,4
4728,5.777384238545031,5.12057393120585,-0.6568103073391818,10
4729,5.7118389763466615,5.12057393120585,-0.5912650451408119,3
4730,5.901170680626774,5.12057393120585,-0.7805967494209245,7
4731,5.739782974946058,5.12057393120585,-0.6192090437402085,1
4732,5.761260911602604,5.12057393120585,-0.6406869803967545,2
4733,5.999425277148922,5.12057393120585,-0.8788513459430725,9
4734,5.3173926043884165,5.548757828573704,0.2313652241852875,9
4735,5.0924774054319295,5.548757828573704,0.4562804231417745,5
4736,5.219489127309505,5.548757828573704,0.3292687012641986,6
4737,5.364956647150378,5.548757828573704,0.18380118142332602,8
4738,5.00907484565337,5.548757828573704,0.5396829829203345,1
4739,5.209823958179166,5.548757828573704,0.3389338703945377,7
4740,5.265075369785385,5.548757828573704,0.2836824587883191,3
4741,5.028961607997811,5.548757828573704,0.519796220575893,10
4742,5.117695390455608,5.548757828573704,0.4310624381180963,4
4743,5.126145061465094,5.752048447819439,0.6259033863543451,1
4744,5.267903257374673,5.752048447819439,0.48414519044476556,4
4745,4.986814911265806,5.752048447819439,0.7652335365536329,2
4746,5.204915878848868,5.752048447819439,0.5471325689705706,6
4747,5.216044589593502,5.752048447819439,0.5360038582259365,7
4748,5.383964743511517,5.752048447819439,0.3680837043079217,9
4749,5.174062389673478,5.752048447819439,0.577986058145961,10
4750,5.255849953695289,5.752048447819439,0.4961984941241493,8
4751,5.369920280111637,5.752048447819439,0.3821281677078021,5
4752,5.100893275545592,5.698970004336019,0.598076728790427,8
4753,4.939985377804356,5.698970004336019,0.7589846265316629,2
4754,5.258544630383847,5.698970004336019,0.44042537395217174,6
4755,5.121891210865384,5.698970004336019,0.5770787934706352,10
4756,5.231791956376164,5.698970004336019,0.4671780479598544,9
4757,5.099018519767823,5.698970004336019,0.5999514845681961,4
4758,5.236929001201953,5.698970004336019,0.4620410031340656,5
4759,5.286996581446831,5.698970004336019,0.41197342288918737,7
4760,5.147156997079813,5.698970004336019,0.5518130072562055,1
4761,5.229337115193689,5.008600171761918,-0.22073694343177142,8
4762,5.632797841699731,5.008600171761918,-0.6241976699378133,5
4763,5.805993610402687,5.008600171761918,-0.7973934386407686,7
4764,5.82769881899397,5.008600171761918,-0.8190986472320523,10
4765,5.640497324683743,5.008600171761918,-0.6318971529218249,1
4766,4.986039994557752,5.008600171761918,0.022560177204166365,9
4767,5.205669141343428,5.008600171761918,-0.19706896958151,3
4768,6.095266382049759,5.008600171761918,-1.0866662102878406,6
4769,5.382676915076176,5.008600171761918,-0.3740767433142578,4
4770,5.890018613916524,6.0,0.10998138608347574,1
4771,6.05612157209582,6.0,-0.056121572095819694,7
4772,5.880754866879724,6.0,0.11924513312027596,2
4773,5.69334219363515,6.0,0.30665780636484996,8
4774,5.862187050182878,6.0,0.1378129498171221,4
4775,6.196006815515232,6.0,-0.1960068155152319,6
4776,5.92048388484052,6.0,0.0795161151594801,5
4777,5.991260319967032,6.0,0.008739680032967989,10
4778,5.605422943024324,6.0,0.3945770569756757,9
4779,5.520853993024825,4.534026106056135,-0.9868278869686895,2
4780,5.626497564388002,4.534026106056135,-1.0924714583318664,10
4781,5.3554976890759285,4.534026106056135,-0.8214715830197932,3
4782,5.719516737608699,4.534026106056135,-1.1854906315525637,7
4783,5.389276086513348,4.534026106056135,-0.8552499804572129,4
4784,5.938098552992129,4.534026106056135,-1.4040724469359933,6
4785,5.345773441461989,4.534026106056135,-0.8117473354058538,9
4786,5.542143872937952,4.534026106056135,-1.008117766881817,1
4787,5.2588763511366805,4.534026106056135,-0.7248502450805452,8
4788,5.5156724274179165,6.164352855784437,0.6486804283665206,6
4789,5.85473629404729,6.164352855784437,0.3096165617371476,7
4790,5.587704021163385,6.164352855784437,0.5766488346210519,2
4791,5.9106678874662295,6.164352855784437,0.25368496831820764,5
4792,5.2886348146354285,6.164352855784437,0.8757180411490086,9
4793,6.01996685092216,6.164352855784437,0.1443860048622767,8
4794,5.704300892412187,6.164352855784437,0.4600519633722504,3
4795,5.6726634408839915,6.164352855784437,0.4916894149004456,10
4796,5.668795875259315,6.164352855784437,0.4955569805251221,4
4797,6.165205362209757,6.552668216112194,0.38746285390243695,7
4798,6.085965632058539,6.552668216112194,0.46670258405365495,2
4799,5.916396621781159,6.552668216112194,0.6362715943310349,3
4800,6.167291313253108,6.552668216112194,0.3853769028590852,10
4801,6.321539063234087,6.552668216112194,0.23112915287810676,6
4802,5.828448095287274,6.552668216112194,0.7242201208249197,9
4803,6.093958268547531,6.552668216112194,0.458709947564663,8
4804,6.193325545359034,6.552668216112194,0.3593426707531595,1
4805,6.1842312200949765,6.552668216112194,0.36843699601721713,4
4806,5.798432842293336,6.423245873936808,0.6248130316434715,7
4807,5.981775450881859,6.423245873936808,0.4414704230549491,6
4808,5.112224113462215,6.423245873936808,1.3110217604745928,9
4809,5.7490972514203795,6.423245873936808,0.6741486225164284,5
4810,5.521850925301176,6.423245873936808,0.9013949486356321,8
4811,5.469378512204414,6.423245873936808,0.9538673617323941,4
4812,5.730970468046848,6.423245873936808,0.6922754058899603,10
4813,5.610566365602475,6.423245873936808,0.812679508334333,1
4814,5.333573876921992,6.423245873936808,1.0896719970148157,3
4815,5.583589052941585,6.079181246047625,0.49559219310603986,10
4816,6.047289858983038,6.079181246047625,0.031891387064587384,8
4817,5.799786270832638,6.079181246047625,0.2793949752149869,9
4818,5.392938585354691,6.079181246047625,0.6862426606929342,6
4819,5.665261836065183,6.079181246047625,0.4139194099824417,2
4820,6.036783989186903,6.079181246047625,0.042397256860722266,4
4821,5.720602043221305,6.079181246047625,0.35857920282631994,1
4822,5.680170320798998,6.079181246047625,0.3990109252486267,7
4823,5.795481822108287,6.079181246047625,0.2836994239393382,5
4824,6.414811204501597,6.9084850188786495,0.49367381437705227,8
4825,6.676591807167126,6.9084850188786495,0.23189321171152333,10
4826,6.399218982837694,6.9084850188786495,0.5092660360409553,2
4827,6.666172281668918,6.9084850188786495,0.24231273720973157,7
4828,5.677983724024799,6.9084850188786495,1.230501294853851,3
4829,6.589287313841963,6.9084850188786495,0.31919770503668676,9
4830,6.4786533546757905,6.9084850188786495,0.429831664202859,1
4831,6.3560679783430425,6.9084850188786495,0.552417040535607,4
4832,6.479735911264697,6.9084850188786495,0.42874910761395224,6
4833,6.142524815066883,6.913283901760418,0.770759086693535,5
4834,6.382826173836942,6.913283901760418,0.5304577279234763,6
4835,6.322393302075752,6.913283901760418,0.5908905996846663,4
4836,6.508716013410733,6.913283901760418,0.4045678883496855,3
4837,6.412675894317605,6.913283901760418,0.5006080074428132,10
4838,6.46195574165532,6.913283901760418,0.45132816010509824,9
4839,6.300146741470636,6.913283901760418,0.6131371602897824,1
4840,6.497643043343502,6.913283901760418,0.415640858416916,7
4841,6.300515468446483,6.913283901760418,0.6127684333139349,2
4842,6.399612351196663,6.079181246047625,-0.32043110514903805,6
4843,6.146736113863622,6.079181246047625,-0.06755486781599718,5
4844,6.313671525752798,6.079181246047625,-0.2344902797051729,8
4845,6.486135104209589,6.079181246047625,-0.4069538581619643,9
4846,6.332807524119552,6.079181246047625,-0.25362627807192695,4
4847,6.522312135608883,6.079181246047625,-0.44313088956125757,7
4848,6.474530096440021,6.079181246047625,-0.39534885039239587,10
4849,6.312688766350701,6.079181246047625,-0.23350752030307564,2
4850,6.381210835249765,6.079181246047625,-0.3020295892021396,3
4851,6.332807524119554,6.657055852857104,0.32424832873754994,4
4852,6.486135104209589,6.657055852857104,0.1709207486475144,9
4853,6.321043318859557,6.657055852857104,0.3360125339975468,1
4854,6.312688766350702,6.657055852857104,0.34436708650640213,2
4855,6.381210835249765,6.657055852857104,0.27584501760733904,3
4856,6.399612351196663,6.657055852857104,0.2574435016604406,6
4857,6.474530096440021,6.657055852857104,0.1825257564170828,10
4858,6.146736113863622,6.657055852857104,0.5103197389934815,5
4859,6.313671525752798,6.657055852857104,0.3433843271043058,8
4860,5.631466922020426,4.615097451301758,-1.0163694707186677,4
4861,5.488381301799838,4.615097451301758,-0.8732838504980798,10
4862,5.568158965277639,4.615097451301758,-0.9530615139758805,5
4863,5.947658363250806,4.615097451301758,-1.3325609119490478,8
4864,5.87967904688286,4.615097451301758,-1.2645815955811015,7
4865,5.123305264772949,4.615097451301758,-0.5082078134711905,3
4866,5.859199955278377,4.615097451301758,-1.2441025039766185,6
4867,5.604863580618072,4.615097451301758,-0.9897661293163136,2
4868,5.598904630309514,4.615097451301758,-0.9838071790077558,1
4869,6.126847069486077,6.962369335670021,0.8355222661839443,5
4870,5.746013343496823,6.962369335670021,1.2163559921731988,2
4871,5.886515531641952,6.962369335670021,1.0758538040280694,7
4872,6.4013016346301805,6.962369335670021,0.5610677010398408,3
4873,5.7572477314425345,6.962369335670021,1.2051216042274868,1
4874,6.059924574075052,6.962369335670021,0.9024447615949693,9
4875,6.582026797751487,6.962369335670021,0.38034253791853434,8
4876,5.67655518701564,6.962369335670021,1.2858141486543815,10
4877,6.451341942799587,6.962369335670021,0.5110273928704343,4
4878,6.01913860377458,6.57978359661681,0.5606449928422297,1
4879,5.984040347312303,6.57978359661681,0.5957432493045074,6
4880,6.300842328949542,6.57978359661681,0.27894126766726846,4
4881,6.371032589248455,6.57978359661681,0.20875100736835517,9
4882,5.864712689492839,6.57978359661681,0.7150709071239714,10
4883,6.220322501217896,6.57978359661681,0.35946109539891413,8
4884,5.892537272113498,6.57978359661681,0.6872463245033122,2
4885,6.174752964135238,6.57978359661681,0.405030632481572,7
4886,6.336049493759035,6.57978359661681,0.24373410285777553,3
4887,5.817934461274091,5.959041392321094,0.14110693104700278,10
4888,6.096553080492364,5.959041392321094,-0.13751168817127013,8
4889,6.262337896242053,5.959041392321094,-0.30329650392095875,5
4890,5.838815785094196,5.959041392321094,0.12022560722689768,1
4891,6.0218488011569,5.959041392321094,-0.06280740883580638,7
4892,6.228241984990151,5.959041392321094,-0.2692005926690575,3
4893,6.030454452649347,5.959041392321094,-0.07141306032825323,6
4894,6.150783287914137,5.959041392321094,-0.19174189559304278,9
4895,6.4003864099734304,5.959041392321094,-0.4413450176523366,4
4896,5.844444558667214,6.079181246047625,0.2347366873804111,6
4897,5.932032010840974,6.079181246047625,0.14714923520665124,9
4898,5.849005141106315,6.079181246047625,0.23017610494131002,7
4899,5.687975409816215,6.079181246047625,0.3912058362314097,5
4900,5.669321131553308,6.079181246047625,0.40986011449431725,2
4901,5.813252749047834,6.079181246047625,0.26592849699979126,4
4902,5.6038852839818105,6.079181246047625,0.4752959620658146,3
4903,5.998578073957308,6.079181246047625,0.08060317209031709,8
4904,5.553006664074562,6.079181246047625,0.5261745819730628,10
4905,6.327397677586666,6.857332496431268,0.5299348188446018,3
4906,6.139349981087567,6.857332496431268,0.7179825153437012,7
4907,6.05774730142805,6.857332496431268,0.7995851950032185,2
4908,6.453942290469138,6.857332496431268,0.40339020596212993,9
4909,5.999395901422651,6.857332496431268,0.8579365950086171,10
4910,6.384669416915915,6.857332496431268,0.47266307951535325,5
4911,6.428234066926522,6.857332496431268,0.4290984295047462,8
4912,6.249295459394574,6.857332496431268,0.6080370370366941,1
4913,6.513252943495451,6.857332496431268,0.34407955293581693,4
4914,5.915142097645238,7.012837224705172,1.097695127059934,9
4915,5.9181839140646275,7.012837224705172,1.0946533106405445,3
4916,5.796424533188553,7.012837224705172,1.2164126915166191,5
4917,5.531331075159173,7.012837224705172,1.4815061495459991,1
4918,6.142551744500298,7.012837224705172,0.8702854802048741,4
4919,5.921177087915896,7.012837224705172,1.091660136789276,7
4920,5.7515704166317505,7.012837224705172,1.2612668080734215,2
4921,5.392394985837142,7.012837224705172,1.62044223886803,10
4922,5.915789281617999,7.012837224705172,1.0970479430871727,6
4923,5.818883249749477,5.950364854376123,0.1314816046266465,3
4924,5.736445773493009,5.950364854376123,0.21391908088311418,4
4925,5.707631087691243,5.950364854376123,0.24273376668488034,9
4926,5.67681925095254,5.950364854376123,0.27354560342358347,7
4927,5.327519202010817,5.950364854376123,0.6228456523653065,10
4928,5.736364998840812,5.950364854376123,0.2139998555353113,6
4929,5.831210036500299,5.950364854376123,0.11915481787582394,8
4930,5.468193417531771,5.950364854376123,0.48217143684435193,2
4931,5.485632649347082,5.950364854376123,0.46473220502904145,1
4932,7.147100754476644,7.727541257028556,0.5804405025519124,2
4933,7.1263621279541365,7.727541257028556,0.6011791290744197,1
4934,7.0330333576826325,7.727541257028556,0.6945078993459237,6
4935,7.385716409014575,7.727541257028556,0.3418248480139816,10
4936,6.73874345878668,7.727541257028556,0.9887977982418761,7
4937,7.255070041094512,7.727541257028556,0.4724712159340445,8
4938,7.6945290110047635,7.727541257028556,0.03301224602379271,9
4939,7.27548053067856,7.727541257028556,0.4520607263499965,4
4940,7.480064973793676,7.727541257028556,0.2474762832348798,5
4941,6.480160931846872,7.176091259055681,0.6959303272088091,7
4942,6.808861897419951,7.176091259055681,0.3672293616357303,10
4943,6.698710272468093,7.176091259055681,0.47738098658758865,8
4944,6.513971727586979,7.176091259055681,0.6621195314687025,3
4945,6.627751592910848,7.176091259055681,0.548339666144833,4
4946,7.110359166728841,7.176091259055681,0.06573209232684007,9
4947,6.66165735712205,7.176091259055681,0.5144339019336313,6
4948,6.672063911804754,7.176091259055681,0.5040273472509273,1
4949,6.683095006315463,7.176091259055681,0.49299625274021874,2
4950,6.683095006315463,5.939758797292041,-0.7433362090234219,2
4951,6.66165735712205,5.939758797292041,-0.7218985598300094,6
4952,6.480160931846872,5.939758797292041,-0.5404021345548315,7
4953,6.513971727586979,5.939758797292041,-0.5742129302949381,3
4954,6.698710272468093,5.939758797292041,-0.758951475176052,8
4955,6.672063911804754,5.939758797292041,-0.7323051145127133,1
4956,6.86573017390269,5.939758797292041,-0.925971376610649,5
4957,6.808861897419951,5.939758797292041,-0.8691031001279104,10
4958,6.627751592910848,5.939758797292041,-0.6879927956188077,4
4959,7.075657307903311,6.592176757395867,-0.4834805505074442,5
4960,6.681967256120438,6.592176757395867,-0.08979049872457079,3
4961,6.842541219500553,6.592176757395867,-0.25036446210468544,4
4962,6.833840584261562,6.592176757395867,-0.241663826865695,7
4963,6.885140194227059,6.592176757395867,-0.29296343683119197,8
4964,6.929810321549601,6.592176757395867,-0.3376335641537338,2
4965,6.969098087843018,6.592176757395867,-0.3769213304471508,6
4966,7.226500382825038,6.592176757395867,-0.6343236254291709,9
4967,7.052791402920537,6.592176757395867,-0.4606146455246698,10
4968,5.091467038455493,5.136720567156407,0.045253528700913925,10
4969,5.221791883242691,5.136720567156407,-0.08507131608628438,7
4970,5.055662643458463,5.136720567156407,0.0810579236979434,4
4971,4.627347195206233,5.136720567156407,0.5093733719501738,5
4972,5.151427811654243,5.136720567156407,-0.014707244497836669,6
4973,5.495908499866876,5.136720567156407,-0.3591879327104692,9
4974,5.053837286557683,5.136720567156407,0.08288328059872363,3
4975,4.917180105745373,5.136720567156407,0.21954046141103412,8
4976,5.1397728910060465,5.136720567156407,-0.0030523238496398264,1
4977,5.225736584912298,6.200303182981585,0.9745665980692877,8
4978,4.979210787351181,6.200303182981585,1.2210923956304045,2
4979,4.971764184866541,6.200303182981585,1.2285389981150443,6
4980,5.523668430327997,6.200303182981585,0.6766347526535883,4
4981,4.9937200952923995,6.200303182981585,1.2065830876891859,1
4982,5.406056521480933,6.200303182981585,0.7942466615006527,9
4983,4.867251485220401,6.200303182981585,1.3330516977611842,10
4984,5.312080812330441,6.200303182981585,0.8882223706511443,3
4985,4.9754462628548,6.200303182981585,1.2248569201267854,7
4986,5.452212796584847,5.892094602690481,0.43988180610563354,9
4987,4.850034785977635,5.892094602690481,1.0420598167128459,5
4988,5.147390427702424,5.892094602690481,0.7447041749880565,1
4989,5.347001304363233,5.892094602690481,0.5450932983272478,4
4990,5.100597253972928,5.892094602690481,0.7914973487175532,10
4991,5.201101380140509,5.892094602690481,0.690993222549972,3
4992,5.290535418465026,5.892094602690481,0.6015591842254544,7
4993,5.329148581089702,5.892094602690481,0.5629460216007791,8
4994,5.219411582679673,5.892094602690481,0.6726830200108074,6
4995,7.414404869328889,6.826074802700826,-0.5883300666280631,9
4996,7.759497592043069,6.826074802700826,-0.9334227893422433,8
4997,7.059375573611188,6.826074802700826,-0.23330077091036205,7
4998,6.9781568810773695,6.826074802700826,-0.15208207837654353,2
4999,7.07983986451023,6.826074802700826,-0.2537650618094043,4
5000,7.212222072520835,6.826074802700826,-0.38614726982000924,5
5001,7.187255932173688,6.826074802700826,-0.36118112947286196,1
5002,7.189388384795683,6.826074802700826,-0.3633135820948574,10
5003,6.70214667584315,6.826074802700826,0.12392812685767574,6
5004,6.944108067436914,6.919078092376074,-0.025029975060840037,8
5005,6.3057457886138115,6.919078092376074,0.6133323037622622,2
5006,6.54149884470695,6.919078092376074,0.3775792476691233,1
5007,7.027280621397354,6.919078092376074,-0.10820252902128047,5
5008,6.189355401937436,6.919078092376074,0.7297226904386376,6
5009,6.966466131702507,6.919078092376074,-0.04738803932643343,3
5010,6.3834654823860895,6.919078092376074,0.5356126099899843,7
5011,6.537110210070995,6.919078092376074,0.38196788230507916,10
5012,7.102372685164265,6.919078092376074,-0.18329459278819105,4
5013,6.132981482302985,5.8750612633917,-0.257920218911285,3
5014,6.2254059513460325,5.8750612633917,-0.3503446879543324,10
5015,6.139549127241211,5.8750612633917,-0.26448786384951095,5
5016,6.616377259431636,5.8750612633917,-0.741315996039936,9
5017,6.023371783817184,5.8750612633917,-0.14831052042548354,4
5018,6.173999016994271,5.8750612633917,-0.298937753602571,2
5019,6.530927224207721,5.8750612633917,-0.6558659608160209,1
5020,6.330693976217183,5.8750612633917,-0.4556327128254827,6
5021,5.803319440146937,5.8750612633917,0.0717418232447633,8
5022,5.489547217350501,5.176091259055681,-0.31345595829481976,2
5023,5.592596467400244,5.176091259055681,-0.41650520834456284,4
5024,5.252593651625504,5.176091259055681,-0.0765023925698225,8
5025,5.83901277681221,5.176091259055681,-0.6629215177565291,7
5026,5.9579909841496415,5.176091259055681,-0.7818997250939601,9
5027,5.799606850982629,5.176091259055681,-0.6235155919269477,6
5028,4.924751774550428,5.176091259055681,0.25133948450525345,3
5029,5.700646391830729,5.176091259055681,-0.5245551327750473,1
5030,5.697716490233192,5.176091259055681,-0.5216252311775103,10
5031,6.69842105775814,6.644044492814749,-0.05437656494339116,9
5032,6.689021151255343,6.644044492814749,-0.04497665844059373,3
5033,6.723418118203278,6.644044492814749,-0.07937362538852888,4
5034,6.201071301744927,6.644044492814749,0.44297319106982247,1
5035,6.269744096857904,6.644044492814749,0.37430039595684494,10
5036,6.094519801783459,6.644044492814749,0.5495246910312899,2
5037,6.057570149566566,6.644044492814749,0.5864743432481827,6
5038,6.687544021758961,6.644044492814749,-0.04349952894421172,5
5039,6.398703099580449,6.644044492814749,0.24534139323430004,7
5040,2.0566331816402728,2.7781512503836434,0.7215180687433707,3
5041,2.273762704172161,2.7781512503836434,0.5043885462114823,4
5042,2.7626049719984374,2.7781512503836434,0.015546278385206058,2
5043,2.9597096608075066,2.7781512503836434,-0.18155841042386323,9
5044,2.3347819612278577,2.7781512503836434,0.44336928915578566,8
5045,2.65543975228407,2.7781512503836434,0.12271149809957338,5
5046,4.045781090244875,2.7781512503836434,-1.267629839861232,6
5047,3.1466193044255646,2.7781512503836434,-0.3684680540419212,7
5048,3.276088216344245,2.7781512503836434,-0.49793696596060144,10
5049,5.154838791476805,6.079181246047625,0.9243424545708203,2
5050,5.316470351347021,6.079181246047625,0.7627108947006045,6
5051,5.545276067284581,6.079181246047625,0.5339051787630442,9
5052,5.339407584170317,6.079181246047625,0.7397736618773081,4
5053,5.4972680132208644,6.079181246047625,0.5819132328267607,5
5054,5.423340359312553,6.079181246047625,0.6558408867350725,1
5055,5.808345957001356,6.079181246047625,0.2708352890462695,8
5056,5.240995259661868,6.079181246047625,0.8381859863857573,10
5057,5.43684666551626,6.079181246047625,0.6423345805313652,7
5058,2.884705370184074,3.0791812460476247,0.19447587586355075,8
5059,3.74279224274726,3.0791812460476247,-0.6636109966996355,9
5060,3.0636722718330227,3.0791812460476247,0.015508974214601956,3
5061,3.741406935106881,3.0791812460476247,-0.6622256890592562,7
5062,3.252043198998812,3.0791812460476247,-0.17286195295118745,5
5063,4.061707817459487,3.0791812460476247,-0.9825265714118623,6
5064,3.2609364728811796,3.0791812460476247,-0.18175522683355494,2
5065,2.6289265146609955,3.0791812460476247,0.4502547313866292,4
5066,3.4954978805887746,3.0791812460476247,-0.41631663454115,1
5067,5.694444334095444,6.283301228703549,0.5888568946081056,7
5068,5.255498404066476,6.283301228703549,1.0278028246370736,3
5069,5.631695454669848,6.283301228703549,0.6516057740337011,8
5070,5.306782384399785,6.283301228703549,0.9765188443037642,2
5071,5.630321404615889,6.283301228703549,0.6529798240876605,6
5072,5.731985934318519,6.283301228703549,0.5513152943850299,4
5073,5.774663074799476,6.283301228703549,0.508638153904073,5
5074,5.513001245698394,6.283301228703549,0.7702999830051551,1
5075,5.886626899661882,6.283301228703549,0.39667432904166766,9
5076,5.941970686794652,6.2878017299302265,0.34583104313557467,8
5077,5.255505612731017,6.2878017299302265,1.032296117199209,9
5078,4.905938933716199,6.2878017299302265,1.381862796214027,7
5079,5.706230978431746,6.2878017299302265,0.5815707514984805,3
5080,5.61317721796934,6.2878017299302265,0.6746245119608867,4
5081,5.348418620499676,6.2878017299302265,0.9393831094305503,5
5082,4.839796112333066,6.2878017299302265,1.4480056175971603,2
5083,4.972138535172475,6.2878017299302265,1.315663194757751,6
5084,4.932039599927625,6.2878017299302265,1.355762130002601,1
5085,6.132326177980918,5.536937022704674,-0.5953891552762443,5
5086,6.137930615700185,5.536937022704674,-0.6009935929955112,8
5087,6.104195527742349,5.536937022704674,-0.5672585050376755,4
5088,6.251362080211424,5.536937022704674,-0.7144250575067499,2
5089,6.592116845557915,5.536937022704674,-1.0551798228532414,7
5090,6.314316336497044,5.536937022704674,-0.7773793137923706,6
5091,6.627336205447167,5.536937022704674,-1.0903991827424937,9
5092,6.346439720449535,5.536937022704674,-0.8095026977448612,1
5093,5.5388672699235055,5.536937022704674,-0.0019302472188318376,3
5094,5.799606850982629,6.301029995663981,0.5014231446813522,6
5095,5.700646391830729,6.301029995663981,0.6003836038332526,1
5096,5.9579909841496415,6.301029995663981,0.3430390115143398,9
5097,5.83901277681221,6.301029995663981,0.46201721885177083,7
5098,4.924751774550428,6.301029995663981,1.3762782211135534,3
5099,5.252593651625504,6.301029995663981,1.0484363440384774,8
5100,5.592596467400244,6.301029995663981,0.7084335282637371,4
5101,5.707350661465866,6.301029995663981,0.5936793341981152,5
5102,5.69771649023319,6.301029995663981,0.6033135054307914,10
5103,6.191083529009592,6.472902651803664,0.2818191227940723,9
5104,6.1964837543415205,6.472902651803664,0.2764188974621433,8
5105,6.294350213138517,6.472902651803664,0.1785524386651467,5
5106,5.814084130767219,6.472902651803664,0.6588185210364452,2
5107,5.920372816801862,6.472902651803664,0.5525298350018018,10
5108,6.193548234087376,6.472902651803664,0.2793544177162879,4
5109,6.00912695592436,6.472902651803664,0.46377569587930356,6
5110,5.904079634064875,6.472902651803664,0.5688230177387892,1
5111,6.054718016831391,6.472902651803664,0.4181846349722731,7
5112,5.4152728744734775,5.0,-0.4152728744734775,10
5113,5.237281438024414,5.0,-0.23728143802441437,8
5114,5.682860158657093,5.0,-0.6828601586570926,5
5115,5.502300651043098,5.0,-0.5023006510430976,2
5116,5.693747615912837,5.0,-0.6937476159128373,9
5117,5.5584731178602755,5.0,-0.5584731178602755,1
5118,5.424785370963151,5.0,-0.42478537096315083,4
5119,5.821687678990669,5.0,-0.8216876789906689,6
5120,5.291405890780408,5.0,-0.2914058907804078,3
5121,6.083194690223945,6.531478917042255,0.44828422681831004,6
5122,6.312447123730863,6.531478917042255,0.21903179331139278,1
5123,6.466645921257265,6.531478917042255,0.06483299578499047,5
5124,6.392625628752234,6.531478917042255,0.1388532882900213,7
5125,6.142517909328591,6.531478917042255,0.3889610077136645,10
5126,6.441735371793061,6.531478917042255,0.08974354524919459,4
5127,6.424979546469649,6.531478917042255,0.10649937057260672,3
5128,6.066265104730979,6.531478917042255,0.46521381231127634,2
5129,6.602327739387683,6.531478917042255,-0.070848822345428,9
5130,5.735398688842437,6.033423755486949,0.2980250666445121,3
5131,5.704199447997359,6.033423755486949,0.3292243074895902,9
5132,5.547438748772688,6.033423755486949,0.4859850067142615,6
5133,5.5417254754575955,6.033423755486949,0.4916982800293539,4
5134,5.657275743713039,6.033423755486949,0.37614801177391044,8
5135,5.33496204749588,6.033423755486949,0.6984617079910693,1
5136,5.457171448527312,6.033423755486949,0.5762523069596375,7
5137,5.390896886917787,6.033423755486949,0.6425268685691625,10
5138,5.590169899676739,6.033423755486949,0.4432538558102106,5
5139,5.291030662122129,3.662757831681574,-1.628272830440555,8
5140,5.366849986922767,3.662757831681574,-1.704092155241193,3
5141,5.2695246741610795,3.662757831681574,-1.6067668424795056,1
5142,5.129086753915279,3.662757831681574,-1.4663289222337048,10
5143,5.192215179051275,3.662757831681574,-1.5294573473697013,2
5144,5.489895773228393,3.662757831681574,-1.8271379415468192,6
5145,5.417235403426275,3.662757831681574,-1.7544775717447014,5
5146,5.315415481820191,3.662757831681574,-1.6526576501386168,7
5147,5.4892765747965395,3.662757831681574,-1.8265187431149656,9
5148,5.7011611207212205,6.260548372636979,0.5593872519157586,1
5149,5.761693839977603,6.260548372636979,0.49885453265937585,6
5150,5.224590841942193,6.260548372636979,1.0359575306947857,8
5151,5.529897418003803,6.260548372636979,0.7306509546331759,2
5152,5.510753595029952,6.260548372636979,0.7497947776070273,4
5153,5.86660444282109,6.260548372636979,0.3939439298158893,9
5154,5.300719369526696,6.260548372636979,0.9598290031102827,3
5155,5.783986648736312,6.260548372636979,0.47656172390066676,7
5156,5.681024920990582,6.260548372636979,0.5795234516463967,10
5157,6.036513938552022,5.301029995663981,-0.7354839428880409,6
5158,6.048374567056453,5.301029995663981,-0.747344571392472,4
5159,6.0623551843719214,5.301029995663981,-0.7613251887079402,7
5160,6.014884891792228,5.301029995663981,-0.7138548961282467,1
5161,5.966685645848908,5.301029995663981,-0.6656556501849265,10
5162,5.880681892332892,5.301029995663981,-0.5796518966689108,8
5163,5.854866380960359,5.301029995663981,-0.5538363852963775,2
5164,6.161624077609146,5.301029995663981,-0.8605940819451652,9
5165,6.024295522894123,5.301029995663981,-0.7232655272301418,3
5166,6.14509226542998,6.176091259055681,0.030998993625701132,4
5167,6.1204349418384565,6.176091259055681,0.05565631721722486,5
5168,6.115391288794941,6.176091259055681,0.0606999702607407,3
5169,5.967083670040262,6.176091259055681,0.20900758901541927,7
5170,5.858043907292863,6.176091259055681,0.31804735176281795,1
5171,5.849846847748061,6.176091259055681,0.32624441130761994,10
5172,5.959307001233875,6.176091259055681,0.21678425782180621,6
5173,6.066843056111183,6.176091259055681,0.10924820294449855,9
5174,5.770611794468025,6.176091259055681,0.40547946458765605,2
5175,5.646978002834363,5.4996870826184034,-0.14729092021595935,6
5176,5.648181446518835,5.4996870826184034,-0.1484943639004319,9
5177,5.50404197012342,5.4996870826184034,-0.004354887505016336,10
5178,5.382610068988134,5.4996870826184034,0.11707701363026946,8
5179,5.572757577806614,5.4996870826184034,-0.07307049518821085,5
5180,5.488767119606197,5.4996870826184034,0.010919963012206324,4
5181,5.611865278600417,5.4996870826184034,-0.11217819598201384,3
5182,5.580360673293026,5.4996870826184034,-0.08067359067462299,7
5183,5.550028598753897,5.4996870826184034,-0.05034151613549387,1
5184,5.602473620182751,5.295127085252191,-0.3073465349305602,6
5185,5.422525387240991,5.295127085252191,-0.12739830198879964,10
5186,5.251347671377338,5.295127085252191,0.04377941387485329,7
5187,5.164508099116996,5.295127085252191,0.13061898613519496,3
5188,5.443916006350384,5.295127085252191,-0.14878892109819297,9
5189,5.29952707235102,5.295127085252191,-0.004399987098828717,2
5190,5.33839210803329,5.295127085252191,-0.04326502278109867,4
5191,5.66972518999265,5.295127085252191,-0.37459810474045874,5
5192,5.206549480277814,5.295127085252191,0.08857760497437717,8
5193,5.349666946472057,5.301029995663981,-0.04863695080807595,3
5194,5.262923806050007,5.301029995663981,0.03810618961397427,8
5195,5.301271647909233,5.301029995663981,-0.0002416522452515224,2
5196,5.296302992845948,5.301029995663981,0.004727002818032844,6
5197,5.568965444850072,5.301029995663981,-0.2679354491860906,4
5198,5.127504419413733,5.301029995663981,0.17352557625024811,10
5199,5.559013335417045,5.301029995663981,-0.2579833397530633,5
5200,5.22539904837687,5.301029995663981,0.07563094728711128,7
5201,5.267390108433716,5.301029995663981,0.03363988723026523,1
5202,4.39625307126082,3.911690158753861,-0.48456291250695926,5
5203,4.224382959169093,3.911690158753861,-0.31269280041523206,7
5204,5.049104966010196,3.911690158753861,-1.1374148072563353,1
5205,5.178554891301543,3.911690158753861,-1.266864732547682,8
5206,4.729981475657113,3.911690158753861,-0.8182913169032524,2
5207,4.931912268287783,3.911690158753861,-1.020222109533922,10
5208,4.38728568820443,3.911690158753861,-0.47559552945056893,6
5209,4.556142256435692,3.911690158753861,-0.6444520976818309,9
5210,4.617313433206965,3.911690158753861,-0.7056232744531039,3
5211,6.017130091486459,6.324282455297693,0.3071523638112339,6
5212,5.78836486952554,6.324282455297693,0.535917585772153,2
5213,5.923549704124406,6.324282455297693,0.40073275117328677,8
5214,6.045626469717116,6.324282455297693,0.2786559855805768,9
5215,5.916304719950843,6.324282455297693,0.4079777353468499,4
5216,5.854588776266082,6.324282455297693,0.46969367903161086,1
5217,6.115971146948489,6.324282455297693,0.20831130834920408,7
5218,5.999547579591303,6.324282455297693,0.32473487570639037,3
5219,5.935052415609692,6.324282455297693,0.38923003968800085,10
5220,5.631689778191383,5.72029163965499,0.08860186146360682,3
5221,5.6270778748855435,5.72029163965499,0.09321376476944643,1
5222,5.733147243211273,5.72029163965499,-0.012855603556283235,5
5223,5.787518843995191,5.72029163965499,-0.06722720434020069,7
5224,5.7202578443133865,5.72029163965499,3.379534160341535e-05,9
5225,5.557188944757289,5.72029163965499,0.16310269489770057,2
5226,5.8321760093200234,5.72029163965499,-0.11188436966503357,6
5227,5.5837003810730375,5.72029163965499,0.13659125858195242,10
5228,5.454991689501042,5.72029163965499,0.26529995015394814,4
5229,5.620220215851936,6.3670482644844935,0.7468280486325574,2
5230,5.904231467029932,6.3670482644844935,0.46281679745456117,9
5231,5.486888302894076,6.3670482644844935,0.8801599615904179,10
5232,5.491920391580199,6.3670482644844935,0.8751278729042946,8
5233,5.733606645401895,6.3670482644844935,0.6334416190825989,4
5234,5.853678687497401,6.3670482644844935,0.5133695769870927,7
5235,5.548187432991677,6.3670482644844935,0.8188608314928167,1
5236,5.577928115017581,6.3670482644844935,0.7891201494669122,3
5237,5.85058261033506,6.3670482644844935,0.5164656541494335,6
5238,6.139335790656097,7.204119982655925,1.064784191999828,4
5239,6.054061523992284,7.204119982655925,1.1500584586636409,7
5240,6.065573805743711,7.204119982655925,1.1385461769122136,5
5241,6.1606607353717235,7.204119982655925,1.0434592472842015,9
5242,5.869576813771413,7.204119982655925,1.3345431688845117,1
5243,5.83728565175135,7.204119982655925,1.3668343309045747,6
5244,5.900323973018283,7.204119982655925,1.303796009637642,8
5245,5.859464430117277,7.204119982655925,1.344655552538648,10
5246,5.987342417883576,7.204119982655925,1.2167775647723493,3
5247,6.438899074124856,6.012837224705172,-0.4260618494196837,7
5248,6.134603270701704,6.012837224705172,-0.12176604599653196,6
5249,6.857163809403096,6.012837224705172,-0.8443265846979244,9
5250,6.839527508544191,6.012837224705172,-0.8266902838390191,5
5251,6.405313263727394,6.012837224705172,-0.39247603902222217,8
5252,6.205623956495417,6.012837224705172,-0.1927867317902452,2
5253,6.146836436493634,6.012837224705172,-0.13399921178846164,3
5254,6.3083160974519945,6.012837224705172,-0.2954788727468225,10
5255,6.304038417558891,6.012837224705172,-0.2912011928537188,1
5256,5.035799310190878,5.176091259055681,0.14029194886480312,9
5257,4.801735376896753,5.176091259055681,0.37435588215892857,6
5258,4.79354152571817,5.176091259055681,0.38254973333751163,2
5259,4.698251704123197,5.176091259055681,0.4778395549324843,7
5260,6.1240489610879445,5.176091259055681,-0.9479577020322631,8
5261,4.8287428328618285,5.176091259055681,0.34734842619385287,10
5262,5.211411718424602,5.176091259055681,-0.035320459368920254,5
5263,5.65334927111483,5.176091259055681,-0.4772580120591483,3
5264,4.767862562433347,5.176091259055681,0.4082286966223343,1
5265,5.426471688723807,6.278982116865443,0.8525104281416356,9
5266,5.309249668036227,6.278982116865443,0.969732448829216,6
5267,5.2785891938506575,6.278982116865443,1.0003929230147852,10
5268,5.521101889076605,6.278982116865443,0.7578802277888377,5
5269,5.823838299994654,6.278982116865443,0.4551438168707884,4
5270,5.882309515989815,6.278982116865443,0.39667260087562806,8
5271,5.2454529200985665,6.278982116865443,1.0335291967668763,7
5272,5.195025471395276,6.278982116865443,1.0839566454701668,1
5273,5.20178128872591,6.278982116865443,1.0772008281395324,2
5274,4.510466857055864,6.17897694729317,1.668510090237306,6
5275,4.321599493754838,6.17897694729317,1.8573774535383318,7
5276,5.125118360062446,6.17897694729317,1.0538585872307236,4
5277,4.64779805284907,6.17897694729317,1.5311788944440998,10
5278,4.479888440261314,6.17897694729317,1.6990885070318553,1
5279,5.783229471347963,6.17897694729317,0.3957474759452069,8
5280,4.6030318807594,6.17897694729317,1.5759450665337695,5
5281,5.080827667140641,6.17897694729317,1.098149280152529,3
5282,4.555993493240632,6.17897694729317,1.6229834540525374,2
5283,4.898543685561371,4.329194415088451,-0.5693492704729204,1
5284,4.977022967999641,4.329194415088451,-0.6478285529111902,6
5285,5.009091828695596,4.329194415088451,-0.6798974136071454,9
5286,5.085477487123888,4.329194415088451,-0.756283072035437,4
5287,4.694849522540017,4.329194415088451,-0.36565510745156615,10
5288,4.863806554937644,4.329194415088451,-0.5346121398491928,2
5289,5.131016812935433,4.329194415088451,-0.8018223978469825,5
5290,5.4260488924978345,4.329194415088451,-1.0968544774093836,8
5291,5.180455107114586,4.329194415088451,-0.851260692026135,3
5292,5.211411718424602,6.002166061756507,0.7907543433319058,5
5293,5.035799310190878,6.002166061756507,0.9663667515656291,9
5294,5.65334927111483,6.002166061756507,0.3488167906416777,3
5295,4.801735376896753,6.002166061756507,1.2004306848597546,6
5296,4.8287428328618285,6.002166061756507,1.1734232288946789,10
5297,6.1240489610879445,6.002166061756507,-0.12188289933143714,8
5298,4.698251704123197,6.002166061756507,1.3039143576333103,7
5299,5.625131120750566,6.002166061756507,0.3770349410059417,4
5300,4.767862562433347,6.002166061756507,1.2343034993231603,1
5301,6.489914414093637,6.489395921727129,-0.0005184923665080277,9
5302,6.278793015016949,6.489395921727129,0.21060290671018045,10
5303,6.649333246417063,6.489395921727129,-0.15993732468993382,3
5304,6.726297568295311,6.489395921727129,-0.2369016465681817,5
5305,6.220197251710705,6.489395921727129,0.26919867001642395,6
5306,6.255921515246117,6.489395921727129,0.2334744064810126,1
5307,6.5850898749908975,6.489395921727129,-0.09569395326376817,8
5308,6.234718423829916,6.489395921727129,0.2546774978972133,2
5309,6.617154642609805,6.489395921727129,-0.12775872088267537,7
5310,5.019131574005429,5.0,-0.019131574005428753,10
5311,5.342040278973636,5.0,-0.3420402789736361,1
5312,5.353357335738953,5.0,-0.353357335738953,9
5313,5.003336516538657,5.0,-0.003336516538657186,4
5314,5.3728481143973,5.0,-0.3728481143972999,5
5315,5.14209639152577,5.0,-0.14209639152576958,2
5316,5.246393902210773,5.0,-0.24639390221077306,8
5317,5.287653146109605,5.0,-0.287653146109605,7
5318,5.325102925163246,5.0,-0.3251029251632458,6
5319,4.754168254120119,5.0,0.24583174587988132,2
5320,4.539777967346038,5.0,0.4602220326539621,9
5321,4.6850620298539205,5.0,0.3149379701460795,6
5322,4.280963967338522,5.0,0.719036032661478,3
5323,4.413110121872226,5.0,0.5868898781277743,7
5324,4.940026752209129,5.0,0.059973247790870765,10
5325,5.00588084426435,5.0,-0.005880844264350316,8
5326,5.168069826778548,5.0,-0.16806982677854787,4
5327,4.482429761870119,5.0,0.5175702381298812,5
5328,5.327686949817367,4.698970004336019,-0.6287169454813482,2
5329,5.553274439201409,4.698970004336019,-0.8543044348653899,7
5330,5.47888545739332,4.698970004336019,-0.7799154530573009,4
5331,5.638183862964088,4.698970004336019,-0.9392138586280696,5
5332,5.606701035350925,4.698970004336019,-0.9077310310149063,3
5333,5.651108032392789,4.698970004336019,-0.95213802805677,6
5334,5.5101318408823445,4.698970004336019,-0.8111618365463258,1
5335,5.668858742060425,4.698970004336019,-0.9698887377244061,9
5336,5.438159249963131,4.698970004336019,-0.7391892456271121,8
5337,5.365776865909587,5.294466226161593,-0.07131063974799368,4
5338,5.3310307528128495,5.294466226161593,-0.0365645266512562,10
5339,5.2259195508226055,5.294466226161593,0.06854667533898784,2
5340,5.390672150882592,5.294466226161593,-0.09620592472099876,8
5341,5.399253341127276,5.294466226161593,-0.10478711496568227,1
5342,5.613414164408279,5.294466226161593,-0.3189479382466853,3
5343,5.514636336179392,5.294466226161593,-0.22017011001779885,5
5344,5.549648360639495,5.294466226161593,-0.2551821344779013,6
5345,5.474173875420819,5.294466226161593,-0.17970764925922555,9
5346,5.88904531614835,5.477121254719663,-0.411924061428687,6
5347,5.958355543940522,5.477121254719663,-0.4812342892208594,4
5348,5.843831501058939,5.477121254719663,-0.3667102463392764,10
5349,5.693006842324063,5.477121254719663,-0.2158855876044008,1
5350,5.992937054690837,5.477121254719663,-0.5158157999711745,7
5351,5.482570181711329,5.477121254719663,-0.005448926991665992,8
5352,6.131667976493674,5.477121254719663,-0.6545467217740111,9
5353,5.5233527013521915,5.477121254719663,-0.04623144663252887,3
5354,5.730800890758231,5.477121254719663,-0.25367963603856847,2
5355,5.797152774205282,6.1264561134318045,0.3293033392265228,1
5356,6.120198113134209,6.1264561134318045,0.006258000297595601,5
5357,6.084309710044453,6.1264561134318045,0.04214640338735176,9
5358,6.0879300269526375,6.1264561134318045,0.038526086479167,3
5359,6.000467501356908,6.1264561134318045,0.1259886120748961,6
5360,5.9340838102955535,6.1264561134318045,0.19237230313625098,10
5361,6.11335734692742,6.1264561134318045,0.013098766504384685,4
5362,6.0259712065375215,6.1264561134318045,0.10048490689428302,8
5363,5.8293982159282525,6.1264561134318045,0.29705789750355205,2
5364,5.950191794283188,5.0,-0.9501917942831879,5
5365,5.839074923297519,5.0,-0.8390749232975194,3
5366,6.052620729622253,5.0,-1.0526207296222534,9
5367,5.7394716094041325,5.0,-0.7394716094041325,8
5368,6.061274969537108,5.0,-1.0612749695371084,7
5369,6.151535599583863,5.0,-1.1515355995838634,6
5370,5.960246824366382,5.0,-0.960246824366382,2
5371,5.936021650259305,5.0,-0.9360216502593053,10
5372,5.925711791395967,5.0,-0.9257117913959672,1
5373,5.712319016741602,4.02816441942447,-1.6841545973171321,7
5374,5.589989305330399,4.02816441942447,-1.5618248859059296,10
5375,5.543881940433462,4.02816441942447,-1.515717521008992,1
5376,5.624817996682277,4.02816441942447,-1.5966535772578077,6
5377,5.833171277961267,4.02816441942447,-1.8050068585367978,9
5378,5.275999690238751,4.02816441942447,-1.2478352708142815,8
5379,5.127668192032098,4.02816441942447,-1.099503772607628,5
5380,5.410748362051639,4.02816441942447,-1.3825839426271695,2
5381,5.45675502471442,4.02816441942447,-1.4285906052899504,3
5382,5.920372816801862,7.079181246047625,1.158808429245763,10
5383,6.191083529009592,7.079181246047625,0.8880977170380335,9
5384,5.904079634064875,7.079181246047625,1.1751016119827504,1
5385,6.1860960575243205,7.079181246047625,0.8930851885233047,3
5386,5.814084130767219,7.079181246047625,1.2650971152804065,2
5387,6.054718016831391,7.079181246047625,1.0244632292162343,7
5388,6.1964837543415205,7.079181246047625,0.8826974917061046,8
5389,6.294350213138515,7.079181246047625,0.7848310329091097,5
5390,6.00912695592436,7.079181246047625,1.0700542901232648,6
5391,6.115391288794941,6.018650576891155,-0.0967407119037853,3
5392,6.14509226542998,6.018650576891155,-0.12644168853882487,4
5393,5.967083670040261,6.018650576891155,0.051566906850894156,7
5394,6.054906334384172,6.018650576891155,-0.03625575749301646,8
5395,5.959307001233875,6.018650576891155,0.05934357565728021,6
5396,5.849846847748061,6.018650576891155,0.16880372914309394,10
5397,5.858043907292863,6.018650576891155,0.16060666959829195,1
5398,6.120434941838458,6.018650576891155,-0.10178436494730292,5
5399,6.066843056111183,6.018650576891155,-0.04819247922002745,9
5400,6.151535599583863,7.049218022670182,0.8976824230863185,6
5401,5.925711791395965,7.049218022670182,1.1235062312742166,1
5402,5.950191794283188,7.049218022670182,1.099026228386994,5
5403,5.705784825937864,7.049218022670182,1.3434331967323176,4
5404,5.960246824366382,7.049218022670182,1.0889711983038,2
5405,6.06127496953711,7.049218022670182,0.9879430531330717,7
5406,6.052620729622253,7.049218022670182,0.9965972930479285,9
5407,5.839074923297519,7.049218022670182,1.2101430993726625,3
5408,5.7394716094041325,7.049218022670182,1.3097464132660495,8
5409,5.625684704122567,6.556302500767287,0.9306177966447198,7
5410,5.656886177999019,6.556302500767287,0.8994163227682677,8
5411,5.51360098653625,6.556302500767287,1.0427015142310365,3
5412,5.540448433395441,6.556302500767287,1.015854067371846,2
5413,5.518278490352242,6.556302500767287,1.0380240104150449,4
5414,5.5987996096520805,6.556302500767287,0.9575028911152064,9
5415,5.459370057683503,6.556302500767287,1.0969324430837837,5
5416,5.527878493254502,6.556302500767287,1.0284240075127844,10
5417,5.770956397536342,6.556302500767287,0.7853461032309452,6
5418,5.658660785118363,7.176091259055681,1.5174304739373188,1
5419,5.872366974003139,7.176091259055681,1.3037242850525423,9
5420,6.147034880743115,7.176091259055681,1.029056378312566,3
5421,5.77978893366939,7.176091259055681,1.3963023253862916,10
5422,6.1208052850572,7.176091259055681,1.0552859739984815,8
5423,5.951282872022223,7.176091259055681,1.224808387033458,5
5424,5.873159714904279,7.176091259055681,1.3029315441514022,7
5425,5.981617280799323,7.176091259055681,1.194473978256358,6
5426,5.842496573523481,7.176091259055681,1.3335946855322005,2
5427,5.4483882260685705,5.615539749308947,0.16715152324037685,2
5428,5.735856611752992,5.615539749308947,-0.12031686244404494,8
5429,5.535554556714159,5.615539749308947,0.07998519259478876,1
5430,5.45785259812262,5.615539749308947,0.1576871511863276,10
5431,5.563217749795455,5.615539749308947,0.05232199951349248,7
5432,5.415193450424469,5.615539749308947,0.20034629888447864,4
5433,5.669580864512027,5.615539749308947,-0.05404111520307975,3
5434,5.552980066825805,5.615539749308947,0.06255968248314225,9
5435,5.530493265821357,5.615539749308947,0.08504648348759059,5
5436,6.337151279184592,7.017450729510536,0.6802994503259434,4
5437,6.188272793687585,7.017450729510536,0.8291779358229503,2
5438,6.312271712109983,7.017450729510536,0.7051790174005523,5
5439,6.1632641599346725,7.017450729510536,0.8541865695758633,10
5440,6.414452078908467,7.017450729510536,0.6029986506020686,8
5441,6.337884125929847,7.017450729510536,0.6795666035806889,1
5442,6.4309273180848265,7.017450729510536,0.5865234114257092,3
5443,6.444371007029307,7.017450729510536,0.5730797224812285,9
5444,6.22273164638958,7.017450729510536,0.7947190831209561,6
5445,5.321231004384996,3.838849090737255,-1.4823819136477412,3
5446,5.366420560623221,3.838849090737255,-1.5275714698859661,7
5447,5.276400559654156,3.838849090737255,-1.4375514689169004,4
5448,5.394206063164662,3.838849090737255,-1.5553569724274063,1
5449,5.1194980876198795,3.838849090737255,-1.2806489968826242,10
5450,5.609692825754572,3.838849090737255,-1.770843735017317,6
5451,5.326424488572004,3.838849090737255,-1.4875753978347483,2
5452,5.3732612099852215,3.838849090737255,-1.5344121192479663,9
5453,5.420173876777723,3.838849090737255,-1.5813247860404682,8
5454,5.426235274150544,6.278753600952829,0.8525183268022847,9
5455,5.962489930618443,6.278753600952829,0.3162636703343855,3
5456,5.466858642498282,6.278753600952829,0.8118949584545465,1
5457,5.851203654646154,6.278753600952829,0.42754994630667476,4
5458,5.506773265008056,6.278753600952829,0.7719803359447726,7
5459,5.488055087075698,6.278753600952829,0.790698513877131,10
5460,5.789409961388394,6.278753600952829,0.48934363956443505,5
5461,5.67744260324383,6.278753600952829,0.6013109977089988,6
5462,5.507597032047083,6.278753600952829,0.771156568905746,2
5463,5.781135221005389,7.079181246047625,1.298046025042236,1
5464,5.921601942654832,7.079181246047625,1.1575793033927928,10
5465,5.994707946377992,7.079181246047625,1.0844732996696331,9
5466,6.2297293508515725,7.079181246047625,0.8494518951960526,3
5467,6.112512568613554,7.079181246047625,0.9666686774340709,8
5468,6.013128854304331,7.079181246047625,1.0660523917432938,4
5469,6.040121154591197,7.079181246047625,1.0390600914564283,5
5470,6.057417077789501,7.079181246047625,1.021764168258124,6
5471,6.0230770419971025,7.079181246047625,1.0561042040505226,7
5472,5.187082218435095,5.181843587944773,-0.005238630490322471,3
5473,4.866958805130017,5.181843587944773,0.3148847828147554,10
5474,5.358896631569815,5.181843587944773,-0.17705304362504215,7
5475,5.37410953855648,5.181843587944773,-0.19226595061170748,4
5476,5.304401723954254,5.181843587944773,-0.12255813600948162,6
5477,5.281626761878968,5.181843587944773,-0.09978317393419545,1
5478,5.204164385516939,5.181843587944773,-0.022320797572166207,8
5479,5.400110582746196,5.181843587944773,-0.2182669948014233,2
5480,5.505886473039963,5.181843587944773,-0.3240428850951904,5
5481,4.364428451917252,5.181843587944773,0.8174151360275204,10
5482,4.9686159136003285,5.181843587944773,0.21322767434444412,9
5483,5.437771461946208,5.181843587944773,-0.25592787400143546,8
5484,4.871798426790526,5.181843587944773,0.31004516115424696,7
5485,5.077209306660515,5.181843587944773,0.104634281284258,5
5486,4.80854372921052,5.181843587944773,0.37329985873425287,1
5487,4.5661161307596405,5.181843587944773,0.6157274571851321,3
5488,5.02860611273216,5.181843587944773,0.15323747521261222,2
5489,5.2827231489526465,5.181843587944773,-0.10087956100787387,4
5490,4.622547396135669,4.340444114840119,-0.28210328129554973,7
5491,4.8642546727814,4.340444114840119,-0.5238105579412808,8
5492,4.741767862405654,4.340444114840119,-0.40132374756553446,1
5493,4.25311776015489,4.340444114840119,0.08732635468522965,3
5494,4.7493558740482475,4.340444114840119,-0.40891175920812817,9
5495,4.059493207887859,4.340444114840119,0.28095090695226066,10
5496,4.813766703660384,4.340444114840119,-0.473322588820265,4
5497,4.542276090432948,4.340444114840119,-0.20183197559282906,5
5498,4.599389225679505,4.340444114840119,-0.25894511083938543,6
5499,4.073398974996946,3.403120521175818,-0.6702784538211284,8
5500,4.3906079635804325,3.403120521175818,-0.9874874424046145,6
5501,4.288513510750753,3.403120521175818,-0.8853929895749348,9
5502,3.6435784937770954,3.403120521175818,-0.24045797260127744,4
5503,3.7652812868165677,3.403120521175818,-0.3621607656407497,3
5504,4.452978007864349,3.403120521175818,-1.049857486688531,1
5505,4.030236175080236,3.403120521175818,-0.627115653904418,5
5506,4.127174224038886,3.403120521175818,-0.7240537028630682,10
5507,4.247089094287259,3.403120521175818,-0.8439685731114408,7
5508,5.660935443677903,4.991226075692495,-0.6697093679854076,9
5509,5.283743917238283,4.991226075692495,-0.29251784154578786,2
5510,5.377143534457113,4.991226075692495,-0.38591745876461747,8
5511,5.014549026789401,4.991226075692495,-0.02332295109690552,3
5512,5.386997360461398,4.991226075692495,-0.39577128476890255,6
5513,6.952879523436237,4.991226075692495,-1.9616534477437417,4
5514,5.38776638848169,4.991226075692495,-0.3965403127891953,1
5515,5.965654258361272,4.991226075692495,-0.9744281826687766,5
5516,6.078911121118337,4.991226075692495,-1.0876850454258422,7
5517,5.908689676396838,6.342422680822207,0.43373300442536866,3
5518,6.216113738046103,6.342422680822207,0.12630894277610327,5
5519,5.547380269175819,6.342422680822207,0.7950424116463877,10
5520,5.88791742193534,6.342422680822207,0.45450525888686677,8
5521,6.063735408378919,6.342422680822207,0.27868727244328806,7
5522,5.612652539889918,6.342422680822207,0.7297701409322883,1
5523,5.629245550060076,6.342422680822207,0.7131771307621309,6
5524,6.032814423685551,6.342422680822207,0.30960825713665585,9
5525,5.463090148412744,6.342422680822207,0.879332532409463,2
5526,5.973551077287811,5.447158031342219,-0.5263930459455919,4
5527,5.18895161894468,5.447158031342219,0.2582064123975396,1
5528,5.253712685912633,5.447158031342219,0.1934453454295868,6
5529,5.580860505152701,5.447158031342219,-0.13370247381048195,7
5530,5.099894366116516,5.447158031342219,0.34726366522570373,2
5531,5.230437981338576,5.447158031342219,0.21672005000364347,9
5532,5.788370727523586,5.447158031342219,-0.3412126961813664,8
5533,5.291168370634276,5.447158031342219,0.1559896607079434,5
5534,5.094959706988687,5.447158031342219,0.35219832435353204,10
5535,6.16785612472598,6.741151598851785,0.5732954741258052,10
5536,6.441397340243941,6.741151598851785,0.29975425860784455,9
5537,6.067178029429904,6.741151598851785,0.6739735694218814,6
5538,6.4781810272893114,6.741151598851785,0.26297057156247394,3
5539,6.432565188997606,6.741151598851785,0.30858640985417907,5
5540,6.363748876638702,6.741151598851785,0.37740272221308313,1
5541,6.062772915371887,6.741151598851785,0.6783786834798988,2
5542,6.446157549896095,6.741151598851785,0.29499404895569015,7
5543,6.174200107155161,6.741151598851785,0.5669514916966243,8
5544,5.69506779141252,6.350248018334163,0.6551802269216429,8
5545,5.380508342125779,6.350248018334163,0.9697396762083841,1
5546,5.6057860197379465,6.350248018334163,0.7444619985962166,5
5547,5.103101121822918,6.350248018334163,1.2471468965112456,2
5548,5.406718828113392,6.350248018334163,0.9435291902207714,4
5549,5.303059358973684,6.350248018334163,1.0471886593604793,10
5550,5.293828913984046,6.350248018334163,1.056419104350117,6
5551,5.7156093843474345,6.350248018334163,0.6346386339867287,3
5552,5.486444197256488,6.350248018334163,0.8638038210776751,9
5553,6.2430192044889985,6.361727836017593,0.11870863152859457,3
5554,6.165098289652201,6.361727836017593,0.19662954636539176,1
5555,6.070511765872699,6.361727836017593,0.2912160701448938,4
5556,6.153447656350941,6.361727836017593,0.20828017966665247,6
5557,6.266506773707052,6.361727836017593,0.09522106231054117,7
5558,6.304469001833855,6.361727836017593,0.057258834183738117,9
5559,6.082192871217397,6.361727836017593,0.27953496480019613,8
5560,6.262844277544697,6.361727836017593,0.0988835584728962,5
5561,6.080921503703547,6.361727836017593,0.2808063323140457,10
5562,5.776486419353903,4.176091259055681,-1.6003951602982216,9
5563,5.752350166217468,4.176091259055681,-1.5762589071617867,3
5564,5.469273550185914,4.176091259055681,-1.2931822911302326,2
5565,5.6800628625051015,4.176091259055681,-1.5039716034494202,1
5566,5.700595858238117,4.176091259055681,-1.5245045991824355,5
5567,5.633651194027923,4.176091259055681,-1.4575599349722417,6
5568,5.753732388944453,4.176091259055681,-1.5776411298887716,7
5569,5.660200201736602,4.176091259055681,-1.4841089426809209,8
5570,5.583626427360034,4.176091259055681,-1.4075351683043529,10
5571,5.296852402976119,5.507855871695831,0.21100346871971265,6
5572,5.435022449715791,5.507855871695831,0.07283342198004039,9
5573,5.531344669910776,5.507855871695831,-0.023488798214944318,5
5574,5.170325420649694,5.507855871695831,0.33753045104613744,4
5575,5.237329357552718,5.507855871695831,0.27052651414311324,8
5576,5.366276205524384,5.507855871695831,0.14157966617144702,3
5577,5.191044482962661,5.507855871695831,0.3168113887331705,7
5578,5.4444258056804475,5.507855871695831,0.0634300660153837,1
5579,5.247530050890872,5.507855871695831,0.26032582080495903,10
5580,6.120490207879738,6.732393759822968,0.6119035519432305,10
5581,6.413957262997748,6.732393759822968,0.31843649682522024,5
5582,6.2893072339204465,6.732393759822968,0.4430865259025216,3
5583,6.316440293283277,6.732393759822968,0.41595346653969134,1
5584,6.2159509101316575,6.732393759822968,0.5164428496913107,8
5585,6.169423968232333,6.732393759822968,0.5629697915906355,4
5586,6.372199226201127,6.732393759822968,0.36019453362184084,9
5587,6.275220379379559,6.732393759822968,0.45717338044340927,7
5588,6.1404640329863005,6.732393759822968,0.5919297268366677,6
5589,5.7394716094041325,4.130333768495007,-1.609137840909125,8
5590,5.936021650259305,4.130333768495007,-1.8056878817642978,10
5591,6.052620729622253,4.130333768495007,-1.922286961127246,9
5592,6.061274969537108,4.130333768495007,-1.930941201042101,7
5593,5.950191794283188,4.130333768495007,-1.8198580257881805,5
5594,6.151535599583863,4.130333768495007,-2.021201831088856,6
5595,5.96024682436638,4.130333768495007,-1.8299130558713728,2
5596,5.925711791395967,4.130333768495007,-1.7953780229009597,1
5597,5.705784825937864,4.130333768495007,-1.5754510574428569,4
5598,6.04459116344028,6.290034611362518,0.2454434479222387,10
5599,6.070928638519031,6.290034611362518,0.21910597284348743,8
5600,5.940077479065541,6.290034611362518,0.34995713229697767,3
5601,6.096736433783037,6.290034611362518,0.1932981775794813,4
5602,6.178584803036633,6.290034611362518,0.11144980832588569,7
5603,6.180676435535623,6.290034611362518,0.10935817582689555,9
5604,6.144773864958267,6.290034611362518,0.14526074640425168,6
5605,6.045606177746193,6.290034611362518,0.24442843361632516,2
5606,5.962853573868298,6.290034611362518,0.32718103749422056,1
5607,5.393563914988372,6.204119982655925,0.8105560676675534,4
5608,5.946544433398415,6.204119982655925,0.2575755492575098,10
5609,5.709163856220947,6.204119982655925,0.4949561264349782,8
5610,6.267351811575727,6.204119982655925,-0.06323182891980217,6
5611,6.219379218453374,6.204119982655925,-0.01525923579744859,3
5612,5.97063196813212,6.204119982655925,0.23348801452380474,5
5613,5.87460636189168,6.204119982655925,0.32951362076424484,2
5614,6.02901993728915,6.204119982655925,0.17510004536677481,7
5615,5.46137193437354,6.204119982655925,0.7427480482823849,1
5616,6.2083364080036665,6.954242509439325,0.7459061014356587,7
5617,6.018584910191328,6.954242509439325,0.935657599247997,8
5618,6.042053866053157,6.954242509439325,0.9121886433861679,1
5619,6.040674534190083,6.954242509439325,0.9135679752492418,3
5620,6.006354142159092,6.954242509439325,0.9478883672802336,4
5621,6.247541466047788,6.954242509439325,0.7067010433915373,6
5622,6.021337074635565,6.954242509439325,0.93290543480376,2
5623,6.186086700810408,6.954242509439325,0.7681558086289169,9
5624,6.029432496517566,6.954242509439325,0.9248100129217596,10
5625,6.296766915368392,7.079181246047625,0.7824143306792335,9
5626,6.223293398525047,7.079181246047625,0.8558878475225784,6
5627,6.074042202808946,7.079181246047625,1.005139043238679,2
5628,6.095627802251821,7.079181246047625,0.9835534437958042,10
5629,6.3022130040284035,7.079181246047625,0.7769682420192217,7
5630,6.115219007185944,7.079181246047625,0.9639622388616811,5
5631,6.166174350195131,7.079181246047625,0.9130068958524937,1
5632,6.110901805473361,7.079181246047625,0.9682794405742641,4
5633,6.206923946444171,7.079181246047625,0.8722572996034543,3
5634,5.520870868126986,6.698970004336019,1.178099136209033,1
5635,5.51356653815946,6.698970004336019,1.1854034661765587,7
5636,5.563897326962258,6.698970004336019,1.1350726773737607,4
5637,5.515790551879201,6.698970004336019,1.1831794524568178,6
5638,5.4076885232733005,6.698970004336019,1.2912814810627182,2
5639,5.548093220771469,6.698970004336019,1.1508767835645495,5
5640,5.86460354733474,6.698970004336019,0.8343664570012788,8
5641,5.451241327658425,6.698970004336019,1.2477286766775935,10
5642,5.492740143626995,6.698970004336019,1.2062298607090236,9
5643,6.219793732861556,6.4623979978989565,0.24260426503740096,1
5644,6.369455575662438,6.4623979978989565,0.0929424222365185,6
5645,6.130644976338058,6.4623979978989565,0.3317530215608988,5
5646,6.295456008899319,6.4623979978989565,0.1669419889996373,7
5647,6.104068727298522,6.4623979978989565,0.35832927060043485,4
5648,6.123233692440185,6.4623979978989565,0.3391643054587714,8
5649,6.168186791980043,6.4623979978989565,0.2942112059189137,3
5650,6.166372149742423,6.4623979978989565,0.29602584815653366,10
5651,6.228245911224023,6.4623979978989565,0.2341520866749338,2
5652,6.19113229513195,6.698970004336019,0.5078377092040691,8
5653,6.36959894706428,6.698970004336019,0.32937105727173854,9
5654,6.223216612504719,6.698970004336019,0.47575339183129994,4
5655,6.255869579991738,6.698970004336019,0.4431004243442809,7
5656,6.314806983592011,6.698970004336019,0.38416302074400743,3
5657,6.130017302735998,6.698970004336019,0.5689527016000211,10
5658,6.13002485592422,6.698970004336019,0.5689451484117987,2
5659,6.262488846309255,6.698970004336019,0.4364811580267638,6
5660,6.235602834719569,6.698970004336019,0.46336716961644964,5
5661,5.824647997033188,6.334453751150931,0.5098057541177425,6
5662,5.680667365113421,6.334453751150931,0.6537863860375097,8
5663,5.768025224055753,6.334453751150931,0.5664285270951774,7
5664,5.839599158356102,6.334453751150931,0.49485459279482846,5
5665,5.659192181855948,6.334453751150931,0.6752615692949826,10
5666,5.8370319598440235,6.334453751150931,0.4974217913069072,4
5667,5.631813614468493,6.334453751150931,0.7026401366824375,1
5668,5.851591648347511,6.334453751150931,0.4828621028034199,9
5669,5.6139302876726465,6.334453751150931,0.7205234634782842,2
5670,6.010448579765925,5.045322978786658,-0.9651256009792677,7
5671,5.644564756109911,5.045322978786658,-0.599241777323253,8
5672,5.897356645318933,5.045322978786658,-0.8520336665322752,2
5673,5.614191364158505,5.045322978786658,-0.5688683853718475,9
5674,5.8255324238844395,5.045322978786658,-0.7802094450977819,1
5675,5.74678909257085,5.045322978786658,-0.7014661137841927,3
5676,6.167620811467914,5.045322978786658,-1.122297832681256,6
5677,5.980887714284173,5.045322978786658,-0.9355647354975156,10
5678,5.764100160912515,5.045322978786658,-0.7187771821258577,4
5679,6.402347993816429,6.544068044350276,0.14172005053384673,3
5680,5.866115442495254,6.544068044350276,0.6779526018550213,10
5681,6.290544835978982,6.544068044350276,0.25352320837129394,4
5682,5.974156513815204,6.544068044350276,0.5699115305350713,7
5683,6.570035957974973,6.544068044350276,-0.025967913624697303,8
5684,5.906024411497733,6.544068044350276,0.6380436328525425,2
5685,5.803582709350283,6.544068044350276,0.7404853349999927,6
5686,6.520803361407148,6.544068044350276,0.023264682943128,5
5687,6.1337033693201395,6.544068044350276,0.4103646750301362,9
5688,6.0218488011569,6.6020599913279625,0.5802111901710623,7
5689,5.9020010057876595,6.6020599913279625,0.700058985540303,2
5690,6.096553080492364,6.6020599913279625,0.5055069108355985,8
5691,6.4003864099734304,6.6020599913279625,0.20167358135453206,4
5692,6.228241984990151,6.6020599913279625,0.37381800633781115,3
5693,6.030454452649347,6.6020599913279625,0.5716055386786154,6
5694,5.838815785094196,6.6020599913279625,0.7632442062337663,1
5695,6.262337896242053,6.6020599913279625,0.3397220950859099,5
5696,5.817934461274091,6.6020599913279625,0.7841255300538714,10
5697,6.732151887202751,7.589949601325708,0.8577977141229569,7
5698,7.602596346852966,7.589949601325708,-0.012646745527257863,3
5699,6.821391323028541,7.589949601325708,0.7685582782971672,1
5700,6.886836244167223,7.589949601325708,0.7031133571584851,5
5701,6.7921977116940715,7.589949601325708,0.7977518896316367,10
5702,6.509275647744587,7.589949601325708,1.0806739535811216,6
5703,7.019510904970788,7.589949601325708,0.5704386963549206,9
5704,6.6364545250813745,7.589949601325708,0.9534950762443337,2
5705,6.937156216645867,7.589949601325708,0.6527933846798408,4
5706,5.920372816801861,6.942504106168081,1.0221312893662198,10
5707,5.814084130767219,6.942504106168081,1.1284199754008624,2
5708,6.191083529009592,6.942504106168081,0.7514205771584894,9
5709,6.054718016831391,6.942504106168081,0.8877860893366902,7
5710,6.193548234087376,6.942504106168081,0.748955872080705,4
5711,6.1964837543415205,6.942504106168081,0.7460203518265605,8
5712,6.00912695592436,6.942504106168081,0.9333771502437207,6
5713,6.294350213138517,6.942504106168081,0.6481538930295638,5
5714,6.186096057524322,6.942504106168081,0.7564080486437588,3
5715,6.115391288794941,6.43569150818434,0.32030021938939957,3
5716,6.1204349418384565,6.43569150818434,0.3152565663458837,5
5717,5.959307001233875,6.43569150818434,0.4763845069504651,6
5718,6.066843056111183,6.43569150818434,0.3688484520731574,9
5719,5.967083670040261,6.43569150818434,0.468607838144079,7
5720,6.14509226542998,6.43569150818434,0.29059924275436,4
5721,5.858043907292863,6.43569150818434,0.5776476008914768,1
5722,5.849846847748061,6.43569150818434,0.5858446604362788,10
5723,5.770611794468025,6.43569150818434,0.6650797137163149,2
5724,5.839074923297519,7.079181246047625,1.2401063227501057,3
5725,5.7394716094041325,7.079181246047625,1.3397096366434926,8
5726,5.960246824366382,7.079181246047625,1.1189344216812431,2
5727,5.936021650259305,7.079181246047625,1.1431595957883198,10
5728,6.151535599583863,7.079181246047625,0.9276456464637617,6
5729,5.925711791395967,7.079181246047625,1.153469454651658,1
5730,6.061274969537108,7.079181246047625,1.0179062765105167,7
5731,5.950191794283188,7.079181246047625,1.1289894517644372,5
5732,6.052620729622253,7.079181246047625,1.0265605164253717,9
5733,6.080798737801756,6.838723190031372,0.7579244522296156,2
5734,6.082192871217397,6.838723190031372,0.7565303188139749,8
5735,6.070511765872701,6.838723190031372,0.7682114241586708,4
5736,6.266506773707052,6.838723190031372,0.57221641632432,7
5737,6.304469001833855,6.838723190031372,0.5342541881975169,9
5738,6.165098289652201,6.838723190031372,0.6736249003791706,1
5739,6.080921503703547,6.838723190031372,0.7578016863278245,10
5740,6.262844277544697,6.838723190031372,0.575878912486675,5
5741,6.153447656350939,6.838723190031372,0.685275533680433,6
5742,5.925711791395967,6.365487984890899,0.43977619349493224,1
5743,5.960246824366382,6.365487984890899,0.4052411605245174,2
5744,5.7394716094041325,6.365487984890899,0.6260163754867669,8
5745,5.705784825937864,6.365487984890899,0.6597031589530351,4
5746,6.052620729622253,6.365487984890899,0.312867255268646,9
5747,6.151535599583863,6.365487984890899,0.21395238530703597,6
5748,5.936021650259305,6.365487984890899,0.4294663346315941,10
5749,5.839074923297519,6.365487984890899,0.52641306159338,3
5750,6.061274969537108,6.365487984890899,0.30421301535379097,7
5751,5.7394716094041325,4.880813592280791,-0.8586580171233411,8
5752,6.151535599583863,4.880813592280791,-1.270722007303072,6
5753,5.960246824366382,4.880813592280791,-1.0794332320855906,2
5754,5.936021650259305,4.880813592280791,-1.055208057978514,10
5755,5.950191794283188,4.880813592280791,-1.0693782020023965,5
5756,5.925711791395967,4.880813592280791,-1.0448981991151758,1
5757,5.839074923297519,4.880813592280791,-0.9582613310167281,3
5758,6.061274969537108,4.880813592280791,-1.180461377256317,7
5759,5.705784825937864,4.880813592280791,-0.8249712336570729,4
5760,5.995521636098926,4.752355804153501,-1.2431658319454248,4
5761,6.060345358309714,4.752355804153501,-1.3079895541562134,1
5762,6.076477885143836,4.752355804153501,-1.3241220809903353,5
5763,5.981169651502442,4.752355804153501,-1.228813847348941,10
5764,6.065508569861021,4.752355804153501,-1.3131527657075202,3
5765,6.066475991051404,4.752355804153501,-1.3141201868979033,2
5766,6.180047779018975,4.752355804153501,-1.427691974865474,6
5767,6.0733668312396,4.752355804153501,-1.321011027086099,8
5768,6.166058791134265,4.752355804153501,-1.4137029869807645,7
5769,5.5409843672004255,6.823545953567112,1.2825615863666862,5
5770,5.802902377884077,6.823545953567112,1.0206435756830343,3
5771,5.648881088500706,6.823545953567112,1.174664865066406,6
5772,5.3653059018931195,6.823545953567112,1.4582400516739922,1
5773,5.474044104495837,6.823545953567112,1.3495018490712747,10
5774,5.750065320124725,6.823545953567112,1.0734806334423865,4
5775,5.751312384626988,6.823545953567112,1.0722335689401241,8
5776,5.461869756910987,6.823545953567112,1.3616761966561244,7
5777,5.44102740626228,6.823545953567112,1.3825185473048318,2
5778,5.656886177999019,6.12057393120585,0.4636877532068304,8
5779,5.51360098653625,6.12057393120585,0.6069729446695993,3
5780,5.518278490352243,6.12057393120585,0.6022954408536068,4
5781,5.459370057683503,6.12057393120585,0.6612038735223464,5
5782,5.491997278789521,6.12057393120585,0.6285766524163288,1
5783,5.540448433395441,6.12057393120585,0.5801254978104087,2
5784,5.625684704122568,6.12057393120585,0.49488922708328165,7
5785,5.770956397536342,6.12057393120585,0.349617533669508,6
5786,5.5987996096520805,6.12057393120585,0.5217743215537691,9
5787,5.2529397175226995,6.0,0.7470602824773005,10
5788,5.002718390380381,6.0,0.9972816096196189,4
5789,5.318865780696327,6.0,0.6811342193036731,5
5790,5.164850404589837,6.0,0.8351495954101633,3
5791,5.241244629585862,6.0,0.7587553704141383,9
5792,5.1511167036861885,6.0,0.8488832963138115,7
5793,5.328991658733076,6.0,0.6710083412669237,8
5794,5.306436877290697,6.0,0.6935631227093033,1
5795,5.4676370701781645,6.0,0.5323629298218355,6
5796,6.097380959966787,6.119317224092021,0.021936264125233862,8
5797,5.866949949684316,6.119317224092021,0.252367274407705,2
5798,5.994859652835671,6.119317224092021,0.12445757125635026,5
5799,6.129594917664468,6.119317224092021,-0.0102776935724469,3
5800,5.950713537408249,6.119317224092021,0.16860368668377212,9
5801,6.17680211248543,6.119317224092021,-0.05748488839340915,4
5802,5.8479747507355855,6.119317224092021,0.2713424733564356,10
5803,5.866040879884329,6.119317224092021,0.2532763442076922,1
5804,5.945601456718126,6.119317224092021,0.17371576737389471,7
5805,6.193141809441311,5.903089986991944,-0.29005182244936734,3
5806,6.046521608232347,5.903089986991944,-0.14343162124040365,4
5807,5.6572996680108965,5.903089986991944,0.2457903189810473,1
5808,5.867853040452556,5.903089986991944,0.03523694653938758,5
5809,6.070163569934471,5.903089986991944,-0.1670735829425274,8
5810,5.812536051511441,5.903089986991944,0.09055393548050272,7
5811,5.739290153160798,5.903089986991944,0.1637998338311455,10
5812,5.902371007013614,5.903089986991944,0.0007189799783295925,6
5813,5.765585356526654,5.903089986991944,0.1375046304652896,2
5814,6.066497506658608,6.69284691927723,0.6263494126186213,1
5815,6.156750505930487,6.69284691927723,0.5360964133467432,4
5816,6.231870299507572,6.69284691927723,0.4609766197696574,7
5817,6.120372256336337,6.69284691927723,0.572474662940893,2
5818,6.214890715134431,6.69284691927723,0.4779562041427985,9
5819,6.229771858902448,6.69284691927723,0.4630750603747815,8
5820,6.268803950000603,6.69284691927723,0.424042969276627,6
5821,6.161187759546331,6.69284691927723,0.5316591597308991,3
5822,6.106526379621779,6.69284691927723,0.5863205396554507,5
5823,6.22273164638958,6.672097857935717,0.44936621154613743,6
5824,6.1882727936875845,6.672097857935717,0.48382506424813254,2
5825,6.337884125929847,6.672097857935717,0.33421373200587023,1
5826,6.337151279184592,6.672097857935717,0.33494657875112477,4
5827,6.312271712109983,6.672097857935717,0.3598261458257337,5
5828,6.4309273180848265,6.672097857935717,0.24117053985089054,3
5829,6.217991984485636,6.672097857935717,0.45410587345008135,7
5830,6.414452078908467,6.672097857935717,0.25764577902724994,8
5831,6.444371007029307,6.672097857935717,0.22772685090640987,9
5832,5.678229123743332,6.980911937776844,1.3026828140335116,2
5833,5.5178149216603645,6.980911937776844,1.4630970161164791,7
5834,5.855535649686627,6.980911937776844,1.1253762880902167,6
5835,5.646872377503893,6.980911937776844,1.3340395602729505,8
5836,5.713277739197571,6.980911937776844,1.2676341985792723,4
5837,5.741101728552102,6.980911937776844,1.2398102092247418,5
5838,5.828752458672644,6.980911937776844,1.1521594791042,3
5839,5.542300132301005,6.980911937776844,1.4386118054758388,1
5840,5.653017435392692,6.980911937776844,1.3278945023841517,10
5841,5.830816570173657,7.1003705451175625,1.2695539749439053,4
5842,5.559900501541438,7.1003705451175625,1.540470043576125,2
5843,5.526994061816757,7.1003705451175625,1.5733764833008053,6
5844,5.661180816639937,7.1003705451175625,1.4391897284776256,9
5845,5.71047468994189,7.1003705451175625,1.3898958551756726,3
5846,5.395588935323883,7.1003705451175625,1.7047816097936792,7
5847,5.602373852923275,7.1003705451175625,1.4979966921942873,8
5848,5.4170817566691,7.1003705451175625,1.6832887884484622,1
5849,5.35964078439654,7.1003705451175625,1.7407297607210221,10
5850,5.9332765876478355,7.176091259055681,1.2428146714078459,2
5851,6.921550513403555,7.176091259055681,0.25454074565212625,5
5852,6.981939620439998,7.176091259055681,0.19415163861568363,8
5853,6.563096419650117,7.176091259055681,0.6129948394055642,10
5854,6.490762397165512,7.176091259055681,0.6853288618901692,9
5855,5.982923739249161,7.176091259055681,1.1931675198065204,1
5856,7.168157046553739,7.176091259055681,0.007934212501941929,3
5857,6.015844864710074,7.176091259055681,1.1602463943456076,7
5858,6.285294582962238,7.176091259055681,0.8907966760934434,6
5859,5.899548352118715,6.612783856719736,0.7132355046010215,9
5860,5.907742268663642,6.612783856719736,0.7050415880560941,2
5861,6.139629862777437,6.612783856719736,0.47315399394229907,6
5862,5.379993368313976,6.612783856719736,1.2327904884057608,4
5863,5.71879016721908,6.612783856719736,0.8939936895006566,5
5864,6.092535338886877,6.612783856719736,0.5202485178328597,7
5865,5.559925830313729,6.612783856719736,1.0528580264060077,3
5866,5.936023197685223,6.612783856719736,0.676760659034513,10
5867,5.419136984408314,6.612783856719736,1.1936468723114224,8
5868,5.71160653811853,6.886490725172482,1.1748841870539524,10
5869,5.725568365785046,6.886490725172482,1.1609223593874365,1
5870,6.340879391788939,6.886490725172482,0.5456113333835431,4
5871,6.128082661996943,6.886490725172482,0.7584080631755397,5
5872,6.1128084536744405,6.886490725172482,0.7736822714980418,8
5873,5.991656701513346,6.886490725172482,0.8948340236591363,9
5874,6.093983840555293,6.886490725172482,0.7925068846171897,6
5875,6.145741965591691,6.886490725172482,0.7407487595807911,3
5876,5.939397678444519,6.886490725172482,0.9470930467279635,2
5877,4.933804659661424,3.4727564493172123,-1.4610482103442113,2
5878,3.739582437024428,3.4727564493172123,-0.2668259877072159,3
5879,4.280238003848701,3.4727564493172123,-0.8074815545314884,9
5880,4.9557815693547935,3.4727564493172123,-1.4830251200375812,6
5881,4.658169308719794,3.4727564493172123,-1.1854128594025815,1
5882,4.686529198056829,3.4727564493172123,-1.2137727487396166,10
5883,3.6929154298486235,3.4727564493172123,-0.22015898053141125,4
5884,4.7329116797322905,3.4727564493172123,-1.2601552304150783,7
5885,4.104736664975115,3.4727564493172123,-0.6319802156579026,5
5886,6.593408930257492,6.812913356642856,0.21950442638536405,7
5887,6.532925799594718,6.812913356642856,0.2799875570481376,5
5888,6.6398651907695045,6.812913356642856,0.17304816587335115,6
5889,6.405344782664009,6.812913356642856,0.40756857397884705,4
5890,6.199840457344157,6.812913356642856,0.6130728992986985,8
5891,6.460739411696074,6.812913356642856,0.3521739449467818,2
5892,6.461046590119443,6.812913356642856,0.351866766523413,1
5893,6.473967818929844,6.812913356642856,0.3389455377130117,10
5894,6.704343725355106,6.812913356642856,0.10856963128774932,9
5895,6.704343725355106,7.0,0.29565627464489364,9
5896,6.473967818929844,7.0,0.526032181070156,10
5897,6.593408930257492,7.0,0.40659106974250836,7
5898,6.6398651907695045,7.0,0.36013480923049546,6
5899,6.405344782664009,7.0,0.5946552173359914,4
5900,6.461046590119443,7.0,0.5389534098805573,1
5901,6.532925799594718,7.0,0.4670742004052819,5
5902,6.471145808200332,7.0,0.5288541917996676,3
5903,6.460739411696074,7.0,0.5392605883039261,2
5904,5.402623631468777,5.477121254719663,0.0744976232508856,10
5905,5.54618726557873,5.477121254719663,-0.06906601085906772,1
5906,5.677286876233911,5.477121254719663,-0.20016562151424822,3
5907,5.394278937287183,5.477121254719663,0.08284231743247972,4
5908,5.591350747777694,5.477121254719663,-0.11422949305803165,9
5909,5.583405393485472,5.477121254719663,-0.10628413876580911,7
5910,5.768977516924974,5.477121254719663,-0.2918562622053118,6
5911,5.591123241510771,5.477121254719663,-0.1140019867911084,5
5912,5.5083238512456125,5.477121254719663,-0.03120259652594992,2
5913,6.019089277078578,6.161368002234975,0.14227872515639728,3
5914,5.673301122617272,6.161368002234975,0.488066879617703,10
5915,5.698594961742728,6.161368002234975,0.4627730404922472,1
5916,5.8822540441018925,6.161368002234975,0.2791139581330828,8
5917,5.715599867116568,6.161368002234975,0.4457681351184073,2
5918,5.7820343856167264,6.161368002234975,0.3793336166182488,6
5919,5.932034538927181,6.161368002234975,0.22933346330779436,9
5920,5.9779928166210965,6.161368002234975,0.18337518561387878,5
5921,5.96724672782902,6.161368002234975,0.19412127440595484,4
5922,5.898947336496297,6.3979400086720375,0.4989926721757403,3
5923,5.947087560578888,6.3979400086720375,0.4508524480931495,2
5924,6.125651847961459,6.3979400086720375,0.2722881607105787,9
5925,6.141128638004871,6.3979400086720375,0.2568113706671662,6
5926,5.906249649160252,6.3979400086720375,0.49169035951178586,5
5927,5.980523253755942,6.3979400086720375,0.4174167549160952,7
5928,5.9449591820289385,6.3979400086720375,0.452980826643099,1
5929,5.927246461922011,6.3979400086720375,0.4706935467500264,10
5930,5.802908361260508,6.3979400086720375,0.5950316474115294,4
5931,5.488055087075697,7.041392685158225,1.5533375980825284,10
5932,6.000987390250621,7.041392685158225,1.0404052949076048,8
5933,5.67744260324383,7.041392685158225,1.3639500819143953,6
5934,5.789409961388394,7.041392685158225,1.2519827237698316,5
5935,5.507597032047083,7.041392685158225,1.5337956531111425,2
5936,5.962489930618443,7.041392685158225,1.078902754539782,3
5937,5.506773265008056,7.041392685158225,1.534619420150169,7
5938,5.851203654646154,7.041392685158225,1.1901890305120713,4
5939,5.466858642498282,7.041392685158225,1.574534042659943,1
5940,6.0230770419971025,6.861534410859038,0.8384573688619357,7
5941,6.057417077789501,6.861534410859038,0.804117333069537,6
5942,6.013128854304331,6.861534410859038,0.8484055565547068,4
5943,6.040121154591197,6.861534410859038,0.8214132562678413,5
5944,5.994707946377992,6.861534410859038,0.8668264644810462,9
5945,5.9216019426548305,6.861534410859038,0.9399324682042076,10
5946,5.781135221005389,6.861534410859038,1.0803991898536491,1
5947,6.2297293508515725,6.861534410859038,0.6318050600074656,3
5948,6.112512568613554,6.861534410859038,0.749021842245484,8
5949,5.839074923297519,4.740362689494244,-1.0987122338032753,3
5950,5.936021650259304,4.740362689494244,-1.1956589607650603,10
5951,5.960246824366382,4.740362689494244,-1.2198841348721379,2
5952,6.052620729622253,4.740362689494244,-1.3122580401280093,9
5953,5.925711791395967,4.740362689494244,-1.185349101901723,1
5954,6.151535599583863,4.740362689494244,-1.4111729100896193,6
5955,6.061274969537108,4.740362689494244,-1.3209122800428643,7
5956,5.705784825937864,4.740362689494244,-0.9654221364436202,4
5957,5.7394716094041325,4.740362689494244,-0.9991089199098884,8
5958,4.837850795106067,4.698970004336019,-0.138880790770048,8
5959,5.454641674280283,4.698970004336019,-0.755671669944264,6
5960,4.768339096867464,4.698970004336019,-0.06936909253144563,3
5961,5.109855970565792,4.698970004336019,-0.410885966229773,10
5962,4.732619091281982,4.698970004336019,-0.033649086945962914,9
5963,4.860605755333056,4.698970004336019,-0.16163575099703742,5
5964,5.434405024948225,4.698970004336019,-0.735435020612206,2
5965,4.773860127673439,4.698970004336019,-0.07489012333742018,4
5966,5.1559217324530415,4.698970004336019,-0.4569517281170228,1
5967,5.553742656415161,6.113943352306837,0.5602006958916759,10
5968,5.651500718110513,6.113943352306837,0.46244263419632414,6
5969,5.680832429868419,6.113943352306837,0.4331109224384182,3
5970,5.74841321519312,6.113943352306837,0.3655301371137165,8
5971,5.889604148213501,6.113943352306837,0.22433920409333563,7
5972,5.745340645214925,6.113943352306837,0.36860270709191223,5
5973,5.585487721935457,6.113943352306837,0.5284556303713801,2
5974,5.726425310833752,6.113943352306837,0.38751804147308455,4
5975,5.549847831588178,6.113943352306837,0.5640955207186593,1
5976,5.22753955970781,5.7160033436348,0.4884637839269903,8
5977,5.462397202850568,5.7160033436348,0.2536061407842327,10
5978,5.815039515203302,5.7160033436348,-0.09903617156850153,7
5979,5.424923607244636,5.7160033436348,0.2910797363901647,5
5980,5.562892269505728,5.7160033436348,0.15311107412907266,2
5981,5.434427379006205,5.7160033436348,0.2815759646285949,3
5982,5.924730378977961,5.7160033436348,-0.20872703534316095,6
5983,5.362915427028091,5.7160033436348,0.35308791660670913,9
5984,5.186573458930079,5.7160033436348,0.5294298847047214,4
5985,6.203127834781236,6.431363764158987,0.2282359293777505,4
5986,6.459066645144555,6.431363764158987,-0.027702880985567724,1
5987,6.478162600570463,6.431363764158987,-0.046798836411475975,7
5988,6.546344191950384,6.431363764158987,-0.11498042779139706,6
5989,6.394222321974904,6.431363764158987,0.03714144218408322,10
5990,6.122836060353335,6.431363764158987,0.30852770380565175,8
5991,6.412082507747854,6.431363764158987,0.019281256411132652,2
5992,6.314398850580254,6.431363764158987,0.11696491357873295,3
5993,6.390118076526884,6.431363764158987,0.041245687632103234,9
5994,6.219793732861556,6.414973347970818,0.19517961510926263,1
5995,6.295456008899319,6.414973347970818,0.11951733907149897,7
5996,6.104068727298521,6.414973347970818,0.3109046206722974,4
5997,6.123233692440183,6.414973347970818,0.29173965553063486,8
5998,6.299197965592824,6.414973347970818,0.11577538237799434,9
5999,6.228245911224023,6.414973347970818,0.18672743674679548,2
6000,6.166372149742423,6.414973347970818,0.24860119822839533,10
6001,6.168186791980043,6.414973347970818,0.24678655599077537,3
6002,6.130644976338058,6.414973347970818,0.2843283716327605,5
6003,6.340536561500905,6.146128035678238,-0.19440852582266643,10
6004,6.173133867649882,6.146128035678238,-0.027005831971643524,2
6005,6.079783971619016,6.146128035678238,0.06634406405922189,8
6006,6.333405121328595,6.146128035678238,-0.18727708565035694,9
6007,6.095904505532828,6.146128035678238,0.050223530145410145,6
6008,6.193969710294118,6.146128035678238,-0.047841674615879626,3
6009,6.143387080833323,6.146128035678238,0.002740954844915322,5
6010,6.246680115479116,6.146128035678238,-0.10055207980087744,4
6011,6.253840933680692,6.146128035678238,-0.10771289800245398,1
6012,5.555584279677681,6.531478917042255,0.9758946373645747,5
6013,5.865458526483941,6.531478917042255,0.6660203905583142,6
6014,5.752875951729175,6.531478917042255,0.7786029653130804,7
6015,5.687750547457287,6.531478917042255,0.8437283695849684,8
6016,5.728405004706546,6.531478917042255,0.8030739123357096,9
6017,5.636702387934042,6.531478917042255,0.8947765291082135,4
6018,5.670852444423503,6.531478917042255,0.860626472618752,10
6019,5.690249149110462,6.531478917042255,0.841229767931793,1
6020,5.622955755187902,6.531478917042255,0.9085231618543537,2
6021,5.807680571201247,5.447158031342219,-0.36052253985902727,2
6022,5.788681903219793,5.447158031342219,-0.34152387187757327,4
6023,6.008853743140026,5.447158031342219,-0.5616957117978068,6
6024,5.8936084848323596,5.447158031342219,-0.4464504534901401,7
6025,5.764661695693183,5.447158031342219,-0.3175036643509639,8
6026,5.840929340970975,5.447158031342219,-0.3937713096287556,10
6027,5.78041206219516,5.447158031342219,-0.3332540308529408,5
6028,5.773301975398317,5.447158031342219,-0.32614394405609737,3
6029,5.796636002738498,5.447158031342219,-0.34947797139627834,9
6030,5.594896141102142,6.361727836017593,0.7668316949154512,6
6031,6.153749732213,6.361727836017593,0.20797810380459314,7
6032,5.977790417238538,6.361727836017593,0.3839374187790554,1
6033,5.986540705839104,6.361727836017593,0.3751871301784888,5
6034,5.922686578988644,6.361727836017593,0.4390412570289488,3
6035,5.918360661419813,6.361727836017593,0.4433671745977801,8
6036,6.172577083831631,6.361727836017593,0.1891507521859621,9
6037,5.835884369539241,6.361727836017593,0.525843466478352,2
6038,6.212779799469801,6.361727836017593,0.1489480365477922,10
6039,5.375532503358323,4.778151250383644,-0.5973812529746789,10
6040,5.113425417931542,4.778151250383644,-0.3352741675478983,6
6041,5.079928313027424,4.778151250383644,-0.30177706264378035,4
6042,5.174801612587257,4.778151250383644,-0.39665036220361305,2
6043,5.4395626809541415,4.778151250383644,-0.6614114305704977,1
6044,5.244413732978262,4.778151250383644,-0.466262482594618,3
6045,5.313708706036991,4.778151250383644,-0.5355574556533469,8
6046,5.34203655830144,4.778151250383644,-0.5638853079177961,5
6047,5.439756089345378,4.778151250383644,-0.6616048389617344,9
6048,5.296495908123656,4.31722734917642,-0.9792685589472354,7
6049,5.261887964537542,4.31722734917642,-0.9446606153611219,5
6050,5.214988240223184,4.31722734917642,-0.8977608910467643,10
6051,5.05807955871394,4.31722734917642,-0.7408522095375201,2
6052,5.272381613643845,4.31722734917642,-0.9551542644674251,8
6053,5.189936549512186,4.31722734917642,-0.8727092003357662,9
6054,5.086303871277774,4.31722734917642,-0.7690765221013542,6
6055,5.036190862007755,4.31722734917642,-0.7189635128313352,4
6056,4.992477506825861,4.31722734917642,-0.6752501576494412,3
6057,6.262628649219809,6.079181246047625,-0.18344740317218378,9
6058,6.26204494734188,6.079181246047625,-0.1828637012942549,5
6059,6.0883494103674405,6.079181246047625,-0.009168164319815375,7
6060,6.148956086980497,6.079181246047625,-0.06977484093287156,4
6061,5.706254586300145,6.079181246047625,0.3729266597474803,2
6062,6.02180085286765,6.079181246047625,0.05738039317997501,10
6063,6.148270263493577,6.079181246047625,-0.0690890174459522,3
6064,6.0837684538535255,6.079181246047625,-0.004587207805900384,8
6065,5.904466822626871,6.079181246047625,0.17471442342075427,1
6066,5.604327641283874,5.954242509439325,0.3499148681554516,10
6067,5.610652705261864,5.954242509439325,0.3435898041774612,9
6068,5.546646953461627,5.954242509439325,0.40759555597769825,8
6069,5.6285044216851805,5.954242509439325,0.3257380877541447,7
6070,5.336555524268184,5.954242509439325,0.6176869851711411,2
6071,5.431138918397355,5.954242509439325,0.5231035910419699,1
6072,5.437448888674492,5.954242509439325,0.5167936207648332,5
6073,5.374414898856229,5.954242509439325,0.579827610583096,6
6074,5.638406190575549,5.954242509439325,0.3158363188637763,4
6075,5.259548922631069,5.484769477716173,0.2252205550851043,1
6076,5.121899774382363,5.484769477716173,0.36286970333381063,6
6077,5.315015182604289,5.484769477716173,0.16975429511188445,9
6078,5.071564679533804,5.484769477716173,0.41320479818236944,2
6079,5.120557764439927,5.484769477716173,0.36421171327624613,3
6080,5.24544366593348,5.484769477716173,0.23932581178269352,10
6081,4.946743862295546,5.484769477716173,0.5380256154206275,4
6082,5.16990034907177,5.484769477716173,0.3148691286444034,5
6083,5.186305055793888,5.484769477716173,0.2984644219222856,8
6084,5.567804716119341,6.045322978786658,0.47751826266731623,5
6085,5.802420450062299,6.045322978786658,0.24290252872435847,8
6086,5.687634517407586,6.045322978786658,0.3576884613790714,10
6087,6.161158676545317,6.045322978786658,-0.11583569775865943,4
6088,5.641786008093836,6.045322978786658,0.403536970692822,7
6089,5.588318186013011,6.045322978786658,0.45700479277364625,2
6090,5.584485468678402,6.045322978786658,0.4608375101082558,9
6091,5.967385298619099,6.045322978786658,0.0779376801675582,1
6092,4.791026396093252,6.045322978786658,1.2542965826934056,3
6093,4.828409829201608,4.1476763242410986,-0.6807335049605099,9
6094,4.8597637172460475,4.1476763242410986,-0.7120873930049489,10
6095,4.782407434620036,4.1476763242410986,-0.6347311103789375,8
6096,4.463074947714222,4.1476763242410986,-0.31539862347312386,3
6097,4.727979360000247,4.1476763242410986,-0.5803030357591483,2
6098,4.629852379573285,4.1476763242410986,-0.48217605533218677,7
6099,4.616810668802882,4.1476763242410986,-0.46913434456178305,5
6100,4.613144472834283,4.1476763242410986,-0.4654681485931844,6
6101,4.698237052413708,4.1476763242410986,-0.5505607281726093,1
6102,5.308472564615225,6.3979400086720375,1.0894674440568126,2
6103,5.291905664776524,6.3979400086720375,1.1060343438955131,6
6104,5.95657543334058,6.3979400086720375,0.44136457533145723,4
6105,5.4578492112247385,6.3979400086720375,0.940090797447299,9
6106,5.39073722956574,6.3979400086720375,1.0072027791062972,1
6107,5.556884485600851,6.3979400086720375,0.8410555230711863,10
6108,5.484213176913863,6.3979400086720375,0.9137268317581748,7
6109,5.600982058515588,6.3979400086720375,0.7969579501564494,5
6110,5.871977181144009,6.3979400086720375,0.5259628275280281,8
6111,6.048127298160519,6.556302500767287,0.5081752026067674,7
6112,6.02562175101674,6.556302500767287,0.5306807497505472,10
6113,5.97322112741167,6.556302500767287,0.5830813733556166,5
6114,5.934927313977208,6.556302500767287,0.621375186790079,4
6115,6.097330074229717,6.556302500767287,0.45897242653756987,3
6116,5.838938752242869,6.556302500767287,0.7173637485244182,2
6117,5.83327024209196,6.556302500767287,0.7230322586753264,6
6118,5.853791067692758,6.556302500767287,0.7025114330745286,8
6119,6.012570791217851,6.556302500767287,0.5437317095494354,9
6120,6.1073176644598295,6.079181246047625,-0.028136418412204378,4
6121,6.160841143488759,6.079181246047625,-0.081659897441134,7
6122,5.995270428020313,6.079181246047625,0.08391081802731204,6
6123,6.067852081768733,6.079181246047625,0.011329164278891746,8
6124,6.094121308736256,6.079181246047625,-0.014940062688630462,3
6125,5.925292896550495,6.079181246047625,0.15388834949713015,10
6126,6.046723844736905,6.079181246047625,0.032457401310719725,5
6127,6.002558512872469,6.079181246047625,0.07662273317515567,2
6128,6.126022335896942,6.079181246047625,-0.04684108984931701,9
6129,5.218509254348347,6.079181246047625,0.8606719916992782,8
6130,5.0170591514732585,6.079181246047625,1.0621220945743666,6
6131,5.34928448296276,6.079181246047625,0.7298967630848647,3
6132,4.967553274848066,6.079181246047625,1.1116279711995594,10
6133,5.157286277592269,6.079181246047625,0.9218949684553559,5
6134,5.007477796509937,6.079181246047625,1.0717034495376883,1
6135,5.165726368048827,6.079181246047625,0.9134548779987979,4
6136,5.011207193201691,6.079181246047625,1.0679740528459343,7
6137,4.909313103928558,6.079181246047625,1.1698681421190669,2
6138,5.943521190804648,6.079181246047625,0.13566005524297697,8
6139,5.6202874372747855,6.079181246047625,0.4588938087728396,5
6140,5.643480351311845,6.079181246047625,0.43570089473578033,7
6141,5.588221910509822,6.079181246047625,0.490959335537803,2
6142,5.664751651236628,6.079181246047625,0.41442959481099706,1
6143,5.99518483723765,6.079181246047625,0.08399640880997516,3
6144,5.893352497211249,6.079181246047625,0.1858287488363759,9
6145,5.715934717724234,6.079181246047625,0.36324652832339144,6
6146,5.551113691649177,6.079181246047625,0.5280675543984481,10
6147,5.3284279020516045,5.775464809345739,0.4470369072941347,2
6148,5.766903368342142,5.775464809345739,0.008561441003597459,3
6149,5.671186259339752,5.775464809345739,0.10427855000598729,8
6150,5.540421481387333,5.775464809345739,0.23504332795840632,5
6151,5.4488496260568136,5.775464809345739,0.3266151832889257,7
6152,5.3819541499007135,5.775464809345739,0.3935106594450257,6
6153,5.497729460338947,5.775464809345739,0.2777353490067922,9
6154,5.432785265907482,5.775464809345739,0.34267954343825746,1
6155,5.604396257359469,5.775464809345739,0.17106855198627002,4
6156,5.43392384533317,6.1068026275996505,0.6728787822664808,2
6157,5.422635533731202,6.1068026275996505,0.6841670938684485,4
6158,5.523271141648522,6.1068026275996505,0.5835314859511289,5
6159,5.606339120457865,6.1068026275996505,0.5004635071417853,6
6160,5.629341830741643,6.1068026275996505,0.4774607968580078,3
6161,5.495946314869193,6.1068026275996505,0.6108563127304576,7
6162,5.580193695843788,6.1068026275996505,0.5266089317558622,9
6163,5.308794325412231,6.1068026275996505,0.7980083021874194,1
6164,5.429441600576268,6.1068026275996505,0.677361027023383,10
6165,6.1282364525205715,5.681241237375588,-0.44699521514498386,1
6166,6.0909012600489305,5.681241237375588,-0.4096600226733429,3
6167,6.22645199470067,5.681241237375588,-0.5452107573250826,10
6168,6.038257138312129,5.681241237375588,-0.357015900936541,4
6169,6.065543253976993,5.681241237375588,-0.3843020166014055,2
6170,6.146970956275973,5.681241237375588,-0.46572971890038506,5
6171,6.145789478909711,5.681241237375588,-0.4645482415341231,9
6172,6.238303168680282,5.681241237375588,-0.5570619313046947,6
6173,6.274745379372889,5.681241237375588,-0.5935041419973013,7
6174,6.130007914349975,5.444825199509748,-0.6851827148402272,2
6175,5.756415087943603,5.444825199509748,-0.31158988843385504,4
6176,6.151278273616406,5.444825199509748,-0.7064530741066575,1
6177,6.333633514473733,5.444825199509748,-0.8888083149639847,9
6178,6.00479333292508,5.444825199509748,-0.5599681334153317,8
6179,6.198651177910104,5.444825199509748,-0.7538259784003563,6
6180,6.195577474494296,5.444825199509748,-0.7507522749845483,7
6181,5.904751268841727,5.444825199509748,-0.45992606933197866,3
6182,5.935613685748495,5.444825199509748,-0.49078848623874727,5
6183,5.98822433685986,6.301897717195208,0.31367338033534864,2
6184,5.987888651497567,6.301897717195208,0.31400906569764153,3
6185,5.979666257809966,6.301897717195208,0.3222314593852422,8
6186,6.172509759285094,6.301897717195208,0.12938795791011426,6
6187,6.170401403597036,6.301897717195208,0.1314963135981726,7
6188,5.909727058086296,6.301897717195208,0.39217065910891247,5
6189,6.026457100385438,6.301897717195208,0.27544061680977006,10
6190,5.776537687250755,6.301897717195208,0.5253600299444532,4
6191,6.009253730518422,6.301897717195208,0.2926439866767865,1
6192,5.937714394610178,6.0,0.062285605389821974,5
6193,5.701990144495598,6.0,0.29800985550440195,1
6194,6.030883149381649,6.0,-0.0308831493816486,9
6195,5.704990032477894,6.0,0.2950099675221063,2
6196,5.845706694493817,6.0,0.15429330550618303,8
6197,5.948932692492984,6.0,0.051067307507016046,4
6198,5.632999223881083,6.0,0.3670007761189167,10
6199,5.8574787820695375,6.0,0.14252121793046246,3
6200,5.8306078179760155,6.0,0.16939218202398454,7
6201,5.712487155498438,6.018284308426531,0.3057971529280925,1
6202,5.8183653249008715,6.018284308426531,0.1999189835256594,7
6203,5.950631116555409,6.018284308426531,0.06765319187112162,9
6204,5.778437692738093,6.018284308426531,0.23984661568843801,6
6205,5.6287989035334745,6.018284308426531,0.3894854048930565,2
6206,5.795763269594393,6.018284308426531,0.22252103883213792,4
6207,5.649200317897916,6.018284308426531,0.3690839905286145,10
6208,5.936759352813359,6.018284308426531,0.08152495561317163,3
6209,5.921085068018821,6.018284308426531,0.09719924040770955,5
6210,5.9083029033628485,5.949877704036875,0.04157480067402641,3
6211,6.016523060561173,5.949877704036875,-0.06664535652429837,5
6212,6.045220442492207,5.949877704036875,-0.09534273845533203,1
6213,6.126213309719207,5.949877704036875,-0.17633560568233175,8
6214,6.166725376811174,5.949877704036875,-0.21684767277429895,9
6215,5.845456200521642,5.949877704036875,0.1044215035152325,4
6216,5.89413087826343,5.949877704036875,0.05574682577344525,10
6217,5.972091336985765,5.949877704036875,-0.02221363294889045,2
6218,6.0397566436284835,5.949877704036875,-0.08987893959160864,6
6219,6.2333827375570365,6.0,-0.23338273755703653,1
6220,6.2310368714853945,6.0,-0.23103687148539453,9
6221,6.37276725878841,6.0,-0.3727672587884099,7
6222,6.3278808158297055,6.0,-0.3278808158297055,4
6223,6.258742384566836,6.0,-0.25874238456683596,3
6224,6.16989172784242,6.0,-0.1698917278424199,6
6225,6.15610249161101,6.0,-0.1561024916110103,10
6226,6.288046280310524,6.0,-0.2880462803105237,8
6227,6.180648587812245,6.0,-0.1806485878122448,2
6228,6.131907162548783,6.161368002234975,0.029460839686191953,1
6229,6.247448296672369,6.161368002234975,-0.08608029443739351,6
6230,6.032457926581839,6.161368002234975,0.1289100756531365,10
6231,6.284248268845135,6.161368002234975,-0.12288026661016005,7
6232,5.985552589363369,6.161368002234975,0.1758154128716063,8
6233,6.1912771695623645,6.161368002234975,-0.02990916732738924,9
6234,6.072256249819692,6.161368002234975,0.08911175241528291,4
6235,6.042974951246543,6.161368002234975,0.11839305098843234,2
6236,5.896751109315067,6.161368002234975,0.264616892919908,5
6237,6.1866348777511355,5.049218022670182,-1.1374168550809536,9
6238,6.0500498124324436,5.049218022670182,-1.0008317897622616,2
6239,6.2085400567447655,5.049218022670182,-1.1593220340745836,6
6240,6.01246772311299,5.049218022670182,-0.963249700442808,3
6241,6.138330406808816,5.049218022670182,-1.0891123841386339,1
6242,6.261943708335715,5.049218022670182,-1.212725685665533,7
6243,6.010425859376543,5.049218022670182,-0.961207836706361,10
6244,6.033396262862456,5.049218022670182,-0.9841782401922741,8
6245,5.95700061669366,5.049218022670182,-0.9077825940234785,5
6246,6.042895566978906,6.011993114659257,-0.030902452319649498,10
6247,6.033267632886619,6.011993114659257,-0.02127451822736237,9
6248,5.931656343175391,6.011993114659257,0.08033677148386609,8
6249,6.209319143652818,6.011993114659257,-0.19732602899356166,7
6250,5.950399965265333,6.011993114659257,0.06159314939392324,4
6251,6.194381217115762,6.011993114659257,-0.18238810245650505,6
6252,5.990921547316601,6.011993114659257,0.021071567342655584,3
6253,5.872750822354219,6.011993114659257,0.13924229230503737,5
6254,5.941723449318372,6.011993114659257,0.0702696653408843,2
6255,5.86476865849892,6.315970345456917,0.45120168695799734,4
6256,5.782169582013805,6.315970345456917,0.5338007634431126,5
6257,5.895406675101137,6.315970345456917,0.42056367035578024,1
6258,5.9059135064130945,6.315970345456917,0.41005683904382284,3
6259,6.204051028456289,6.315970345456917,0.11191931700062874,7
6260,6.0580020099235545,6.315970345456917,0.25796833553336285,9
6261,5.849643406111474,6.315970345456917,0.46632693934544367,8
6262,5.984114458656221,6.315970345456917,0.331855886800696,2
6263,6.030021648627092,6.315970345456917,0.28594869682982527,10
6264,6.334416851893799,6.418301291319746,0.08388443942594659,5
6265,6.483567722804949,6.418301291319746,-0.06526643148520339,3
6266,6.384193244774124,6.418301291319746,0.034108046545621384,6
6267,6.465292259318567,6.418301291319746,-0.04699096799882163,7
6268,6.455457780794102,6.418301291319746,-0.03715648947435657,1
6269,6.398838496742338,6.418301291319746,0.019462794577407294,4
6270,6.410820638720797,6.418301291319746,0.007480652598948367,10
6271,6.225586571054382,6.418301291319746,0.1927147202653634,2
6272,6.497506448909006,6.418301291319746,-0.07920515758926072,9
6273,6.4042884688503285,6.301029995663981,-0.10325847318634729,1
6274,6.399210727256609,6.301029995663981,-0.09818073159262752,5
6275,6.330703315966416,6.301029995663981,-0.02967332030243508,4
6276,6.3546455183736406,6.301029995663981,-0.0536155227096593,6
6277,6.410410650768854,6.301029995663981,-0.10938065510487238,8
6278,6.453067754799246,6.301029995663981,-0.15203775913526485,9
6279,6.322705024687583,6.301029995663981,-0.02167502902360141,2
6280,6.473120276203961,6.301029995663981,-0.17209028053997955,3
6281,6.385215803743956,6.301029995663981,-0.08418580807997511,10
6282,5.502968656447817,6.079181246047625,0.576212589599808,7
6283,5.397307614250386,6.079181246047625,0.6818736317972389,5
6284,5.356092308514516,6.079181246047625,0.7230889375331095,3
6285,5.3170119374624045,6.079181246047625,0.7621693085852206,10
6286,5.247891346784288,6.079181246047625,0.8312898992633375,1
6287,5.421045506571083,6.079181246047625,0.6581357394765419,4
6288,5.187137417654753,6.079181246047625,0.8920438283928718,2
6289,5.283491136424362,6.079181246047625,0.7956901096232629,8
6290,5.103208913503024,6.079181246047625,0.9759723325446013,6
6291,6.1535178539465765,6.544068044350276,0.3905501904036992,5
6292,6.322362102073528,6.544068044350276,0.22170594227674734,1
6293,6.179938413968489,6.544068044350276,0.3641296303817869,4
6294,6.328132200467745,6.544068044350276,0.21593584388253095,6
6295,6.221553891982472,6.544068044350276,0.3225141523678037,3
6296,6.11662010422839,6.544068044350276,0.427447940121886,8
6297,6.25000147590074,6.544068044350276,0.2940665684495354,2
6298,6.29372676763804,6.544068044350276,0.25034127671223594,9
6299,6.35411839883285,6.544068044350276,0.18994964551742566,7
6300,6.685108703610477,6.176091259055681,-0.5090174445547957,9
6301,6.419764570029044,6.176091259055681,-0.24367331097336287,8
6302,6.5055005931800585,6.176091259055681,-0.3294093341243771,5
6303,6.831061009137738,6.176091259055681,-0.6549697500820564,6
6304,6.34552664427843,6.176091259055681,-0.1694353852227488,4
6305,6.688004262572815,6.176091259055681,-0.511913003517134,2
6306,6.737885139180992,6.176091259055681,-0.5617938801253111,1
6307,6.778710129346433,6.176091259055681,-0.602618870290752,10
6308,6.702140102299328,6.176091259055681,-0.5260488432436468,7
6309,6.2437449440910955,6.342422680822207,0.09867773673111113,6
6310,6.11804151508954,6.342422680822207,0.22438116573266687,10
6311,6.221721815135487,6.342422680822207,0.1207008656867199,5
6312,6.274708254929847,6.342422680822207,0.06771442589235921,7
6313,6.2289951276290685,6.342422680822207,0.11342755319313813,8
6314,6.345221246289368,6.342422680822207,-0.0027985654671613958,9
6315,6.1912228456497935,6.342422680822207,0.1511998351724131,1
6316,6.208059486325446,6.342422680822207,0.13436319449676049,4
6317,6.291964672185481,6.342422680822207,0.05045800863672589,3
6318,6.237430093780393,6.57978359661681,0.3423535028364171,4
6319,6.334140704135533,6.57978359661681,0.24564289248127746,9
6320,6.316717492961984,6.57978359661681,0.2630661036548263,7
6321,6.138259340797059,6.57978359661681,0.4415242558197514,2
6322,6.226046659338334,6.57978359661681,0.35373693727847577,5
6323,6.158679193722368,6.57978359661681,0.42110440289444195,6
6324,6.251794203319369,6.57978359661681,0.32798939329744137,1
6325,6.225089629448468,6.57978359661681,0.354693967168342,8
6326,6.300445926017561,6.57978359661681,0.27933767059924897,3
6327,5.720605059582616,6.0,0.2793949404173839,10
6328,5.7410891675867655,6.0,0.25891083241323454,6
6329,5.611748805488944,6.0,0.3882511945110556,2
6330,5.94161937060076,6.0,0.058380629399239936,9
6331,5.768279081374766,6.0,0.2317209186252338,1
6332,6.085807297693232,6.0,-0.08580729769323181,3
6333,6.124755409100196,6.0,-0.12475540910019589,5
6334,5.88741019513346,6.0,0.11258980486654036,7
6335,6.150324474225019,6.0,-0.1503244742250187,4
6336,6.189107409138217,6.313593064521326,0.12448565538310863,8
6337,6.207398199980762,6.313593064521326,0.10619486454056393,7
6338,6.062579738153562,6.313593064521326,0.2510133263677643,10
6339,6.216916085941219,6.313593064521326,0.09667697858010715,9
6340,6.033600584001963,6.313593064521326,0.279992480519363,4
6341,6.322747830782499,6.313593064521326,-0.009154766261173286,3
6342,6.199552838687326,6.313593064521326,0.11404022583399964,5
6343,6.143798006812361,6.313593064521326,0.1697950577089653,6
6344,6.027030709947242,6.313593064521326,0.28656235457408386,1
6345,6.305148371581403,6.079181246047625,-0.22596712553377785,9
6346,6.249059418050562,6.079181246047625,-0.16987817200293698,1
6347,6.242292217961541,6.079181246047625,-0.1631109719139161,10
6348,6.20730898981287,6.079181246047625,-0.12812774376524505,8
6349,6.362385740568197,6.079181246047625,-0.2832044945205716,7
6350,6.1754267436856,6.079181246047625,-0.09624549763797496,5
6351,6.1275461724630444,6.079181246047625,-0.04836492641541934,3
6352,6.423766000712041,6.079181246047625,-0.3445847546644156,6
6353,6.05967320931814,6.079181246047625,0.019508036729485312,4
6354,6.330278134252895,5.623249290397901,-0.7070288438549941,9
6355,6.3591370948875445,5.623249290397901,-0.7358878044896437,6
6356,6.292487883612695,5.623249290397901,-0.6692385932147946,7
6357,5.935626146105612,5.623249290397901,-0.31237685570771134,3
6358,6.104717565062413,5.623249290397901,-0.48146827466451203,8
6359,6.175948869397399,5.623249290397901,-0.5526995789994986,10
6360,6.052751345891999,5.623249290397901,-0.4295020554940985,5
6361,6.200224276329726,5.623249290397901,-0.576974985931825,1
6362,5.820678032121232,5.623249290397901,-0.19742874172333114,4
6363,5.707972495826993,6.033423755486949,0.3254512596599568,10
6364,6.317527575350501,6.033423755486949,-0.28410381986355127,4
6365,6.160303564763647,6.033423755486949,-0.12687980927669784,5
6366,6.212585263808421,6.033423755486949,-0.1791615083214717,3
6367,6.059992180160869,6.033423755486949,-0.02656842467391929,7
6368,6.213222028144848,6.033423755486949,-0.17979827265789883,9
6369,5.984781086881435,6.033423755486949,0.04864266860551414,6
6370,6.155630207850846,6.033423755486949,-0.12220645236389682,8
6371,5.8937745775197,6.033423755486949,0.1396491779672493,1
6372,6.068087540180692,6.6020599913279625,0.5339724511472701,3
6373,6.051921565051352,6.6020599913279625,0.5501384262766109,8
6374,6.146557545057205,6.6020599913279625,0.4555024462707573,4
6375,5.958067242722567,6.6020599913279625,0.6439927486053953,1
6376,6.187867529885939,6.6020599913279625,0.41419246144202315,9
6377,5.762445955434819,6.6020599913279625,0.8396140358931437,2
6378,5.844299457314762,6.6020599913279625,0.7577605340132001,10
6379,6.175044870518621,6.6020599913279625,0.4270151208093411,5
6380,6.045780952992308,6.6020599913279625,0.5562790383356546,7
6381,5.507243886112352,6.36005731412298,0.8528134280106281,1
6382,5.375666146324961,6.36005731412298,0.9843911677980195,2
6383,5.521419717885672,6.36005731412298,0.8386375962373087,10
6384,5.5026606032604635,6.36005731412298,0.8573967108625169,6
6385,5.6565434980342095,6.36005731412298,0.7035138160887708,3
6386,5.707699280329083,6.36005731412298,0.652358033793897,5
6387,5.692359041844402,6.36005731412298,0.667698272278578,7
6388,5.497783469796542,6.36005731412298,0.8622738443264382,8
6389,5.573887967306091,6.36005731412298,0.7861693468168891,4
6390,6.066475991051404,6.26142703676955,0.19495104571814625,2
6391,6.166058791134265,6.26142703676955,0.09536824563528512,7
6392,5.98116965150244,6.26142703676955,0.2802573852671104,10
6393,6.076477885143836,6.26142703676955,0.18494915162571424,5
6394,6.060345358309714,6.26142703676955,0.20108167845983616,1
6395,6.0733668312396,6.26142703676955,0.1880602055299505,8
6396,6.1800477790189765,6.26142703676955,0.08137925775057386,6
6397,5.995521636098926,6.26142703676955,0.26590540067062474,4
6398,6.176047046875904,6.26142703676955,0.0853799898936467,9
6399,6.305748750041308,6.124634624019139,-0.1811141260221687,7
6400,6.056576999870203,6.124634624019139,0.06805762414893568,10
6401,6.21836116011151,6.124634624019139,-0.0937265360923707,5
6402,6.155172684330174,6.124634624019139,-0.03053806031103523,8
6403,6.072440831098288,6.124634624019139,0.05219379292085069,6
6404,6.2693694588402495,6.124634624019139,-0.1447348348211106,3
6405,6.060299783453332,6.124634624019139,0.06433484056580685,2
6406,6.247230238288566,6.124634624019139,-0.12259561426942689,1
6407,6.282443162087948,6.124634624019139,-0.15780853806880923,9
6408,6.066475991051404,6.363611979892144,0.2971359888407399,2
6409,6.065508569861021,6.363611979892144,0.29810341003112306,3
6410,6.166058791134265,6.363611979892144,0.19755318875787875,7
6411,6.1800477790189765,6.363611979892144,0.1835642008731675,6
6412,5.995521636098926,6.363611979892144,0.36809034379321837,4
6413,5.981169651502442,6.363611979892144,0.38244232838970227,10
6414,6.076477885143836,6.363611979892144,0.28713409474830787,5
6415,6.0733668312396,6.363611979892144,0.29024514865254414,8
6416,6.176047046875904,6.363611979892144,0.18756493301624033,9
6417,6.208796800250362,5.707570176097937,-0.5012266241524257,9
6418,6.027491443221615,5.707570176097937,-0.31992126712367863,1
6419,6.088873486189679,5.707570176097937,-0.38130331009174245,5
6420,6.152531541273857,5.707570176097937,-0.4449613651759199,4
6421,6.141727518000425,5.707570176097937,-0.43415734190248845,8
6422,6.1520365872437335,5.707570176097937,-0.44446641114579677,6
6423,6.040438811880074,5.707570176097937,-0.33286863578213755,3
6424,6.0487105913819095,5.707570176097937,-0.34114041528397276,10
6425,6.0774524601089,5.707570176097937,-0.3698822840109637,2
6426,5.983117296066129,6.32221929473392,0.33910199866779145,10
6427,6.126311737213471,6.32221929473392,0.19590755752044942,8
6428,6.090697866186709,6.32221929473392,0.2315214285472118,5
6429,6.063243589168023,6.32221929473392,0.25897570556589766,4
6430,6.1084819302824815,6.32221929473392,0.21373736445143887,3
6431,6.185118862792538,6.32221929473392,0.13710043194138244,9
6432,6.097314833237187,6.32221929473392,0.2249044614967337,1
6433,6.186981297311801,6.32221929473392,0.13523799742211917,7
6434,6.159994164831408,6.32221929473392,0.16222512990251214,6
6435,6.312220090499914,6.600972895686748,0.2887528051868342,9
6436,6.041109728686794,6.600972895686748,0.5598631669999543,10
6437,6.092554435473771,6.600972895686748,0.5084184602129778,1
6438,6.1116261864751715,6.600972895686748,0.48934670921157686,2
6439,6.052917825384243,6.600972895686748,0.5480550703025058,8
6440,6.207212532123111,6.600972895686748,0.3937603635636373,6
6441,6.182130883482388,6.600972895686748,0.4188420122043608,7
6442,5.966833237576939,6.600972895686748,0.6341396581098095,3
6443,5.996054403552457,6.600972895686748,0.6049184921342912,5
6444,5.782942429417603,5.9954289654317074,0.2124865360141044,9
6445,5.656713391667346,5.9954289654317074,0.338715573764361,10
6446,6.082750321952159,5.9954289654317074,-0.08732135652045159,7
6447,5.797768029833776,5.9954289654317074,0.19766093559793152,1
6448,5.843917921434386,5.9954289654317074,0.15151104399732152,2
6449,5.984771596974515,5.9954289654317074,0.010657368457192007,4
6450,6.06387048553605,5.9954289654317074,-0.06844152010434268,3
6451,6.021541061801783,5.9954289654317074,-0.026112096370075832,5
6452,6.087593612796192,5.9954289654317074,-0.09216464736448415,8
6453,6.046723844736905,6.193124598354461,0.14640075361755578,5
6454,5.925292896550495,6.193124598354461,0.2678317018039662,10
6455,6.1098445143453315,6.193124598354461,0.08328008400912967,1
6456,6.002558512872469,6.193124598354461,0.19056608548199172,2
6457,6.126022335896942,6.193124598354461,0.06710226245751905,9
6458,6.067852081768732,6.193124598354461,0.12527251658572958,8
6459,6.094121308736256,6.193124598354461,0.09900328961820559,3
6460,5.995270428020311,6.193124598354461,0.19785417033414987,6
6461,6.1073176644598295,6.193124598354461,0.08580693389463168,4
6462,5.9624275197636925,5.45075702813707,-0.5116704916266226,6
6463,6.0971543259843015,5.45075702813707,-0.6463972978472317,7
6464,5.856741186472828,5.45075702813707,-0.40598415833575796,2
6465,6.026208152302191,5.45075702813707,-0.575451124165121,1
6466,6.247312313405887,5.45075702813707,-0.7965552852688171,3
6467,6.185217008204828,5.45075702813707,-0.7344599800677578,4
6468,5.883631482005263,5.45075702813707,-0.4328744538681928,10
6469,6.2025850742432,5.45075702813707,-0.7518280461061302,9
6470,6.137004402891082,5.45075702813707,-0.6862473747540125,8
6471,6.185118862792538,6.283301228703549,0.09818236591101126,9
6472,6.1084819302824815,6.283301228703549,0.1748192984210677,3
6473,6.079254122360449,6.283301228703549,0.20404710634310064,2
6474,6.090697866186709,6.283301228703549,0.19260336251684063,5
6475,6.126311737213471,6.283301228703549,0.15698949149007824,8
6476,6.186981297311801,6.283301228703549,0.09631993139174799,7
6477,6.159994164831408,6.283301228703549,0.12330706387214097,6
6478,6.063243589168022,6.283301228703549,0.22005763953552737,4
6479,6.097314833237187,6.283301228703549,0.18598639546636253,1
6480,5.953644091223827,4.380211241711606,-1.573432849512221,5
6481,6.151741688529902,4.380211241711606,-1.7715304468182955,7
6482,5.908432500103221,4.380211241711606,-1.528221258391615,4
6483,6.008676291385508,4.380211241711606,-1.6284650496739017,9
6484,6.142219788062431,4.380211241711606,-1.7620085463508248,6
6485,5.977016569125851,4.380211241711606,-1.5968053274142449,3
6486,5.942976301272076,4.380211241711606,-1.56276505956047,2
6487,5.961736413401369,4.380211241711606,-1.581525171689763,8
6488,5.999565837967975,4.380211241711606,-1.6193545962563682,10
6489,6.177670813950532,6.230448921378274,0.05277810742774225,3
6490,5.98154994370308,6.230448921378274,0.24889897767519376,2
6491,6.012063480345052,6.230448921378274,0.218385441033222,1
6492,6.333475761749357,6.230448921378274,-0.10302684037108278,4
6493,6.04024584843508,6.230448921378274,0.19020307294319405,9
6494,6.1349732851385985,6.230448921378274,0.09547563623967559,6
6495,6.26403738167713,6.230448921378274,-0.03358846029885587,8
6496,6.1814275423172225,6.230448921378274,0.04902137906105164,7
6497,5.9733454717391385,6.230448921378274,0.25710344963913556,10
6498,5.9956762307071205,6.278753600952829,0.28307737024570834,1
6499,6.009308877917661,6.278753600952829,0.26944472303516775,3
6500,6.165130447766201,6.278753600952829,0.1136231531866283,7
6501,6.1491311950444265,6.278753600952829,0.12962240590840235,6
6502,6.002658048547026,6.278753600952829,0.27609555240580264,8
6503,6.119931234169406,6.278753600952829,0.15882236678342299,4
6504,6.022992413206536,6.278753600952829,0.25576118774629286,10
6505,6.023523114575893,6.278753600952829,0.2552304863769361,9
6506,6.054841402215602,6.278753600952829,0.223912198737227,5
6507,5.37672324930045,5.599883072073688,0.22315982277323787,6
6508,5.326772228048975,5.599883072073688,0.2731108440247123,10
6509,5.426139570727766,5.599883072073688,0.1737435013459212,9
6510,5.339487515780411,5.599883072073688,0.26039555629327626,5
6511,5.300107329575006,5.599883072073688,0.29977574249868155,1
6512,5.495138569356526,5.599883072073688,0.1047445027171614,8
6513,5.276564762319894,5.599883072073688,0.3233183097537937,2
6514,5.578768868979865,5.599883072073688,0.021114203093822503,4
6515,5.551643889822596,5.599883072073688,0.04823918225109125,3
6516,5.181175201281836,4.153204900084284,-1.027970301197552,9
6517,4.938515796005339,4.153204900084284,-0.7853108959210546,4
6518,4.982421412361808,4.153204900084284,-0.8292165122775241,10
6519,5.022153322140457,4.153204900084284,-0.8689484220561727,2
6520,5.162148427973923,4.153204900084284,-1.008943527889639,1
6521,5.049041006586289,4.153204900084284,-0.8958361065020046,8
6522,5.1808723124548,4.153204900084284,-1.0276674123705156,5
6523,4.932236497073809,4.153204900084284,-0.7790315969895252,7
6524,5.097174132658904,4.153204900084284,-0.9439692325746201,6
6525,5.31671535432833,7.498310553789601,2.1815951994612712,2
6526,6.360478131953089,7.498310553789601,1.137832421836512,8
6527,6.292823852392402,7.498310553789601,1.2054867013971986,4
6528,5.513259098528673,7.498310553789601,1.985051455260928,7
6529,5.247425790981473,7.498310553789601,2.250884762808128,6
6530,6.097649548812189,7.498310553789601,1.4006610049774117,3
6531,6.220751267815802,7.498310553789601,1.2775592859737985,5
6532,6.026528710652035,7.498310553789601,1.471781843137566,9
6533,5.670925457185161,7.498310553789601,1.8273850966044396,1
6534,6.299878972084656,6.357934847000454,0.058055874915798,5
6535,6.279035705154536,6.357934847000454,0.07889914184591795,2
6536,6.221796496536145,6.357934847000454,0.136138350464309,6
6537,6.436240181047861,6.357934847000454,-0.07830533404740692,3
6538,6.435377591526821,6.357934847000454,-0.07744274452636724,4
6539,6.493772211995855,6.357934847000454,-0.13583736499540144,1
6540,6.462328883871694,6.357934847000454,-0.10439403687124038,9
6541,6.2877785387512235,6.357934847000454,0.07015630824923047,7
6542,6.207331796873253,6.357934847000454,0.15060305012720132,10
6543,5.6825701737096,4.963787827345556,-0.7187823463640441,1
6544,5.637754535579622,4.963787827345556,-0.6739667082340661,10
6545,5.781473618096211,4.963787827345556,-0.8176857907506552,5
6546,5.699110380518106,4.963787827345556,-0.7353225531725505,6
6547,5.626730879848533,4.963787827345556,-0.6629430525029774,7
6548,5.694645932437845,4.963787827345556,-0.7308581050922891,9
6549,5.6707531027350795,4.963787827345556,-0.7069652753895239,2
6550,5.643934271039505,4.963787827345556,-0.6801464436939497,8
6551,5.844019131462524,4.963787827345556,-0.8802313041169683,3
6552,5.843182394856659,6.220108088040055,0.37692569318339597,5
6553,5.768604304594604,6.220108088040055,0.4515037834454514,8
6554,5.994748288380771,6.220108088040055,0.22535979965928377,1
6555,5.776600011291142,6.220108088040055,0.44350807674891257,3
6556,6.013456070875778,6.220108088040055,0.20665201716427717,2
6557,6.182731505405894,6.220108088040055,0.03737658263416144,6
6558,5.666508721060988,6.220108088040055,0.5535993669790669,4
6559,5.983025796077185,6.220108088040055,0.2370822919628699,10
6560,6.043308980576238,6.220108088040055,0.17679910746381733,9
6561,5.904961301909066,7.4954055631461936,1.5904442612371277,6
6562,6.073918538341284,7.4954055631461936,1.4214870248049092,8
6563,6.004947624159336,7.4954055631461936,1.4904579389868573,5
6564,6.119741516944627,7.4954055631461936,1.3756640462015666,3
6565,5.940004831765545,7.4954055631461936,1.5554007313806482,9
6566,5.849580676562419,7.4954055631461936,1.6458248865837746,2
6567,6.321190127339803,7.4954055631461936,1.1742154358063903,4
6568,5.959238356795482,7.4954055631461936,1.5361672063507115,7
6569,5.682318342544736,7.4954055631461936,1.8130872206014574,1
6570,5.763982881207253,6.096910013008056,0.3329271318008029,9
6571,5.947550297447316,6.096910013008056,0.14935971556074001,8
6572,5.870467968511028,6.096910013008056,0.22644204449702787,3
6573,5.575285996378938,6.096910013008056,0.5216240166291186,1
6574,5.552913588264063,6.096910013008056,0.5439964247439937,6
6575,5.6070155275323925,6.096910013008056,0.4898944854756637,7
6576,5.584955040905798,6.096910013008056,0.5119549721022585,10
6577,5.892745031456329,6.096910013008056,0.20416498155172746,4
6578,5.854692026150215,6.096910013008056,0.2422179868578409,5
6579,6.036339835885462,5.149834696715785,-0.8865051391696772,5
6580,6.012819799558159,5.149834696715785,-0.8629851028423738,1
6581,5.958735185811594,5.149834696715785,-0.8089004890958087,10
6582,6.0958352098205255,5.149834696715785,-0.9460005131047406,8
6583,6.1023770289367265,5.149834696715785,-0.9525423322209416,9
6584,6.159698858365469,5.149834696715785,-1.0098641616496842,3
6585,5.919377553792203,5.149834696715785,-0.7695428570764182,2
6586,6.185656291448143,5.149834696715785,-1.035821594732358,4
6587,5.893959196502896,5.149834696715785,-0.7441244997871115,6
6588,5.992072682099397,6.0,0.007927317900603192,3
6589,5.999717537098432,6.0,0.0002824629015680813,1
6590,5.932095715087482,6.0,0.06790428491251799,8
6591,6.025910704629331,6.0,-0.025910704629331427,4
6592,5.918345488799939,6.0,0.08165451120006129,5
6593,5.861655669520806,6.0,0.13834433047919426,2
6594,6.073889477674514,6.0,-0.07388947767451359,9
6595,6.026127015644341,6.0,-0.026127015644340723,10
6596,6.0129763744630065,6.0,-0.01297637446300648,6
6597,5.874636350590753,5.939808685806208,0.06517233521545496,2
6598,5.924223388087869,5.939808685806208,0.015585297718338609,1
6599,5.9879184274223585,5.939808685806208,-0.04810974161615089,10
6600,5.981149863207316,5.939808685806208,-0.0413411774011081,8
6601,6.130031884700537,5.939808685806208,-0.19022319889432904,7
6602,5.958930866988543,5.939808685806208,-0.01912218118233522,5
6603,6.0450708151269374,5.939808685806208,-0.10526212932072987,3
6604,5.990304293964482,5.939808685806208,-0.050495608158274585,9
6605,5.976088341135222,5.939808685806208,-0.03627965532901456,4
6606,6.2717457215165355,5.888179493918325,-0.3835662275982106,4
6607,6.193174519191875,5.888179493918325,-0.30499502527355027,5
6608,6.238912170222635,5.888179493918325,-0.35073267630431015,1
6609,6.39722244289755,5.888179493918325,-0.509042948979225,9
6610,6.247797633609719,5.888179493918325,-0.3596181396913938,6
6611,6.07166900497089,5.888179493918325,-0.1834895110525654,8
6612,6.118465188912595,5.888179493918325,-0.23028569499427043,2
6613,6.215994766883549,5.888179493918325,-0.32781527296522395,3
6614,6.152886295933649,5.888179493918325,-0.2647068020153238,10
6615,6.233837244415276,6.060697840353612,-0.17313940406166406,9
6616,6.193219333426773,6.060697840353612,-0.13252149307316152,1
6617,6.248047970661594,6.060697840353612,-0.18735013030798253,4
6618,6.205856871951885,6.060697840353612,-0.14515903159827293,3
6619,6.053427061555374,6.060697840353612,0.007270778798237565,10
6620,6.230710028724271,6.060697840353612,-0.17001218837065935,5
6621,6.182230558810739,6.060697840353612,-0.12153271845712688,6
6622,6.239481479297733,6.060697840353612,-0.17878363894412086,8
6623,6.132940004907267,6.060697840353612,-0.07224216455365529,2
6624,5.877924923458967,5.814394112097142,-0.06353081136182492,2
6625,5.920746007874232,5.814394112097142,-0.10635189577708992,5
6626,5.963138071996378,5.814394112097142,-0.14874395989923528,8
6627,5.933836194284955,5.814394112097142,-0.11944208218781238,4
6628,5.94147533394045,5.814394112097142,-0.12708122184330772,9
6629,5.912199260318761,5.814394112097142,-0.09780514822161912,1
6630,6.119291326360632,5.814394112097142,-0.30489721426349004,7
6631,6.119461537864933,5.814394112097142,-0.305067425767791,6
6632,5.990204882954262,5.814394112097142,-0.1758107708571197,10
6633,6.0848276918221424,6.060932673519882,-0.023895018302260596,3
6634,6.158523334790779,6.060932673519882,-0.097590661270897,7
6635,5.948537905929864,6.060932673519882,0.11239476759001743,1
6636,6.061615905800141,6.060932673519882,-0.0006832322802594604,8
6637,6.0234851967339,6.060932673519882,0.03744747678598159,10
6638,6.011549593984916,6.060932673519882,0.0493830795349659,5
6639,5.931985072389225,6.060932673519882,0.1289476011306565,4
6640,5.971893130788532,6.060932673519882,0.08903954273135017,2
6641,6.043848266400119,6.060932673519882,0.017084407119762446,9
6642,5.852999388497089,6.167317334748176,0.31431794625108633,1
6643,6.08191898748562,6.167317334748176,0.08539834726255524,6
6644,5.984250464790231,6.167317334748176,0.18306686995794497,8
6645,5.810970242177224,6.167317334748176,0.3563470925709513,2
6646,5.997389524747946,6.167317334748176,0.16992781000022994,4
6647,5.88361015591327,6.167317334748176,0.2837071788349057,9
6648,5.9007011547527854,6.167317334748176,0.2666161799953901,5
6649,6.054317174041607,6.167317334748176,0.11300016070656849,3
6650,5.970361919147501,6.167317334748176,0.19695541560067475,10
6651,6.753564919633923,6.298853076409706,-0.4547118432242163,9
6652,6.602154718279158,6.298853076409706,-0.3033016418694512,3
6653,6.6242444782987375,6.298853076409706,-0.32539140188903115,2
6654,6.608465390374589,6.298853076409706,-0.309612313964883,10
6655,6.512407014460823,6.298853076409706,-0.2135539380511169,4
6656,6.314735948958055,6.298853076409706,-0.015882872548348637,8
6657,6.609915118976233,6.298853076409706,-0.3110620425665269,5
6658,6.641903697363162,6.298853076409706,-0.3430506209534556,1
6659,6.771565198519602,6.298853076409706,-0.472712122109896,6
6660,5.912790144399363,6.079181246047625,0.1663911016482622,5
6661,5.993978506996139,6.079181246047625,0.08520273905148645,6
6662,5.914113182352409,6.079181246047625,0.16506806369521598,1
6663,6.02843529743374,6.079181246047625,0.05074594861388526,4
6664,5.959508508360508,6.079181246047625,0.11967273768711717,9
6665,5.876537133887475,6.079181246047625,0.20264411216014988,10
6666,5.835768637049647,6.079181246047625,0.24341260899797845,2
6667,6.150217081443678,6.079181246047625,-0.07103583539605296,7
6668,5.8714466349120045,6.079181246047625,0.20773461113562064,3
6669,5.782972147969385,5.663700925389648,-0.11927122257973721,1
6670,6.024298037731084,5.663700925389648,-0.360597112341436,3
6671,5.827443925311277,5.663700925389648,-0.1637429999216291,4
6672,5.839742077841655,5.663700925389648,-0.17604115245200713,9
6673,5.982446980370754,5.663700925389648,-0.31874605498110586,6
6674,5.636939930299149,5.663700925389648,0.02676099509049923,8
6675,5.881629959742528,5.663700925389648,-0.21792903435288036,10
6676,5.998809875037441,5.663700925389648,-0.33510894964779325,7
6677,5.645098030400985,5.663700925389648,0.018602894988663188,5
6678,5.317877779769579,6.004321373782642,0.6864435940130633,6
6679,5.261712681056482,6.004321373782642,0.7426086927261606,2
6680,5.58436169993426,6.004321373782642,0.41995967384838195,3
6681,5.636031894806968,6.004321373782642,0.3682894789756741,8
6682,5.197372253291036,6.004321373782642,0.8069491204916064,1
6683,5.477052353327216,6.004321373782642,0.5272690204554262,7
6684,5.83442044101536,6.004321373782642,0.16990093276728224,4
6685,5.499616030493809,6.004321373782642,0.5047053432888333,9
6686,5.605866625137356,6.004321373782642,0.3984547486452863,5
6687,5.701990144495598,6.222716471147583,0.5207263266519853,1
6688,5.845706694493817,6.222716471147583,0.37700977665376634,8
6689,5.937714394610178,6.222716471147583,0.2850020765374053,5
6690,5.948932692492982,6.222716471147583,0.27378377865460113,4
6691,5.8574787820695375,6.222716471147583,0.36523768907804577,3
6692,5.632999223881083,6.222716471147583,0.5897172472665,10
6693,5.813137804383328,6.222716471147583,0.40957866676425514,6
6694,5.8306078179760155,6.222716471147583,0.39210865317156784,7
6695,6.030883149381649,6.222716471147583,0.1918333217659347,9
6696,5.7246763398872185,6.079181246047625,0.35450490616040664,7
6697,5.52910253772652,6.079181246047625,0.550078708321105,2
6698,5.894724104039576,6.079181246047625,0.18445714200804897,8
6699,5.536980931022594,6.079181246047625,0.5422003150250312,1
6700,5.911691413242681,6.079181246047625,0.1674898328049439,5
6701,5.438428007805885,6.079181246047625,0.6407532382417402,10
6702,6.113180831482891,6.079181246047625,-0.033999585435266155,4
6703,5.753215037639047,6.079181246047625,0.3259662084085777,9
6704,5.56544424648526,6.079181246047625,0.5137369995623651,6
6705,4.981881517005766,5.786751422145561,0.8048699051397952,1
6706,5.487902804973108,5.786751422145561,0.29884861717245315,5
6707,5.429271803857077,5.786751422145561,0.35747961828848407,3
6708,5.165144724121014,5.786751422145561,0.6216066980245465,7
6709,4.873428314305854,5.786751422145561,0.913323107839707,6
6710,4.876393088884239,5.786751422145561,0.9103583332613221,2
6711,4.792605725843109,5.786751422145561,0.9941456963024518,10
6712,5.574741529235133,5.786751422145561,0.2120098929104275,8
6713,5.182804402448137,5.786751422145561,0.6039470196974239,9
6714,5.937053854065379,6.176091259055681,0.23903740499030235,5
6715,5.740220364381028,6.176091259055681,0.435870894674653,8
6716,6.1594437986743,6.176091259055681,0.016647460381381762,1
6717,6.219082596020525,6.176091259055681,-0.04299133696484336,10
6718,5.983701201726891,6.176091259055681,0.19239005732879022,3
6719,6.1641042240202575,6.176091259055681,0.011987035035423865,2
6720,5.801702252717718,6.176091259055681,0.3743890063379638,4
6721,6.248071948017093,6.176091259055681,-0.07198068896141141,7
6722,6.143318253787794,6.176091259055681,0.03277300526788718,9
6723,6.230080878826431,6.079181246047625,-0.15089963277880614,7
6724,5.9513079707032475,6.079181246047625,0.12787327534437765,3
6725,6.0990132064820255,6.079181246047625,-0.019831960434400386,9
6726,5.629303826656495,6.079181246047625,0.4498774193911297,8
6727,6.14335244980855,6.079181246047625,-0.06417120376092456,1
6728,5.730188111757184,6.079181246047625,0.3489931342904411,4
6729,6.310970533686509,6.079181246047625,-0.2317892876388843,6
6730,6.151515932789896,6.079181246047625,-0.07233468674227073,2
6731,5.8630099864438625,6.079181246047625,0.2161712596037626,5
6732,6.066615219106086,5.995196291597179,-0.07141892750890655,5
6733,6.250357827125156,5.995196291597179,-0.2551615355279768,6
6734,6.237777272369299,5.995196291597179,-0.24258098077211976,7
6735,5.9756726605353805,5.995196291597179,0.019523631061798774,4
6736,6.205100469581548,5.995196291597179,-0.20990417798436845,10
6737,6.186979735294928,5.995196291597179,-0.1917834436977488,1
6738,6.130522041231706,5.995196291597179,-0.13532574963452682,2
6739,5.92151840624477,5.995196291597179,0.07367788535240916,8
6740,6.095843615647583,5.995196291597179,-0.10064732405040377,3
6741,6.199570635389459,6.079181246047625,-0.12038938934183374,10
6742,6.170062416704289,6.079181246047625,-0.09088117065666346,7
6743,6.242328394911072,6.079181246047625,-0.16314714886344728,6
6744,6.0789767025332955,6.079181246047625,0.0002045435143296359,2
6745,5.986294844148334,6.079181246047625,0.09288640189929076,3
6746,6.13696926240298,6.079181246047625,-0.0577880163553548,1
6747,5.889310060040386,6.079181246047625,0.18987118600723907,4
6748,5.970771226837464,6.079181246047625,0.10841001921016069,5
6749,5.827597395076059,6.079181246047625,0.2515838509715662,8
6750,5.7136331294062375,6.0,0.28636687059376253,4
6751,5.944831798037449,6.0,0.05516820196255079,2
6752,5.867457856602908,6.0,0.13254214339709236,3
6753,6.043536693237724,6.0,-0.04353669323772369,6
6754,5.964347473458669,6.0,0.03565252654133122,9
6755,5.756149539373144,6.0,0.2438504606268559,1
6756,5.97610020510393,6.0,0.02389979489606997,10
6757,5.783450080867749,6.0,0.21654991913225086,8
6758,5.7783658972327245,6.0,0.22163410276727546,5
6759,5.893881974021596,6.015359755409214,0.12147778138761822,3
6760,6.0106186956348555,6.015359755409214,0.004741059774358902,10
6761,6.058140349782649,6.015359755409214,-0.04278059437343451,7
6762,5.82499038113164,6.015359755409214,0.19036937427757472,4
6763,5.828109193577192,6.015359755409214,0.18725056183202238,8
6764,5.828040770750686,6.015359755409214,0.18731898465852836,1
6765,6.003282051102135,6.015359755409214,0.012077704307078996,6
6766,5.838390859061351,6.015359755409214,0.17696889634786306,5
6767,5.894890942383589,6.015359755409214,0.12046881302562529,2
6768,5.329729475143699,5.5301996982030825,0.20047022305938356,1
6769,5.3451128217762465,5.5301996982030825,0.18508687642683608,6
6770,5.271631696433411,5.5301996982030825,0.2585680017696719,10
6771,5.5265878866064115,5.5301996982030825,0.0036118115966710107,7
6772,5.668337290443874,5.5301996982030825,-0.13813759224079103,5
6773,5.442598088329416,5.5301996982030825,0.0876016098736665,9
6774,5.729264564433162,5.5301996982030825,-0.19906486623007957,8
6775,5.170572214014219,5.5301996982030825,0.3596274841888638,2
6776,5.707155711732536,5.5301996982030825,-0.17695601352945367,3
6777,5.795763269594393,6.0,0.20423673040560697,4
6778,5.950631116555409,6.0,0.04936888344459067,9
6779,5.936759352813359,6.0,0.06324064718664069,3
6780,5.6287989035334745,6.0,0.37120109646652555,2
6781,5.712487155498438,6.0,0.28751284450156156,1
6782,5.921085068018821,6.0,0.0789149319811786,5
6783,5.649200317897916,6.0,0.35079968210208357,10
6784,5.866581962970465,6.0,0.1334180370295348,8
6785,5.778437692738093,6.0,0.22156230726190707,6
6786,5.747813972113896,6.330413773349191,0.5825998012352951,7
6787,5.572573412365844,6.330413773349191,0.7578403609833471,6
6788,5.917005450218743,6.330413773349191,0.4134083231304482,3
6789,5.906394698886486,6.330413773349191,0.4240190744627048,5
6790,5.704551080037995,6.330413773349191,0.6258626933111957,9
6791,5.899741252441463,6.330413773349191,0.430672520907728,8
6792,5.959356677900861,6.330413773349191,0.37105709544832965,4
6793,5.497568858902363,6.330413773349191,0.8328449144468282,10
6794,5.465402719872825,6.330413773349191,0.8650110534763655,2
6795,5.967897547627602,5.607455023214668,-0.36044252441293345,4
6796,5.871467819420949,5.607455023214668,-0.2640127962062806,2
6797,6.033643073254832,5.607455023214668,-0.4261880500401638,7
6798,6.034642352760033,5.607455023214668,-0.4271873295453643,8
6799,6.046491241916568,5.607455023214668,-0.4390362187018999,6
6800,6.035533306729683,5.607455023214668,-0.4280782835150143,9
6801,6.02491119036864,5.607455023214668,-0.41745616715397205,10
6802,5.918464704052349,5.607455023214668,-0.31100968083768077,5
6803,5.636098709602702,5.607455023214668,-0.028643686388034162,1
6804,6.048422819353916,6.103461622094705,0.055038802740789095,6
6805,5.934065387555755,6.103461622094705,0.16939623453894992,2
6806,6.077270057376899,6.103461622094705,0.026191564717805704,9
6807,5.969521821331807,6.103461622094705,0.13393980076289758,5
6808,6.087952111368015,6.103461622094705,0.015509510726690046,7
6809,6.024883603852073,6.103461622094705,0.07857801824263166,4
6810,6.055185599944836,6.103461622094705,0.048276022149869036,8
6811,6.015247605461379,6.103461622094705,0.08821401663332562,10
6812,5.7973821202033715,6.103461622094705,0.30607950189133337,1
6813,5.8997361379635835,6.024731889655249,0.12499575169166555,4
6814,6.006712411119303,6.024731889655249,0.018019478535945765,8
6815,6.0324585823371235,6.024731889655249,-0.007726692681874425,6
6816,5.98538811978533,6.024731889655249,0.0393437698699195,9
6817,6.019983099566942,6.024731889655249,0.004748790088306976,10
6818,5.859331101533167,6.024731889655249,0.16540078812208225,5
6819,5.973490532822516,6.024731889655249,0.05124135683273323,7
6820,5.799805208658726,6.024731889655249,0.22492668099652313,2
6821,6.0461963563204275,6.024731889655249,-0.021464466665178428,3
6822,5.684422267806434,4.711807229041191,-0.9726150387652428,10
6823,5.763706906131239,4.711807229041191,-1.0518996770900486,7
6824,5.944072636220983,4.711807229041191,-1.232265407179792,5
6825,5.877229248460997,4.711807229041191,-1.1654220194198066,1
6826,5.7804905126658905,4.711807229041191,-1.0686832836246998,2
6827,5.812303098794891,4.711807229041191,-1.1004958697537006,6
6828,5.77883183670297,4.711807229041191,-1.0670246076617795,9
6829,5.902959878770761,4.711807229041191,-1.1911526497295704,4
6830,5.857133362400285,4.711807229041191,-1.1453261333590943,3
6831,5.8642973363473105,5.824054205231849,-0.04024313111546185,10
6832,6.000368240885964,5.824054205231849,-0.17631403565411574,7
6833,5.9360017423651374,5.824054205231849,-0.11194753713328875,1
6834,5.8712616962007464,5.824054205231849,-0.04720749096889776,4
6835,5.8994636440367785,5.824054205231849,-0.07540943880492978,9
6836,6.003831489234547,5.824054205231849,-0.17977728400269832,8
6837,5.941799059150937,5.824054205231849,-0.1177448539190884,5
6838,6.050340355220441,5.824054205231849,-0.2262861499885922,6
6839,5.820653315669258,5.824054205231849,0.00340088956259077,3
6840,5.68567337735655,6.301029995663981,0.6153566183074313,4
6841,5.781579570496104,6.301029995663981,0.5194504251678769,1
6842,5.590298038415381,6.301029995663981,0.7107319572486004,10
6843,5.7398535858966655,6.301029995663981,0.5611764097673158,6
6844,5.777218083461521,6.301029995663981,0.5238119122024605,5
6845,5.618365385067027,6.301029995663981,0.6826646105969543,8
6846,5.614990459568792,6.301029995663981,0.6860395360951896,9
6847,5.687008940883984,6.301029995663981,0.6140210547799976,2
6848,5.750122496476347,6.301029995663981,0.5509074991876339,3
6849,6.21753589864504,6.188647295999718,-0.028888602645322337,4
6850,5.948538206625698,6.188647295999718,0.24010908937401965,6
6851,6.128875951263526,6.188647295999718,0.059771344736192056,7
6852,6.1653752282918175,6.188647295999718,0.023272067707900135,3
6853,6.013738272213365,6.188647295999718,0.17490902378635287,10
6854,6.170241743342927,6.188647295999718,0.018405552656791002,5
6855,6.132558177333633,6.188647295999718,0.056089118666085014,9
6856,5.9521470195630695,6.188647295999718,0.23650027643664817,2
6857,6.151493439738131,6.188647295999718,0.03715385626158696,1
6858,6.119554622760638,6.977723605288848,0.85816898252821,8
6859,6.108496159652065,6.977723605288848,0.869227445636783,7
6860,6.034666869016021,6.977723605288848,0.943056736272827,10
6861,5.927948040341044,6.977723605288848,1.0497755649478036,2
6862,6.156228035890779,6.977723605288848,0.8214955693980688,1
6863,6.245909802521218,6.977723605288848,0.73181380276763,4
6864,6.178119169965124,6.977723605288848,0.7996044353237233,3
6865,6.127052492806351,6.977723605288848,0.8506711124824964,9
6866,6.2028278800544525,6.977723605288848,0.7748957252343951,5
6867,5.977871487792616,6.0,0.022128512207384432,3
6868,6.054779801686355,6.0,-0.054779801686355434,4
6869,6.040563512147239,6.0,-0.04056351214723897,1
6870,5.831580891490575,6.0,0.16841910850942465,2
6871,5.972531460289038,6.0,0.02746853971096197,5
6872,5.955341608909568,6.0,0.044658391090432126,8
6873,6.045600747053293,6.0,-0.04560074705329331,9
6874,5.992844985005735,6.0,0.007155014994265407,7
6875,5.884473179320194,6.0,0.11552682067980591,6
6876,6.074569264426786,4.103803720955957,-1.9707655434708284,2
6877,6.174117428890381,4.103803720955957,-2.0703137079344236,6
6878,6.1113451329907695,4.103803720955957,-2.0075414120348123,3
6879,6.1953977704697225,4.103803720955957,-2.0915940495137653,7
6880,6.077567621804171,4.103803720955957,-1.9737639008482137,5
6881,6.195563240045861,4.103803720955957,-2.091759519089904,9
6882,6.219903940407361,4.103803720955957,-2.116100219451404,1
6883,6.160814583477776,4.103803720955957,-2.0570108625218184,10
6884,6.030896261519921,4.103803720955957,-1.9270925405639634,8
6885,6.041218029965624,6.720572720364261,0.6793546903986369,3
6886,6.067795195601068,6.720572720364261,0.6527775247631933,1
6887,6.0110643347020565,6.720572720364261,0.7095083856622049,10
6888,6.0712746695576945,6.720572720364261,0.6492980508065669,8
6889,6.1138536394053,6.720572720364261,0.6067190809589613,6
6890,6.0934125514892505,6.720572720364261,0.6271601688750108,7
6891,6.061125815059813,6.720572720364261,0.6594469053044483,4
6892,6.135583097350856,6.720572720364261,0.5849896230134055,9
6893,6.04247828120389,6.720572720364261,0.6780944391603709,5
6894,6.001134064469617,6.103803720955957,0.10266965648634052,5
6895,5.92739442865897,6.103803720955957,0.1764092922969871,6
6896,6.068670415301339,6.103803720955957,0.03513330565461814,1
6897,6.076149557932673,6.103803720955957,0.02765416302328383,9
6898,6.077231030218647,6.103803720955957,0.026572690737309834,4
6899,5.894041820897777,6.103803720955957,0.2097619000581803,2
6900,5.997780119676048,6.103803720955957,0.10602360127990895,8
6901,6.021683329195479,6.103803720955957,0.08212039176047803,3
6902,6.054547339237268,6.103803720955957,0.04925638171868929,7
6903,5.964336928238067,6.0,0.03566307176193284,1
6904,6.149871857147102,6.0,-0.14987185714710183,9
6905,5.896488619124762,6.0,0.10351138087523815,10
6906,6.0131224251275635,6.0,-0.013122425127563453,5
6907,6.163590104658137,6.0,-0.1635901046581374,7
6908,6.1517842356993615,6.0,-0.1517842356993615,8
6909,6.0463144980115695,6.0,-0.046314498011569505,4
6910,5.907774896594143,6.0,0.09222510340585721,6
6911,6.259902248227709,6.0,-0.2599022482277089,3
6912,5.998725750931455,6.0,0.001274249068544897,5
6913,6.061877851279312,6.0,-0.06187785127931189,9
6914,6.135919025533228,6.0,-0.13591902553322832,4
6915,5.994103610729013,6.0,0.0058963892709869015,10
6916,5.870314298799614,6.0,0.12968570120038603,6
6917,6.067627776713224,6.0,-0.06762777671322429,3
6918,5.843684395626519,6.0,0.15631560437348124,2
6919,6.0069419954214975,6.0,-0.006941995421497538,1
6920,6.071341410961895,6.0,-0.07134141096189506,7
6921,5.898992320468546,5.342422680822207,-0.5565696396463391,8
6922,5.918046840532451,5.342422680822207,-0.5756241597102445,5
6923,5.958497934249579,5.342422680822207,-0.6160752534273728,9
6924,5.920742781142328,5.342422680822207,-0.5783201003201217,3
6925,6.115254618358138,5.342422680822207,-0.7728319375359316,6
6926,6.0693829228142,5.342422680822207,-0.7269602419919936,7
6927,5.861026198775094,5.342422680822207,-0.5186035179528874,2
6928,5.906795336632692,5.342422680822207,-0.5643726558104856,4
6929,5.950617105854015,5.342422680822207,-0.6081944250318081,1
6930,5.5407950250383955,6.079181246047625,0.5383862210092296,1
6931,5.879343091891374,6.079181246047625,0.19983815415625106,4
6932,5.637948662109196,6.079181246047625,0.44123258393842946,9
6933,5.632413135503806,6.079181246047625,0.44676811054381904,7
6934,5.797871668581504,6.079181246047625,0.2813095774661214,3
6935,5.529134396974739,6.079181246047625,0.5500468490728858,10
6936,5.336021270474021,6.079181246047625,0.7431599755736045,2
6937,5.8281080725241345,6.079181246047625,0.25107317352349057,5
6938,5.804192360817878,6.079181246047625,0.27498888522974685,8
6939,5.9599778621715025,6.278753600952829,0.31877573878132637,5
6940,5.935990399249846,6.278753600952829,0.3427632017029829,4
6941,6.125826728156295,6.278753600952829,0.1529268727965336,2
6942,5.955684286027225,6.278753600952829,0.3230693149256041,3
6943,6.256371697737957,6.278753600952829,0.02238190321487199,9
6944,6.141325103823951,6.278753600952829,0.1374284971288775,10
6945,5.90768935673075,6.278753600952829,0.3710642442220786,8
6946,6.287701376465613,6.278753600952829,-0.008947775512783807,7
6947,6.17921595518955,6.278753600952829,0.09953764576327906,1
6948,6.001026941366904,6.414973347970818,0.41394640660391424,5
6949,6.2429418091376805,6.414973347970818,0.1720315388331377,9
6950,6.099223459649525,6.414973347970818,0.31574988832129325,10
6951,6.269458028625507,6.414973347970818,0.1455153193453116,7
6952,6.023715201485447,6.414973347970818,0.39125814648537105,3
6953,5.999619693124406,6.414973347970818,0.4153536548464123,8
6954,6.00371264211802,6.414973347970818,0.41126070585279795,4
6955,6.155689962380893,6.414973347970818,0.25928338558992525,6
6956,6.113559861828757,6.414973347970818,0.301413486142061,2
6957,5.873833160941116,5.77451696572855,-0.09931619521256607,2
6958,5.836384741383362,5.77451696572855,-0.06186777565481183,3
6959,5.896357272591959,5.77451696572855,-0.12184030686340908,5
6960,5.821119080192844,5.77451696572855,-0.046602114464294075,4
6961,5.944833030297784,5.77451696572855,-0.1703160645692341,10
6962,6.072910314492918,5.77451696572855,-0.2983933487643684,7
6963,5.870364143523897,5.77451696572855,-0.09584717779534735,1
6964,5.98529992559635,5.77451696572855,-0.21078295986780038,6
6965,6.134017082238077,5.77451696572855,-0.35950011650952707,9
6966,5.54779657682676,6.377124042346456,0.8293274655196967,7
6967,5.192639138316699,6.377124042346456,1.1844849040297571,10
6968,5.451368579190434,6.377124042346456,0.9257554631560225,2
6969,5.929827233339176,6.377124042346456,0.4472968090072804,8
6970,5.650522694497507,6.377124042346456,0.7266013478489493,9
6971,5.5933141445369605,6.377124042346456,0.7838098978094958,5
6972,5.874330390785037,6.377124042346456,0.5027936515614195,3
6973,5.560981757854064,6.377124042346456,0.8161422844923925,1
6974,5.591452414212091,6.377124042346456,0.7856716281343656,6
6975,6.066475991051404,5.93801909747621,-0.1284568935751942,2
6976,6.176047046875905,5.93801909747621,-0.23802794939969463,9
6977,6.060345358309714,5.93801909747621,-0.12232626083350429,1
6978,5.995521636098926,5.93801909747621,-0.057502538622715704,4
6979,6.1800477790189765,5.93801909747621,-0.24202868154276658,6
6980,6.076477885143836,5.93801909747621,-0.1384587876676262,5
6981,6.065508569861021,5.93801909747621,-0.127489472384811,3
6982,6.0733668312396,5.93801909747621,-0.13534773376338993,8
6983,6.166058791134265,5.93801909747621,-0.22803969365805532,7
6984,5.648350091443529,6.0,0.35164990855647105,3
6985,5.592794665800848,6.0,0.40720533419915217,9
6986,5.70192208015161,6.0,0.2980779198483896,8
6987,5.6561233776134365,6.0,0.34387662238656347,7
6988,5.7023397407060346,6.0,0.29766025929396545,4
6989,5.515000478666448,6.0,0.4849995213335516,2
6990,5.635455514389594,6.0,0.36454448561040564,5
6991,5.627066214232532,6.0,0.3729337857674677,6
6992,5.655781662339354,6.0,0.3442183376606458,1
6993,5.739598410437001,6.332236415491443,0.5926380050544422,3
6994,5.848746084695224,6.332236415491443,0.4834903307962186,4
6995,5.94556800209049,6.332236415491443,0.3866684134009528,8
6996,5.344050463347015,6.332236415491443,0.9881859521444278,10
6997,5.419437207258467,6.332236415491443,0.9127992082329763,1
6998,5.4296578619634595,6.332236415491443,0.9025785535279836,6
6999,5.352644036174405,6.332236415491443,0.9795923793170376,2
7000,5.414997721480057,6.332236415491443,0.9172386940113864,9
7001,5.389501614545417,6.332236415491443,0.9427348009460257,7
7002,5.291537075314445,6.176091259055681,0.8845541837412361,2
7003,5.41923501355654,6.176091259055681,0.756856245499141,9
7004,5.61238889117275,6.176091259055681,0.5637023678829314,5
7005,5.28414105065247,6.176091259055681,0.8919502084032116,10
7006,5.882667029381463,6.176091259055681,0.2934242296742182,8
7007,5.455443054813991,6.176091259055681,0.72064820424169,7
7008,5.478048997081162,6.176091259055681,0.6980422619745195,1
7009,5.74796813532039,6.176091259055681,0.4281231237352916,3
7010,5.734603295150038,6.176091259055681,0.4414879639056437,4
7011,5.789963283643263,6.165244326125311,0.3752810424820483,4
7012,5.804581912973434,6.165244326125311,0.36066241315187675,1
7013,6.032015693823018,6.165244326125311,0.1332286323022931,6
7014,5.822540941203406,6.165244326125311,0.3427033849219052,8
7015,6.045351965413795,6.165244326125311,0.11989236071151588,7
7016,5.915489698007846,6.165244326125311,0.24975462811746496,2
7017,5.991330869465193,6.165244326125311,0.17391345666011837,5
7018,6.0139952882808,6.165244326125311,0.1512490378445115,9
7019,6.114447493359961,6.165244326125311,0.050796832765350075,3
7020,7.0348057815750105,6.969415912353981,-0.06538986922102907,8
7021,7.022097754760527,6.969415912353981,-0.05268184240654605,4
7022,6.748261796801034,6.969415912353981,0.22115411555294706,2
7023,6.838755326993662,6.969415912353981,0.1306605853603191,6
7024,7.311889805668365,6.969415912353981,-0.3424738933143834,9
7025,6.889610549859663,6.969415912353981,0.07980536249431847,1
7026,7.067339019099288,6.969415912353981,-0.09792310674530658,10
7027,6.708122615711294,6.969415912353981,0.2612932966426875,7
7028,6.9071586269308725,6.969415912353981,0.06225728542310893,3
7029,6.097744679249368,6.447158031342219,0.34941335209285107,3
7030,6.27143038558603,6.447158031342219,0.17572764575618915,5
7031,5.852893629502349,6.447158031342219,0.5942644018398706,9
7032,5.873461733715531,6.447158031342219,0.5736962976266886,10
7033,6.027317130585577,6.447158031342219,0.4198409007566424,8
7034,6.100974633747623,6.447158031342219,0.34618339759459626,6
7035,5.824168113643602,6.447158031342219,0.6229899176986171,2
7036,6.072845888199725,6.447158031342219,0.37431214314249406,7
7037,6.28771541083124,6.447158031342219,0.1594426205109798,4
7038,5.992082130512073,6.72916478969277,0.7370826591806967,10
7039,6.052315854065955,6.72916478969277,0.6768489356268148,9
7040,6.062396950686748,6.72916478969277,0.6667678390060221,5
7041,6.000517993690719,6.72916478969277,0.7286467960020504,1
7042,6.207541646667741,6.72916478969277,0.5216231430250291,7
7043,6.21097314055439,6.72916478969277,0.5181916491383793,6
7044,6.183956739229334,6.72916478969277,0.5452080504634358,4
7045,6.062547468736515,6.72916478969277,0.6666173209562549,3
7046,6.0475878910799326,6.72916478969277,0.6815768986128372,8
7047,6.5683430436810815,6.3979400086720375,-0.17040303500904397,5
7048,6.44168502290817,6.3979400086720375,-0.04374501423613264,8
7049,6.599321252099642,6.3979400086720375,-0.20138124342760477,10
7050,6.511242645979922,6.3979400086720375,-0.1133026373078847,9
7051,6.561108586269321,6.3979400086720375,-0.16316857759728354,3
7052,6.505462712741083,6.3979400086720375,-0.10752270406904518,2
7053,6.556955572625,6.3979400086720375,-0.15901556395296268,1
7054,6.570171383725611,6.3979400086720375,-0.1722313750535731,4
7055,6.662572975052683,6.3979400086720375,-0.2646329663806455,6
7056,6.1438277784192765,6.4269989587565375,0.28317118033726096,3
7057,6.135342711029023,6.4269989587565375,0.29165624772751464,10
7058,6.347038752418793,6.4269989587565375,0.07996020633774492,6
7059,6.095579425144885,6.4269989587565375,0.3314195336116521,1
7060,6.310931797648632,6.4269989587565375,0.11606716110790583,4
7061,6.1499318970014185,6.4269989587565375,0.27706706175511897,2
7062,6.269549689927685,6.4269989587565375,0.15744926882885224,7
7063,6.18216553268613,6.4269989587565375,0.24483342607040726,9
7064,6.287945141590592,6.4269989587565375,0.13905381716594523,5
7065,6.1892959548141375,4.778151250383644,-1.4111447044304937,3
7066,6.3366649505105475,4.778151250383644,-1.5585137001269036,8
7067,6.141413451636009,4.778151250383644,-1.3632622012523647,1
7068,6.263180535664003,4.778151250383644,-1.4850292852803593,4
7069,6.179454575290476,4.778151250383644,-1.4013033249068325,2
7070,6.2186104826397335,4.778151250383644,-1.4404592322560896,9
7071,6.147871506529632,4.778151250383644,-1.369720256145988,10
7072,6.3073271125177,4.778151250383644,-1.529175862134056,7
7073,6.332398217218345,4.778151250383644,-1.5542469668347012,6
7074,6.157959342735861,6.380211241711606,0.22225189897574538,6
7075,5.971755189454786,6.380211241711606,0.40845605225682036,2
7076,6.117519677978687,6.380211241711606,0.26269156373291924,7
7077,6.256519752634975,6.380211241711606,0.12369148907663163,8
7078,6.241295760127715,6.380211241711606,0.13891548158389178,4
7079,5.957372293121445,6.380211241711606,0.4228389485901616,10
7080,6.2149397287539125,6.380211241711606,0.16527151295769382,5
7081,6.198814367361438,6.380211241711606,0.1813968743501686,3
7082,6.033708145327714,6.380211241711606,0.3465030963838922,9
7083,5.684682946602677,6.3979400086720375,0.7132570620693608,10
7084,5.647390282864102,6.3979400086720375,0.7505497258079359,1
7085,6.105469740833412,6.3979400086720375,0.29247026783862573,3
7086,6.244833377249151,6.3979400086720375,0.1531066314228866,4
7087,5.875054071203672,6.3979400086720375,0.5228859374683656,9
7088,5.982304967662765,6.3979400086720375,0.4156350410092724,8
7089,6.125080709059067,6.3979400086720375,0.2728592996129704,5
7090,6.0069999362367605,6.3979400086720375,0.39094007243527695,7
7091,6.048029238911319,6.3979400086720375,0.34991076976071867,6
7092,4.541532183288883,3.556302500767288,-0.9852296825215947,1
7093,5.631931928020788,3.556302500767288,-2.0756294272535,3
7094,5.372614845329983,3.556302500767288,-1.8163123445626952,9
7095,5.445874986585173,3.556302500767288,-1.8895724858178853,5
7096,5.469228846321697,3.556302500767288,-1.9129263455544092,10
7097,5.494563504665302,3.556302500767288,-1.9382610038980137,2
7098,5.372132448447724,3.556302500767288,-1.8158299476804358,4
7099,5.429583016290968,3.556302500767288,-1.8732805155236796,7
7100,5.3477640366685,3.556302500767288,-1.7914615359012118,8
7101,6.125216596979139,6.633468455579586,0.5082518586004472,4
7102,6.050541020268602,6.633468455579586,0.5829274353109843,1
7103,6.158392465924839,6.633468455579586,0.47507598965474696,3
7104,6.156505520591229,6.633468455579586,0.4769629349883573,10
7105,6.0192534726308615,6.633468455579586,0.6142149829487247,9
7106,6.101402562944484,6.633468455579586,0.5320658926351021,5
7107,6.245770839805088,6.633468455579586,0.38769761577449824,6
7108,6.044015918427438,6.633468455579586,0.5894525371521482,2
7109,6.183881848531519,6.633468455579586,0.44958660704806697,7
7110,5.940181668930848,6.243038048686294,0.302856379755446,10
7111,6.0706924503643345,6.243038048686294,0.17234559832195995,6
7112,5.713003460860973,6.243038048686294,0.5300345878253214,1
7113,5.936944919010277,6.243038048686294,0.3060931296760172,5
7114,6.00971193556074,6.243038048686294,0.23332611312555418,3
7115,6.005032200872953,6.243038048686294,0.23800584781334155,4
7116,5.864187419085968,6.243038048686294,0.37885062960032645,2
7117,6.080896485212345,6.243038048686294,0.16214156347394937,7
7118,5.854140080337401,6.243038048686294,0.38889796834889356,9
7119,5.972358553564814,6.187520720836463,0.21516216727164839,9
7120,6.105378532886532,6.187520720836463,0.08214218794993045,6
7121,6.146114107459574,6.187520720836463,0.041406613376888224,7
7122,6.0070805501764175,6.187520720836463,0.18044017066004514,5
7123,5.833804739431995,6.187520720836463,0.35371598140446725,1
7124,6.0681502902157405,6.187520720836463,0.11937043062072217,8
7125,6.055352102490739,6.187520720836463,0.13216861834572402,3
7126,5.948150754739063,6.187520720836463,0.23936996609739936,2
7127,6.042707940222513,6.187520720836463,0.14481278061394942,4
7128,5.545741053238018,6.176091259055681,0.6303502058176633,7
7129,5.371770232258381,6.176091259055681,0.8043210267973002,5
7130,5.455138055785276,6.176091259055681,0.7209532032704056,4
7131,5.33586102110986,6.176091259055681,0.8402302379458213,10
7132,5.292204244897697,6.176091259055681,0.8838870141579847,3
7133,5.651541578841738,6.176091259055681,0.5245496802139433,6
7134,5.236751449314928,6.176091259055681,0.939339809740753,8
7135,5.378649378570297,6.176091259055681,0.7974418804853842,2
7136,5.472954142341216,6.176091259055681,0.7031371167144655,9
7137,5.860747717237548,4.770852011642144,-1.0898957055954046,3
7138,5.561277256366958,4.770852011642144,-0.7904252447248146,2
7139,5.707805571223575,4.770852011642144,-0.9369535595814309,6
7140,5.553409896272078,4.770852011642144,-0.7825578846299344,10
7141,5.766981040698497,4.770852011642144,-0.9961290290563536,9
7142,5.626605220755151,4.770852011642144,-0.8557532091130069,1
7143,5.902975396861788,4.770852011642144,-1.1321233852196446,4
7144,5.6845287386981695,4.770852011642144,-0.9136767270560258,8
7145,5.805581058595813,4.770852011642144,-1.034729046953669,7
7146,6.0929183096720365,6.3979400086720375,0.305021699000001,6
7147,6.186023979101763,6.3979400086720375,0.21191602957027467,5
7148,6.338582175258585,6.3979400086720375,0.059357833413452354,3
7149,6.2676629765265925,6.3979400086720375,0.13027703214544495,4
7150,6.305048269841374,6.3979400086720375,0.09289173883066315,7
7151,6.047800863838812,6.3979400086720375,0.35013914483322583,9
7152,6.053714298374601,6.3979400086720375,0.34422571029743665,8
7153,6.1732221951055095,6.3979400086720375,0.22471781356652798,1
7154,6.072885663902476,6.3979400086720375,0.3250543447695611,2
7155,6.022486823867096,6.419955748489758,0.3974689246226619,7
7156,5.831326787559052,6.419955748489758,0.5886289609307056,2
7157,6.0348629662699595,6.419955748489758,0.3850927822197985,6
7158,5.8687926980391625,6.419955748489758,0.5511630504505955,10
7159,6.086004888326446,6.419955748489758,0.3339508601633119,5
7160,5.979342566999976,6.419955748489758,0.44061318148978224,4
7161,6.134232052056236,6.419955748489758,0.28572369643352236,3
7162,5.72902408372593,6.419955748489758,0.690931664763828,1
7163,5.7359586151992525,6.419955748489758,0.6839971332905055,8
7164,6.024517520313223,6.819543935541868,0.7950264152286453,8
7165,6.036542125275724,6.819543935541868,0.7830018102661445,2
7166,6.113085764278395,6.819543935541868,0.7064581712634732,3
7167,6.559833364376879,6.819543935541868,0.2597105711649892,5
7168,6.0699902238315575,6.819543935541868,0.7495537117103108,10
7169,6.306037627952059,6.819543935541868,0.5135063075898092,7
7170,6.13498700448465,6.819543935541868,0.6845569310572186,9
7171,6.004046755451023,6.819543935541868,0.815497180090845,4
7172,6.129956131807738,6.819543935541868,0.6895878037341303,1
7173,5.806099818585503,5.128399268717806,-0.6777005498676969,10
7174,5.780739202622111,5.128399268717806,-0.6523399339043046,2
7175,6.286188249569851,5.128399268717806,-1.157788980852045,5
7176,5.975957865127984,5.128399268717806,-0.8475585964101775,4
7177,6.078908215389263,5.128399268717806,-0.9505089466714569,3
7178,5.962976468730404,5.128399268717806,-0.8345772000125979,8
7179,6.077952865340168,5.128399268717806,-0.949553596622362,7
7180,5.9233150496067175,5.128399268717806,-0.7949157808889113,1
7181,5.7467590905082035,5.128399268717806,-0.6183598217903974,6
7182,5.7866921501552975,4.948070481518941,-0.8386216686363568,8
7183,6.100368215174433,4.948070481518941,-1.1522977336554927,5
7184,5.821431743150645,4.948070481518941,-0.8733612616317039,2
7185,5.710712085790234,4.948070481518941,-0.7626416042712929,4
7186,6.045847210270516,4.948070481518941,-1.0977767287515752,7
7187,5.787973015173257,4.948070481518941,-0.8399025336543167,9
7188,5.71855422543852,4.948070481518941,-0.7704837439195797,3
7189,6.015762133296773,4.948070481518941,-1.0676916517778325,6
7190,5.856632382248905,4.948070481518941,-0.9085619007299641,10
7191,5.9900069001715615,6.4679039465228,0.47789704635123886,3
7192,5.757221652598925,6.4679039465228,0.7106822939238757,9
7193,6.282498520270138,6.4679039465228,0.18540542625266188,7
7194,5.845213237982672,6.4679039465228,0.6226907085401283,5
7195,6.04236783981329,6.4679039465228,0.4255361067095107,1
7196,6.04357483835577,6.4679039465228,0.4243291081670302,2
7197,5.934919591599952,6.4679039465228,0.5329843549228483,4
7198,5.393555397411912,6.4679039465228,1.074348549110888,8
7199,6.074954905596129,6.4679039465228,0.3929490409266716,10
7200,6.6849694327456834,6.284656282788515,-0.40031314995716816,1
7201,6.649577903528628,6.284656282788515,-0.3649216207401125,2
7202,6.648164338457797,6.284656282788515,-0.363508055669282,3
7203,6.754773662773345,6.284656282788515,-0.4701173799848295,6
7204,6.245316569114703,6.284656282788515,0.039339713673812504,8
7205,6.522738639216236,6.284656282788515,-0.23808235642772058,4
7206,6.584554236326018,6.284656282788515,-0.2998979535375028,5
7207,6.679998418772711,6.284656282788515,-0.39534213598419576,7
7208,6.744549672078899,6.284656282788515,-0.45989338929038404,10
7209,6.282498520270138,6.556302500767287,0.2738039804971484,7
7210,6.04236783981329,6.556302500767287,0.5139346609539972,1
7211,6.074954905596129,6.556302500767287,0.4813475951711581,10
7212,5.934919591599952,6.556302500767287,0.6213829091673349,4
7213,5.9900069001715615,6.556302500767287,0.5662956005957254,3
7214,5.757221652598924,6.556302500767287,0.7990808481683631,9
7215,5.845213237982672,6.556302500767287,0.7110892627846148,5
7216,6.043574838355772,6.556302500767287,0.5127276624115149,2
7217,5.9385103661392735,6.556302500767287,0.6177921346280133,6
7218,5.680662732202726,4.858537197569639,-0.8221255346330869,2
7219,5.712741532247949,4.858537197569639,-0.8542043346783101,4
7220,5.5648777967253364,4.858537197569639,-0.7063405991556975,6
7221,5.803971351706056,4.858537197569639,-0.9454341541364171,3
7222,5.42919983086424,4.858537197569639,-0.5706626332946012,8
7223,5.907279639491272,4.858537197569639,-1.0487424419216334,7
7224,5.7719042071534545,4.858537197569639,-0.9133670095838156,9
7225,5.657801203691851,4.858537197569639,-0.799264006122212,10
7226,5.692833251759656,4.858537197569639,-0.8342960541900171,5
7227,5.578572098091016,5.230448921378274,-0.3481231767127415,3
7228,5.655169895358381,5.230448921378274,-0.424720973980107,6
7229,5.677696401348644,5.230448921378274,-0.44724747997037007,1
7230,5.816779848505537,5.230448921378274,-0.5863309271272632,7
7231,5.659331596570319,5.230448921378274,-0.42888267519204515,10
7232,5.530519953420372,5.230448921378274,-0.30007103204209784,4
7233,5.4012473391108715,5.230448921378274,-0.1707984177325974,9
7234,5.522781224203245,5.230448921378274,-0.29233230282497047,5
7235,5.288488828034462,5.230448921378274,-0.0580399066561883,8
7236,5.387112170732722,4.728028954420519,-0.6590832163122036,5
7237,5.311680771164266,4.728028954420519,-0.583651816743747,2
7238,4.925536645060206,4.728028954420519,-0.19750769063968754,4
7239,5.248147157467239,4.728028954420519,-0.52011820304672,1
7240,5.288240571357764,4.728028954420519,-0.5602116169372451,8
7241,5.483904389100811,4.728028954420519,-0.7558754346802923,7
7242,5.466134091287263,4.728028954420519,-0.7381051368667446,6
7243,5.4619585443838385,4.728028954420519,-0.7339295899633198,3
7244,5.507977446424468,4.728028954420519,-0.7799484920039497,9
7245,5.545882079679007,4.0,-1.5458820796790071,1
7246,5.599441028367268,4.0,-1.5994410283672682,8
7247,5.567022337405652,4.0,-1.5670223374056524,7
7248,5.692740653275596,4.0,-1.692740653275596,4
7249,5.521609337927271,4.0,-1.5216093379272708,2
7250,5.622555166771471,4.0,-1.6225551667714706,9
7251,5.695772397379993,4.0,-1.6957723973799927,6
7252,5.567896538331034,4.0,-1.5678965383310342,5
7253,5.630888461361433,4.0,-1.6308884613614332,3
7254,5.927640283411181,6.049218022670182,0.12157773925900095,3
7255,5.632440359988643,6.049218022670182,0.4167776626815387,6
7256,5.6856465957690085,6.049218022670182,0.3635714269011734,7
7257,5.88561391721096,6.049218022670182,0.1636041054592221,5
7258,5.672584389391871,6.049218022670182,0.3766336332783107,10
7259,5.834190412861811,6.049218022670182,0.215027609808371,9
7260,5.649921230475641,6.049218022670182,0.39929679219454073,1
7261,5.92107422987105,6.049218022670182,0.1281437927991318,8
7262,6.0587159426971775,6.049218022670182,-0.009497920026995565,4
7263,5.750065320124725,4.826074802700826,-0.9239905174238991,4
7264,5.461869756910987,4.826074802700826,-0.6357949542101613,7
7265,5.5409843672004255,4.826074802700826,-0.7149095644995995,5
7266,5.474044104495837,4.826074802700826,-0.647969301795011,10
7267,5.457680330776934,4.826074802700826,-0.6316055280761077,9
7268,5.751312384626988,4.826074802700826,-0.9252375819261616,8
7269,5.44102740626228,4.826074802700826,-0.6149526035614539,2
7270,5.3653059018931195,4.826074802700826,-0.5392310991922935,1
7271,5.6488810885007075,4.826074802700826,-0.8228062857998815,6
7272,4.622352089021049,5.760422483423212,1.1380703944021624,2
7273,4.639721417393359,5.760422483423212,1.120701066029853,3
7274,4.784674031980919,5.760422483423212,0.9757484514422927,9
7275,4.526756221490705,5.760422483423212,1.2336662619325072,5
7276,4.633092956587076,5.760422483423212,1.127329526836136,1
7277,4.779598646604431,5.760422483423212,0.9808238368187805,10
7278,4.6548232432663275,5.760422483423212,1.1055992401568844,7
7279,4.932570737732196,5.760422483423212,0.8278517456910155,6
7280,4.619038034714246,5.760422483423212,1.1413844487089655,8
7281,4.37922600122953,4.041392685158225,-0.33783331607130496,5
7282,4.397885310504221,4.041392685158225,-0.3564926253459957,7
7283,4.340635742698884,4.041392685158225,-0.29924305754065905,8
7284,4.601767986485625,4.041392685158225,-0.5603753013274,9
7285,4.767216178799005,4.041392685158225,-0.7258234936407799,6
7286,4.437843842439079,4.041392685158225,-0.396451157280854,3
7287,4.243370683723136,4.041392685158225,-0.20197799856491105,4
7288,4.601266325675625,4.041392685158225,-0.5598736405173996,10
7289,4.568119548548079,4.041392685158225,-0.5267268633898539,1
7290,5.356581630732164,5.00987563371216,-0.3467059970200035,1
7291,5.31293807111003,5.00987563371216,-0.30306243739786964,9
7292,5.575466049455959,5.00987563371216,-0.5655904157437988,7
7293,5.516208921558178,5.00987563371216,-0.5063332878460178,10
7294,5.715282263217851,5.00987563371216,-0.7054066295056911,6
7295,5.443337620061798,5.00987563371216,-0.43346198634963784,2
7296,5.449976547620776,5.00987563371216,-0.4401009139086156,8
7297,5.618718838675233,5.00987563371216,-0.6088432049630725,3
7298,5.362658123947573,5.00987563371216,-0.35278249023541264,4
7299,5.561420631244044,5.02938377768521,-0.532036853558834,1
7300,5.671341855727168,5.02938377768521,-0.6419580780419585,8
7301,5.792655253486331,5.02938377768521,-0.7632714758011216,3
7302,5.756925436890228,5.02938377768521,-0.7275416592050181,7
7303,5.64002626011755,5.02938377768521,-0.6106424824323406,2
7304,5.651053150185212,5.02938377768521,-0.6216693725000022,4
7305,5.676307223345376,5.02938377768521,-0.6469234456601667,10
7306,5.871027934429736,5.02938377768521,-0.8416441567445263,6
7307,5.594546897526483,5.02938377768521,-0.565163119841273,9
7308,5.476884030846418,5.544811911757776,0.06792788091135815,10
7309,5.656872959440997,5.544811911757776,-0.11206104768322067,6
7310,5.18896108978825,5.544811911757776,0.35585082196952644,8
7311,5.606702275108358,5.544811911757776,-0.06189036335058162,9
7312,5.297588789177705,5.544811911757776,0.2472231225800714,7
7313,5.4408604461445345,5.544811911757776,0.10395146561324164,2
7314,5.557592160093684,5.544811911757776,-0.012780248335907629,3
7315,5.3708224702437874,5.544811911757776,0.17398944151398865,5
7316,5.320867196941389,5.544811911757776,0.2239447148163869,1
7317,5.383910298159603,5.041392685158225,-0.3425176130013776,7
7318,5.292746107439813,5.041392685158225,-0.2513534222815874,10
7319,5.4245851148058595,5.041392685158225,-0.3831924296476341,6
7320,5.15675641503191,5.041392685158225,-0.11536372987368448,8
7321,5.084523017878808,5.041392685158225,-0.04313033272058231,5
7322,5.163000696871167,5.041392685158225,-0.12160801171294189,1
7323,5.130865752532319,5.041392685158225,-0.08947306737409377,2
7324,4.849254799641848,5.041392685158225,0.19213788551637734,3
7325,5.248118691776308,5.041392685158225,-0.2067260066180827,9
7326,5.436792048662471,5.61066016308988,0.17386811442740857,6
7327,5.301681186741094,5.61066016308988,0.3089789763487856,1
7328,5.458193792325745,5.61066016308988,0.1524663707641345,9
7329,5.270602428425689,5.61066016308988,0.34005773466419065,2
7330,5.195143997374993,5.61066016308988,0.4155161657148865,8
7331,4.998557511498057,5.61066016308988,0.6121026515918224,5
7332,5.52997004144476,5.61066016308988,0.08069012164511946,10
7333,4.97628496690661,5.61066016308988,0.63437519618327,3
7334,5.101119854418632,5.61066016308988,0.509540308671248,4
7335,4.719726070199928,5.045322978786658,0.3255969085867294,7
7336,4.5868484341221825,5.045322978786658,0.4584745446644751,5
7337,4.794327277838906,5.045322978786658,0.2509957009477519,9
7338,4.991859511546103,5.045322978786658,0.05346346724055451,6
7339,4.762090053481872,5.045322978786658,0.2832329253047856,3
7340,4.785702863231691,5.045322978786658,0.25962011555496645,1
7341,4.682956028073967,5.045322978786658,0.36236695071269054,8
7342,4.3991949631034375,5.045322978786658,0.6461280156832201,4
7343,4.734510404485404,5.045322978786658,0.310812574301254,2
7344,5.034286909111811,4.0178677189635055,-1.016419190148306,6
7345,4.82173203726434,4.0178677189635055,-0.8038643183008345,10
7346,4.7887771495856475,4.0178677189635055,-0.770909430622142,4
7347,4.75932891591417,4.0178677189635055,-0.7414611969506648,5
7348,4.869333825117818,4.0178677189635055,-0.8514661061543123,8
7349,4.682727363425132,4.0178677189635055,-0.6648596444616262,2
7350,4.837191363071441,4.0178677189635055,-0.8193236441079357,7
7351,4.697963403357397,4.0178677189635055,-0.6800956843938915,1
7352,4.930674661852087,4.0178677189635055,-0.9128069428885812,9
7353,4.210332935559487,5.96189547366785,1.751562538108363,1
7354,4.409988817090658,5.96189547366785,1.5519066565771924,10
7355,4.257206549036016,5.96189547366785,1.7046889246318342,7
7356,4.572582462064603,5.96189547366785,1.3893130116032468,6
7357,4.374001127387745,5.96189547366785,1.5878943462801054,4
7358,4.460063163108939,5.96189547366785,1.5018323105589113,5
7359,4.578219740301799,5.96189547366785,1.3836757333660508,9
7360,4.993786012990722,5.96189547366785,0.9681094606771277,8
7361,4.870178444148225,5.96189547366785,1.091717029519625,3
7362,3.696444569575662,4.022428371185487,0.32598380160982554,2
7363,3.987903637290502,4.022428371185487,0.03452473389498545,3
7364,3.788984478515956,4.022428371185487,0.23344389266953147,5
7365,3.7892013163169493,4.022428371185487,0.233227054868538,1
7366,3.805825455960277,4.022428371185487,0.21660291522521025,9
7367,3.957504513227456,4.022428371185487,0.06492385795803157,8
7368,3.862653935268123,4.022428371185487,0.1597744359173645,6
7369,3.5092178476208953,4.022428371185487,0.5132105235645921,7
7370,3.7359834013720032,4.022428371185487,0.2864449698134841,10
7371,5.503289388372862,4.468347330412158,-1.0349420579607047,10
7372,5.454305492792578,4.468347330412158,-0.9859581623804203,2
7373,5.713608261341455,4.468347330412158,-1.2452609309292972,7
7374,5.512216396402696,4.468347330412158,-1.0438690659905383,1
7375,5.836445310771256,4.468347330412158,-1.3680979803590985,6
7376,5.387150701791474,4.468347330412158,-0.9188033713793162,8
7377,5.3046357241016375,4.468347330412158,-0.8362883936894798,5
7378,5.6205758222879565,4.468347330412158,-1.1522284918757988,9
7379,5.46454058048984,4.468347330412158,-0.996193250077682,4
7380,5.888057128596708,5.748188027006201,-0.13986910159050758,1
7381,6.002531853904528,5.748188027006201,-0.25434382689832713,7
7382,5.718797438502396,5.748188027006201,0.02939058850380505,5
7383,5.783097836866278,5.748188027006201,-0.03490980986007752,4
7384,5.884956475368692,5.748188027006201,-0.13676844836249114,9
7385,5.920610974256144,5.748188027006201,-0.17242294724994345,6
7386,5.820232890654379,5.748188027006201,-0.07204486364817875,2
7387,5.84248691229218,5.748188027006201,-0.09429888528597896,8
7388,5.927101306339191,5.748188027006201,-0.17891327933299017,10
7389,4.601225415595406,4.389095173354185,-0.212130242241221,4
7390,4.764350082258281,4.389095173354185,-0.37525490890409596,10
7391,4.690786388967365,4.389095173354185,-0.3016912156131797,2
7392,4.683792557801204,4.389095173354185,-0.29469738444701843,3
7393,4.854574659634289,4.389095173354185,-0.4654794862801035,6
7394,4.897684610205122,4.389095173354185,-0.5085894368509365,7
7395,4.997661931391492,4.389095173354185,-0.6085667580373064,8
7396,4.771050730078042,4.389095173354185,-0.38195555672385684,5
7397,4.920848135634287,4.389095173354185,-0.5317529622801018,1
7398,5.080678561907032,4.17897694729317,-0.9017016146138621,1
7399,4.938788817195713,4.17897694729317,-0.7598118699025429,3
7400,4.60259574616126,4.17897694729317,-0.4236187988680902,4
7401,4.969398085740607,4.17897694729317,-0.7904211384474369,10
7402,5.043849790638179,4.17897694729317,-0.864872843345009,6
7403,5.106062078449179,4.17897694729317,-0.9270851311560095,7
7404,4.9193202164051195,4.17897694729317,-0.7403432691119498,5
7405,4.917958197806185,4.17897694729317,-0.7389812505130156,2
7406,5.093125872051597,4.17897694729317,-0.9141489247584271,9
7407,5.690249149110462,5.781036938621132,0.0907877895106699,1
7408,5.636702387934041,5.781036938621132,0.14433455068709122,4
7409,5.555584279677681,5.781036938621132,0.22545265894345157,5
7410,5.865458526483941,5.781036938621132,-0.08442158786280896,6
7411,5.622955755187902,5.781036938621132,0.15808118343323052,2
7412,5.687750547457287,5.781036938621132,0.0932863911638453,8
7413,5.728405004706546,5.781036938621132,0.052631933914586426,9
7414,5.670852444423503,5.781036938621132,0.11018449419762888,10
7415,5.606430381034414,5.781036938621132,0.17460655758671795,3
7416,4.697963403357397,4.0,-0.6979634033573969,1
7417,4.837191363071441,4.0,-0.8371913630714412,7
7418,4.869333825117818,4.0,-0.8693338251178178,8
7419,4.82173203726434,4.0,-0.82173203726434,10
7420,4.930674661852087,4.0,-0.9306746618520867,9
7421,4.691427613745919,4.0,-0.691427613745919,3
7422,4.7887771495856475,4.0,-0.7887771495856475,4
7423,4.682727363425132,4.0,-0.6827273634251316,2
7424,4.75932891591417,4.0,-0.7593289159141703,5
7425,5.792627277914294,4.812913356642856,-0.9797139212714381,10
7426,6.041366582427166,4.812913356642856,-1.2284532257843104,6
7427,5.5313573245994565,4.812913356642856,-0.7184439679566008,3
7428,5.803083798117615,4.812913356642856,-0.990170441474759,9
7429,5.661805837771939,4.812913356642856,-0.8488924811290834,4
7430,5.739273803016369,4.812913356642856,-0.9263604463735131,1
7431,5.811142367918591,4.812913356642856,-0.9982290112757353,2
7432,5.645964481720374,4.812913356642856,-0.8330511250775183,5
7433,5.802808626967016,4.812913356642856,-0.9898952703241601,8
7434,5.117695390455608,5.68930885912362,0.5716134686680121,4
7435,5.317392604388417,5.68930885912362,0.3719162547352024,9
7436,5.209823958179168,5.68930885912362,0.47948490094445173,7
7437,5.00907484565337,5.68930885912362,0.6802340134702503,1
7438,5.364956647150378,5.68930885912362,0.3243522119732418,8
7439,4.821876866235711,5.68930885912362,0.8674319928879086,2
7440,5.0924774054319295,5.68930885912362,0.5968314536916903,5
7441,5.028961607997811,5.68930885912362,0.6603472511258088,10
7442,5.265075369785383,5.68930885912362,0.4242334893382367,3
7443,5.336523631903622,5.851258348719076,0.5147347168154548,2
7444,5.859739246009908,5.851258348719076,-0.008480897290831457,9
7445,5.614888595029751,5.851258348719076,0.236369753689325,3
7446,5.6516044076361345,5.851258348719076,0.19965394108294188,6
7447,5.522315092760853,5.851258348719076,0.32894325595822327,10
7448,5.716211873286996,5.851258348719076,0.13504647543208037,5
7449,5.634564922958957,5.851258348719076,0.21669342576011896,4
7450,5.6106164168825545,5.851258348719076,0.24064193183652183,7
7451,5.483274686833987,5.851258348719076,0.3679836618850896,1
7452,5.628174678362072,5.189209489582306,-0.43896518877976565,3
7453,5.439669886912557,5.189209489582306,-0.25046039733025083,9
7454,5.529358956196304,5.189209489582306,-0.3401494666139975,5
7455,5.478015052604634,5.189209489582306,-0.2888055630223274,8
7456,5.15403504157779,5.189209489582306,0.035174448004516634,2
7457,5.286010823878894,5.189209489582306,-0.09680133429658788,10
7458,5.459592655611774,5.189209489582306,-0.2703831660294682,6
7459,5.379025988819706,5.189209489582306,-0.1898164992373994,4
7460,5.148964457543249,5.189209489582306,0.04024503203905727,1
7461,5.192215179051275,4.049218022670182,-1.1429971563810932,2
7462,5.129086753915279,4.049218022670182,-1.0798687312450967,10
7463,5.291030662122129,4.049218022670182,-1.2418126394519469,8
7464,5.489276574796539,4.049218022670182,-1.4400585521263567,9
7465,5.315415481820191,4.049218022670182,-1.2661974591500087,7
7466,5.32523839751999,4.049218022670182,-1.276020374849808,4
7467,5.417235403426275,4.049218022670182,-1.3680173807560934,5
7468,5.489895773228393,4.049218022670182,-1.4406777505582111,6
7469,5.2695246741610795,4.049218022670182,-1.2203066514908976,1
7470,5.625684704122568,4.7160033436348,-0.9096813604877676,7
7471,5.518278490352242,4.7160033436348,-0.8022751467174416,4
7472,5.491997278789521,4.7160033436348,-0.7759939351547205,1
7473,5.770956397536342,4.7160033436348,-1.0549530539015413,6
7474,5.527878493254502,4.7160033436348,-0.8118751496197021,10
7475,5.540448433395441,4.7160033436348,-0.8244450897606406,2
7476,5.51360098653625,4.7160033436348,-0.79759764290145,3
7477,5.459370057683503,4.7160033436348,-0.7433667140487028,5
7478,5.5987996096520805,4.7160033436348,-0.8827962660172801,9
7479,5.437771461946208,6.763427993562937,1.3256565316167288,8
7480,4.8698103423988774,6.763427993562937,1.8936176511640594,6
7481,4.9686159136003285,6.763427993562937,1.7948120799626084,9
7482,5.077209306660515,6.763427993562937,1.6862186869024223,5
7483,4.5661161307596405,6.763427993562937,2.1973118628032964,3
7484,4.80854372921052,6.763427993562937,1.9548842643524171,1
7485,4.871798426790526,6.763427993562937,1.8916295667724112,7
7486,5.02860611273216,6.763427993562937,1.7348218808307765,2
7487,5.2827231489526465,6.763427993562937,1.4807048446102904,4
7488,5.518278490352242,3.832508912706236,-1.6857695776460058,4
7489,5.770956397536342,3.832508912706236,-1.9384474848301054,6
7490,5.491997278789521,3.832508912706236,-1.6594883660832846,1
7491,5.459370057683503,3.832508912706236,-1.626861144977267,5
7492,5.625684704122568,3.832508912706236,-1.7931757914163318,7
7493,5.51360098653625,3.832508912706236,-1.6810920738300141,3
7494,5.527878493254502,3.832508912706236,-1.6953695805482663,10
7495,5.5987996096520805,3.832508912706236,-1.7662906969458443,9
7496,5.656886177999019,3.832508912706236,-1.824377265292783,8
7497,5.3198216156476406,5.079181246047625,-0.24064036960001545,1
7498,5.441898981777755,5.079181246047625,-0.3627177357301301,7
7499,5.265046469087477,5.079181246047625,-0.1858652230398521,2
7500,5.4862396828262066,5.079181246047625,-0.40705843677858145,9
7501,5.531467192594489,5.079181246047625,-0.4522859465468638,4
7502,5.3837707683491685,5.079181246047625,-0.30458952230154335,6
7503,5.353818001392664,5.079181246047625,-0.27463675534503906,5
7504,5.510813284488794,5.079181246047625,-0.43163203844116893,3
7505,5.280906868821867,5.079181246047625,-0.20172562277424166,10
7506,4.619038034714246,3.4771212547196626,-1.1419167799945837,8
7507,4.622352089021049,3.4771212547196626,-1.1452308343013868,2
7508,4.932570737732196,3.4771212547196626,-1.4554494830125337,6
7509,4.654823243266329,3.4771212547196626,-1.1777019885466666,7
7510,4.784674031980919,3.4771212547196626,-1.3075527772612565,9
7511,4.526756221490705,3.4771212547196626,-1.049634966771042,5
7512,4.639721417393359,3.4771212547196626,-1.1626001626736961,3
7513,4.779598646604431,3.4771212547196626,-1.3024773918847687,10
7514,4.633092956587076,3.4771212547196626,-1.1559717018674132,1
7515,5.034286909111811,5.285557309007774,0.25127039989596245,6
7516,4.837191363071443,5.285557309007774,0.44836594593633095,7
7517,4.682727363425132,5.285557309007774,0.6028299455826422,2
7518,4.82173203726434,5.285557309007774,0.4638252717434339,10
7519,4.691427613745919,5.285557309007774,0.5941296952618549,3
7520,4.7887771495856475,5.285557309007774,0.4967801594221264,4
7521,4.697963403357397,5.285557309007774,0.587593905650377,1
7522,4.75932891591417,5.285557309007774,0.5262283930936036,5
7523,4.869333825117818,5.285557309007774,0.4162234838899561,8
7524,5.277827522089236,6.2552725051033065,0.9774449830140703,1
7525,5.412333414830217,6.2552725051033065,0.8429390902730898,7
7526,5.396733580620759,6.2552725051033065,0.8585389244825476,9
7527,5.576213677541744,6.2552725051033065,0.6790588275615628,6
7528,5.25286560836427,6.2552725051033065,1.0024068967390365,5
7529,5.330197323639857,6.2552725051033065,0.9250751814634492,10
7530,5.3010474598330735,6.2552725051033065,0.954225045270233,3
7531,5.360090191119512,6.2552725051033065,0.8951823139837947,4
7532,5.4822842542903425,6.2552725051033065,0.772988250812964,8
7533,5.714014938526456,4.845098040014257,-0.8689168985121993,6
7534,5.619094098407003,4.845098040014257,-0.7739960583927461,10
7535,5.430476521491904,4.845098040014257,-0.5853784814776475,2
7536,5.647447258887861,4.845098040014257,-0.8023492188736041,9
7537,5.366322621435137,4.845098040014257,-0.5212245814208805,5
7538,5.65441269352509,4.845098040014257,-0.8093146535108326,7
7539,5.509081629628017,4.845098040014257,-0.6639835896137605,3
7540,5.631484376457568,4.845098040014257,-0.7863863364433108,1
7541,5.543660960578622,4.845098040014257,-0.6985629205643651,4
7542,5.319687495541939,6.079181246047625,0.759493750505686,9
7543,5.509980730042534,6.079181246047625,0.5692005160050915,7
7544,5.633374909321073,6.079181246047625,0.4458063367265517,6
7545,5.321828201701763,6.079181246047625,0.7573530443458623,8
7546,5.158059979685852,6.079181246047625,0.9211212663617729,3
7547,5.16673290237935,6.079181246047625,0.9124483436682755,4
7548,5.333933658362526,6.079181246047625,0.7452475876850988,2
7549,5.365296182973975,6.079181246047625,0.7138850630736497,10
7550,5.2813991669581934,6.079181246047625,0.7977820790894317,1
7551,4.692428572801462,4.4048337166199385,-0.28759485618152336,6
7552,4.555625576974068,4.4048337166199385,-0.15079186035412917,1
7553,4.438758174224495,4.4048337166199385,-0.03392445760455676,3
7554,4.521801132622003,4.4048337166199385,-0.11696741600206462,10
7555,4.3377711166236965,4.4048337166199385,0.06706259999624198,7
7556,4.462568362019444,4.4048337166199385,-0.05773464539950535,4
7557,4.550015531713705,4.4048337166199385,-0.1451818150937667,5
7558,4.456381281127354,4.4048337166199385,-0.05154756450741527,8
7559,4.592229529078803,4.4048337166199385,-0.18739581245886416,9
7560,5.8079281414332815,4.79982283099332,-1.0081053104399613,9
7561,5.677636301609,4.79982283099332,-0.8778134706156795,4
7562,5.988387766170406,4.79982283099332,-1.1885649351770855,6
7563,5.663453476589551,4.79982283099332,-0.8636306455962304,2
7564,5.718286574868841,4.79982283099332,-0.9184637438755212,5
7565,5.710902474562401,4.79982283099332,-0.9110796435690807,1
7566,5.918699491263194,4.79982283099332,-1.1188766602698736,7
7567,5.6587930563613735,4.79982283099332,-0.8589702253680533,3
7568,5.878312562462946,4.79982283099332,-1.0784897314696256,8
7569,5.33856421283504,6.698970004336019,1.3604057915009786,4
7570,5.316535384853231,6.698970004336019,1.3824346194827877,6
7571,5.3141849056879105,6.698970004336019,1.3847850986481083,9
7572,5.155421392381368,6.698970004336019,1.5435486119546509,5
7573,5.141387285561169,6.698970004336019,1.5575827187748494,1
7574,5.391900714291523,6.698970004336019,1.3070692900444953,3
7575,5.435463921125996,6.698970004336019,1.2635060832100224,8
7576,5.216698400071874,6.698970004336019,1.4822716042641444,7
7577,5.194698446484163,6.698970004336019,1.5042715578518555,10
7578,5.080678561907032,3.494154594018443,-1.586523967888589,1
7579,5.093125872051597,3.494154594018443,-1.598971278033154,9
7580,5.043849790638179,3.494154594018443,-1.5496951966197359,6
7581,5.106062078449179,3.494154594018443,-1.6119074844307364,7
7582,4.938788817195713,3.494154594018443,-1.4446342231772697,3
7583,4.917958197806185,3.494154594018443,-1.4238036037877424,2
7584,4.60259574616126,3.494154594018443,-1.108441152142817,4
7585,5.0732184292285085,3.494154594018443,-1.5790638352100657,8
7586,4.969398085740605,3.494154594018443,-1.475243491722162,10
7587,5.545002332546348,6.079181246047625,0.5341789135012771,4
7588,5.309981744967243,6.079181246047625,0.769199501080382,2
7589,5.449114820654125,6.079181246047625,0.6300664253935002,10
7590,5.579812027212318,6.079181246047625,0.49936921883530694,6
7591,5.511938185555656,6.079181246047625,0.5672430604919692,7
7592,5.560382592872432,6.079181246047625,0.5187986531751934,5
7593,5.698738065465877,6.079181246047625,0.3804431805817483,9
7594,5.570218651092568,6.079181246047625,0.5089625949550571,8
7595,5.713572044064367,6.079181246047625,0.36560920198325775,3
7596,5.80287946187011,4.017033339298781,-1.7858461225713294,4
7597,5.640790258103146,4.017033339298781,-1.6237569188043652,5
7598,5.865697540751167,4.017033339298781,-1.8486642014523866,9
7599,5.702051745246741,4.017033339298781,-1.68501840594796,8
7600,5.772788668233444,4.017033339298781,-1.7557553289346632,7
7601,5.718965939793576,4.017033339298781,-1.7019326004947954,2
7602,5.672151000164694,4.017033339298781,-1.6551176608659137,3
7603,5.709911703632479,4.017033339298781,-1.6928783643336986,10
7604,5.834927283904456,4.017033339298781,-1.8178939446056752,6
7605,5.009284009522092,4.544068044350276,-0.46521596517181596,8
7606,4.91768476229714,4.544068044350276,-0.3736167179468639,10
7607,4.569833751142484,4.544068044350276,-0.025765706792208576,7
7608,5.0084962093708505,4.544068044350276,-0.4644281650205748,5
7609,4.88389561829382,4.544068044350276,-0.3398275739435439,9
7610,4.644682779201565,4.544068044350276,-0.10061473485128936,1
7611,4.911057295516552,4.544068044350276,-0.36698925116627645,4
7612,4.807199224853284,4.544068044350276,-0.26313118050300854,2
7613,5.03770068079213,4.544068044350276,-0.4936326364418546,6
7614,4.859603688174668,3.342422680822206,-1.517181007352462,8
7615,5.036430257387766,3.342422680822206,-1.6940075765655602,9
7616,4.812727293057622,3.342422680822206,-1.4703046122354162,3
7617,4.984243877719645,3.342422680822206,-1.6418211968974386,4
7618,4.670869804970156,3.342422680822206,-1.3284471241479499,1
7619,4.81448741881495,3.342422680822206,-1.4720647379927434,6
7620,4.6456179760499365,3.342422680822206,-1.3031952952277304,7
7621,4.614740642804221,3.342422680822206,-1.2723179619820146,10
7622,4.886505031428356,3.342422680822206,-1.5440823506061494,5
7623,3.145772523251559,4.1027766148834415,0.9570040916318825,1
7624,3.406224283405723,4.1027766148834415,0.6965523314777187,3
7625,3.329228638167039,4.1027766148834415,0.7735479767164026,4
7626,3.217244188583794,4.1027766148834415,0.8855324262996476,2
7627,3.403944603607651,4.1027766148834415,0.6988320112757904,9
7628,3.2113543335004797,4.1027766148834415,0.8914222813829618,10
7629,3.1263535761600667,4.1027766148834415,0.9764230387233748,7
7630,3.2576535152863584,4.1027766148834415,0.8451230995970831,8
7631,3.6031416293979537,4.1027766148834415,0.4996349854854878,6
7632,5.050198391413156,3.9190780923760737,-1.1311202990370823,4
7633,4.934627264105463,3.9190780923760737,-1.015549171729389,6
7634,4.922052284809035,3.9190780923760737,-1.0029741924329612,2
7635,4.792553887894991,3.9190780923760737,-0.8734757955189174,1
7636,4.979268196399894,3.9190780923760737,-1.0601901040238202,8
7637,5.035795091903575,3.9190780923760737,-1.116716999527501,9
7638,4.923147493104563,3.9190780923760737,-1.004069400728489,3
7639,4.9908622792952775,3.9190780923760737,-1.0717841869192037,5
7640,4.720504983664907,3.9190780923760737,-0.8014268912888332,10
7641,5.468950648337343,6.0,0.5310493516626567,9
7642,5.727743639712675,6.0,0.2722563602873249,7
7643,5.2693085110183215,6.0,0.7306914889816785,3
7644,5.377980098619704,6.0,0.6220199013802956,8
7645,5.248442344873292,6.0,0.7515576551267076,5
7646,5.537893668405938,6.0,0.4621063315940619,2
7647,5.2040638023361785,6.0,0.7959361976638215,4
7648,5.472412412775327,6.0,0.5275875872246729,1
7649,5.560671026876721,6.0,0.43932897312327857,10
7650,5.633374909321073,5.7363965022766426,0.10302159295556912,6
7651,5.365296182973975,5.7363965022766426,0.3711003193026672,10
7652,5.16673290237935,5.7363965022766426,0.569663599897293,4
7653,5.333933658362526,5.7363965022766426,0.40246284391411624,2
7654,5.321828201701762,5.7363965022766426,0.4145683005748806,8
7655,5.319687495541941,5.7363965022766426,0.4167090067347017,9
7656,5.2813991669581934,5.7363965022766426,0.4549973353184491,1
7657,5.11996379391249,5.7363965022766426,0.6164327083641528,5
7658,5.158059979685852,5.7363965022766426,0.5783365225907904,3
7659,5.3441006796487285,4.562173863364649,-0.7819268162840798,3
7660,5.383279905215732,4.562173863364649,-0.8211060418510829,9
7661,5.006998164098157,4.562173863364649,-0.444824300733508,10
7662,5.442601170205929,4.562173863364649,-0.8804273068412805,6
7663,5.530975838695886,4.562173863364649,-0.9688019753312371,4
7664,5.262276203300368,4.562173863364649,-0.7001023399357189,5
7665,5.3313099506223125,4.562173863364649,-0.7691360872576638,7
7666,4.969706506656202,4.562173863364649,-0.40753264329155314,1
7667,5.21036497480397,4.562173863364649,-0.6481911114393215,2
7668,5.498255017033075,4.445604203273597,-1.0526508137594774,9
7669,5.041189927019433,4.445604203273597,-0.5955857237458355,1
7670,5.472620087233721,4.445604203273597,-1.0270158839601233,7
7671,5.375371928143947,4.445604203273597,-0.9297677248703495,5
7672,5.3691093131007905,4.445604203273597,-0.9235051098271931,2
7673,5.555556362835976,4.445604203273597,-1.1099521595623782,8
7674,5.51103832583928,4.445604203273597,-1.0654341225656827,3
7675,5.647747804547263,4.445604203273597,-1.202143601273666,4
7676,5.039477364359504,4.445604203273597,-0.5938731610859067,10
7677,5.130307820830382,5.477121254719663,0.346813433889281,5
7678,5.003537732690961,5.477121254719663,0.4735835220287017,7
7679,5.153933454509648,5.477121254719663,0.3231878002100146,6
7680,4.9008995358679,5.477121254719663,0.5762217188517624,1
7681,4.890403150046853,5.477121254719663,0.5867181046728094,2
7682,5.1274841968913805,5.477121254719663,0.34963705782828214,4
7683,5.0475739785462395,5.477121254719663,0.42954727617342314,10
7684,5.188581898174564,5.477121254719663,0.28853935654509844,3
7685,5.214090770579314,5.477121254719663,0.2630304841403488,9
7686,5.195557804345575,5.064457989226918,-0.13109981511865687,8
7687,5.537569719407405,5.064457989226918,-0.473111730180487,10
7688,5.565641667290099,5.064457989226918,-0.5011836780631809,7
7689,5.246745211587632,5.064457989226918,-0.18228722236071349,2
7690,5.224469462829852,5.064457989226918,-0.16001147360293366,3
7691,5.312526375654293,5.064457989226918,-0.2480683864273745,4
7692,5.696937072001423,5.064457989226918,-0.6324790827745046,6
7693,5.373427749902024,5.064457989226918,-0.3089697606751063,1
7694,5.1926975479323625,5.064457989226918,-0.12823955870544435,5
7695,5.43302758823486,7.176091259055681,1.7430636708208214,10
7696,5.571076377236122,7.176091259055681,1.6050148818195593,7
7697,5.5924594877625635,7.176091259055681,1.5836317712931178,8
7698,5.546973361497821,7.176091259055681,1.62911789755786,3
7699,5.363369512692536,7.176091259055681,1.8127217463631453,1
7700,5.462550309985727,7.176091259055681,1.7135409490699542,6
7701,5.302302652332281,7.176091259055681,1.8737886067234006,2
7702,5.583845023321143,7.176091259055681,1.592246235734538,4
7703,5.546997627963826,7.176091259055681,1.6290936310918553,9
7704,5.873869818738419,6.041392685158225,0.16752286641980607,6
7705,6.055790943903454,6.041392685158225,-0.01439825874522871,9
7706,5.78915505843749,6.041392685158225,0.2522376267207358,8
7707,6.017713375685546,6.041392685158225,0.023679309472679044,4
7708,5.792887696686582,6.041392685158225,0.2485049884716437,5
7709,5.810187627406206,6.041392685158225,0.23120505775201927,1
7710,5.926602181384615,6.041392685158225,0.11479050377361055,3
7711,5.734852665442676,6.041392685158225,0.30654001971554923,2
7712,6.013232240216082,6.041392685158225,0.028160444942143315,7
7713,6.04149442489462,5.541579243946581,-0.49991518094803933,8
7714,6.157484487361173,5.541579243946581,-0.6159052434145922,5
7715,6.217060285263224,5.541579243946581,-0.675481041316643,10
7716,6.350024145357129,5.541579243946581,-0.8084449014105486,7
7717,6.307832745285539,5.541579243946581,-0.7662535013389586,9
7718,6.206171572541564,5.541579243946581,-0.6645923285949831,1
7719,6.223967826965383,5.541579243946581,-0.6823885830188026,4
7720,6.430487815144339,5.541579243946581,-0.8889085711977582,6
7721,6.1890365775082214,5.541579243946581,-0.6474573335616407,2
7722,4.86034917583656,4.994317152669637,0.13396797683307682,10
7723,4.915621879775817,4.994317152669637,0.07869527289381928,8
7724,5.102206661636873,4.994317152669637,-0.10788950896723648,5
7725,4.613000632348651,4.994317152669637,0.3813165203209854,3
7726,4.88145691551554,4.994317152669637,0.11286023715409677,9
7727,4.630185869361413,4.994317152669637,0.36413128330822353,2
7728,5.060758442570218,4.994317152669637,-0.06644128990058107,4
7729,4.832109390393333,4.994317152669637,0.16220776227630385,1
7730,4.891556527540385,4.994317152669637,0.10276062512925144,7
7731,5.645517300956159,5.079181246047625,-0.5663360549085334,7
7732,5.405766192870936,5.079181246047625,-0.32658494682331085,5
7733,5.662689977361368,5.079181246047625,-0.583508731313743,8
7734,5.434378741556529,5.079181246047625,-0.35519749550890367,1
7735,5.368743820503943,5.079181246047625,-0.28956257445631817,2
7736,5.6260729215271,5.079181246047625,-0.5468916754794746,9
7737,5.521908754744818,5.079181246047625,-0.44272750869719246,3
7738,5.606399337636847,5.079181246047625,-0.527218091589222,6
7739,5.595795062171611,5.079181246047625,-0.5166138161239857,10
7740,4.610459861887169,4.54282542695918,-0.0676344349279896,2
7741,4.645854651551737,4.54282542695918,-0.10302922459255726,3
7742,4.863375344575736,4.54282542695918,-0.3205499176165567,6
7743,4.831559347764249,4.54282542695918,-0.2887339208050692,8
7744,4.8373520055012,4.54282542695918,-0.2945265785420199,7
7745,4.9095347143503725,4.54282542695918,-0.3667092873911928,9
7746,4.831425800915194,4.54282542695918,-0.28860037395601434,4
7747,4.449301202604895,4.54282542695918,0.09352422435428487,1
7748,4.75932687861737,4.54282542695918,-0.21650145165819001,5
7749,5.546619156916615,6.477121254719663,0.930502097803048,5
7750,5.4607249594981955,6.477121254719663,1.0163962952214671,1
7751,5.6538423447952875,6.477121254719663,0.8232789099243751,8
7752,5.474330317592584,6.477121254719663,1.0027909371270782,7
7753,5.570924429409255,6.477121254719663,0.906196825310408,9
7754,5.524674862119384,6.477121254719663,0.9524463926002786,3
7755,5.462777411657191,6.477121254719663,1.0143438430624716,6
7756,5.634158759840893,6.477121254719663,0.84296249487877,4
7757,5.465364167418786,6.477121254719663,1.011757087300877,10
7758,5.330778063008963,5.571708831808688,0.24093076879972486,5
7759,5.315631957779278,5.571708831808688,0.25607687402940993,7
7760,5.4821274134970714,5.571708831808688,0.08958141831161637,8
7761,5.477134969807149,5.571708831808688,0.09457386200153906,9
7762,5.353405851928008,5.571708831808688,0.21830297988068015,3
7763,5.166103254382237,5.571708831808688,0.4056055774264511,2
7764,5.4635580796834775,5.571708831808688,0.1081507521252103,4
7765,5.327068901167685,5.571708831808688,0.24463993064100276,1
7766,5.425193759236074,5.571708831808688,0.14651507257261365,10
7767,5.680726409467388,6.633468455579586,0.9527420461121983,9
7768,5.799370589452664,6.633468455579586,0.834097866126922,8
7769,5.659191835812783,6.633468455579586,0.9742766197668029,5
7770,5.962644835284996,6.633468455579586,0.6708236202945903,7
7771,5.846820716370533,6.633468455579586,0.7866477392090534,4
7772,5.882323594238197,6.633468455579586,0.7511448613413894,2
7773,5.609526924225396,6.633468455579586,1.0239415313541906,3
7774,5.979001279446825,6.633468455579586,0.6544671761327612,1
7775,6.11830210085813,6.633468455579586,0.5151663547214564,6
7776,6.248432881818129,6.363047594521094,0.11461471270296464,2
7777,6.227530312360198,6.363047594521094,0.13551728216089565,9
7778,6.264689234076067,6.363047594521094,0.09835836044502688,10
7779,6.231966595480347,6.363047594521094,0.13108099904074688,4
7780,6.332322467499022,6.363047594521094,0.03072512702207142,1
7781,6.367894484242167,6.363047594521094,-0.0048468897210733886,7
7782,6.113312863486466,6.363047594521094,0.24973473103462762,5
7783,6.150416236615677,6.363047594521094,0.21263135790541643,8
7784,6.470670457598421,6.363047594521094,-0.10762286307732705,6
7785,4.381415971965764,4.212187604403958,-0.16922836756180626,9
7786,4.392101502925402,4.212187604403958,-0.1799138985214439,2
7787,4.133720002685637,4.212187604403958,0.07846760171832123,3
7788,4.298324961975121,4.212187604403958,-0.08613735757116281,4
7789,4.904025955036215,4.212187604403958,-0.6918383506322572,8
7790,4.4394222503715906,4.212187604403958,-0.22723464596763243,10
7791,4.416187736660539,4.212187604403958,-0.20400013225658054,6
7792,4.1637659676427825,4.212187604403958,0.04842163676117561,7
7793,4.260779212165456,4.212187604403958,-0.04859160776149807,1
7794,4.957299367044353,4.972619339059624,0.0153199720152708,2
7795,4.845193976556327,4.972619339059624,0.1274253625032964,7
7796,4.977522754537437,4.972619339059624,-0.0049034154778135886,3
7797,4.8697019660012675,4.972619339059624,0.10291737305835635,1
7798,4.9389713709915855,4.972619339059624,0.03364796806803838,5
7799,5.0894077633338215,4.972619339059624,-0.11678842427419767,4
7800,4.964935982652743,4.972619339059624,0.007683356406881003,10
7801,5.014083229420227,4.972619339059624,-0.04146389036060327,9
7802,5.034557873650244,4.972619339059624,-0.061938534590620264,6
7803,4.487252551383405,6.079181246047625,1.5919286946642197,9
7804,4.6151564661319355,6.079181246047625,1.4640247799156896,3
7805,4.544469327321836,6.079181246047625,1.5347119187257894,4
7806,4.844719886815819,6.079181246047625,1.2344613592318057,8
7807,4.47654943994879,6.079181246047625,1.6026318060988354,10
7808,4.632221113174096,6.079181246047625,1.4469601328735289,5
7809,4.196816540733777,6.079181246047625,1.8823647053138481,7
7810,4.5840360485919724,6.079181246047625,1.4951451974556527,6
7811,4.519601880247308,6.079181246047625,1.5595793658003174,2
7812,4.344295424642153,5.073791642808014,0.7294962181658606,4
7813,4.74879064007491,5.073791642808014,0.32500100273310384,8
7814,4.4059779960664995,5.073791642808014,0.6678136467415143,10
7815,4.6141482644167935,5.073791642808014,0.4596433783912204,2
7816,4.542163790213636,5.073791642808014,0.5316278525943776,5
7817,4.7251556964866355,5.073791642808014,0.3486359463213784,6
7818,4.579650107006861,5.073791642808014,0.4941415358011527,1
7819,4.374973735400639,5.073791642808014,0.698817907407375,3
7820,4.584405211115332,5.073791642808014,0.48938643169268214,9
7821,5.632350538501768,4.704853744566289,-0.9274967939354797,9
7822,5.411236916557608,4.704853744566289,-0.7063831719913196,4
7823,5.465598507492873,4.704853744566289,-0.760744762926584,1
7824,5.299951278209913,4.704853744566289,-0.5950975336436244,2
7825,5.568534447916787,4.704853744566289,-0.8636807033504983,8
7826,5.478966123832964,4.704853744566289,-0.7741123792666755,7
7827,5.568367978776695,4.704853744566289,-0.8635142342104061,10
7828,5.515069484171682,4.704853744566289,-0.8102157396053933,5
7829,5.471734583688496,4.704853744566289,-0.7668808391222077,3
7830,4.966382525125358,5.518513939877887,0.5521314147525294,1
7831,5.23643966606456,5.518513939877887,0.2820742738133273,6
7832,5.0340427429176104,5.518513939877887,0.48447119696027663,4
7833,5.240201950485083,5.518513939877887,0.27831198939280366,8
7834,5.032193551659326,5.518513939877887,0.4863203882185614,3
7835,4.949790118757927,5.518513939877887,0.5687238211199599,7
7836,4.944662265712956,5.518513939877887,0.5738516741649313,2
7837,4.929924981069722,5.518513939877887,0.588588958808165,5
7838,5.040056430777217,5.518513939877887,0.47845750910066975,9
7839,4.374973735400639,4.953663063747091,0.578689328346452,3
7840,4.344295424642153,4.953663063747091,0.6093676391049376,4
7841,4.39943748286363,4.953663063747091,0.5542255808834611,7
7842,4.725155696486637,4.953663063747091,0.22850736726045362,6
7843,4.542163790213636,4.953663063747091,0.4114992735334546,5
7844,4.584405211115332,4.953663063747091,0.36925785263175914,9
7845,4.579650107006861,4.953663063747091,0.3740129567402297,1
7846,4.74879064007491,4.953663063747091,0.20487242367218084,8
7847,4.6141482644167935,4.953663063747091,0.3395147993302974,2
7848,5.888666919588212,4.792391689498253,-1.0962752300899599,1
7849,5.689385893303093,4.792391689498253,-0.8969942038048409,3
7850,5.4502213223497735,4.792391689498253,-0.657829632851521,8
7851,5.705940194487417,4.792391689498253,-0.9135485049891647,4
7852,5.679831852758963,4.792391689498253,-0.8874401632607105,9
7853,5.765731929446198,4.792391689498253,-0.9733402399479454,2
7854,5.513848221613043,4.792391689498253,-0.7214565321147903,5
7855,5.822198478053113,4.792391689498253,-1.0298067885548603,6
7856,5.7799063637114925,4.792391689498253,-0.9875146742132399,10
7857,4.941956044342164,4.117271295655764,-0.8246847486863995,5
7858,4.886951189905954,4.117271295655764,-0.7696798942501895,1
7859,5.12873801022391,4.117271295655764,-1.0114667145681455,6
7860,4.989172971902401,4.117271295655764,-0.8719016762466367,9
7861,4.929344833859038,4.117271295655764,-0.8120735382032738,4
7862,4.81517252521287,4.117271295655764,-0.6979012295571057,2
7863,5.058409400460759,4.117271295655764,-0.9411381048049945,8
7864,4.9266824065095784,4.117271295655764,-0.809411110853814,10
7865,4.932382881327057,4.117271295655764,-0.8151115856712927,7
7866,5.51275974085228,6.3979400086720375,0.8851802678197576,9
7867,5.280675388473922,6.3979400086720375,1.1172646201981156,1
7868,5.4909396444685905,6.3979400086720375,0.907000364203447,6
7869,5.639352619302537,6.3979400086720375,0.7585873893695005,3
7870,5.290711481874211,6.3979400086720375,1.1072285267978268,10
7871,5.386553863695551,6.3979400086720375,1.0113861449764867,4
7872,5.495886403087562,6.3979400086720375,0.9020536055844754,8
7873,5.345360159284201,6.3979400086720375,1.0525798493878362,7
7874,5.470355752295711,6.3979400086720375,0.9275842563763268,5
7875,4.495900910010018,4.568201724066995,0.07230081405697675,5
7876,4.575895321728522,4.568201724066995,-0.007693597661527107,9
7877,4.604531034475062,4.568201724066995,-0.03632931040806664,6
7878,4.469422433320152,4.568201724066995,0.098779290746843,10
7879,4.522737480656479,4.568201724066995,0.04546424341051569,2
7880,4.336555894457631,4.568201724066995,0.23164582960936375,3
7881,4.4182189096901165,4.568201724066995,0.14998281437687844,1
7882,4.28797881368818,4.568201724066995,0.2802229103788152,4
7883,4.778980223047806,4.568201724066995,-0.2107784989808108,8
7884,4.953090027712318,4.357172257723033,-0.5959177699892848,10
7885,4.947970577754745,4.357172257723033,-0.5907983200317117,1
7886,4.960159795491445,4.357172257723033,-0.6029875377684117,4
7887,4.950120488600271,4.357172257723033,-0.592948230877238,3
7888,4.95927611928328,4.357172257723033,-0.6021038615602468,7
7889,4.988596727932072,4.357172257723033,-0.6314244702090388,9
7890,4.994629674377054,4.357172257723033,-0.637457416654021,5
7891,4.849193109640991,4.357172257723033,-0.49202085191795764,2
7892,5.148983682570308,4.357172257723033,-0.7918114248472747,6
7893,5.320571745163609,5.089905111439398,-0.23066663372421115,4
7894,5.300413870313604,5.089905111439398,-0.21050875887420606,2
7895,5.563396065230923,5.089905111439398,-0.47349095379152484,6
7896,5.309736941612958,5.089905111439398,-0.21983183017356023,5
7897,5.369594880951291,5.089905111439398,-0.2796897695118927,8
7898,5.328795516761368,5.089905111439398,-0.23889040532197026,7
7899,5.321058757774178,5.089905111439398,-0.2311536463347803,1
7900,5.355172706312611,5.089905111439398,-0.2652675948732126,3
7901,5.354648814727681,5.089905111439398,-0.2647437032882829,10
7902,4.694180606359442,4.683947130751513,-0.010233475607929421,3
7903,4.754229041117512,4.683947130751513,-0.07028191036599907,9
7904,5.004170136361535,4.683947130751513,-0.32022300561002215,6
7905,4.882123875129499,4.683947130751513,-0.19817674437798605,4
7906,4.759772758208149,4.683947130751513,-0.07582562745663601,7
7907,4.96636456765568,4.683947130751513,-0.28241743690416765,8
7908,4.712379398037411,4.683947130751513,-0.02843226728589876,2
7909,4.791250304265686,4.683947130751513,-0.10730317351417362,1
7910,4.791038004799453,4.683947130751513,-0.10709087404794015,5
7911,5.65045449474028,5.903089986991944,0.25263549225166404,6
7912,5.449510493219976,5.903089986991944,0.4535794937719677,5
7913,5.219418848373197,5.903089986991944,0.6836711386187471,1
7914,5.601553613106139,5.903089986991944,0.30153637388580457,3
7915,5.545701748961192,5.903089986991944,0.3573882380307518,7
7916,5.390754711570797,5.903089986991944,0.5123352754211465,8
7917,5.435241786891742,5.903089986991944,0.46784820010020134,10
7918,5.442364132354767,5.903089986991944,0.4607258546371771,9
7919,5.394746053386144,5.903089986991944,0.5083439336057998,2
7920,5.088441924038366,5.390122251506701,0.3016803274683344,4
7921,5.153924089888865,5.390122251506701,0.23619816161783547,5
7922,5.247531176733463,5.390122251506701,0.14259107477323774,2
7923,4.767674775430438,5.390122251506701,0.622447476076263,1
7924,6.149429534820435,5.390122251506701,-0.759307283313734,3
7925,5.271962389045965,5.390122251506701,0.11815986246073606,10
7926,5.372472967103447,5.390122251506701,0.017649284403253418,6
7927,5.294734356258043,5.390122251506701,0.09538789524865798,7
7928,4.874063748921665,5.390122251506701,0.5160585025850359,8
7929,6.0347875034689995,5.477121254719663,-0.5576662487493369,3
7930,5.616725777470386,5.477121254719663,-0.139604522750723,4
7931,5.49712473506057,5.477121254719663,-0.020003480340907487,1
7932,5.7891638573798385,5.477121254719663,-0.3120426026601759,5
7933,5.823996765320071,5.477121254719663,-0.346875510600408,10
7934,5.925507499415935,5.477121254719663,-0.4483862446962723,7
7935,5.918338591639512,5.477121254719663,-0.4412173369198493,9
7936,5.448652014934941,5.477121254719663,0.028469239784721267,8
7937,5.7298468225957055,5.477121254719663,-0.25272556787604294,2
7938,6.164614600156184,6.4623979978989565,0.29778339774277285,5
7939,6.196686242096302,6.4623979978989565,0.2657117558026547,4
7940,6.420450284527045,6.4623979978989565,0.04194771337191128,3
7941,6.313984717864919,6.4623979978989565,0.14841328003403742,8
7942,6.1780736673608265,6.4623979978989565,0.28432433053813,9
7943,5.987036185923611,6.4623979978989565,0.4753618119753451,10
7944,5.860799603795197,6.4623979978989565,0.6015983941037595,1
7945,5.907710116100349,6.4623979978989565,0.5546878817986078,2
7946,5.968778309518066,6.4623979978989565,0.49361968838089076,6
7947,5.977697816288836,4.76789761601809,-1.2098002002707453,4
7948,5.749532360931258,4.76789761601809,-0.9816347449131673,2
7949,6.060552759265416,4.76789761601809,-1.2926551432473259,7
7950,5.933043910689237,4.76789761601809,-1.165146294671147,1
7951,5.5903033307826115,4.76789761601809,-0.8224057147645212,8
7952,6.2659680285967285,4.76789761601809,-1.4980704125786382,6
7953,5.881080762304243,4.76789761601809,-1.1131831462861523,5
7954,6.109305972238722,4.76789761601809,-1.341408356220632,3
7955,5.9692604442828054,4.76789761601809,-1.201362828264715,10
7956,4.32816674500499,4.743509764728429,0.4153430197234389,6
7957,4.420152408396067,4.743509764728429,0.3233573563323615,1
7958,4.2269030853558,4.743509764728429,0.5166066793726287,9
7959,4.207890802681216,4.743509764728429,0.5356189620472129,5
7960,4.141408078926436,4.743509764728429,0.6021016858019923,2
7961,4.226964424405133,4.743509764728429,0.5165453403232956,10
7962,4.21864030351271,4.743509764728429,0.5248694612157188,8
7963,4.294977937271038,4.743509764728429,0.4485318274573906,3
7964,4.657408267845514,4.743509764728429,0.08610149688291457,4
7965,3.9261725056260404,4.643452676486188,0.7172801708601475,8
7966,3.980436552509149,4.643452676486188,0.6630161239770387,10
7967,4.11540592546375,4.643452676486188,0.5280467510224378,9
7968,3.9009090184975466,4.643452676486188,0.7425436579886413,2
7969,3.972882927634512,4.643452676486188,0.6705697488516758,4
7970,4.036215755021342,4.643452676486188,0.6072369214648461,1
7971,4.159599087010766,4.643452676486188,0.4838535894754221,6
7972,3.978695172571953,4.643452676486188,0.664757503914235,3
7973,3.9047451784291156,4.643452676486188,0.7387074980570723,5
7974,5.036675643993067,5.811709026696192,0.7750333827031257,5
7975,5.046394960618823,5.811709026696192,0.7653140660773694,9
7976,5.011884629470458,5.811709026696192,0.7998243972257342,1
7977,5.102098534802384,5.811709026696192,0.709610491893808,4
7978,4.850298220051113,5.811709026696192,0.9614108066450795,7
7979,5.2931138476492166,5.811709026696192,0.5185951790469758,3
7980,4.964445622640059,5.811709026696192,0.8472634040561333,10
7981,5.058900379359829,5.811709026696192,0.7528086473363631,6
7982,5.112714159241066,5.811709026696192,0.6989948674551263,8
7983,4.923704373103343,4.887054378050957,-0.036649995052385975,8
7984,4.850474252457949,4.887054378050957,0.03658012559300783,4
7985,5.150144908188933,4.887054378050957,-0.26309053013797623,1
7986,5.095910366655743,4.887054378050957,-0.20885598860478627,2
7987,5.130393391112061,4.887054378050957,-0.24333901306110395,7
7988,4.99592945420892,4.887054378050957,-0.10887507615796288,3
7989,5.243524437962125,4.887054378050957,-0.3564700599111683,9
7990,5.163029699725226,4.887054378050957,-0.2759753216742693,10
7991,5.2119096205137,4.887054378050957,-0.32485524246274355,6
7992,4.8910057123448665,3.857332496431269,-1.0336732159135975,2
7993,5.158551280092139,3.857332496431269,-1.30121878366087,1
7994,4.891033258266307,3.857332496431269,-1.0337007618350382,10
7995,4.8674839235717995,3.857332496431269,-1.0101514271405305,6
7996,5.10512807765326,3.857332496431269,-1.2477955812219914,9
7997,4.703347150908739,3.857332496431269,-0.8460146544774698,3
7998,4.580061214060737,3.857332496431269,-0.7227287176294679,8
7999,4.617819081463794,3.857332496431269,-0.7604865850325249,4
8000,4.6152655544373085,3.857332496431269,-0.7579330580060395,7
8001,3.446776888339054,3.792391689498254,0.34561480115919974,6
8002,3.2706416598130956,3.792391689498254,0.5217500296851583,10
8003,2.95034068603988,3.792391689498254,0.8420510034583737,7
8004,3.478172795694588,3.792391689498254,0.3142188938036661,4
8005,3.401778186773572,3.792391689498254,0.390613502724682,2
8006,3.6380934721371294,3.792391689498254,0.15429821736112448,1
8007,3.3717148773707106,3.792391689498254,0.42067681212754326,9
8008,3.587038482106115,3.792391689498254,0.2053532073921387,3
8009,3.3698149643666166,3.792391689498254,0.42257672513163724,8
8010,4.105832188540023,3.763427993562937,-0.3424041949770862,9
8011,4.158740761096788,3.763427993562937,-0.39531276753385125,3
8012,4.344263253523308,3.763427993562937,-0.580835259960371,8
8013,4.107635475547238,3.763427993562937,-0.3442074819843013,10
8014,3.987479234498423,3.763427993562937,-0.224051240935486,2
8015,4.237847182450701,3.763427993562937,-0.47441918888776424,6
8016,4.349055567041596,3.763427993562937,-0.5856275734786589,1
8017,4.039433012928473,3.763427993562937,-0.27600501936553634,5
8018,3.921327617622,3.763427993562937,-0.1578996240590631,4
8019,3.889672954804359,3.544068044350276,-0.34560491045408304,9
8020,3.8685377595611987,3.544068044350276,-0.3244697152109226,2
8021,3.912448575769672,3.544068044350276,-0.36838053141939575,1
8022,3.9307897620886036,3.544068044350276,-0.38672171773832753,5
8023,4.143620897004025,3.544068044350276,-0.599552852653749,3
8024,3.6018069616905177,3.544068044350276,-0.05773891734024161,4
8025,3.6788410006105887,3.544068044350276,-0.1347729562603126,7
8026,3.9940408558915683,3.544068044350276,-0.4499728115412922,8
8027,3.963288814654264,3.544068044350276,-0.41922077030398786,6
8028,4.27388308987449,3.9242792860618816,-0.34960380381260814,8
8029,4.511127877281257,3.9242792860618816,-0.586848591219375,5
8030,4.38801873004355,3.9242792860618816,-0.4637394439816682,3
8031,4.336715458539502,3.9242792860618816,-0.41243617247762066,10
8032,4.32908460031685,3.9242792860618816,-0.4048053142549688,6
8033,4.095801056681364,3.9242792860618816,-0.1715217706194827,7
8034,4.223204907303302,3.9242792860618816,-0.2989256212414202,4
8035,4.395722507886816,3.9242792860618816,-0.4714432218249347,9
8036,4.547925609061336,3.9242792860618816,-0.6236463229994542,1
8037,5.8319017608884645,6.3979400086720375,0.566038247783573,9
8038,5.569280858387306,6.3979400086720375,0.8286591502847314,5
8039,5.890683206461215,6.3979400086720375,0.5072568022108221,6
8040,5.75325760474361,6.3979400086720375,0.6446824039284271,7
8041,5.86450864333667,6.3979400086720375,0.5334313653353675,1
8042,5.677466015195286,6.3979400086720375,0.7204739934767517,3
8043,5.41127660873261,6.3979400086720375,0.9866633999394274,4
8044,5.621989382811415,6.3979400086720375,0.7759506258606228,8
8045,5.775175762671508,6.3979400086720375,0.6227642460005294,10
8046,4.411056046809175,4.382017042574868,-0.029039004234306276,10
8047,4.186157946669006,4.382017042574868,0.19585909590586237,2
8048,4.333822499905059,4.382017042574868,0.04819454266980916,1
8049,4.190875478478429,4.382017042574868,0.1911415640964398,3
8050,3.912447675666043,4.382017042574868,0.46956936690882545,4
8051,4.256368684360534,4.382017042574868,0.12564835821433462,6
8052,4.11593085205549,4.382017042574868,0.26608619051937854,5
8053,3.8994343568864904,4.382017042574868,0.4825826856883779,8
8054,4.557517251387785,4.382017042574868,-0.17550020881291672,9
8055,5.213279811984238,6.079181246047625,0.865901434063387,3
8056,5.115535801096548,6.079181246047625,0.9636454449510774,4
8057,5.188581095282756,6.079181246047625,0.8906001507648691,7
8058,5.416055448023675,6.079181246047625,0.66312579802395,1
8059,5.306463044273385,6.079181246047625,0.7727182017742402,10
8060,5.459180163937418,6.079181246047625,0.6200010821102069,6
8061,5.381135156882238,6.079181246047625,0.6980460891653868,5
8062,5.288863431284445,6.079181246047625,0.7903178147631804,2
8063,5.382467968480811,6.079181246047625,0.6967132775668139,9
8064,5.559917424181702,5.658011396657113,0.09809397247541085,1
8065,5.440603178091087,5.658011396657113,0.21740821856602555,4
8066,5.502718905810768,5.658011396657113,0.15529249084634422,8
8067,5.756537344939717,5.658011396657113,-0.09852594828260397,6
8068,5.581616758619624,5.658011396657113,0.07639463803748825,5
8069,5.442676220592565,5.658011396657113,0.21533517606454744,3
8070,5.52071306354061,5.658011396657113,0.13729833311650275,10
8071,5.504477821619527,5.658011396657113,0.1535335750375859,7
8072,5.542530968398852,5.658011396657113,0.11548042825826066,2
8073,4.501628284014859,3.8790958795000727,-0.6225324045147862,2
8074,4.870142186958098,3.8790958795000727,-0.9910463074580256,1
8075,4.714464163624453,3.8790958795000727,-0.8353682841243804,5
8076,4.841848269031513,3.8790958795000727,-0.9627523895314405,9
8077,4.686789110998462,3.8790958795000727,-0.8076932314983893,7
8078,4.635986084658283,3.8790958795000727,-0.7568902051582103,3
8079,5.092441519744626,3.8790958795000727,-1.2133456402445533,8
8080,4.868041767169372,3.8790958795000727,-0.9889458876692996,6
8081,4.622672459059294,3.8790958795000727,-0.7435765795592215,4
8082,5.1808723124548,6.079181246047625,0.8983089335928254,5
8083,4.982421412361808,6.079181246047625,1.0967598336858169,10
8084,4.932236497073809,6.079181246047625,1.1469447489738158,7
8085,5.049041006586289,6.079181246047625,1.0301402394613364,8
8086,5.022153322140457,6.079181246047625,1.0570279239071683,2
8087,4.938515796005339,6.079181246047625,1.1406654500422864,4
8088,5.181175201281836,6.079181246047625,0.8980060447657889,9
8089,5.162148427973923,6.079181246047625,0.917032818073702,1
8090,5.0781065802225225,6.079181246047625,1.0010746658251026,3
8091,4.555625576974068,4.495544337546448,-0.06008123942761934,1
8092,4.462568362019444,4.495544337546448,0.032975975527004486,4
8093,4.550015531713704,4.495544337546448,-0.05447119416725599,5
8094,4.592229529078803,4.495544337546448,-0.09668519153235433,9
8095,4.521801132622003,4.495544337546448,-0.026256795075554784,10
8096,4.456381281127354,4.495544337546448,0.039163056419094566,8
8097,4.438758174224495,4.495544337546448,0.056786163321953076,3
8098,4.3377711166236965,4.495544337546448,0.1577732209227518,7
8099,4.433526774935493,4.495544337546448,0.062017562610955146,2
8100,4.2078908026812165,6.102135154272175,1.8942443515909586,5
8101,4.226964424405133,6.102135154272175,1.8751707298670421,10
8102,4.21864030351271,6.102135154272175,1.8834948507594653,8
8103,4.420152408396067,6.102135154272175,1.681982745876108,1
8104,3.8554720494424015,6.102135154272175,2.2466631048297736,7
8105,4.32816674500499,6.102135154272175,1.7739684092671855,6
8106,4.657408267845514,6.102135154272175,1.4447268864266611,4
8107,4.226903085355801,6.102135154272175,1.8752320689163744,9
8108,4.141408078926436,6.102135154272175,1.9607270753457389,2
8109,4.21864030351271,5.176091259055681,0.9574509555429715,8
8110,4.226964424405133,5.176091259055681,0.9491268346505484,10
8111,4.420152408396065,5.176091259055681,0.7559388506596161,1
8112,3.8554720494424015,5.176091259055681,1.3206192096132798,7
8113,4.294977937271039,5.176091259055681,0.8811133217846425,3
8114,4.226903085355801,5.176091259055681,0.9491881736998806,9
8115,4.32816674500499,5.176091259055681,0.8479245140506917,6
8116,4.141408078926436,5.176091259055681,1.034683180129245,2
8117,4.657408267845514,5.176091259055681,0.5186829912101674,4
8118,4.533039565993901,3.462397997898956,-1.070641568094945,10
8119,4.644934101020898,3.462397997898956,-1.1825361031219424,2
8120,3.495811109770966,3.462397997898956,-0.03341311187200979,3
8121,4.591990162860141,3.462397997898956,-1.1295921649611853,5
8122,4.483966547428693,3.462397997898956,-1.021568549529737,9
8123,4.84448822999721,3.462397997898956,-1.3820902320982538,6
8124,4.691068687177515,3.462397997898956,-1.2286706892785593,4
8125,4.336359491897199,3.462397997898956,-0.8739614939982432,7
8126,5.108789289032179,3.462397997898956,-1.6463912911332232,1
8127,5.499051667718046,6.049218022670182,0.5501663549521361,1
8128,5.487285154384378,6.049218022670182,0.5619328682858038,9
8129,5.224199445067329,6.049218022670182,0.8250185776028527,4
8130,5.433687573652306,6.049218022670182,0.6155304490178759,7
8131,5.518999603859876,6.049218022670182,0.5302184188103061,10
8132,5.603695690024671,6.049218022670182,0.44552233264551067,8
8133,5.643945977053953,6.049218022670182,0.4052720456162291,5
8134,5.378942645872361,6.049218022670182,0.6702753767978207,2
8135,5.672297693235208,6.049218022670182,0.37692032943497367,6
8136,4.632355006224777,4.303196057420489,-0.3291589488042881,6
8137,4.754833259779722,4.303196057420489,-0.4516372023592332,5
8138,3.990028178234074,4.303196057420489,0.31316787918641475,7
8139,4.444509274758253,4.303196057420489,-0.14131321733776403,8
8140,4.613448062817845,4.303196057420489,-0.31025200539735653,3
8141,4.459507335298125,4.303196057420489,-0.1563112778776361,9
8142,4.424929288985684,4.303196057420489,-0.12173323156519533,1
8143,4.438583209415849,4.303196057420489,-0.13538715199536,4
8144,4.478775697428401,4.303196057420489,-0.17557964000791237,10
8145,4.583862057649552,3.6989700043360174,-0.8848920533135343,9
8146,4.38547495249612,3.6989700043360174,-0.6865049481601022,5
8147,4.152871763054132,3.6989700043360174,-0.45390175871811467,7
8148,4.30386739983139,3.6989700043360174,-0.6048973954953722,4
8149,4.332506700769771,3.6989700043360174,-0.6335366964337532,10
8150,4.438402701803203,3.6989700043360174,-0.7394326974671857,6
8151,4.568347388960585,3.6989700043360174,-0.8693773846245674,2
8152,4.15896726931005,3.6989700043360174,-0.4599972649740329,8
8153,4.537331473357051,3.6989700043360174,-0.8383614690210339,1
8154,5.290744337772101,4.817565369559781,-0.47317896821232,7
8155,5.004630661400467,4.817565369559781,-0.18706529184068632,3
8156,5.314938782003373,4.817565369559781,-0.4973734124435918,10
8157,5.566803802987677,4.817565369559781,-0.7492384334278963,6
8158,5.106821027207324,4.817565369559781,-0.28925565764754246,9
8159,4.820535644796132,4.817565369559781,-0.002970275236350517,4
8160,5.124737745711543,4.817565369559781,-0.30717237615176174,8
8161,5.2567571153006964,4.817565369559781,-0.43919174574091535,2
8162,5.120523720768396,4.817565369559781,-0.3029583512086145,5
8163,5.0191642823980835,5.505149978319906,0.4859856959218227,6
8164,4.636890676144432,5.505149978319906,0.8682593021754741,5
8165,4.59553176462622,5.505149978319906,0.9096182136936859,4
8166,4.741404173417435,5.505149978319906,0.763745804902471,7
8167,4.615178245151824,5.505149978319906,0.8899717331680819,8
8168,4.691715507573905,5.505149978319906,0.8134344707460013,3
8169,4.587502889206994,5.505149978319906,0.9176470891129123,10
8170,4.732517224837149,5.505149978319906,0.7726327534827568,1
8171,4.935263154889145,5.505149978319906,0.5698868234307612,9
8172,4.539624255432752,4.3979400086720375,-0.14168424676071467,5
8173,4.695023391416483,4.3979400086720375,-0.2970833827444457,10
8174,4.581516499781117,4.3979400086720375,-0.18357649110907914,2
8175,4.8018540547476585,4.3979400086720375,-0.403914046075621,6
8176,4.777952835398869,4.3979400086720375,-0.3800128267268317,9
8177,4.4224752143124,4.3979400086720375,-0.02453520564036271,4
8178,4.702767142760404,4.3979400086720375,-0.3048271340883666,1
8179,4.476811189547505,4.3979400086720375,-0.07887118087546785,8
8180,4.557494721373949,4.3979400086720375,-0.15955471270191168,3
8181,4.813938593205596,4.721810615212546,-0.09212797799304973,4
8182,5.254287927060841,4.721810615212546,-0.5324773118482948,9
8183,5.329040984356422,4.721810615212546,-0.6072303691438758,2
8184,5.286804344662831,4.721810615212546,-0.5649937294502845,10
8185,4.84228185584087,4.721810615212546,-0.1204712406283237,8
8186,5.505598297132487,4.721810615212546,-0.7837876819199403,6
8187,5.056391489766986,4.721810615212546,-0.3345808745544394,3
8188,5.152305218141635,4.721810615212546,-0.43049460292908837,5
8189,5.276646772870468,4.721810615212546,-0.5548361576579213,7
8190,4.2699756470192956,4.505149978319906,0.23517433130061072,1
8191,4.2321224865655696,4.505149978319906,0.2730274917543367,10
8192,3.9744641789190287,4.505149978319906,0.5306857994008776,4
8193,4.420942093446732,4.505149978319906,0.08420788487317399,9
8194,4.084576096910681,4.505149978319906,0.4205738814092257,8
8195,4.302654356488573,4.505149978319906,0.20249562183133296,2
8196,4.296141727810752,4.505149978319906,0.20900825050915461,7
8197,4.439301371341356,4.505149978319906,0.06584860697855,6
8198,4.0271262248344915,4.505149978319906,0.4780237534854148,3
8199,4.217660359014022,3.2380461031287955,-0.9796142558852261,10
8200,4.464307489255339,3.2380461031287955,-1.2262613861265437,6
8201,3.8886810007424297,3.2380461031287955,-0.6506348976136342,5
8202,3.8275723275888383,3.2380461031287955,-0.5895262244600428,4
8203,4.4290294704931705,3.2380461031287955,-1.190983367364375,7
8204,4.344207998693277,3.2380461031287955,-1.1061618955644819,2
8205,4.193941713499944,3.2380461031287955,-0.9558956103711487,1
8206,3.9862130509035834,3.2380461031287955,-0.7481669477747879,3
8207,4.470370141353709,3.2380461031287955,-1.2323240382249137,9
8208,4.426248547765513,4.5910646070265,0.1648160592609873,9
8209,4.474087957395628,4.5910646070265,0.11697664963087284,10
8210,4.1153567959585535,4.5910646070265,0.4757078110679469,4
8211,4.283449525145305,4.5910646070265,0.30761508188119535,2
8212,4.193057886142915,4.5910646070265,0.39800672088358535,5
8213,4.457255629344068,4.5910646070265,0.13380897768243205,3
8214,4.598525972873401,4.5910646070265,-0.007461365846900492,6
8215,4.30557931282287,4.5910646070265,0.2854852942036308,8
8216,4.548039996733433,4.5910646070265,0.04302461029306759,1
8217,4.21358427550463,4.8221680793680175,0.6085838038633877,6
8218,4.253545000342007,4.8221680793680175,0.5686230790260103,3
8219,4.044623013459293,4.8221680793680175,0.7775450659087246,5
8220,4.21406648563623,4.8221680793680175,0.6081015937317877,2
8221,4.3330089170355786,4.8221680793680175,0.48915916233243895,10
8222,4.209293923598397,4.8221680793680175,0.6128741557696209,1
8223,5.165337595657307,4.8221680793680175,-0.34316951628928916,8
8224,4.458516979900472,4.8221680793680175,0.36365109946754526,4
8225,3.8924144410358266,4.8221680793680175,0.9297536383321909,7
8226,5.318865780696327,3.230448921378274,-2.0884168593180528,5
8227,5.233184619181176,3.230448921378274,-2.002735697802902,2
8228,5.2529397175226995,3.230448921378274,-2.0224907961444254,10
8229,5.4676370701781645,3.230448921378274,-2.2371881487998904,6
8230,5.1511167036861885,3.230448921378274,-1.9206677823079144,7
8231,5.328991658733078,3.230448921378274,-2.098542737354804,8
8232,5.002718390380381,3.230448921378274,-1.772269469002107,4
8233,5.241244629585862,3.230448921378274,-2.0107957082075876,9
8234,5.164850404589837,3.230448921378274,-1.9344014832115626,3
8235,4.700086307561511,2.6020599913279625,-2.0980263162335486,6
8236,4.339906601756384,2.6020599913279625,-1.7378466104284218,8
8237,4.34384040935849,2.6020599913279625,-1.7417804180305279,4
8238,4.586921044303854,2.6020599913279625,-1.9848610529758917,9
8239,4.641381353442581,2.6020599913279625,-2.0393213621146185,1
8240,4.343266667987724,2.6020599913279625,-1.7412066766597611,7
8241,4.5020803586587705,2.6020599913279625,-1.900020367330808,10
8242,4.477903538025822,2.6020599913279625,-1.8758435466978591,2
8243,4.454407716376215,2.6020599913279625,-1.8523477250482525,3
8244,4.64641218640695,3.008600171761917,-1.637812014645033,1
8245,4.085613978338502,3.008600171761917,-1.077013806576585,3
8246,4.442664852934497,3.008600171761917,-1.43406468117258,2
8247,4.468265548590014,3.008600171761917,-1.459665376828097,10
8248,4.307660351304878,3.008600171761917,-1.2990601795429608,7
8249,4.044098166669938,3.008600171761917,-1.0354979949080212,8
8250,4.668764632930839,3.008600171761917,-1.6601644611689217,6
8251,4.315538457333655,3.008600171761917,-1.3069382855717375,9
8252,3.917748908786152,3.008600171761917,-0.909148737024235,5
8253,6.0506049550027035,5.949390006644912,-0.1012149483577911,5
8254,6.016859041251929,5.949390006644912,-0.06746903460701681,10
8255,5.826268589289854,5.949390006644912,0.12312141735505833,8
8256,6.044255869275582,5.949390006644912,-0.09486586263066954,4
8257,6.008701699114188,5.949390006644912,-0.05931169246927581,3
8258,6.1043327193705865,5.949390006644912,-0.15494271272567417,9
8259,6.167028662978551,5.949390006644912,-0.217638656333639,6
8260,5.931232013923408,5.949390006644912,0.018157992721504534,7
8261,6.109712223141782,5.949390006644912,-0.16032221649687006,1
8262,5.272325820971193,6.778151250383644,1.5058254294124511,8
8263,4.859383828477488,6.778151250383644,1.9187674219061561,7
8264,4.900201413124429,6.778151250383644,1.877949837259215,10
8265,4.886523054044532,6.778151250383644,1.891628196339112,9
8266,5.342245146587944,6.778151250383644,1.4359061037957002,1
8267,5.225947372514919,6.778151250383644,1.5522038778687248,6
8268,4.875102934227569,6.778151250383644,1.9030483161560747,5
8269,5.406665070637414,6.778151250383644,1.3714861797462294,4
8270,4.9806994890355005,6.778151250383644,1.7974517613481433,2
8271,6.476392754766435,7.0,0.5236072452335652,6
8272,6.197708058494561,7.0,0.8022919415054393,4
8273,6.434458033533242,7.0,0.5655419664667578,9
8274,6.306976096905183,7.0,0.6930239030948169,1
8275,6.267343247168023,7.0,0.7326567528319767,8
8276,6.436601527630404,7.0,0.5633984723695962,10
8277,6.296737004212251,7.0,0.7032629957877488,5
8278,6.238355732270336,7.0,0.7616442677296638,2
8279,6.253512616753581,7.0,0.7464873832464187,3
8280,5.860650034540378,5.331589240955137,-0.5290607935852414,7
8281,6.09291248051422,5.331589240955137,-0.7613232395590828,2
8282,6.160308841998262,5.331589240955137,-0.828719601043125,1
8283,6.107501766166837,5.331589240955137,-0.7759125252116998,5
8284,6.013912182550183,5.331589240955137,-0.6823229415950465,4
8285,6.05630669693435,5.331589240955137,-0.7247174559792136,3
8286,6.22639115963797,5.331589240955137,-0.8948019186828331,9
8287,6.1577218649290915,5.331589240955137,-0.8261326239739546,10
8288,6.165621758259491,5.331589240955137,-0.8340325173043546,6
8289,5.120423878272952,5.176091259055681,0.05566738078272948,5
8290,5.139518901389478,5.176091259055681,0.036572357666202926,7
8291,5.153225558293077,5.176091259055681,0.022865700762604746,2
8292,5.25147864458787,5.176091259055681,-0.07538738553218849,1
8293,5.01989430796536,5.176091259055681,0.1561969510903216,9
8294,5.442020206728226,5.176091259055681,-0.2659289476725446,6
8295,5.09821335859826,5.176091259055681,0.07787790045742149,3
8296,5.096736183161083,5.176091259055681,0.07935507589459867,8
8297,5.22988092143519,5.176091259055681,-0.05378966237950866,10
8298,6.292857127233622,6.170555058521209,-0.122302068712413,10
8299,6.4051910403927135,6.170555058521209,-0.23463598187150492,6
8300,6.115343724043118,6.170555058521209,0.05521133447809046,3
8301,6.155334245291179,6.170555058521209,0.015220813230029329,4
8302,6.3367645981081715,6.170555058521209,-0.16620953958696294,9
8303,6.071461836234038,6.170555058521209,0.09909322228717077,5
8304,6.232701350543307,6.170555058521209,-0.062146292022098315,1
8305,6.170064318022965,6.170555058521209,0.0004907404982432695,2
8306,6.133504620830069,6.170555058521209,0.03705043769113914,8
8307,5.692913135471416,6.146128035678238,0.453214900206822,1
8308,5.629674827359183,6.146128035678238,0.5164532083190556,10
8309,5.941251506603306,6.146128035678238,0.20487652907493192,8
8310,5.7010653529272,6.146128035678238,0.445062682751038,3
8311,5.488031765619266,6.146128035678238,0.6580962700589721,2
8312,5.452697878171631,6.146128035678238,0.6934301575066071,4
8313,5.68449443668365,6.146128035678238,0.4616335989945881,6
8314,5.717282764045707,6.146128035678238,0.4288452716325315,9
8315,5.750304776623684,6.146128035678238,0.39582325905455384,7
8316,6.34127969928026,5.982271233039568,-0.3590084662406916,10
8317,6.308321625172732,5.982271233039568,-0.32605039213316367,5
8318,6.266351936933864,5.982271233039568,-0.28408070389429607,1
8319,6.278824284219602,5.982271233039568,-0.29655305118003383,8
8320,6.20882197818399,5.982271233039568,-0.2265507451444222,2
8321,6.2905812272160215,5.982271233039568,-0.30830999417645355,4
8322,6.4367026795144024,5.982271233039568,-0.45443144647483447,6
8323,6.406616568985969,5.982271233039568,-0.4243453359464011,3
8324,6.354131553726858,5.982271233039568,-0.3718603206872899,9
8325,5.878312562462946,6.209246848753374,0.33093428629042787,8
8326,5.677636301609,6.209246848753374,0.531610547144374,4
8327,5.988387766170406,6.209246848753374,0.22085908258296794,6
8328,5.810445589694415,6.209246848753374,0.3988012590589589,10
8329,5.710902474562399,6.209246848753374,0.49834437419097455,1
8330,5.80792814143328,6.209246848753374,0.4013187073200939,9
8331,5.663453476589551,6.209246848753374,0.5457933721638231,2
8332,5.918699491263194,6.209246848753374,0.2905473574901798,7
8333,5.6587930563613735,6.209246848753374,0.5504537923920001,3
8334,6.524290944932109,5.750045312011768,-0.7742456329203415,8
8335,6.335748010554982,5.750045312011768,-0.5857026985432148,7
8336,5.9410162657106955,5.750045312011768,-0.19097095369892791,2
8337,6.408549587758415,5.750045312011768,-0.6585042757466475,3
8338,6.50639904135283,5.750045312011768,-0.756353729341062,5
8339,6.171218964410724,5.750045312011768,-0.42117365239895665,6
8340,6.189813245406002,5.750045312011768,-0.4397679333942346,10
8341,6.491759945068459,5.750045312011768,-0.7417146330566915,9
8342,6.330124879761505,5.750045312011768,-0.5800795677497375,4
8343,6.219274998644979,5.401055725771844,-0.8182192728731348,10
8344,6.155452174947518,5.401055725771844,-0.7543964491756743,3
8345,6.350592072608877,5.401055725771844,-0.949536346837033,9
8346,6.363785178290167,5.401055725771844,-0.9627294525183228,7
8347,6.161888089522761,5.401055725771844,-0.7608323637509171,2
8348,6.070984207995443,5.401055725771844,-0.6699284822235994,4
8349,6.353074457455636,5.401055725771844,-0.9520187316837925,6
8350,6.192757063622843,5.401055725771844,-0.7917013378509994,5
8351,6.163994187261446,5.401055725771844,-0.7629384614896022,1
8352,6.393682439684982,6.419129307741976,0.02544686805699392,1
8353,6.367829129304253,6.419129307741976,0.05130017843772272,2
8354,6.543549089166459,6.419129307741976,-0.12441978142448296,6
8355,6.5513756738804085,6.419129307741976,-0.13224636613843277,7
8356,6.435655962445693,6.419129307741976,-0.016526654703716837,10
8357,6.284330201448282,6.419129307741976,0.13479910629369396,5
8358,6.245000257304869,6.419129307741976,0.1741290504371067,8
8359,6.228468654480584,6.419129307741976,0.19066065326139192,4
8360,6.316450289731513,6.419129307741976,0.10267901801046264,3
8361,6.4040868776045174,6.380211241711606,-0.023875635892911085,4
8362,6.2303146762567385,6.380211241711606,0.14989656545486785,9
8363,6.458493162803252,6.380211241711606,-0.07828192109164522,8
8364,6.338413678916177,6.380211241711606,0.04179756279542968,6
8365,6.374999249869392,6.380211241711606,0.005211991842214658,7
8366,6.094039127553456,6.380211241711606,0.28617211415815014,2
8367,6.128634308788033,6.380211241711606,0.2515769329235731,1
8368,6.392744260822755,6.380211241711606,-0.012533019111148569,5
8369,6.287062733559045,6.380211241711606,0.09314850815256115,3
8370,6.234974116364979,6.505149978319906,0.27017586195492704,1
8371,6.240094611346839,6.505149978319906,0.2650553669730673,2
8372,6.493094816776519,6.505149978319906,0.012055161543387705,7
8373,6.346403271406948,6.505149978319906,0.15874670691295822,6
8374,6.318408280016921,6.505149978319906,0.1867416983029857,10
8375,6.123935272149617,6.505149978319906,0.3812147061702893,8
8376,6.285888513075959,6.505149978319906,0.21926146524394685,4
8377,6.334902135921958,6.505149978319906,0.17024784239794855,5
8378,6.254149655475612,6.505149978319906,0.25100032284429385,9
8379,5.561851090163617,6.204119982655925,0.6422688924923081,2
8380,5.733276288843046,6.204119982655925,0.4708436938128786,9
8381,5.753683232366762,6.204119982655925,0.4504367502891631,10
8382,5.761011730181054,6.204119982655925,0.44310825247487085,7
8383,5.884412972660418,6.204119982655925,0.31970700999550683,5
8384,5.891174174353338,6.204119982655925,0.31294580830258667,3
8385,5.846035964865344,6.204119982655925,0.3580840177905813,6
8386,5.581847622433388,6.204119982655925,0.6222723602225368,1
8387,6.00567079730335,6.204119982655925,0.19844918535257516,8
8388,5.988387766170406,4.939019776448666,-1.0493679897217394,6
8389,5.810445589694415,4.939019776448666,-0.8714258132457484,10
8390,5.878312562462946,4.939019776448666,-0.9392927860142795,8
8391,5.8079281414332815,4.939019776448666,-0.8689083649846152,9
8392,5.663453476589551,4.939019776448666,-0.7244337001408843,2
8393,5.710902474562401,4.939019776448666,-0.7718826981137346,1
8394,5.677636301609,4.939019776448666,-0.7386165251603334,4
8395,5.6587930563613735,4.939019776448666,-0.7197732799127072,3
8396,5.918699491263194,4.939019776448666,-0.9796797148145275,7
8397,5.771733056903067,4.79309160017658,-0.9786414567264874,6
8398,5.924676040015553,4.79309160017658,-1.1315844398389734,8
8399,5.5608575156250275,4.79309160017658,-0.7677659154484475,4
8400,5.46874575260127,4.79309160017658,-0.6756541524246904,10
8401,5.581597406424662,4.79309160017658,-0.7885058062480823,5
8402,5.468298528185428,4.79309160017658,-0.6752069280088477,2
8403,5.658026619656181,4.79309160017658,-0.864935019479601,9
8404,5.5275035211363885,4.79309160017658,-0.7344119209598086,1
8405,5.800062437118372,4.79309160017658,-1.0069708369417922,3
8406,5.643945977053953,6.32221929473392,0.6782733176799676,5
8407,5.378942645872361,6.32221929473392,0.9432766488615592,2
8408,5.603695690024671,6.32221929473392,0.7185236047092491,8
8409,5.487285154384378,6.32221929473392,0.8349341403495423,9
8410,5.413851896659703,6.32221929473392,0.9083673980742173,3
8411,5.499051667718046,6.32221929473392,0.8231676270158745,1
8412,5.518999603859876,6.32221929473392,0.8032196908740445,10
8413,5.672297693235208,6.32221929473392,0.6499216014987121,6
8414,5.224199445067329,6.32221929473392,1.0980198496665912,4
8415,6.253512616753581,6.382017042574868,0.12850442582128707,3
8416,6.560472004475726,6.382017042574868,-0.17845496190085797,7
8417,6.306976096905183,6.382017042574868,0.07504094566968522,1
8418,6.296737004212251,6.382017042574868,0.0852800383626171,5
8419,6.197708058494561,6.382017042574868,0.1843089840803076,4
8420,6.436601527630404,6.382017042574868,-0.05458448505553548,10
8421,6.238355732270336,6.382017042574868,0.1436613103045321,2
8422,6.476392754766435,6.382017042574868,-0.09437571219156649,6
8423,6.434458033533242,6.382017042574868,-0.052440990958373845,9
8424,6.208693416298047,6.366982975977851,0.15828955967980374,9
8425,6.297896010823792,6.366982975977851,0.06908696515405843,8
8426,6.310124012843607,6.366982975977851,0.056858963134243545,3
8427,6.17179281791348,6.366982975977851,0.19519015806437068,10
8428,6.3121761766955435,6.366982975977851,0.05480679928230714,4
8429,6.2634283996887286,6.366982975977851,0.10355457628912212,6
8430,6.094585197047833,6.366982975977851,0.27239777893001804,1
8431,6.24320375509256,6.366982975977851,0.12377922088529036,7
8432,6.228402592339111,6.366982975977851,0.1385803836387396,5
8433,5.961785467772606,6.176091259055681,0.21430579128307503,4
8434,5.946701213319243,6.176091259055681,0.22939004573643818,7
8435,6.0248774614617,6.176091259055681,0.15121379759398135,8
8436,5.871276664416057,6.176091259055681,0.3048145946396241,9
8437,5.790754882365746,6.176091259055681,0.3853363766899349,2
8438,5.8567077082293935,6.176091259055681,0.3193835508262879,1
8439,5.893423125168781,6.176091259055681,0.28266813388689993,10
8440,5.970560159881435,6.176091259055681,0.20553109917424628,3
8441,6.036966922870718,6.176091259055681,0.13912433618496323,6
8442,5.653446372059689,6.535863520712453,0.8824171486527641,1
8443,6.002928153683606,6.535863520712453,0.5329353670288466,5
8444,5.902162192114849,6.535863520712453,0.6337013285976036,3
8445,5.674392920739771,6.535863520712453,0.8614705999726819,10
8446,5.92246757431278,6.535863520712453,0.613395946399673,8
8447,5.973924369521985,6.535863520712453,0.5619391511904679,9
8448,5.71951734511483,6.535863520712453,0.8163461755976229,7
8449,5.761708683975953,6.535863520712453,0.7741548367364999,6
8450,5.737064004035035,6.535863520712453,0.798799516677418,2
8451,5.851523287118521,5.924279286061882,0.07275599894336082,10
8452,5.745264700998156,5.924279286061882,0.17901458506372592,3
8453,5.795385795346977,5.924279286061882,0.12889349071490486,2
8454,5.790460801487957,5.924279286061882,0.13381848457392476,9
8455,5.781243482766685,5.924279286061882,0.14303580329519683,7
8456,4.975850499290106,5.924279286061882,0.9484287867717764,1
8457,6.037624931432796,5.924279286061882,-0.11334564537091385,6
8458,5.578182755426871,5.924279286061882,0.3460965306350108,4
8459,5.78260124921398,5.924279286061882,0.14167803684790226,8
8460,6.141042190759202,6.062205808819713,-0.07883638193948883,9
8461,6.330618102703983,6.062205808819713,-0.26841229388427035,7
8462,6.071720372537871,6.062205808819713,-0.009514563718157731,2
8463,5.808205397649712,6.062205808819713,0.2540004111700007,4
8464,5.953520046100456,6.062205808819713,0.108685762719257,1
8465,5.940973717009446,6.062205808819713,0.12123209181026695,5
8466,6.228773331091856,6.062205808819713,-0.16656752227214255,10
8467,5.941881216437206,6.062205808819713,0.1203245923825067,8
8468,6.287776115930241,6.062205808819713,-0.2255703071105284,6
8469,6.055344682077496,6.0,-0.055344682077495655,3
8470,6.005112397040816,6.0,-0.005112397040815786,2
8471,6.115000897966723,6.0,-0.11500089796672341,9
8472,6.084386857090458,6.0,-0.08438685709045757,1
8473,6.034622431979456,6.0,-0.03462243197945636,4
8474,6.189927225363269,6.0,-0.18992722536326934,6
8475,6.091935676222959,6.0,-0.09193567622295884,7
8476,6.337262610131734,6.0,-0.3372626101317344,8
8477,6.09389760110655,6.0,-0.09389760110655043,10
8478,6.2928562781802055,6.12057393120585,-0.17228234697435596,9
8479,6.191850777710093,6.12057393120585,-0.07127684650424371,5
8480,6.3490169978128845,6.12057393120585,-0.22844306660703495,6
8481,6.323668676627245,6.12057393120585,-0.20309474542139583,7
8482,6.116297202538248,6.12057393120585,0.004276728667601759,2
8483,6.153504949310581,6.12057393120585,-0.032931018104731535,8
8484,6.156435482571449,6.12057393120585,-0.0358615513655991,4
8485,6.330222568156726,6.12057393120585,-0.20964863695087654,10
8486,6.225244138512563,6.12057393120585,-0.10467020730671361,1
8487,5.126835416834258,4.66661156841903,-0.4602238484152279,10
8488,4.965327268339134,4.66661156841903,-0.2987156999201046,7
8489,5.096139705277966,4.66661156841903,-0.4295281368589361,9
8490,5.002230355022374,4.66661156841903,-0.33561878660334443,2
8491,5.027654306034291,4.66661156841903,-0.3610427376152616,1
8492,4.945958470595072,4.66661156841903,-0.27934690217604263,4
8493,5.347527807521082,4.66661156841903,-0.6809162391020527,8
8494,5.031744756806011,4.66661156841903,-0.3651331883869817,3
8495,5.083176353804954,4.66661156841903,-0.41656478538592445,6
8496,6.358278854534034,7.0178677189635055,0.6595888644294714,9
8497,6.324304783015872,7.0178677189635055,0.6935629359476332,7
8498,6.100629357163045,7.0178677189635055,0.91723836180046,4
8499,6.080938660934881,7.0178677189635055,0.9369290580286247,2
8500,6.238921084269758,7.0178677189635055,0.7789466346937477,5
8501,6.342781780024674,7.0178677189635055,0.6750859389388317,6
8502,6.32021970416529,7.0178677189635055,0.6976480147982151,10
8503,6.18920522845666,7.0178677189635055,0.8286624905068454,8
8504,6.2397973247277445,7.0178677189635055,0.778070394235761,3
8505,6.025894744269594,6.079181246047625,0.053286501778031514,6
8506,5.938279923816737,6.079181246047625,0.1409013222308877,8
8507,5.833463482824731,6.079181246047625,0.24571776322289374,1
8508,5.8616166425134395,6.079181246047625,0.2175646035341856,5
8509,5.9602480830377536,6.079181246047625,0.11893316300987156,9
8510,5.725636130863924,6.079181246047625,0.35354511518370124,2
8511,5.770006779684102,6.079181246047625,0.3091744663635234,4
8512,5.83049527099427,6.079181246047625,0.24868597505335543,3
8513,5.935491225507346,6.079181246047625,0.14369002054027913,10
8514,5.858549139937035,6.567144045195657,0.7085949052586216,5
8515,5.688202307302068,6.567144045195657,0.8789417378935891,10
8516,6.165539980284669,6.567144045195657,0.40160406491098755,8
8517,5.902109563391012,6.567144045195657,0.6650344818046445,7
8518,5.9359980359469935,6.567144045195657,0.6311460092486634,9
8519,5.954638917643932,6.567144045195657,0.6125051275517253,6
8520,5.655091313652595,6.567144045195657,0.9120527315430618,2
8521,6.097457901988501,6.567144045195657,0.46968614320715574,3
8522,5.754978388657652,6.567144045195657,0.8121656565380047,4
8523,5.984221653848606,5.414973347970818,-0.569248305877788,6
8524,6.1154878706190035,5.414973347970818,-0.7005145226481853,8
8525,6.135599937862532,5.414973347970818,-0.7206265898917135,9
8526,5.846503363681674,5.414973347970818,-0.43153001571085614,2
8527,6.171831196786127,5.414973347970818,-0.7568578488153088,4
8528,6.235670601974069,5.414973347970818,-0.8206972540032504,5
8529,5.921089517555034,5.414973347970818,-0.5061161695842156,10
8530,6.112418000632579,5.414973347970818,-0.697444652661761,3
8531,5.900093465987972,5.414973347970818,-0.4851201180171536,1
8532,6.176013911716534,6.021189299069938,-0.1548246126465953,6
8533,6.210487368149755,6.021189299069938,-0.1892980690798165,8
8534,6.000765066540345,6.021189299069938,0.020424232529593134,2
8535,6.286134779711623,6.021189299069938,-0.26494548064168466,7
8536,6.310549169020001,6.021189299069938,-0.28935986995006235,5
8537,6.117606490366117,6.021189299069938,-0.09641719129617865,10
8538,6.254721843496693,6.021189299069938,-0.23353254442675464,9
8539,6.053588414837069,6.021189299069938,-0.03239911576713084,1
8540,6.235189614528136,6.021189299069938,-0.21400031545819775,4
8541,5.680548991291842,6.517195897949974,0.8366469066581317,2
8542,5.893779633109013,6.517195897949974,0.6234162648409614,4
8543,5.890210774239425,6.517195897949974,0.6269851237105488,7
8544,5.951301728225579,6.517195897949974,0.5658941697243947,5
8545,5.8675522728479335,6.517195897949974,0.6496436251020405,9
8546,5.739141469813508,6.517195897949974,0.7780544281364659,10
8547,5.7381960259184375,6.517195897949974,0.7789998720315365,1
8548,5.847748457725926,6.517195897949974,0.6694474402240482,6
8549,5.897339235028297,6.517195897949974,0.6198566629216771,8
8550,5.995679659526744,5.934498451243568,-0.06118120828317597,10
8551,5.963750084077537,5.934498451243568,-0.0292516328339687,5
8552,6.071649563029135,5.934498451243568,-0.13715111178556683,7
8553,5.924510688800898,5.934498451243568,0.009987762442670522,9
8554,5.87610298586332,5.934498451243568,0.05839546538024809,2
8555,6.159853776807544,5.934498451243568,-0.2253553255639753,6
8556,5.850190686301549,5.934498451243568,0.08430776494201897,4
8557,5.98365192112739,5.934498451243568,-0.049153469883822076,8
8558,5.842710444682615,5.934498451243568,0.09178800656095376,3
8559,5.943752709868166,6.32221929473392,0.37846658486575446,6
8560,5.644372653786523,6.32221929473392,0.6778466409473971,2
8561,5.7217559760771906,6.32221929473392,0.6004633186567299,1
8562,5.630466677174322,6.32221929473392,0.6917526175595983,3
8563,5.753078254356013,6.32221929473392,0.5691410403779074,5
8564,5.794573097855776,6.32221929473392,0.5276461968781447,8
8565,5.644366018072986,6.32221929473392,0.677853276660934,4
8566,5.747514122485605,6.32221929473392,0.5747051722483159,10
8567,5.80100309619161,6.32221929473392,0.5212161985423105,7
8568,5.787481765538912,6.301029995663981,0.5135482301250693,10
8569,6.364713624858152,6.301029995663981,-0.0636836291941707,8
8570,5.877513677524249,6.301029995663981,0.42351631813973256,6
8571,5.974022981449144,6.301029995663981,0.32700701421483735,3
8572,5.629954277859231,6.301029995663981,0.67107571780475,2
8573,5.734616146458863,6.301029995663981,0.5664138492051185,9
8574,6.193261652016171,6.301029995663981,0.10776834364780985,5
8575,6.000103329075341,6.301029995663981,0.30092666658863987,4
8576,5.664783855470496,6.301029995663981,0.6362461401934851,1
8577,5.299176153659158,6.531478917042255,1.232302763383097,4
8578,5.526949789311439,6.531478917042255,1.004529127730816,1
8579,5.52854508088627,6.531478917042255,1.002933836155985,6
8580,5.453858714965626,6.531478917042255,1.0776202020766297,2
8581,5.4617777487815555,6.531478917042255,1.0697011682606998,9
8582,5.5280266362653405,6.531478917042255,1.0034522807769148,10
8583,5.27953053971015,6.531478917042255,1.2519483773321056,5
8584,5.229411049448999,6.531478917042255,1.302067867593256,8
8585,5.430383622690893,6.531478917042255,1.1010952943513628,3
8586,6.035978480439562,6.003115717099806,-0.032862763339755574,5
8587,6.074763790984838,6.003115717099806,-0.07164807388503203,7
8588,5.8958754237680076,6.003115717099806,0.10724029333179885,1
8589,5.940523316737694,6.003115717099806,0.06259240036211278,2
8590,6.086846603218136,6.003115717099806,-0.0837308861183299,3
8591,6.203513302572705,6.003115717099806,-0.20039758547289832,4
8592,6.052566998696039,6.003115717099806,-0.04945128159623291,6
8593,6.098012130878799,6.003115717099806,-0.09489641377899272,8
8594,5.96081443961804,6.003115717099806,0.0423012774817666,10
8595,5.743913830230655,6.3979400086720375,0.6540261784413826,3
8596,5.573866403823103,6.3979400086720375,0.8240736048489348,8
8597,5.737258570703726,6.3979400086720375,0.6606814379683117,4
8598,5.7891449988738675,6.3979400086720375,0.60879500979817,9
8599,5.603291266345716,6.3979400086720375,0.7946487423263218,2
8600,5.819737603346908,6.3979400086720375,0.5782024053251291,1
8601,5.552808158416459,6.3979400086720375,0.8451318502555782,6
8602,5.6555111036745975,6.3979400086720375,0.74242890499744,5
8603,5.518487967393358,6.3979400086720375,0.8794520412786797,7
8604,4.119384198823671,3.9242792860618816,-0.19510491276178898,3
8605,4.151370844539528,3.9242792860618816,-0.2270915584776465,1
8606,4.064943555150989,3.9242792860618816,-0.14066426908910712,2
8607,3.6858188580806592,3.9242792860618816,0.23846042798122236,4
8608,3.838009325929994,3.9242792860618816,0.08626996013188748,7
8609,3.9726806111854205,3.9242792860618816,-0.048401325123538896,10
8610,3.814326964099244,3.9242792860618816,0.10995232196263771,5
8611,3.831816369289395,3.9242792860618816,0.09246291677248664,8
8612,3.951037036593885,3.9242792860618816,-0.026757750532003577,6
8613,5.072954042741371,4.597826770377936,-0.47512727236343455,8
8614,5.065459254662261,4.597826770377936,-0.4676324842843247,9
8615,5.208425402275706,4.597826770377936,-0.6105986318977701,1
8616,4.900050032956295,4.597826770377936,-0.30222326257835874,5
8617,5.156419243874234,4.597826770377936,-0.5585924734962981,7
8618,4.666227713181935,4.597826770377936,-0.06840094280399889,3
8619,4.974799228056448,4.597826770377936,-0.3769724576785123,6
8620,4.464682456744986,4.597826770377936,0.13314431363295043,4
8621,4.973322996836987,4.597826770377936,-0.3754962264590507,2
8622,4.580088340246394,3.42845877351558,-1.1516295667308136,8
8623,5.10332737078402,3.42845877351558,-1.6748685972684396,10
8624,4.37511443024444,3.42845877351558,-0.94665565672886,4
8625,4.795520469080279,3.42845877351558,-1.3670616955646993,5
8626,4.890470717866748,3.42845877351558,-1.4620119443511679,1
8627,4.905842582533124,3.42845877351558,-1.4773838090175437,3
8628,4.8625272611181165,3.42845877351558,-1.4340684876025365,2
8629,5.217429016013464,3.42845877351558,-1.7889702424978844,9
8630,4.823150765175591,3.42845877351558,-1.3946919916600113,6
8631,6.106721668040995,6.4623979978989565,0.35567632985796127,1
8632,6.014890559296632,6.4623979978989565,0.4475074386023241,5
8633,6.0695832077788205,6.4623979978989565,0.392814790120136,9
8634,6.100497925170975,6.4623979978989565,0.3619000727279813,7
8635,6.052431576397915,6.4623979978989565,0.4099664215010419,10
8636,6.177578500318872,6.4623979978989565,0.2848194975800844,4
8637,6.147290639910606,6.4623979978989565,0.3151073579883503,3
8638,6.014476035640447,6.4623979978989565,0.44792196225850933,2
8639,6.1516786294586945,6.4623979978989565,0.31071936844026204,6
8640,6.2736226796950465,6.898664858722267,0.6250421790272203,3
8641,6.255099529286055,6.898664858722267,0.6435653294362114,8
8642,6.249897747848131,6.898664858722267,0.648767110874136,4
8643,6.093822042589801,6.898664858722267,0.8048428161324654,1
8644,6.122454558901777,6.898664858722267,0.7762102998204901,5
8645,6.302278409421427,6.898664858722267,0.59638644930084,6
8646,6.124474527698978,6.898664858722267,0.7741903310232887,2
8647,6.193914562963401,6.898664858722267,0.704750295758866,7
8648,6.2062649018069544,6.898664858722267,0.6923999569153123,9
8649,5.470722083859148,5.847276448275631,0.3765543644164824,7
8650,5.4014117392548044,5.847276448275631,0.4458647090208263,6
8651,5.350997451783504,5.847276448275631,0.49627899649212637,10
8652,5.4286842304593685,5.847276448275631,0.4185922178162622,4
8653,5.395166525907411,5.847276448275631,0.4521099223682201,5
8654,5.427499798726058,5.847276448275631,0.41977664954957294,3
8655,5.488295160736254,5.847276448275631,0.3589812875393772,9
8656,5.1862392416799565,5.847276448275631,0.6610372065956742,2
8657,5.3239500172357825,5.847276448275631,0.5233264310398482,1
8658,5.674129727453571,5.44178936653435,-0.2323403609192205,5
8659,5.733450035979047,5.44178936653435,-0.2916606694446964,3
8660,5.58332329801338,5.44178936653435,-0.14153393147902982,10
8661,5.3691713279620386,5.44178936653435,0.07261803857231186,8
8662,5.644999898142175,5.44178936653435,-0.20321053160782476,4
8663,5.451608314089125,5.44178936653435,-0.009818947554774304,1
8664,5.789020070703199,5.44178936653435,-0.34723070416884827,9
8665,5.733448418556885,5.44178936653435,-0.29165905202253484,6
8666,5.683667414043671,5.44178936653435,-0.24187804750932074,7
8667,5.932032010840974,4.530839778616521,-1.401192232224453,9
8668,5.687975409816215,4.530839778616521,-1.1571356311996945,5
8669,5.553006664074562,4.530839778616521,-1.0221668854580415,10
8670,5.998578073957308,4.530839778616521,-1.4677382953407871,8
8671,5.6038852839818105,4.530839778616521,-1.0730455053652896,3
8672,5.813252749047834,4.530839778616521,-1.282412970431313,4
8673,5.849005141106315,4.530839778616521,-1.3181653624897942,7
8674,5.669321131553308,4.530839778616521,-1.138481352936787,2
8675,5.659135113482005,4.530839778616521,-1.1282953348654843,1
8676,5.63034354694053,6.607455023214668,0.9771114762741382,3
8677,5.687538584454644,6.607455023214668,0.9199164387600245,9
8678,5.444753697753845,6.607455023214668,1.162701325460823,7
8679,5.204678913680911,6.607455023214668,1.4027761095337574,10
8680,5.491277052443843,6.607455023214668,1.116177970770825,2
8681,5.563437695390893,6.607455023214668,1.0440173278237754,5
8682,5.8788832418420975,6.607455023214668,0.7285717813725707,8
8683,5.484212414852014,6.607455023214668,1.1232426083626539,6
8684,5.364386656821466,6.607455023214668,1.243068366393202,1
8685,5.88068189233289,4.440909082065217,-1.439772810267673,8
8686,6.161624077609146,4.440909082065217,-1.7207149955439291,9
8687,6.014884891792228,4.440909082065217,-1.5739758097270107,1
8688,5.966685645848908,4.440909082065217,-1.5257765637836904,10
8689,6.036513938552022,4.440909082065217,-1.5956048564868048,6
8690,6.0911633171339075,4.440909082065217,-1.6502542350686902,5
8691,6.0623551843719214,4.440909082065217,-1.6214461023067042,7
8692,6.048374567056452,4.440909082065217,-1.607465484991235,4
8693,5.854866380960359,4.440909082065217,-1.4139572988951414,2
8694,6.066843056111183,5.596597095626461,-0.4702459604847222,9
8695,5.849846847748061,5.596597095626461,-0.25324975212160084,10
8696,5.858043907292863,5.596597095626461,-0.2614468116664028,1
8697,6.1204349418384565,5.596597095626461,-0.5238378462119959,5
8698,5.770611794468025,5.596597095626461,-0.17401469884156473,2
8699,5.967083670040261,5.596597095626461,-0.3704865744138006,7
8700,6.115391288794941,5.596597095626461,-0.5187941931684801,3
8701,6.054906334384172,5.596597095626461,-0.45830923875771123,8
8702,6.1450922654299776,5.596597095626461,-0.548495169803517,4
8703,5.608365280236584,4.275080898456858,-1.333284381779726,6
8704,5.485867148732472,4.275080898456858,-1.2107862502756142,10
8705,5.3744989675608705,4.275080898456858,-1.0994180691040123,2
8706,5.6022247095266815,4.275080898456858,-1.3271438110698233,5
8707,5.406069788266667,4.275080898456858,-1.1309888898098084,1
8708,5.3709402195930664,4.275080898456858,-1.0958593211362082,4
8709,5.494215387806512,4.275080898456858,-1.2191344893496536,9
8710,5.315896547478898,4.275080898456858,-1.04081564902204,3
8711,5.193907320754045,4.275080898456858,-0.9188264222971867,8
8712,5.488767119606197,5.110589710299249,-0.3781774093069483,4
8713,5.580360673293025,5.110589710299249,-0.46977096299377585,7
8714,5.39286668937294,5.110589710299249,-0.282276979073691,2
8715,5.382610068988134,5.110589710299249,-0.2720203586888852,8
8716,5.611865278600417,5.110589710299249,-0.5012755683011685,3
8717,5.572757577806614,5.110589710299249,-0.4621678675073655,5
8718,5.646978002834363,5.110589710299249,-0.536388292535114,6
8719,5.50404197012342,5.110589710299249,-0.393452259824171,10
8720,5.648181446518835,5.110589710299249,-0.5375917362195866,9
8721,6.1654760734940925,5.041392685158225,-1.1240833883358672,8
8722,5.904541944758246,5.041392685158225,-0.8631492596000205,6
8723,5.9531400346928045,5.041392685158225,-0.9117473495345791,10
8724,5.835281242846581,5.041392685158225,-0.7938885576883559,2
8725,6.226715323487051,5.041392685158225,-1.1853226383288256,4
8726,6.137616981915694,5.041392685158225,-1.0962242967574687,9
8727,6.307085374995625,5.041392685158225,-1.2656926898373992,3
8728,6.176513089858799,5.041392685158225,-1.135120404700574,5
8729,6.085146690179823,5.041392685158225,-1.0437540050215972,1
8730,6.17680211248543,7.0,0.8231978875145698,4
8731,5.866949949684316,7.0,1.133050050315684,2
8732,5.994859652835671,7.0,1.0051403471643292,5
8733,5.847974750735587,7.0,1.1520252492644127,10
8734,5.950713537408249,7.0,1.049286462591751,9
8735,6.097380959966787,7.0,0.9026190400332128,8
8736,6.032717669989773,7.0,0.9672823300102271,6
8737,6.129594917664468,7.0,0.870405082335532,3
8738,5.866040879884329,7.0,1.1339591201156711,1
8739,6.032717669989773,5.998808399880894,-0.033909270108878786,6
8740,5.866040879884329,5.998808399880894,0.13276751999656522,1
8741,5.994859652835671,5.998808399880894,0.0039487470452233,5
8742,5.866949949684316,5.998808399880894,0.13185845019657805,2
8743,6.129594917664468,5.998808399880894,-0.13078651778357386,3
8744,6.17680211248543,5.998808399880894,-0.17799371260453611,4
8745,5.8479747507355855,5.998808399880894,0.1508336491453086,10
8746,5.950713537408249,5.998808399880894,0.04809486247264516,9
8747,5.945601456718126,5.998808399880894,0.05320694316276775,7
8748,6.018182084053024,7.602059991327962,1.583877907274938,3
8749,5.781301426116807,7.602059991327962,1.8207585652111549,6
8750,5.882466859246865,7.602059991327962,1.7195931320810969,7
8751,5.938631354423143,7.602059991327962,1.6634286369048183,8
8752,5.7478493688616314,7.602059991327962,1.8542106224663302,10
8753,5.8544160674745225,7.602059991327962,1.7476439238534391,1
8754,5.747443566825551,7.602059991327962,1.854616424502411,2
8755,5.840502086409452,7.602059991327962,1.7615579049185097,5
8756,6.116822209504989,7.602059991327962,1.4852377818229723,4
8757,5.584480734543547,5.653212513775344,0.06873177923179696,8
8758,6.298868665257471,5.653212513775344,-0.6456561514821271,1
8759,5.9033289922545205,5.653212513775344,-0.2501164784791765,5
8760,6.255519442658261,5.653212513775344,-0.6023069288829168,7
8761,6.27706652320471,5.653212513775344,-0.6238540094293663,9
8762,5.818881732045126,5.653212513775344,-0.1656692182697821,3
8763,6.0313134253214065,5.653212513775344,-0.3781009115460625,2
8764,5.735080298374804,5.653212513775344,-0.08186778459945998,4
8765,6.294764571091224,5.653212513775344,-0.6415520573158799,10
8766,5.316535384853231,5.0,-0.31653538485323107,6
8767,5.216698400071874,5.0,-0.21669840007187435,7
8768,5.33856421283504,5.0,-0.3385642128350401,4
8769,5.141387285561169,5.0,-0.1413872855611693,1
8770,5.093447857058973,5.0,-0.0934478570589734,2
8771,5.435463921125996,5.0,-0.4354639211259963,8
8772,5.391900714291523,5.0,-0.3919007142915234,3
8773,5.194698446484163,5.0,-0.19469844648416323,10
8774,5.3141849056879105,5.0,-0.31418490568791047,9
8775,5.430383622690893,4.661812685537261,-0.7685709371536316,3
8776,5.549955080461895,4.661812685537261,-0.8881423949246336,7
8777,5.52854508088627,4.661812685537261,-0.8667323953490094,6
8778,5.526949789311439,4.661812685537261,-0.8651371037741784,1
8779,5.453858714965626,4.661812685537261,-0.7920460294283647,2
8780,5.229411049448999,4.661812685537261,-0.5675983639117383,8
8781,5.299176153659158,4.661812685537261,-0.6373634681218974,4
8782,5.27953053971015,4.661812685537261,-0.6177178541728887,5
8783,5.461777748781555,4.661812685537261,-0.7999650632442936,9
8784,5.861429071581015,6.7160033436348,0.8545742720537852,7
8785,5.846885951140882,6.7160033436348,0.8691173924939184,9
8786,6.070341685413708,6.7160033436348,0.6456616582210923,8
8787,6.084874980076453,6.7160033436348,0.6311283635583473,3
8788,6.172279484021647,6.7160033436348,0.5437238596131531,4
8789,5.804775790837736,6.7160033436348,0.9112275527970644,1
8790,5.781679207128578,6.7160033436348,0.9343241365062225,10
8791,5.88406315612443,6.7160033436348,0.8319401875103702,5
8792,5.782491704934534,6.7160033436348,0.9335116387002662,2
8793,6.075630796607613,6.939519252618618,0.8638884560110052,10
8794,6.163065081824433,6.939519252618618,0.7764541707941852,3
8795,6.467659480568751,6.939519252618618,0.47185977204986695,4
8796,6.0865653495975405,6.939519252618618,0.8529539030210778,2
8797,6.24482397917571,6.939519252618618,0.6946952734429086,9
8798,6.333354677877384,6.939519252618618,0.6061645747412339,1
8799,6.099285123949822,6.939519252618618,0.8402341286687962,5
8800,6.340491939018713,6.939519252618618,0.5990273135999056,8
8801,6.089663676105216,6.939519252618618,0.8498555765134022,6
8802,5.2345293450115165,4.249027052547187,-0.9855022924643295,4
8803,5.26237261344888,4.249027052547187,-1.0133455609016933,6
8804,5.158554542320405,4.249027052547187,-0.9095274897732182,2
8805,5.16981171383069,4.249027052547187,-0.9207846612835029,3
8806,5.268336752352372,4.249027052547187,-1.0193096998051852,10
8807,5.083449550856759,4.249027052547187,-0.8344224983095723,1
8808,5.153021147847851,4.249027052547187,-0.9039940953006642,8
8809,5.01901617942194,4.249027052547187,-0.7699891268747532,7
8810,5.121330232565914,4.249027052547187,-0.8723031800187266,9
8811,3.4295366573750248,1.6334684555795864,-1.7960682017954384,2
8812,3.286059583697011,1.6334684555795864,-1.6525911281174246,9
8813,3.306595417179189,1.6334684555795864,-1.6731269615996027,7
8814,3.3061927096767723,1.6334684555795864,-1.6727242540971858,10
8815,3.177093146894396,1.6334684555795864,-1.5436246913148095,3
8816,3.608621750920781,1.6334684555795864,-1.9751532953411945,6
8817,3.027995092727107,1.6334684555795864,-1.3945266371475207,8
8818,3.3259883827627585,1.6334684555795864,-1.6925199271831721,1
8819,3.2054178735538974,1.6334684555795864,-1.571949417974311,5
8820,3.2054178735538974,2.182300499593339,-1.0231173739605586,5
8821,3.3061927096767723,2.182300499593339,-1.1238922100834334,10
8822,3.1625686603203955,2.182300499593339,-0.9802681607270567,4
8823,3.177093146894396,2.182300499593339,-0.9947926473010571,3
8824,3.608621750920781,2.182300499593339,-1.4263212513274421,6
8825,3.286059583697011,2.182300499593339,-1.1037590841036722,9
8826,3.3259883827627585,2.182300499593339,-1.1436878831694197,1
8827,3.4295366573750248,2.182300499593339,-1.247236157781686,2
8828,3.306595417179189,2.182300499593339,-1.1242949175858503,7
8829,5.849092837100786,4.008600171761918,-1.8404926653388678,3
8830,5.416573114120591,4.008600171761918,-1.4079729423586729,10
8831,5.567821707243418,4.008600171761918,-1.5592215354815,6
8832,5.474750934150026,4.008600171761918,-1.466150762388108,7
8833,5.801725967103134,4.008600171761918,-1.7931257953412159,8
8834,5.725139915598181,4.008600171761918,-1.7165397438362628,5
8835,6.016712530187694,4.008600171761918,-2.008112358425776,4
8836,5.593610843657481,4.008600171761918,-1.5850106718955628,2
8837,5.481872611057964,4.008600171761918,-1.4732724392960463,1
8838,5.744171198592812,5.400710636773232,-0.3434605618195805,8
8839,6.017114300753037,5.400710636773232,-0.6164036639798054,7
8840,5.833622800068514,5.400710636773232,-0.43291216329528215,2
8841,6.054928403470267,5.400710636773232,-0.6542177666970357,6
8842,5.856121471913992,5.400710636773232,-0.45541083514076064,3
8843,5.859015445892189,5.400710636773232,-0.45830480911895766,10
8844,5.820995693331756,5.400710636773232,-0.42028505655852477,9
8845,5.741018231795766,5.400710636773232,-0.3403075950225345,5
8846,5.814339643783331,5.400710636773232,-0.4136290070100994,1
8847,6.09772264127983,6.078819183098848,-0.018903458180981936,6
8848,5.86269220385889,6.078819183098848,0.2161269792399585,1
8849,5.8577240259684356,6.078819183098848,0.22109515713041272,5
8850,6.039851691123586,6.078819183098848,0.038967491975261837,7
8851,5.8955645252123965,6.078819183098848,0.1832546578864518,10
8852,5.878744707126078,6.078819183098848,0.2000744759727704,3
8853,5.889893311305584,6.078819183098848,0.18892587179326448,2
8854,5.778525046670029,6.078819183098848,0.3002941364288194,8
8855,5.9195606634339155,6.078819183098848,0.15925851966493276,9
8856,5.82117109214438,4.736149402104994,-1.0850216900393859,5
8857,5.958303484753775,4.736149402104994,-1.222154082648781,4
8858,5.825772529908212,4.736149402104994,-1.0896231278032182,2
8859,5.895899075050258,4.736149402104994,-1.1597496729452637,1
8860,5.9209550757464,4.736149402104994,-1.1848056736414057,10
8861,5.899395449208891,4.736149402104994,-1.1632460471038968,3
8862,5.876284918604837,4.736149402104994,-1.1401355164998428,8
8863,5.90906771348071,4.736149402104994,-1.1729183113757164,9
8864,5.994403559384212,4.736149402104994,-1.258254157279218,7
8865,5.325998405167945,6.0,0.6740015948320552,10
8866,5.478684820006908,6.0,0.521315179993092,4
8867,5.545568948600616,6.0,0.4544310513993839,8
8868,5.686830623327425,6.0,0.31316937667257516,6
8869,5.359103132652713,6.0,0.640896867347287,1
8870,5.383358273856123,6.0,0.616641726143877,5
8871,5.5711330995381445,6.0,0.4288669004618555,9
8872,5.664685598413338,6.0,0.33531440158666204,7
8873,5.579012352847888,6.0,0.4209876471521117,2
8874,5.021760216084297,4.821840927200454,-0.19991928888384258,8
8875,5.001147911460901,4.821840927200454,-0.1793069842604469,1
8876,5.387497676753905,4.821840927200454,-0.565656749553451,7
8877,5.115296222716845,4.821840927200454,-0.2934552955163907,10
8878,5.210839049154202,4.821840927200454,-0.3889981219537475,3
8879,5.176358401736876,4.821840927200454,-0.35451747453642213,2
8880,5.3804465589575114,4.821840927200454,-0.5586056317570574,9
8881,5.047817885180373,4.821840927200454,-0.22597695797991868,5
8882,4.842491278221572,4.821840927200454,-0.020650351021117785,4
8883,5.250594171968852,5.648360010980932,0.39776583901207996,2
8884,5.272809350326802,5.648360010980932,0.3755506606541301,5
8885,5.414189694766505,5.648360010980932,0.23417031621442685,9
8886,5.384068314320413,5.648360010980932,0.26429169666051866,10
8887,5.282141303716131,5.648360010980932,0.3662187072648013,1
8888,5.297091468136152,5.648360010980932,0.35126854284477993,7
8889,5.340668604914778,5.648360010980932,0.3076914060661542,8
8890,5.33795885626616,5.648360010980932,0.31040115471477225,6
8891,5.276836903156311,5.648360010980932,0.37152310782462106,4
8892,6.0306825817414245,6.3979400086720375,0.36725742693061303,5
8893,6.207557443060512,6.3979400086720375,0.19038256561152522,3
8894,6.178974053365649,6.3979400086720375,0.21896595530638852,8
8895,6.029481873192993,6.3979400086720375,0.3684581354790444,7
8896,6.018804708627658,6.3979400086720375,0.37913530004437934,9
8897,5.902329634614598,6.3979400086720375,0.49561037405743935,10
8898,5.876557311738501,6.3979400086720375,0.5213826969335367,2
8899,6.244779067455943,6.3979400086720375,0.15316094121609414,4
8900,5.897109756836784,6.3979400086720375,0.5008302518352536,1
8901,6.0039851547724075,7.217483944213907,1.2134987894414992,5
8902,6.061810514257438,7.217483944213907,1.1556734299564688,6
8903,5.943968357155467,7.217483944213907,1.2735155870584398,2
8904,5.933335721074126,7.217483944213907,1.2841482231397805,10
8905,6.20956017666713,7.217483944213907,1.0079237675467771,8
8906,6.303772020647146,7.217483944213907,0.913711923566761,4
8907,6.070594076963114,7.217483944213907,1.1468898672507928,7
8908,6.045637266395693,7.217483944213907,1.1718466778182135,9
8909,5.995849325923954,7.217483944213907,1.2216346182899525,1
8910,6.1217960577383606,5.050147658020303,-1.0716483997180575,4
8911,5.848583555483345,5.050147658020303,-0.7984358974630421,9
8912,5.992313824454434,5.050147658020303,-0.9421661664341308,5
8913,5.886695658703693,5.050147658020303,-0.8365480006833899,8
8914,5.836705154127108,5.050147658020303,-0.7865574961068047,7
8915,5.894242806832121,5.050147658020303,-0.8440951488118182,1
8916,5.984164924858881,5.050147658020303,-0.9340172668385778,3
8917,5.685969583226597,5.050147658020303,-0.6358219252062938,2
8918,5.836170013626106,5.050147658020303,-0.7860223556058026,10
8919,4.4776413269259185,3.959041392321093,-0.5185999346048256,9
8920,4.527917942920979,3.959041392321093,-0.5688765505998861,10
8921,4.445504139076572,3.959041392321093,-0.4864627467554792,1
8922,4.230132680562751,3.959041392321093,-0.2710912882416583,4
8923,4.285688667736135,3.959041392321093,-0.32664727541504224,7
8924,4.500890498005594,3.959041392321093,-0.5418491056845012,3
8925,4.2890338701365005,3.959041392321093,-0.3299924778154075,5
8926,4.584552925242788,3.959041392321093,-0.6255115329216947,2
8927,4.483242646199757,3.959041392321093,-0.5242012538786645,6
8928,5.314302203139109,6.477121254719663,1.1628190515805539,3
8929,4.963570450415836,6.477121254719663,1.5135508043038266,7
8930,5.1677135437719,6.477121254719663,1.3094077109477622,9
8931,5.24196672322386,6.477121254719663,1.2351545314958026,4
8932,5.123557975184988,6.477121254719663,1.3535632795346748,5
8933,5.071060734734773,6.477121254719663,1.40606051998489,10
8934,5.020722879990737,6.477121254719663,1.4563983747289253,1
8935,5.102960914647208,6.477121254719663,1.3741603400724545,2
8936,5.111093965122316,6.477121254719663,1.3660272895973469,6
8937,6.306574396790277,7.544068044350276,1.2374936475599982,6
8938,6.559846006506279,7.544068044350276,0.9842220378439963,3
8939,6.770133219542585,7.544068044350276,0.7739348248076903,8
8940,6.357988283632925,7.544068044350276,1.1860797607173508,2
8941,6.233536610809694,7.544068044350276,1.3105314335405813,9
8942,6.58935902546227,7.544068044350276,0.9547090188880061,7
8943,6.274598391867994,7.544068044350276,1.2694696524822815,10
8944,6.271553150994018,7.544068044350276,1.2725148933562576,1
8945,6.478289389369256,7.544068044350276,1.0657786549810195,5
8946,5.009163425820076,6.079181246047625,1.070017820227549,2
8947,4.9741085532744505,6.079181246047625,1.1050726927731747,5
8948,4.988854563703258,6.079181246047625,1.090326682344367,3
8949,4.918923991319946,6.079181246047625,1.1602572547276795,10
8950,5.223504999213336,6.079181246047625,0.8556762468342889,9
8951,4.944476291953062,6.079181246047625,1.1347049540945635,8
8952,5.00033383109709,6.079181246047625,1.078847414950535,4
8953,5.09845995393528,6.079181246047625,0.9807212921123449,6
8954,5.134930706345295,6.079181246047625,0.9442505397023302,7
8955,5.372912046157991,6.146128035678238,0.7732159895202475,3
8956,5.388320544484919,6.146128035678238,0.7578074911933195,6
8957,5.206545179050643,6.146128035678238,0.9395828566275952,2
8958,5.247617599693323,6.146128035678238,0.8985104359849148,5
8959,5.280988394274168,6.146128035678238,0.8651396414040704,1
8960,5.259544147940148,6.146128035678238,0.88658388773809,9
8961,5.443682445160976,6.146128035678238,0.7024455905172617,4
8962,5.230113560669007,6.146128035678238,0.9160144750092316,7
8963,5.419385322383864,6.146128035678238,0.7267427132943745,8
8964,5.5574959130204045,5.146128035678238,-0.4113678773421663,10
8965,5.290903774954399,5.146128035678238,-0.1447757392761604,7
8966,5.618965149237664,5.146128035678238,-0.47283711355942604,2
8967,5.456760398122789,5.146128035678238,-0.31063236244455084,1
8968,4.870516104792817,5.146128035678238,0.2756119308854208,4
8969,5.575320232914171,5.146128035678238,-0.42919219723593294,3
8970,5.558585777997078,5.146128035678238,-0.41245774231884,5
8971,5.8535510523952965,5.146128035678238,-0.7074230167170583,6
8972,5.765633918737617,5.146128035678238,-0.6195058830593787,9
8973,5.565183463072006,5.534026106056135,-0.031157357015870524,8
8974,5.8173435960962605,5.534026106056135,-0.2833174900401252,2
8975,6.0086260779618845,5.534026106056135,-0.4745999719057492,5
8976,5.9996341822689265,5.534026106056135,-0.4656080762127912,6
8977,5.649513622979967,5.534026106056135,-0.11548751692383163,7
8978,5.936040447604261,5.534026106056135,-0.4020143415481261,9
8979,5.79036211686691,5.534026106056135,-0.2563360108107746,10
8980,5.690384317829379,5.534026106056135,-0.15635821177324338,1
8981,5.309931135732925,5.534026106056135,0.22409497032321024,4
8982,6.112736418473434,7.434568904034199,1.3218324855607655,9
8983,6.03166257593348,7.434568904034199,1.4029063281007188,10
8984,6.03919152277261,7.434568904034199,1.3953773812615893,5
8985,6.170543756982475,7.434568904034199,1.2640251470517239,1
8986,6.081660064358071,7.434568904034199,1.352908839676128,8
8987,6.321833707899125,7.434568904034199,1.1127351961350742,4
8988,6.048470781512832,7.434568904034199,1.3860981225213669,6
8989,6.057000169059109,7.434568904034199,1.3775687349750898,2
8990,6.231628566410423,7.434568904034199,1.202940337623776,7
8991,5.43496543706306,5.826074802700826,0.39110936563776644,3
8992,5.296892295848672,5.826074802700826,0.5291825068521536,4
8993,5.213432726499607,5.826074802700826,0.6126420762012188,2
8994,5.376158623961654,5.826074802700826,0.4499161787391719,6
8995,5.327738652019804,5.826074802700826,0.49833615068102244,1
8996,5.323998828369622,5.826074802700826,0.5020759743312038,8
8997,5.284802734213845,5.826074802700826,0.5412720684869807,10
8998,5.243214399833225,5.826074802700826,0.5828604028676008,9
8999,5.307780065878998,5.826074802700826,0.5182947368218276,7
9000,5.58766987593648,6.401400540781544,0.813730664845064,10
9001,5.576461270204916,6.401400540781544,0.8249392705766274,9
9002,5.7380933207515294,6.401400540781544,0.6633072200300143,3
9003,5.686684758893156,6.401400540781544,0.7147157818883878,8
9004,5.710453554803347,6.401400540781544,0.6909469859781971,5
9005,5.460034980750543,6.401400540781544,0.9413655600310005,2
9006,5.558392073448232,6.401400540781544,0.8430084673333118,6
9007,5.649868511093228,6.401400540781544,0.7515320296883159,1
9008,5.79665103638761,6.401400540781544,0.6047495043939337,4
9009,5.200256485134386,6.079181246047625,0.8789247609132387,5
9010,5.31105988754689,6.079181246047625,0.7681213585007347,6
9011,5.2777488872051865,6.079181246047625,0.8014323588424386,8
9012,5.212158742394322,6.079181246047625,0.8670225036533035,7
9013,5.114062605493993,6.079181246047625,0.9651186405536318,2
9014,5.147687817657283,6.079181246047625,0.9314934283903424,9
9015,5.189471101103349,6.079181246047625,0.8897101449442761,10
9016,5.244549252318118,6.079181246047625,0.8346319937295075,1
9017,5.331980971626571,6.079181246047625,0.7472002744210542,3
9018,5.7259414266136535,5.021189299069938,-0.7047521275437152,10
9019,5.90113373703166,5.021189299069938,-0.8799444379617221,9
9020,5.999288667590042,5.021189299069938,-0.9780993685201036,3
9021,5.676013967583592,5.021189299069938,-0.6548246685136538,7
9022,5.732176565327418,5.021189299069938,-0.7109872662574794,1
9023,5.844378386689759,5.021189299069938,-0.8231890876198209,6
9024,5.747012173335053,5.021189299069938,-0.7258228742651145,5
9025,5.681527456333396,5.021189299069938,-0.6603381572634577,2
9026,5.904452631621085,5.021189299069938,-0.883263332551147,4
9027,4.7523889664031875,5.604118006192035,0.8517290397888475,5
9028,5.032719987147295,5.604118006192035,0.5713980190447403,3
9029,5.086777100794997,5.604118006192035,0.5173409053970381,2
9030,5.049897436561362,5.604118006192035,0.5542205696306732,4
9031,5.227744455432025,5.604118006192035,0.3763735507600101,6
9032,5.0990313726675085,5.604118006192035,0.5050866335245265,7
9033,5.133740211842082,5.604118006192035,0.47037779434995297,10
9034,5.097808804965806,5.604118006192035,0.5063092012262294,9
9035,5.15260309389522,5.604118006192035,0.4515149122968154,1
9036,5.549219155276584,4.124504224834283,-1.4247149304423017,4
9037,5.888489926143588,4.124504224834283,-1.7639857013093057,6
9038,5.725303823414298,4.124504224834283,-1.6007995985800152,2
9039,5.248503284858418,4.124504224834283,-1.1239990600241354,8
9040,5.702049088528219,4.124504224834283,-1.5775448636939364,5
9041,5.758047732927811,4.124504224834283,-1.6335435080935286,10
9042,5.826060468826095,4.124504224834283,-1.7015562439918126,9
9043,5.568553404606019,4.124504224834283,-1.4440491797717367,1
9044,5.825355691220451,4.124504224834283,-1.700851466386168,7
9045,4.860426045547,3.5575072019056577,-1.3029188436413426,7
9046,5.016911383283033,3.5575072019056577,-1.4594041813773755,2
9047,4.8210826526508335,3.5575072019056577,-1.2635754507451757,1
9048,5.058998371416385,3.5575072019056577,-1.501491169510727,9
9049,5.45336723595674,3.5575072019056577,-1.8958600340510818,8
9050,5.192394483253178,3.5575072019056577,-1.6348872813475204,3
9051,4.918805159412796,3.5575072019056577,-1.361297957507138,5
9052,4.973141538473104,3.5575072019056577,-1.4156343365674466,10
9053,5.009799309457315,3.5575072019056577,-1.4522921075516573,6
9054,3.310042195431597,2.9542425094393248,-0.3557996859922721,8
9055,3.7177814846892234,2.9542425094393248,-0.7635389752498987,10
9056,3.401219096831081,2.9542425094393248,-0.4469765873917564,9
9057,4.484395022073851,2.9542425094393248,-1.5301525126345266,6
9058,3.155650250510219,2.9542425094393248,-0.2014077410708941,4
9059,4.170283858287873,2.9542425094393248,-1.2160413488485484,7
9060,3.8901000753726813,2.9542425094393248,-0.9358575659333566,1
9061,3.0031682810301095,2.9542425094393248,-0.048925771590784706,3
9062,4.165650293890618,2.9542425094393248,-1.2114077844512932,2
9063,4.009574806083837,3.942008053022313,-0.0675667530615236,10
9064,4.232540354442946,3.942008053022313,-0.29053230142063313,5
9065,4.226935083708253,3.942008053022313,-0.2849270306859397,2
9066,4.446635028125456,3.942008053022313,-0.5046269751031431,6
9067,3.925475512679804,3.942008053022313,0.016532540342509172,8
9068,4.0188486424742065,3.942008053022313,-0.07684058945189332,7
9069,4.136834177415278,3.942008053022313,-0.1948261243929652,9
9070,4.228462305919335,3.942008053022313,-0.28645425289702153,1
9071,3.9336672583647814,3.942008053022313,0.008340794657531792,3
9072,3.5087435742376756,3.5118833609788744,0.003139786741198858,1
9073,3.804315337359503,3.5118833609788744,-0.29243197638062846,7
9074,3.9364927632134754,3.5118833609788744,-0.424609402234601,6
9075,3.809719010481986,3.5118833609788744,-0.29783564950311137,10
9076,4.131899990895331,3.5118833609788744,-0.6200166299164565,2
9077,3.5739223231408466,3.5118833609788744,-0.06203896216197213,3
9078,3.653514968814627,3.5118833609788744,-0.14163160783575268,9
9079,2.8789966043355597,3.5118833609788744,0.6328867566433147,4
9080,3.4699964991622116,3.5118833609788744,0.04188686181666279,5
9081,6.297051514661277,6.621974524899735,0.32492301023845815,5
9082,4.204311395215217,6.621974524899735,2.4176631296845184,6
9083,5.860007343228985,6.621974524899735,0.7619671816707498,9
9084,5.110084719467743,6.621974524899735,1.5118898054319923,1
9085,6.530624261947042,6.621974524899735,0.09135026295269277,8
9086,4.6956508113226185,6.621974524899735,1.9263237135771165,7
9087,4.592933719492954,6.621974524899735,2.0290408054067814,10
9088,6.345212071061523,6.621974524899735,0.2767624538382121,4
9089,4.393004617035061,6.621974524899735,2.2289699078646743,2
9090,6.230838666044895,5.423360578084977,-0.8074780879599182,8
9091,5.686141045342427,5.423360578084977,-0.26278046725744986,6
9092,5.528911978021436,5.423360578084977,-0.10555139993645923,10
9093,5.693116107024386,5.423360578084977,-0.2697555289394087,1
9094,6.020940964261978,5.423360578084977,-0.5975803861770013,3
9095,6.0575945713240635,5.423360578084977,-0.6342339932390866,9
9096,5.553832870896486,5.423360578084977,-0.1304722928115094,2
9097,6.1014937372745,5.423360578084977,-0.6781331591895228,4
9098,5.651827229393663,5.423360578084977,-0.22846665130868615,7
9099,5.722136643869305,5.6776069527204935,-0.04452969114881178,3
9100,5.912185990844261,5.6776069527204935,-0.23457903812376735,9
9101,5.551599306630377,5.6776069527204935,0.12600764609011694,2
9102,5.9313046857801455,5.6776069527204935,-0.25369773305965193,5
9103,5.7325795005583675,5.6776069527204935,-0.054972547837873975,4
9104,5.76796265602274,5.6776069527204935,-0.0903557033022464,6
9105,5.654484092192105,5.6776069527204935,0.023122860528388856,1
9106,5.570789661727479,5.6776069527204935,0.10681729099301496,10
9107,5.758985959532305,5.6776069527204935,-0.08137900681181165,7
9108,5.566095328838324,6.0,0.43390467116167564,5
9109,5.477562333902774,6.0,0.5224376660972263,3
9110,5.713695865608082,6.0,0.2863041343919184,10
9111,5.586417346707033,6.0,0.4135826532929672,8
9112,4.731505699019122,6.0,1.268494300980878,6
9113,5.0159376276005485,6.0,0.9840623723994515,2
9114,5.697599015204243,6.0,0.3024009847957574,7
9115,5.963833499097365,6.0,0.036166500902634624,1
9116,5.552347794119911,6.0,0.4476522058800887,4
9117,6.091437053728324,6.146128035678238,0.054690981949914175,4
9118,5.871252125498754,6.146128035678238,0.27487591017948443,7
9119,6.16072710124807,6.146128035678238,-0.014599065569831815,8
9120,6.239247919077496,6.146128035678238,-0.09311988339925747,3
9121,5.793608283655723,6.146128035678238,0.3525197520225154,10
9122,5.367814448843542,6.146128035678238,0.7783135868346962,2
9123,6.175054799663477,6.146128035678238,-0.028926763985238857,5
9124,6.368958421681991,6.146128035678238,-0.2228303860037526,9
9125,5.478493283758,6.146128035678238,0.6676347519202386,6
9126,6.204285237684575,6.161846959528519,-0.042438278156056164,8
9127,6.093412052018929,6.161846959528519,0.06843490750958914,5
9128,6.308560050248386,6.161846959528519,-0.14671309071986727,7
9129,6.133085988778276,6.161846959528519,0.028760970750242976,3
9130,6.0905355774683105,6.161846959528519,0.07131138206020804,1
9131,6.144562838683355,6.161846959528519,0.017284120845163287,2
9132,6.292406520004363,6.161846959528519,-0.13055956047584427,6
9133,6.481860111121567,6.161846959528519,-0.32001315159304866,10
9134,6.272123039941955,6.161846959528519,-0.11027608041343662,4
9135,6.186659714480607,6.079181246047625,-0.1074784684329817,6
9136,6.345089598588152,6.079181246047625,-0.265908352540527,10
9137,6.068259124803295,6.079181246047625,0.010922121244330008,5
9138,6.089232130108744,6.079181246047625,-0.010050884061119092,3
9139,6.228088821338322,6.079181246047625,-0.1489075752906972,9
9140,6.028652946615859,6.079181246047625,0.0505282994317664,1
9141,6.109710602545724,6.079181246047625,-0.03052935649809907,2
9142,6.226249397577288,6.079181246047625,-0.14706815152966257,4
9143,6.309574173284548,6.079181246047625,-0.23039292723692295,7
9144,3.135479536939631,3.103803720955957,-0.031675815983674305,1
9145,2.8551807950209733,3.103803720955957,0.24862292593498347,2
9146,2.9359558015598064,3.103803720955957,0.1678479193961504,8
9147,3.43027056088215,3.103803720955957,-0.3264668399261934,7
9148,3.320691534734208,3.103803720955957,-0.21688781377825128,5
9149,3.0435642777736653,3.103803720955957,0.06023944318229146,3
9150,2.9907934025220824,3.103803720955957,0.11301031843387443,4
9151,3.8182078267101676,3.103803720955957,-0.7144041057542108,6
9152,3.073773686685812,3.103803720955957,0.030030034270144945,9
9153,6.266186886826751,7.244277120801843,0.9780902339750916,7
9154,6.615240475734026,7.244277120801843,0.6290366450678162,1
9155,6.499480073040858,7.244277120801843,0.7447970477609847,8
9156,6.309085153641822,7.244277120801843,0.9351919671600202,2
9157,6.623833931796825,7.244277120801843,0.6204431890050177,9
9158,6.20173389544114,7.244277120801843,1.0425432253607028,6
9159,6.475507982934753,7.244277120801843,0.76876913786709,3
9160,6.536016071283378,7.244277120801843,0.7082610495184642,4
9161,6.466648648385836,7.244277120801843,0.7776284724160067,5
9162,6.466464499094152,7.08278537031645,0.6163208712222978,4
9163,6.3688841482135565,7.08278537031645,0.7139012221028933,9
9164,6.032871953690839,7.08278537031645,1.0499134166256106,7
9165,6.141944227946489,7.08278537031645,0.940841142369961,2
9166,6.067136867332846,7.08278537031645,1.0156485029836038,10
9167,6.078458546843714,7.08278537031645,1.004326823472736,6
9168,6.4184321583348165,7.08278537031645,0.6643532119816333,1
9169,6.286433351366362,7.08278537031645,0.7963520189500874,8
9170,6.306124810044171,7.08278537031645,0.7766605602722789,3
9171,6.04672172515593,6.133538908370218,0.08681718321428811,2
9172,6.054985041088506,6.133538908370218,0.07855386728171165,6
9173,6.168476429305137,6.133538908370218,-0.03493752093491942,1
9174,6.06916465211857,6.133538908370218,0.06437425625164828,5
9175,6.193838996657468,6.133538908370218,-0.0603000882872502,9
9176,6.014206516448309,6.133538908370218,0.11933239192190914,10
9177,6.000084128487958,6.133538908370218,0.13345477988225962,7
9178,6.429737839874578,6.133538908370218,-0.2961989315043603,3
9179,6.283015200516934,6.133538908370218,-0.14947629214671654,4
9180,6.069537396922912,6.778151250383644,0.708613853460732,4
9181,5.87794917571562,6.778151250383644,0.9002020746680239,9
9182,6.061517396949775,6.778151250383644,0.7166338534338692,1
9183,5.8315588635131945,6.778151250383644,0.9465923868704493,7
9184,5.796311965358926,6.778151250383644,0.9818392850247175,5
9185,5.824113758181491,6.778151250383644,0.9540374922021533,2
9186,5.911611276719097,6.778151250383644,0.8665399736645467,6
9187,5.995317669153187,6.778151250383644,0.7828335812304568,8
9188,5.8897818489404745,6.778151250383644,0.8883694014431693,3
9189,6.499480073040858,7.57978359661681,1.0803035235759522,8
9190,6.309085153641822,7.57978359661681,1.2706984429749877,2
9191,6.536016071283378,7.57978359661681,1.0437675253334318,4
9192,6.466648648385836,7.57978359661681,1.1131349482309743,5
9193,6.266186886826751,7.57978359661681,1.3135967097900592,7
9194,6.475507982934753,7.57978359661681,1.1042756136820575,3
9195,6.623833931796825,7.57978359661681,0.9559496648199852,9
9196,6.615240475734026,7.57978359661681,0.9645431208827837,1
9197,6.20173389544114,7.57978359661681,1.3780497011756703,6
9198,5.90090163185677,5.27415784926368,-0.6267437825930902,7
9199,5.918520614391945,5.27415784926368,-0.6443627651282657,2
9200,6.03013153813557,5.27415784926368,-0.7559736888718902,4
9201,5.8869378633305525,5.27415784926368,-0.6127800140668729,5
9202,5.997496622369794,5.27415784926368,-0.7233387731061143,8
9203,5.981318123615973,5.27415784926368,-0.7071602743522938,6
9204,5.966269613764889,5.27415784926368,-0.6921117645012096,9
9205,5.893793612550535,5.27415784926368,-0.6196357632868557,10
9206,5.87825353271402,5.27415784926368,-0.6040956834503408,3
9207,5.405515147333615,5.342422680822207,-0.06309246651140832,6
9208,5.2928448914568405,5.342422680822207,0.049577789365366165,4
9209,5.076808676771155,5.342422680822207,0.2656140040510513,5
9210,4.867849921355332,5.342422680822207,0.4745727594668745,7
9211,5.167923300470755,5.342422680822207,0.17449938035145163,8
9212,4.982887027282485,5.342422680822207,0.35953565353972206,10
9213,5.184676258079637,5.342422680822207,0.15774642274256934,3
9214,5.091350312578726,5.342422680822207,0.2510723682434808,1
9215,5.257347106149687,5.342422680822207,0.08507557467252003,9
9216,4.965068696781555,5.826074802700826,0.8610061059192713,2
9217,5.308824257885328,5.826074802700826,0.5172505448154983,6
9218,5.334711836495676,5.826074802700826,0.4913629662051502,9
9219,5.245842505234896,5.826074802700826,0.5802322974659297,4
9220,5.1497088273593175,5.826074802700826,0.6763659753415086,1
9221,5.2160013545246136,5.826074802700826,0.6100734481762125,3
9222,5.170205986834422,5.826074802700826,0.6558688158664037,5
9223,5.153369103440368,5.826074802700826,0.6727056992604581,10
9224,5.376647610123886,5.826074802700826,0.4494271925769402,8
9225,4.999574667818993,4.359835482339888,-0.6397391854791046,2
9226,4.9878044760493845,4.359835482339888,-0.6279689937094961,7
9227,5.154049686346168,4.359835482339888,-0.7942142040062796,5
9228,5.132413924190534,4.359835482339888,-0.7725784418506461,3
9229,5.381227088261542,4.359835482339888,-1.0213916059216537,8
9230,5.112054583277802,4.359835482339888,-0.7522191009379133,1
9231,5.187459574132013,4.359835482339888,-0.8276240917921243,4
9232,5.252432246320452,4.359835482339888,-0.8925967639805634,6
9233,5.317889390884589,4.359835482339888,-0.9580539085447004,9
9234,6.299710395253476,6.763427993562937,0.4637175983094606,4
9235,6.4156121534819635,6.763427993562937,0.34781584008097344,9
9236,6.2800324423635905,6.763427993562937,0.4833955511993464,2
9237,6.358001996301641,6.763427993562937,0.4054259972612959,5
9238,6.425327869846807,6.763427993562937,0.33810012371612963,1
9239,6.503284008901289,6.763427993562937,0.26014398466164756,7
9240,6.358535691993439,6.763427993562937,0.4048923015694976,10
9241,6.484353558132402,6.763427993562937,0.2790744354305348,8
9242,6.465318983954505,6.763427993562937,0.29810900960843156,3
9243,5.449113111669336,5.832508912706237,0.38339580103690096,3
9244,5.746406064263176,5.832508912706237,0.08610284844306104,8
9245,5.617961593646874,5.832508912706237,0.21454731905936253,4
9246,5.691826190877523,5.832508912706237,0.14068272182871322,6
9247,5.701342735935699,5.832508912706237,0.1311661767705372,5
9248,5.318185016808151,5.832508912706237,0.5143238958980856,1
9249,5.331220070472011,5.832508912706237,0.5012888422342252,10
9250,5.532415790039077,5.832508912706237,0.3000931226671595,9
9251,5.442190898524958,5.832508912706237,0.390318014181279,7
9252,5.009284009522092,3.871164132802949,-1.1381198767191427,8
9253,5.148604357459526,3.871164132802949,-1.2774402246565768,3
9254,4.911057295516552,3.871164132802949,-1.0398931627136032,4
9255,4.644682779201565,3.871164132802949,-0.7735186463986161,1
9256,4.569833751142484,3.871164132802949,-0.6986696183395353,7
9257,4.88389561829382,3.871164132802949,-1.0127314854908707,9
9258,5.03770068079213,3.871164132802949,-1.1665365479891814,6
9259,5.0084962093708505,3.871164132802949,-1.1373320765679016,5
9260,4.807199224853284,3.871164132802949,-0.9360350920503353,2
9261,5.579552884782283,5.426023015689876,-0.15352986909240673,3
9262,5.216539813945682,5.426023015689876,0.20948320174419433,1
9263,5.6483121616577465,5.426023015689876,-0.22228914596787064,5
9264,5.730037998349764,5.426023015689876,-0.30401498265988813,6
9265,5.5539250136626555,5.426023015689876,-0.12790199797277957,10
9266,5.174027826406016,5.426023015689876,0.25199518928385967,8
9267,5.381334962168842,5.426023015689876,0.044688053521033666,7
9268,5.2672718550769915,5.426023015689876,0.1587511606128844,4
9269,5.47779156337859,5.426023015689876,-0.05176854768871397,9
9270,7.929653364898863,8.229681842317676,0.3000284774188131,3
9271,7.729893147210869,8.229681842317676,0.49978869510680735,8
9272,7.625808000985336,8.229681842317676,0.6038738413323399,2
9273,7.432281570578906,8.229681842317676,0.7974002717387707,7
9274,7.553994493627574,8.229681842317676,0.6756873486901025,1
9275,7.6649417357757015,8.229681842317676,0.5647401065419748,10
9276,7.826381635777117,8.229681842317676,0.40330020654055954,4
9277,7.747919812653183,8.229681842317676,0.4817620296644929,5
9278,8.356886800300334,8.229681842317676,-0.12720495798265752,9
9279,7.553994493627574,8.229681842317676,0.6756873486901025,1
9280,7.729893147210869,8.229681842317676,0.49978869510680735,8
9281,7.6649417357757015,8.229681842317676,0.5647401065419748,10
9282,6.9648913230597165,8.229681842317676,1.2647905192579598,6
9283,7.929653364898863,8.229681842317676,0.3000284774188131,3
9284,8.356886800300334,8.229681842317676,-0.12720495798265752,9
9285,7.432281570578906,8.229681842317676,0.7974002717387707,7
9286,7.826381635777117,8.229681842317676,0.40330020654055954,4
9287,7.625808000985336,8.229681842317676,0.6038738413323399,2
9288,7.236466373537078,8.414973347970818,1.1785069744337404,10
9289,7.630396150826465,8.414973347970818,0.7845771971443529,9
9290,7.329616047856054,8.414973347970818,1.0853573001147643,8
9291,7.172742407818703,8.414973347970818,1.2422309401521154,2
9292,7.192478510818448,8.414973347970818,1.2224948371523698,1
9293,7.591765778285588,8.414973347970818,0.8232075696852306,3
9294,7.538727715973001,8.414973347970818,0.8762456319978176,5
9295,6.963514523184279,8.414973347970818,1.4514588247865392,6
9296,7.382307145370576,8.414973347970818,1.0326662026002422,4
9297,4.8844038750105865,4.515343893088381,-0.3690599819222058,2
9298,4.648430456500909,4.515343893088381,-0.13308656341252867,3
9299,4.671741177011461,4.515343893088381,-0.15639728392308072,4
9300,4.275678525493601,4.515343893088381,0.23966536759477997,10
9301,4.550348890574636,4.515343893088381,-0.035004997486255185,8
9302,4.798503809363384,4.515343893088381,-0.2831599162750029,9
9303,4.328268925374094,4.515343893088381,0.18707496771428644,7
9304,4.6305794439904755,4.515343893088381,-0.11523555090209481,5
9305,4.565925401552029,4.515343893088381,-0.050581508463648284,1
9306,1.9281139044919957,1.6989700043360187,-0.22914390015597697,9
9307,1.8767003895214922,1.6989700043360187,-0.17773038518547346,10
9308,2.1323529289955228,1.6989700043360187,-0.433382924659504,2
9309,2.0801444015478454,1.6989700043360187,-0.38117439721182667,5
9310,2.4360889385897555,1.6989700043360187,-0.7371189342537368,6
9311,1.91653942201892,1.6989700043360187,-0.21756941768290128,8
9312,1.9335725231924485,1.6989700043360187,-0.2346025188564298,7
9313,1.9439826068730723,1.6989700043360187,-0.2450126025370536,3
9314,2.151918366531311,1.6989700043360187,-0.4529483621952921,4
9315,4.485132960447509,4.431363764158987,-0.05376919628852228,10
9316,4.560200407792272,4.431363764158987,-0.12883664363328506,5
9317,4.333015220582475,4.431363764158987,0.09834854357651235,6
9318,4.458349072299901,4.431363764158987,-0.026985308140914377,1
9319,4.558188863766966,4.431363764158987,-0.12682509960797894,7
9320,4.922481099440635,4.431363764158987,-0.4911173352816478,9
9321,4.6783198145324745,4.431363764158987,-0.24695605037348756,2
9322,4.6508103143154145,4.431363764158987,-0.21944655015642756,3
9323,4.500314167592236,4.431363764158987,-0.06895040343324865,8
9324,5.22539904837687,5.406540180433956,0.18114113205708637,7
9325,5.568965444850072,5.406540180433956,-0.1624252644161155,4
9326,5.127504419413733,5.406540180433956,0.2790357610202232,10
9327,5.301271647909233,5.406540180433956,0.10526853252472357,2
9328,5.559013335417045,5.406540180433956,-0.15247315498308822,5
9329,5.267390108433716,5.406540180433956,0.13915007200024032,1
9330,5.349666946472057,5.406540180433956,0.05687323396189914,3
9331,5.604595567342644,5.406540180433956,-0.1980553869086874,9
9332,5.262923806050007,5.406540180433956,0.14361637438394936,8
9333,6.06490873487495,6.400365273349939,0.3354565384749888,4
9334,5.652830484875638,6.400365273349939,0.7475347884743009,6
9335,5.525808251012763,6.400365273349939,0.8745570223371759,10
9336,5.574083179218158,6.400365273349939,0.8262820941317806,1
9337,5.8710432702958135,6.400365273349939,0.5293220030541255,8
9338,5.596596408559546,6.400365273349939,0.8037688647903929,2
9339,5.993781193853587,6.400365273349939,0.4065840794963522,5
9340,5.894954482535488,6.400365273349939,0.5054107908144507,9
9341,6.023287124530709,6.400365273349939,0.37707814881922985,3
9342,5.526994061816757,6.301029995663981,0.774035933847224,6
9343,5.670365573089893,6.301029995663981,0.6306644225740881,5
9344,5.395588935323883,6.301029995663981,0.905441060340098,7
9345,5.830816570173657,6.301029995663981,0.4702134254903241,4
9346,5.4170817566690985,6.301029995663981,0.8839482389948827,1
9347,5.71047468994189,6.301029995663981,0.5905553057220914,3
9348,5.661180816639937,6.301029995663981,0.6398491790240444,9
9349,5.559900501541438,6.301029995663981,0.7411294941225437,2
9350,5.602373852923275,6.301029995663981,0.6986561427407061,8
9351,4.81448741881495,4.845098040014257,0.030610621199307353,6
9352,4.812727293057622,4.845098040014257,0.032370746956634555,3
9353,4.6456179760499365,4.845098040014257,0.1994800639643204,7
9354,4.984243877719645,4.845098040014257,-0.1391458377053878,4
9355,4.670869804970156,4.845098040014257,0.1742282350441009,1
9356,4.8823734674091055,4.845098040014257,-0.03727542739484857,2
9357,4.886505031428356,4.845098040014257,-0.04140699141409865,5
9358,4.614740642804221,4.845098040014257,0.23035739721003612,10
9359,5.036430257387766,4.845098040014257,-0.19133221737350947,9
9360,5.236781039454599,3.845098040014257,-1.3916829994403423,9
9361,5.229419246715577,3.845098040014257,-1.38432120670132,2
9362,4.878227822236844,3.845098040014257,-1.033129782222587,10
9363,4.965225279761611,3.845098040014257,-1.1201272397473545,6
9364,4.937224204936263,3.845098040014257,-1.0921261649220062,7
9365,5.0353690490794225,3.845098040014257,-1.1902710090651656,1
9366,5.277189253394014,3.845098040014257,-1.4320912133797572,4
9367,5.154309748949492,3.845098040014257,-1.3092117089352353,8
9368,5.140939954799784,3.845098040014257,-1.2958419147855267,5
9369,4.630579443990476,4.845098040014257,0.21451859602378054,5
9370,4.648430456500909,4.845098040014257,0.19666758351334757,3
9371,4.798503809363384,4.845098040014257,0.046594230650873314,9
9372,4.4305221682842655,4.845098040014257,0.41457587172999144,6
9373,4.671741177011461,4.845098040014257,0.1733568630027955,4
9374,4.550348890574636,4.845098040014257,0.29474914943962105,8
9375,4.8844038750105865,4.845098040014257,-0.03930583499632956,2
9376,4.275678525493601,4.845098040014257,0.5694195145206562,10
9377,4.565925401552029,4.845098040014257,0.27917263846222795,1
9378,5.20358080925726,6.707570176097937,1.5039893668406767,3
9379,4.639071559340783,6.707570176097937,2.0684986167571537,10
9380,4.866604097467427,6.707570176097937,1.84096607863051,1
9381,5.269979657340822,6.707570176097937,1.4375905187571147,9
9382,5.208634878266559,6.707570176097937,1.4989352978313777,8
9383,5.113377784176348,6.707570176097937,1.594192391921589,6
9384,5.121184930448139,6.707570176097937,1.5863852456497973,5
9385,5.404900399243821,6.707570176097937,1.302669776854116,4
9386,5.324709318282151,6.707570176097937,1.3828608578157855,2
9387,4.850652800293537,6.386677283960838,1.5360244836673003,9
9388,4.946253820709161,6.386677283960838,1.440423463251677,2
9389,4.826974495001054,6.386677283960838,1.5597027889597834,5
9390,5.198220444851313,6.386677283960838,1.1884568391095245,3
9391,4.7228871905982,6.386677283960838,1.6637900933626373,6
9392,4.935687038282644,6.386677283960838,1.4509902456781933,8
9393,4.328818076980312,6.386677283960838,2.0578592069805257,7
9394,4.5384677555284325,6.386677283960838,1.8482095284324052,10
9395,5.039316769276066,6.386677283960838,1.3473605146847714,4
9396,5.538465982058791,5.664641975556125,0.1261759934973341,2
9397,5.855419889601973,5.664641975556125,-0.19077791404584765,3
9398,5.511060215912191,5.664641975556125,0.1535817596439344,7
9399,5.625655336986066,5.664641975556125,0.03898663857005946,1
9400,5.594597280262419,5.664641975556125,0.07004469529370638,6
9401,5.880182734598499,5.664641975556125,-0.2155407590423737,5
9402,5.7720509740668815,5.664641975556125,-0.10740899851075625,8
9403,5.685553574252056,5.664641975556125,-0.020911598695930955,4
9404,5.952663789114255,5.664641975556125,-0.28802181355812984,9
9405,5.385758715471437,4.342225229360791,-1.043533486110646,7
9406,5.519820833116497,4.342225229360791,-1.177595603755706,5
9407,5.38753970001531,4.342225229360791,-1.0453144706545192,3
9408,5.532941788767851,4.342225229360791,-1.1907165594070603,6
9409,5.318152402657944,4.342225229360791,-0.9759271732971531,10
9410,5.705602859845875,4.342225229360791,-1.3633776304850844,8
9411,5.710883931359304,4.342225229360791,-1.3686587019985135,4
9412,5.535432522459469,4.342225229360791,-1.193207293098678,2
9413,5.654966287309318,4.342225229360791,-1.3127410579485268,1
9414,4.803784944997064,5.672097857935717,0.8683129129386531,1
9415,4.597004693467887,5.672097857935717,1.0750931644678303,10
9416,5.009673057025123,5.672097857935717,0.6624248009105944,5
9417,4.90508725070384,5.672097857935717,0.7670106072318772,8
9418,5.022921364806741,5.672097857935717,0.6491764931289765,4
9419,4.969411113426775,5.672097857935717,0.7026867445089424,9
9420,4.809440905146019,5.672097857935717,0.8626569527896981,6
9421,4.96252486150523,5.672097857935717,0.7095729964304871,3
9422,4.6807963930291505,5.672097857935717,0.9913014649065666,7
9423,3.041923476977864,3.083502619830268,0.04157914285240416,10
9424,3.234693779517694,3.083502619830268,-0.1511911596874258,5
9425,3.0355018917609318,3.083502619830268,0.04800072806933642,8
9426,3.1241672558294518,3.083502619830268,-0.040664635999183574,1
9427,3.0581375663164265,3.083502619830268,0.025365053513841662,7
9428,3.1738617738266024,3.083502619830268,-0.09035915399633421,4
9429,3.1277648890847667,3.083502619830268,-0.0442622692544985,9
9430,3.2934383592359313,3.083502619830268,-0.20993573940566312,3
9431,3.1452141999000487,3.083502619830268,-0.0617115800697805,2
9432,3.963410764705994,3.3014640731433,-0.6619466915626941,9
9433,4.0350260895233205,3.3014640731433,-0.7335620163800205,1
9434,3.934251388305782,3.3014640731433,-0.6327873151624819,5
9435,4.336453810785858,3.3014640731433,-1.0349897376425576,2
9436,3.8837949196731767,3.3014640731433,-0.5823308465298767,8
9437,3.687251915954817,3.3014640731433,-0.3857878428115171,3
9438,3.7048979790579724,3.3014640731433,-0.4034339059146723,4
9439,3.878780721255463,3.3014640731433,-0.5773166481121628,10
9440,4.0746290528322415,3.3014640731433,-0.7731649796889415,6
9441,6.07781612502371,5.987634987448437,-0.09018113757527324,2
9442,6.218833235820291,5.987634987448437,-0.23119824837185465,1
9443,6.040814264419272,5.987634987448437,-0.05317927697083569,10
9444,6.1822634541637695,5.987634987448437,-0.19462846671533285,9
9445,6.2429352754132665,5.987634987448437,-0.25530028796482984,5
9446,6.091604875737916,5.987634987448437,-0.1039698882894795,7
9447,6.132155278982098,5.987634987448437,-0.1445202915336612,8
9448,6.101629327232235,5.987634987448437,-0.11399433978379836,6
9449,6.038687662856376,5.987634987448437,-0.051052675407939674,3
9450,6.475056790219721,6.506505032404872,0.03144824218515119,9
9451,6.257827117409392,6.506505032404872,0.2486779149954801,8
9452,6.0624340914713155,6.506505032404872,0.4440709409335568,2
9453,5.915618039503123,6.506505032404872,0.5908869929017495,3
9454,6.100433787624034,6.506505032404872,0.4060712447808381,5
9455,6.223146858127835,6.506505032404872,0.283358174277037,4
9456,6.176519485607856,6.506505032404872,0.3299855467970163,10
9457,6.188886591023314,6.506505032404872,0.31761844138155837,6
9458,6.288474474937823,6.506505032404872,0.21803055746704914,1
9459,6.04207322069149,6.068185861746161,0.026112641054671037,8
9460,6.1121500079744315,6.068185861746161,-0.04396414622827027,7
9461,6.102834612777075,6.068185861746161,-0.034648751030913694,1
9462,6.011073836825639,6.068185861746161,0.057112024920522586,4
9463,6.054759738856711,6.068185861746161,0.013426122889450554,2
9464,5.972780618389365,6.068185861746161,0.09540524335679645,3
9465,6.16069232414371,6.068185861746161,-0.0925064623975489,9
9466,6.144136169264337,6.068185861746161,-0.075950307518176,6
9467,6.1471448876791674,6.068185861746161,-0.07895902593300619,5
9468,5.717333437566219,5.509202522331103,-0.20813091523511584,8
9469,5.6167438164966175,5.509202522331103,-0.1075412941655145,3
9470,5.599622519147856,5.509202522331103,-0.09041999681675339,10
9471,5.6985523943244605,5.509202522331103,-0.1893498719933575,7
9472,5.58584783952579,5.509202522331103,-0.07664531719468659,5
9473,5.625901407752381,5.509202522331103,-0.11669888542127804,4
9474,5.715569145288326,5.509202522331103,-0.20636662295722275,1
9475,5.638423573298264,5.509202522331103,-0.1292210509671614,2
9476,5.673442443729226,5.509202522331103,-0.16423992139812338,9
9477,5.713443119761766,5.673020907128897,-0.04042221263286905,5
9478,5.854182741695971,5.673020907128897,-0.18116183456707446,2
9479,5.712225408802589,5.673020907128897,-0.039204501673692604,7
9480,5.6425460272957135,5.673020907128897,0.03047487983318309,9
9481,5.269761922792095,5.673020907128897,0.4032589843368015,3
9482,5.98631731438477,5.673020907128897,-0.3132964072558737,4
9483,5.667460123048548,5.673020907128897,0.005560784080348213,10
9484,5.9543089436663665,5.673020907128897,-0.2812880365374699,8
9485,5.882832104986866,5.673020907128897,-0.2098111978579693,6
9486,6.097863038413578,5.892094602690481,-0.20576843572309755,3
9487,5.99368292954814,5.892094602690481,-0.10158832685765962,9
9488,5.892763603447693,5.892094602690481,-0.0006690007572123235,7
9489,5.730305379661517,5.892094602690481,0.16178922302896392,10
9490,5.809441009641319,5.892094602690481,0.08265359304916142,6
9491,5.953988622751354,5.892094602690481,-0.06189402006087352,8
9492,5.949282366960462,5.892094602690481,-0.0571877642699814,4
9493,6.0441238424809205,5.892094602690481,-0.1520292397904397,5
9494,5.897973034607968,5.892094602690481,-0.005878431917487603,1
9495,5.972657406733152,5.673020907128897,-0.2996364996042553,10
9496,5.945908010954295,5.673020907128897,-0.2728871038253988,8
9497,5.903654807260081,5.673020907128897,-0.2306339001311848,4
9498,6.1224585869206685,5.673020907128897,-0.44943767979177185,1
9499,6.022813091347962,5.673020907128897,-0.34979218421906566,2
9500,6.1793791753902445,5.673020907128897,-0.5063582682613479,9
9501,5.9581224719656865,5.673020907128897,-0.28510156483678983,3
9502,6.107795063098716,5.673020907128897,-0.4347741559698193,6
9503,6.013357337113997,5.673020907128897,-0.3403364299851006,7
9504,5.6800548605818655,6.207095540419218,0.5270406798373521,1
9505,6.065683273062474,6.207095540419218,0.14141226735674373,3
9506,5.512780221056107,6.207095540419218,0.6943153193631106,9
9507,5.692064347248697,6.207095540419218,0.5150311931705209,6
9508,6.088807137337998,6.207095540419218,0.11828840308121968,8
9509,5.715929993133683,6.207095540419218,0.49116554728553474,5
9510,5.577037783473423,6.207095540419218,0.6300577569457948,7
9511,5.583140464208974,6.207095540419218,0.6239550762102439,2
9512,5.791789826583792,6.207095540419218,0.41530571383542547,4
9513,5.305337789503582,4.176091259055681,-1.129246530447901,3
9514,5.072203030072509,4.176091259055681,-0.8961117710168276,4
9515,5.737157261108445,4.176091259055681,-1.5610660020527636,9
9516,5.488745955714326,4.176091259055681,-1.3126546966586448,5
9517,5.930887938601417,4.176091259055681,-1.754796679545736,10
9518,6.109058678546586,4.176091259055681,-1.9329674194909048,7
9519,5.112547096475558,4.176091259055681,-0.936455837419877,8
9520,5.813170432064371,4.176091259055681,-1.63707917300869,1
9521,5.854153993916756,4.176091259055681,-1.6780627348610748,2
9522,5.929954118965298,5.146128035678238,-0.7838260832870594,5
9523,6.240050738471976,5.146128035678238,-1.093922702793738,7
9524,6.082213877331819,5.146128035678238,-0.9360858416535809,10
9525,6.141668918789535,5.146128035678238,-0.9955408831112971,9
9526,5.87536934375146,5.146128035678238,-0.7292413080732221,3
9527,5.8229962090852725,5.146128035678238,-0.6768681734070343,8
9528,6.07733075605157,5.146128035678238,-0.9312027203733315,1
9529,5.7838504755113265,5.146128035678238,-0.6377224398330883,4
9530,6.102086842117983,5.146128035678238,-0.9559588064397451,2
9531,5.712876537957635,6.533517862016968,0.8206413240593324,1
9532,5.921801867968252,6.533517862016968,0.6117159940487156,3
9533,5.877266846450613,6.533517862016968,0.6562510155663546,7
9534,5.95509757878326,6.533517862016968,0.578420283233708,6
9535,5.746062544706073,6.533517862016968,0.7874553173108945,5
9536,5.756353315292452,6.533517862016968,0.7771645467245154,2
9537,5.898516247305876,6.533517862016968,0.6350016147110917,4
9538,5.85183159969639,6.533517862016968,0.6816862623205777,8
9539,5.791908490565739,6.533517862016968,0.7416093714512284,10
9540,5.8087592784291076,4.4623979978989565,-1.346361280530151,6
9541,5.882493122723826,4.4623979978989565,-1.4200951248248694,7
9542,5.22174726622734,4.4623979978989565,-0.7593492683283838,8
9543,5.2435469847784075,4.4623979978989565,-0.781148986879451,5
9544,5.650300232612327,4.4623979978989565,-1.1879022347133708,1
9545,5.423634401911668,4.4623979978989565,-0.9612364040127117,3
9546,5.731682742646268,4.4623979978989565,-1.2692847447473117,10
9547,5.589119834118951,4.4623979978989565,-1.1267218362199944,2
9548,5.239080129296821,4.4623979978989565,-0.7766821313978642,4
9549,5.78836486952554,5.0,-0.7883648695255401,2
9550,5.935052415609692,5.0,-0.9350524156096922,10
9551,6.115971146948489,5.0,-1.115971146948489,7
9552,6.045626469717116,5.0,-1.0456264697171163,9
9553,6.017130091486459,5.0,-1.0171300914864592,6
9554,5.854588776266082,5.0,-0.8545887762660822,1
9555,5.923549704124405,5.0,-0.9235497041244054,8
9556,6.053085098529464,5.0,-1.053085098529464,5
9557,5.999547579591303,5.0,-0.9995475795913027,3
9558,6.171257138954715,6.152288344383057,-0.018968794571658343,1
9559,6.221686169098625,6.152288344383057,-0.06939782471556821,7
9560,6.348689615067148,6.152288344383057,-0.19640127068409097,3
9561,6.283744907760467,6.152288344383057,-0.13145656337741052,5
9562,6.114661249875642,6.152288344383057,0.03762709450741486,10
9563,6.263645886623753,6.152288344383057,-0.11135754224069672,4
9564,6.332856958957408,6.152288344383057,-0.18056861457435147,9
9565,5.994092224058462,6.152288344383057,0.15819612032459496,2
9566,6.113941307461997,6.152288344383057,0.038347036921059896,6
9567,5.899548352118716,5.238522812218293,-0.6610255399004226,9
9568,5.559925830313729,5.238522812218293,-0.3214030180954355,3
9569,5.936023197685223,5.238522812218293,-0.6975003854669302,10
9570,5.867862667346039,5.238522812218293,-0.6293398551277454,1
9571,5.419136984408314,5.238522812218293,-0.18061417219002074,8
9572,5.379993368313976,5.238522812218293,-0.14147055609568238,4
9573,5.907742268663642,5.238522812218293,-0.6692194564453491,2
9574,6.092535338886877,5.238522812218293,-0.8540125266685834,7
9575,5.718790167219081,5.238522812218293,-0.48026735500078743,5
9576,5.718790167219081,5.639486489268586,-0.07930367795049431,5
9577,5.379993368313976,5.639486489268586,0.25949312095461075,4
9578,5.899548352118716,5.639486489268586,-0.26006186285012944,9
9579,5.907742268663642,5.639486489268586,-0.26825577939505596,2
9580,5.867862667346039,5.639486489268586,-0.22837617807745225,1
9581,5.419136984408314,5.639486489268586,0.22034950486027238,8
9582,5.559925830313729,5.639486489268586,0.07956065895485764,3
9583,6.092535338886877,5.639486489268586,-0.4530488496182903,7
9584,6.139629862777437,5.639486489268586,-0.500143373508851,6
9585,5.994748288380771,5.672097857935717,-0.32265043044505415,1
9586,6.182731505405894,5.672097857935717,-0.5106336474701765,6
9587,5.843182394856659,5.672097857935717,-0.17108453692094194,5
9588,5.983025796077185,5.672097857935717,-0.310927938141468,10
9589,5.776600011291142,5.672097857935717,-0.10450215335542534,3
9590,5.768604304594604,5.672097857935717,-0.09650644665888652,8
9591,6.043308980576238,5.672097857935717,-0.3712111226405206,9
9592,6.013456070875778,5.672097857935717,-0.34135821294006075,2
9593,5.666508721060988,5.672097857935717,0.0055891368747289505,4
9594,5.899203837473753,6.176091259055681,0.2768874215819279,10
9595,5.9288966781216725,6.176091259055681,0.2471945809340088,1
9596,5.985703507616434,6.176091259055681,0.19038775143924713,4
9597,5.918725617770528,6.176091259055681,0.25736564128515305,2
9598,6.080961119203835,6.176091259055681,0.0951301398518467,6
9599,5.884903465006,6.176091259055681,0.291187794049681,5
9600,5.965952211900583,6.176091259055681,0.21013904715509835,9
9601,5.959031352680383,6.176091259055681,0.21705990637529826,8
9602,5.992158778772444,6.176091259055681,0.1839324802832376,3
9603,5.356581630732164,5.774838005983815,0.4182563752516515,1
9604,5.575466049455959,5.774838005983815,0.19937195652785622,7
9605,5.362658123947572,5.774838005983815,0.41217988203624323,4
9606,5.443337620061798,5.774838005983815,0.33150038592201714,2
9607,5.715282263217851,5.774838005983815,0.05955574276596387,6
9608,5.291712275078518,5.774838005983815,0.4831257309052974,5
9609,5.31293807111003,5.774838005983815,0.46189993487378533,9
9610,5.516208921558178,5.774838005983815,0.25862908442563715,10
9611,5.449976547620776,5.774838005983815,0.32486145836303937,8
9612,5.2040638023361785,4.681241237375588,-0.5228225649605909,4
9613,5.816789928591676,4.681241237375588,-1.1355486912160888,6
9614,5.468950648337341,4.681241237375588,-0.7877094109617531,9
9615,5.2693085110183215,4.681241237375588,-0.5880672736427339,3
9616,5.377980098619704,4.681241237375588,-0.6967388612441168,8
9617,5.727743639712675,4.681241237375588,-1.0465024023370875,7
9618,5.248442344873292,4.681241237375588,-0.5672011074977048,5
9619,5.560671026876721,4.681241237375588,-0.8794297895011338,10
9620,5.472412412775327,4.681241237375588,-0.7911711753997395,1
9621,5.702844848496447,4.017033339298781,-1.6858115091976664,2
9622,5.490508133606809,4.017033339298781,-1.4734747943080286,3
9623,5.400385288599533,4.017033339298781,-1.383351949300752,4
9624,5.496097814756953,4.017033339298781,-1.4790644754581725,5
9625,5.852194401949501,4.017033339298781,-1.8351610626507204,7
9626,5.70543187192452,4.017033339298781,-1.6883985326257394,10
9627,5.941960908885755,4.017033339298781,-1.9249275695869743,6
9628,5.684908301876865,4.017033339298781,-1.6678749625780842,9
9629,5.6424128109587794,4.017033339298781,-1.6253794716599987,1
9630,5.2813991669581934,6.123165370902919,0.8417662039447258,1
9631,5.365296182973975,6.123165370902919,0.7578691879289439,10
9632,5.633374909321073,6.123165370902919,0.4897904615818458,6
9633,5.16673290237935,6.123165370902919,0.9564324685235697,4
9634,5.158059979685852,6.123165370902919,0.9651053912170671,3
9635,5.319687495541939,6.123165370902919,0.8034778753609801,9
9636,5.11996379391249,6.123165370902919,1.0032015769904294,5
9637,5.333933658362526,6.123165370902919,0.7892317125403929,2
9638,5.509980730042534,6.123165370902919,0.6131846408603856,7
9639,5.820995693331756,6.835500327867319,1.0145046345355624,9
9640,5.856121471913992,6.835500327867319,0.9793788559533265,3
9641,5.741018231795766,6.835500327867319,1.0944820960715527,5
9642,5.744171198592814,6.835500327867319,1.0913291292745049,8
9643,5.833622800068514,6.835500327867319,1.001877527798805,2
9644,6.054928403470267,6.835500327867319,0.7805719243970515,6
9645,5.814339643783331,6.835500327867319,1.0211606840839877,1
9646,5.81173603284288,6.835500327867319,1.0237642950244386,4
9647,6.017114300753037,6.835500327867319,0.8183860271142818,7
9648,5.889893311305584,6.078819183098848,0.18892587179326448,2
9649,5.8577240259684356,6.078819183098848,0.22109515713041272,5
9650,5.86269220385889,6.078819183098848,0.2161269792399585,1
9651,5.9195606634339155,6.078819183098848,0.15925851966493276,9
9652,5.8955645252123965,6.078819183098848,0.1832546578864518,10
9653,5.811506493694824,6.078819183098848,0.2673126894040241,4
9654,6.039851691123586,6.078819183098848,0.038967491975261837,7
9655,5.878744707126078,6.078819183098848,0.2000744759727704,3
9656,6.09772264127983,6.078819183098848,-0.018903458180981936,6
9657,4.926983541137183,3.633468455579586,-1.2935150855575968,4
9658,4.830115360178435,3.633468455579586,-1.1966469045988486,7
9659,5.000684732074695,3.633468455579586,-1.3672162764951086,6
9660,4.839013492904763,3.633468455579586,-1.2055450373251766,8
9661,4.864888027823935,3.633468455579586,-1.2314195722443486,9
9662,4.7844658503065824,3.633468455579586,-1.1509973947269962,5
9663,5.014817630514688,3.633468455579586,-1.3813491749351021,2
9664,4.881762095192002,3.633468455579586,-1.2482936396124158,1
9665,4.939147578644516,3.633468455579586,-1.3056791230649294,10
9666,5.737157261108444,6.278753600952829,0.5415963398443848,9
9667,5.305337789503582,6.278753600952829,0.9734158114492466,3
9668,5.854153993916756,6.278753600952829,0.4245996070360727,2
9669,6.123995156809348,6.278753600952829,0.15475844414348128,6
9670,5.488745955714326,6.278753600952829,0.7900076452385028,5
9671,5.112547096475558,6.278753600952829,1.1662065044772705,8
9672,5.072203030072509,6.278753600952829,1.20655057088032,4
9673,5.930887938601417,6.278753600952829,0.3478656623514116,10
9674,6.109058678546586,6.278753600952829,0.16969492240624273,7
9675,5.488745955714326,3.819872821950546,-1.66887313376378,5
9676,5.813170432064371,3.819872821950546,-1.9932976101138253,1
9677,5.112547096475558,3.819872821950546,-1.2926742745250124,8
9678,6.123995156809349,3.819872821950546,-2.3041223348588034,6
9679,5.854153993916756,3.819872821950546,-2.03428117196621,2
9680,5.930887938601416,3.819872821950546,-2.1110151166508704,10
9681,5.072203030072509,3.819872821950546,-1.252330208121963,4
9682,5.305337789503582,3.819872821950546,-1.4854649675530363,3
9683,5.737157261108446,3.819872821950546,-1.9172844391578998,9
9684,5.767348396395312,6.32221929473392,0.5548708983386081,5
9685,5.829404381220364,6.32221929473392,0.49281491351355644,1
9686,6.009639926304902,6.32221929473392,0.31257936842901834,6
9687,5.674889352507926,6.32221929473392,0.6473299422259942,4
9688,5.637545347142463,6.32221929473392,0.6846739475914578,3
9689,5.7005285494973705,6.32221929473392,0.6216907452365499,9
9690,5.7791912718583385,6.32221929473392,0.5430280228755819,8
9691,5.8976855106530355,6.32221929473392,0.42453378408088494,7
9692,5.78614773322541,6.32221929473392,0.5360715615085105,2
9693,5.89623133054127,5.737272176535544,-0.1589591540057258,2
9694,5.968257179148114,5.737272176535544,-0.23098500261256927,9
9695,5.954525190904496,5.737272176535544,-0.21725301436895172,1
9696,6.090112221374786,5.737272176535544,-0.35284004483924125,7
9697,5.677674983502564,5.737272176535544,0.059597193032979945,4
9698,6.134921462074682,5.737272176535544,-0.3976492855391376,6
9699,5.7599766455500925,5.737272176535544,-0.022704469014548145,5
9700,6.0054034933536125,5.737272176535544,-0.2681313168180681,10
9701,5.666281944923748,5.737272176535544,0.07099023161179652,3
9702,5.789457615180459,3.886490725172482,-1.9029668900079773,10
9703,5.625300314635946,3.886490725172482,-1.738809589463464,5
9704,5.871677543906556,3.886490725172482,-1.9851868187340744,7
9705,5.7773659878086345,3.886490725172482,-1.8908752626361527,1
9706,5.642226583618223,3.886490725172482,-1.7557358584457412,8
9707,5.6063249999850155,3.886490725172482,-1.7198342748125337,4
9708,5.710477383716621,3.886490725172482,-1.8239866585441393,9
9709,5.5644048409572875,3.886490725172482,-1.6779141157848056,3
9710,5.955846462523552,3.886490725172482,-2.0693557373510703,6
9711,5.0915538164625955,5.797267540830717,0.7057137243681213,8
9712,5.066957948306848,5.797267540830717,0.7303095925238692,6
9713,4.822276171372834,5.797267540830717,0.9749913694578831,9
9714,4.882589888208826,5.797267540830717,0.9146776526218909,7
9715,4.976138062154479,5.797267540830717,0.8211294786762382,2
9716,5.10310157348497,5.797267540830717,0.6941659673457465,3
9717,4.937815335372992,5.797267540830717,0.8594522054577247,1
9718,5.125757596543205,5.797267540830717,0.6715099442875117,10
9719,5.228483117077379,5.797267540830717,0.5687844237533382,4
9720,5.7874179289460015,5.371067862271736,-0.41635006667426566,9
9721,5.5839783654482025,5.371067862271736,-0.21291050317646665,4
9722,5.914303948582389,5.371067862271736,-0.5432360863106531,7
9723,5.72475646211899,5.371067862271736,-0.35368859984725454,5
9724,5.666500352507775,5.371067862271736,-0.29543249023603924,1
9725,5.576360706298355,5.371067862271736,-0.2052928440266193,8
9726,5.690255362006897,5.371067862271736,-0.31918749973516114,2
9727,5.701970502287232,5.371067862271736,-0.33090264001549574,10
9728,5.774869966628717,5.371067862271736,-0.4038021043569815,3
9729,5.673808299403446,5.647715410691554,-0.02609288871189186,10
9730,5.457028507835134,5.647715410691554,0.1906869028564202,5
9731,5.857223810909406,5.647715410691554,-0.20950840021785133,7
9732,5.695454730747707,5.647715410691554,-0.047739320056152224,2
9733,5.65840006055196,5.647715410691554,-0.010684649860405848,1
9734,5.528372266914844,5.647715410691554,0.11934314377671029,9
9735,5.957944042773941,5.647715410691554,-0.3102286320823868,6
9736,5.358126884569627,5.647715410691554,0.28958852612192754,3
9737,5.291055986396665,5.647715410691554,0.3566594242948895,4
9738,5.616238871185739,4.872738827472669,-0.7435000437130697,7
9739,5.463570285422731,4.872738827472669,-0.5908314579500615,4
9740,5.454360986774008,4.872738827472669,-0.5816221593013386,1
9741,5.2704069517903465,4.872738827472669,-0.3976681243176774,9
9742,5.505095993618213,4.872738827472669,-0.6323571661455443,2
9743,5.795440486468141,4.872738827472669,-0.9227016589954715,3
9744,5.649920668014974,4.872738827472669,-0.7771818405423048,8
9745,5.511871479996329,4.872738827472669,-0.63913265252366,5
9746,5.740291036535189,4.872738827472669,-0.8675522090625201,6
9747,5.610913229173724,7.332438459915605,1.7215252307418814,1
9748,6.0674731072916375,7.332438459915605,1.2649653526239675,7
9749,6.059335152970175,7.332438459915605,1.2731033069454298,9
9750,5.95643542813358,7.332438459915605,1.3760030317820249,6
9751,5.74934809824003,7.332438459915605,1.5830903616755752,10
9752,5.985514414192006,7.332438459915605,1.3469240457235987,4
9753,6.005257941155266,7.332438459915605,1.327180518760339,3
9754,5.918177904309719,7.332438459915605,1.4142605556058863,8
9755,5.882905564421564,7.332438459915605,1.4495328954940412,2
9756,4.07060992807619,3.096910013008056,-0.9736999150681345,7
9757,3.847891016758891,3.096910013008056,-0.7509810037508351,4
9758,4.2671404402960045,3.096910013008056,-1.1702304272879487,2
9759,3.8722365149551092,3.096910013008056,-0.7753265019470534,5
9760,4.234308779003866,3.096910013008056,-1.1373987659958105,6
9761,3.939424676598293,3.096910013008056,-0.8425146635902374,1
9762,4.049524765052951,3.096910013008056,-0.9526147520448949,8
9763,3.8428916348840003,3.096910013008056,-0.7459816218759445,9
9764,3.625933283001957,3.096910013008056,-0.529023269993901,10
9765,6.112808453674441,5.146128035678238,-0.9666804179962032,8
9766,5.725568365785046,5.146128035678238,-0.5794403301068076,1
9767,6.145741965591691,5.146128035678238,-0.999613929913453,3
9768,5.991656701513345,5.146128035678238,-0.8455286658351069,9
9769,5.996969451917923,5.146128035678238,-0.8508414162396845,7
9770,5.939397678444519,5.146128035678238,-0.7932696427662806,2
9771,6.128082661996943,5.146128035678238,-0.9819546263187044,5
9772,5.71160653811853,5.146128035678238,-0.5654785024402917,10
9773,6.093983840555293,5.146128035678238,-0.9478558048770545,6
9774,5.904961301909066,7.4271224218663345,1.5221611199572687,6
9775,5.849580676562419,7.4271224218663345,1.5775417453039156,2
9776,5.940004831765545,7.4271224218663345,1.4871175901007891,9
9777,6.073918538341284,7.4271224218663345,1.3532038835250502,8
9778,5.959238356795483,7.4271224218663345,1.4678840650708516,7
9779,6.321190127339803,7.4271224218663345,1.1059322945265313,4
9780,6.004947624159336,7.4271224218663345,1.4221747977069983,5
9781,6.119741516944627,7.4271224218663345,1.3073809049217076,3
9782,5.682318342544736,7.4271224218663345,1.7448040793215984,1
9783,5.545568948600616,5.0,-0.5455689486006161,8
9784,5.325998405167945,5.0,-0.32599840516794476,10
9785,5.579012352847888,5.0,-0.5790123528478883,2
9786,5.5711330995381445,5.0,-0.5711330995381445,9
9787,5.664685598413338,5.0,-0.664685598413338,7
9788,5.686830623327425,5.0,-0.6868306233274248,6
9789,5.383358273856123,5.0,-0.383358273856123,5
9790,5.359103132652713,5.0,-0.359103132652713,1
9791,5.478684820006908,5.0,-0.47868482000690804,4
9792,6.147213771444469,7.860936620700094,1.7137228492556247,6
9793,6.140794521186586,7.860936620700094,1.7201420995135077,2
9794,6.3456843087933335,7.860936620700094,1.5152523119067602,8
9795,6.129601338444352,7.860936620700094,1.731335282255742,7
9796,6.302235917585283,7.860936620700094,1.5587007031148108,9
9797,6.229497942461996,7.860936620700094,1.6314386782380979,5
9798,6.213083293911634,7.860936620700094,1.6478533267884599,1
9799,5.9730302499776196,7.860936620700094,1.8879063707224741,10
9800,6.658116499132718,7.860936620700094,1.2028201215673757,4
9801,5.771876739240363,5.174931593528442,-0.5969451457119206,6
9802,5.611051373866588,5.174931593528442,-0.4361197803381458,8
9803,5.136952133156539,5.174931593528442,0.03797946037190325,1
9804,5.591281525607511,5.174931593528442,-0.41634993207906845,9
9805,5.331756071017764,5.174931593528442,-0.15682447748932127,5
9806,5.650262099529871,5.174931593528442,-0.4753305060014288,2
9807,5.029637051508567,5.174931593528442,0.14529454201987502,10
9808,5.600892269191842,5.174931593528442,-0.4259606756633998,3
9809,5.713120971817086,5.174931593528442,-0.538189378288644,7
9810,6.772900743850587,8.09642333059527,1.3235225867446827,9
9811,6.511479244041328,8.09642333059527,1.584944086553942,2
9812,6.937401050459143,8.09642333059527,1.159022280136127,5
9813,6.702840950545467,8.09642333059527,1.3935823800498026,6
9814,6.597305455940888,8.09642333059527,1.4991178746543818,8
9815,6.97720743970957,8.09642333059527,1.1192158908857,3
9816,6.4671969987079505,8.09642333059527,1.6292263318873195,10
9817,6.617630812774516,8.09642333059527,1.4787925178207537,7
9818,6.435650518792901,8.09642333059527,1.660772811802369,1
9819,5.720786785890155,6.021189299069938,0.30040251317978317,1
9820,5.8495277548322315,6.021189299069938,0.17166154423770674,6
9821,6.147315659985031,6.021189299069938,-0.12612636091509266,5
9822,5.645575759500596,6.021189299069938,0.3756135395693425,10
9823,6.044403761617167,6.021189299069938,-0.023214462547228365,8
9824,5.916006580056721,6.021189299069938,0.10518271901321707,7
9825,5.9372373851678715,6.021189299069938,0.0839519139020668,9
9826,5.788479578019134,6.021189299069938,0.23270972105080467,2
9827,6.079516996487505,6.021189299069938,-0.058327697417566604,3
9828,5.2685060491273,5.729326809646861,0.4608207605195611,1
9829,5.62696827776066,5.729326809646861,0.10235853188620059,9
9830,5.524435831534856,5.729326809646861,0.2048909781120054,3
9831,5.575718228084885,5.729326809646861,0.15360858156197565,7
9832,5.627730364532115,5.729326809646861,0.10159644511474575,5
9833,5.341284471036398,5.729326809646861,0.3880423386104628,2
9834,5.339916937362868,5.729326809646861,0.38940987228399315,10
9835,5.334613644478332,5.729326809646861,0.39471316516852895,6
9836,5.603819463212854,5.729326809646861,0.12550734643400663,4
9837,5.0480249358708065,5.346352974450639,0.29832803857983237,10
9838,5.327399744246556,5.346352974450639,0.018953230204083127,9
9839,5.528640363099897,5.346352974450639,-0.1822873886492582,6
9840,5.35459315618544,5.346352974450639,-0.008240181734801233,5
9841,5.443955607552621,5.346352974450639,-0.09760263310198258,8
9842,5.3366454081839425,5.346352974450639,0.009707566266696332,2
9843,5.430458735426586,5.346352974450639,-0.08410576097594724,7
9844,5.135163583633579,5.346352974450639,0.21118939081705967,1
9845,5.456392988566563,5.346352974450639,-0.11004001411592412,4
9846,5.85002898336371,5.149527013754348,-0.7005019696093617,3
9847,5.537144274090278,5.149527013754348,-0.38761726033593025,10
9848,5.909650317001212,5.149527013754348,-0.7601233032468642,6
9849,6.017725791303735,5.149527013754348,-0.8681987775493871,4
9850,5.712575914762964,5.149527013754348,-0.5630489010086164,9
9851,5.729619489447414,5.149527013754348,-0.5800924756930659,2
9852,5.906066211203634,5.149527013754348,-0.7565391974492863,8
9853,5.584491928624887,5.149527013754348,-0.43496491487053923,1
9854,5.833346728748485,5.149527013754348,-0.6838197149941374,5
9855,5.116928141014916,5.2552725051033065,0.13834436408839057,9
9856,5.000831556084291,5.2552725051033065,0.25444094901901515,3
9857,5.083785776711168,5.2552725051033065,0.1714867283921384,4
9858,5.032713031817588,5.2552725051033065,0.22255947328571857,1
9859,4.638362420246961,5.2552725051033065,0.6169100848563458,5
9860,5.21000773355054,5.2552725051033065,0.04526477155276609,7
9861,5.346697218986377,5.2552725051033065,-0.09142471388307083,6
9862,5.191236922123287,5.2552725051033065,0.06403558298001943,2
9863,5.265518899818262,5.2552725051033065,-0.010246394714955365,8
9864,5.615170776927756,6.176091259055681,0.5609204821279254,10
9865,5.8877849838728045,6.176091259055681,0.2883062751828769,7
9866,5.436130110607845,6.176091259055681,0.7399611484478363,1
9867,5.8749176316994065,6.176091259055681,0.30117362735627484,9
9868,5.576829234312037,6.176091259055681,0.599262024743644,8
9869,5.889443024643885,6.176091259055681,0.2866482344117962,3
9870,5.749571580448069,6.176091259055681,0.42651967860761264,4
9871,5.790140770119445,6.176091259055681,0.3859504889362366,2
9872,5.7887588835641415,6.176091259055681,0.38733237549153987,5
9873,4.528317877852345,5.301029995663981,0.7727121178116363,5
9874,4.959671515828112,5.301029995663981,0.3413584798358693,3
9875,4.483520219676975,5.301029995663981,0.8175097759870065,8
9876,4.392933273064993,5.301029995663981,0.9080967225989882,4
9877,4.719859210881306,5.301029995663981,0.5811707847826755,10
9878,4.818374566879759,5.301029995663981,0.48265542878422263,2
9879,4.910580310940042,5.301029995663981,0.39044968472393915,6
9880,4.1912738459391266,5.301029995663981,1.1097561497248547,7
9881,4.675245445538244,5.301029995663981,0.6257845501257373,9
9882,2.0094033576604824,2.6989700043360187,0.6895666466755364,10
9883,2.2443900282677185,2.6989700043360187,0.45457997606830025,9
9884,2.2298276830018446,2.6989700043360187,0.4691423213341741,1
9885,2.1834664980191074,2.6989700043360187,0.5155035063169113,3
9886,2.49930959130164,2.6989700043360187,0.19966041303437887,2
9887,2.474752885491151,2.6989700043360187,0.2242171188448676,8
9888,2.117919714946495,2.6989700043360187,0.5810502893895237,6
9889,2.3466175352065255,2.6989700043360187,0.35235246912949325,5
9890,2.4825791804199864,2.6989700043360187,0.21639082391603237,4
9891,0.34746586101382093,3.0791812460476247,2.731715385033804,1
9892,0.7959143664593031,3.0791812460476247,2.2832668795883215,9
9893,1.3658305791789571,3.0791812460476247,1.7133506668686675,4
9894,0.027936002387430287,3.0791812460476247,3.0512452436601945,2
9895,0.5392642632655773,3.0791812460476247,2.5399169827820476,7
9896,0.626509209541508,3.0791812460476247,2.4526720365061165,6
9897,1.2919683244214095,3.0791812460476247,1.7872129216262151,3
9898,0.39624184072602564,3.0791812460476247,2.682939405321599,10
9899,1.306878284150094,3.0791812460476247,1.7723029618975306,5
9900,4.473033126980703,2.615529223637133,-1.8575039033435705,2
9901,4.259491130224996,2.615529223637133,-1.643961906587863,9
9902,4.336839010336334,2.615529223637133,-1.721309786699201,1
9903,4.34954735347306,2.615529223637133,-1.7340181298359272,10
9904,4.4426964391041155,2.615529223637133,-1.8271672154669827,7
9905,3.8451806577091525,2.615529223637133,-1.2296514340720197,3
9906,4.641026448971066,2.615529223637133,-2.025497225333933,6
9907,3.8184475477752127,2.615529223637133,-1.2029183241380799,8
9908,4.1607133744038585,2.615529223637133,-1.5451841507667257,5
9909,4.5074627049552145,2.650501794878367,-1.8569609100768476,9
9910,4.767205634649821,2.650501794878367,-2.1167038397714544,2
9911,4.934940610918637,2.650501794878367,-2.2844388160402698,6
9912,4.445548898989624,2.650501794878367,-1.7950471041112568,10
9913,4.053806361325002,2.650501794878367,-1.4033045664466348,4
9914,3.9578066824566287,2.650501794878367,-1.3073048875782618,8
9915,4.635252265723012,2.650501794878367,-1.984750470844645,7
9916,4.683944978455116,2.650501794878367,-2.0334431835767495,1
9917,4.058887353259782,2.650501794878367,-1.4083855583814149,3
9918,4.686529198056826,2.630427875025024,-2.056101323031802,10
9919,4.2802380038487,2.630427875025024,-1.6498101288236757,9
9920,4.7329116797322905,2.630427875025024,-2.1024838047072665,7
9921,4.132912918208765,2.630427875025024,-1.502485043183741,8
9922,4.658169308719794,2.630427875025024,-2.0277414336947697,1
9923,3.739582437024428,2.630427875025024,-1.109154561999404,3
9924,4.9557815693547935,2.630427875025024,-2.3253536943297695,6
9925,4.104736664975115,2.630427875025024,-1.4743087899500908,5
9926,3.6929154298486235,2.630427875025024,-1.0624875548235995,4
9927,3.9605588798860967,3.556302500767288,-0.4042563791188085,3
9928,3.9138894445027304,3.556302500767288,-0.3575869437354422,4
9929,5.071548828717416,3.556302500767288,-1.5152463279501283,10
9930,4.454929566198263,3.556302500767288,-0.8986270654309751,8
9931,5.255319835271863,3.556302500767288,-1.6990173345045751,6
9932,4.613585670369466,3.556302500767288,-1.057283169602178,9
9933,4.911098289583634,3.556302500767288,-1.3547957888163462,1
9934,5.082675869099373,3.556302500767288,-1.5263733683320848,7
9935,5.073931757101043,3.556302500767288,-1.517629256333755,2
9936,2.1834664980191074,2.9912260756924947,0.8077595776733872,3
9937,2.2298276830018446,2.9912260756924947,0.76139839269065,1
9938,2.3466175352065255,2.9912260756924947,0.6446085404859692,5
9939,2.386188618611864,2.9912260756924947,0.6050374570806305,7
9940,2.244390028267719,2.9912260756924947,0.7468360474247757,9
9941,2.117919714946495,2.9912260756924947,0.8733063607459997,6
9942,2.4825791804199864,2.9912260756924947,0.5086468952725083,4
9943,2.474752885491151,2.9912260756924947,0.5164731902013435,8
9944,2.49930959130164,2.9912260756924947,0.4919164843908548,2
9945,3.6134416628474466,2.9474337218870508,-0.6660079409603958,6
9946,3.7605373164172744,2.9474337218870508,-0.8131035945302236,2
9947,3.630815638723529,2.9474337218870508,-0.6833819168364781,10
9948,3.8361840241496283,2.9474337218870508,-0.8887503022625776,8
9949,3.249934516476527,2.9474337218870508,-0.3025007945894762,9
9950,3.0416017069225627,2.9474337218870508,-0.09416798503551194,4
9951,3.519897358691353,2.9474337218870508,-0.5724636368043021,1
9952,3.0897697460004294,2.9474337218870508,-0.14233602411337865,5
9953,3.0906091397402244,2.9474337218870508,-0.14317541785317367,3
9954,3.800807023184467,3.4885507165004443,-0.3122563066840227,10
9955,3.654994740320197,3.4885507165004443,-0.16644402381975265,9
9956,3.8595194342072285,3.4885507165004443,-0.3709687177067842,8
9957,3.5132670647402002,3.4885507165004443,-0.02471634823975588,5
9958,3.6480495319830797,3.4885507165004443,-0.15949881548263534,7
9959,3.88240963751309,3.4885507165004443,-0.3938589210126455,6
9960,4.152657051307346,3.4885507165004443,-0.6641063348069021,2
9961,3.4134402768725516,3.4885507165004443,0.07511043962789277,3
9962,3.2712672182948768,3.4885507165004443,0.21728349820556758,4
9963,3.820204862496977,3.510545010206612,-0.30965985229036486,6
9964,3.9584238287488627,3.510545010206612,-0.44787881854225065,10
9965,3.323839914023926,3.510545010206612,0.18670509618268616,3
9966,3.4287534748497137,3.510545010206612,0.08179153535689832,9
9967,3.725670601849648,3.510545010206612,-0.2151255916430359,1
9968,3.4655392341613185,3.510545010206612,0.045005776045293544,7
9969,3.21639256357923,3.510545010206612,0.29415244662738216,5
9970,4.2203619360882465,3.510545010206612,-0.7098169258816345,8
9971,3.3424016002985097,3.510545010206612,0.16814340990810228,4
9972,3.1618245795080613,2.419955748489758,-0.7418688310183033,4
9973,3.6950618458539966,2.419955748489758,-1.2751060973642385,7
9974,3.140749156916458,2.419955748489758,-0.7207934084267,3
9975,3.662580767701461,2.419955748489758,-1.2426250192117028,10
9976,3.8584363616278474,2.419955748489758,-1.4384806131380894,1
9977,3.2643671559699894,2.419955748489758,-0.8444114074802314,5
9978,3.3305901692973254,2.419955748489758,-0.9106344208075674,9
9979,3.6596315429247634,2.419955748489758,-1.2396757944350054,8
9980,3.875488398839333,2.419955748489758,-1.455532650349575,2
9981,4.966942959243962,5.278753600952829,0.31181064170886685,7
9982,4.97003969187273,5.278753600952829,0.3087139090800992,2
9983,5.059706262963512,5.278753600952829,0.2190473379893172,5
9984,5.154470731913246,5.278753600952829,0.12428286903958252,10
9985,4.829885942571014,5.278753600952829,0.44886765838181475,3
9986,4.996757164350744,5.278753600952829,0.2819964366020846,4
9987,4.97396257166262,5.278753600952829,0.3047910292902092,1
9988,5.257629110783647,5.278753600952829,0.021124490169182053,8
9989,5.1041068872970525,5.278753600952829,0.17464671365577633,6
9990,5.51281026752713,6.004321373782642,0.491511106255512,2
9991,5.763982881207253,6.004321373782642,0.24033849257538886,9
9992,5.575285996378938,6.004321373782642,0.42903537740370457,1
9993,5.947550297447316,6.004321373782642,0.056771076335325965,8
9994,5.870467968511028,6.004321373782642,0.13385340527161382,3
9995,5.892745031456329,6.004321373782642,0.11157634232631342,4
9996,5.584955040905798,6.004321373782642,0.41936633287684444,10
9997,5.6070155275323925,6.004321373782642,0.3973058462502497,7
9998,5.854692026150215,6.004321373782642,0.14962934763242686,5
9999,5.282141303716131,6.176091259055681,0.8939499553395507,1
10000,5.250594171968852,6.176091259055681,0.9254970870868293,2
10001,5.384068314320413,6.176091259055681,0.792022944735268,10
10002,5.33795885626616,6.176091259055681,0.8381324027895216,6
10003,5.340668604914778,6.176091259055681,0.8354226541409036,8
10004,5.276836903156311,6.176091259055681,0.8992543558993704,4
10005,5.414189694766505,6.176091259055681,0.7619015642891762,9
10006,5.272809350326802,6.176091259055681,0.9032819087288795,5
10007,5.297091468136152,6.176091259055681,0.8789997909195293,7
10008,4.869987391767095,5.008600171761918,0.1386127799948227,2
10009,5.0568020540292205,5.008600171761918,-0.04820188226730249,10
10010,5.067131823052988,5.008600171761918,-0.0585316512910703,4
10011,4.9340377401992725,5.008600171761918,0.07456243156264541,1
10012,5.211101908883984,5.008600171761918,-0.20250173712206632,3
10013,4.972886102259001,5.008600171761918,0.03571406950291678,8
10014,5.014463746022778,5.008600171761918,-0.005863574260859927,6
10015,5.034715120685042,5.008600171761918,-0.026114948923123826,9
10016,5.086279060003472,5.008600171761918,-0.07767888824155378,7
10017,6.215712748694386,5.819543935541868,-0.39616881315251806,7
10018,5.918312009795365,5.819543935541868,-0.09876807425349643,1
10019,5.944511774394534,5.819543935541868,-0.12496783885266538,2
10020,6.153640077021819,5.819543935541868,-0.33409614147995104,9
10021,6.08296302375404,5.819543935541868,-0.26341908821217164,10
10022,6.185783457881719,5.819543935541868,-0.3662395223398507,4
10023,5.943604423078422,5.819543935541868,-0.12406048753655341,8
10024,6.072783603966195,5.819543935541868,-0.2532396684243263,3
10025,5.937788553927161,5.819543935541868,-0.11824461838529299,6
10026,5.857504671999108,5.600972895686748,-0.25653177631236,4
10027,5.835004011260023,5.600972895686748,-0.23403111557327438,9
10028,5.70483249738143,5.600972895686748,-0.10385960169468156,1
10029,5.797332890742287,5.600972895686748,-0.19635999505553858,3
10030,5.772148628725803,5.600972895686748,-0.1711757330390542,5
10031,5.8133530030371094,5.600972895686748,-0.21238010735036106,10
10032,5.690202579396586,5.600972895686748,-0.08922968370983764,2
10033,5.948099045788715,5.600972895686748,-0.3471261501019667,7
10034,5.776572244607157,5.600972895686748,-0.17559934892040818,8
10035,5.701418644441058,6.4623979978989565,0.7609793534578984,6
10036,6.140727933208043,6.4623979978989565,0.3216700646909132,4
10037,6.116863028125251,6.4623979978989565,0.34553496977370557,3
10038,5.862249899067272,6.4623979978989565,0.600148098831685,5
10039,6.022802761666269,6.4623979978989565,0.43959523623268737,9
10040,5.859758478407518,6.4623979978989565,0.6026395194914382,7
10041,5.772937440899627,6.4623979978989565,0.6894605569993297,2
10042,5.964097657095973,6.4623979978989565,0.4983003408029836,1
10043,5.806403829084487,6.4623979978989565,0.6559941688144697,10
10044,2.9130939139783867,2.886490725172482,-0.026603188805904843,1
10045,3.0100804365821525,2.886490725172482,-0.12358971140967068,3
10046,2.950502630637432,2.886490725172482,-0.06401190546494995,9
10047,2.9144304346124703,2.886490725172482,-0.02793970943998847,4
10048,2.7881394206001473,2.886490725172482,0.09835130457233454,5
10049,3.2667157005771656,2.886490725172482,-0.3802249754046838,10
10050,2.7561146488126824,2.886490725172482,0.13037607635979942,8
10051,2.5807639453699984,2.886490725172482,0.3057267798024834,2
10052,3.450831998688631,2.886490725172482,-0.564341273516149,6
10053,6.066956928335981,6.3979400086720375,0.3309830803360567,2
10054,6.381032572799007,6.3979400086720375,0.016907435873030785,4
10055,6.31651461010947,6.3979400086720375,0.08142539856256725,8
10056,6.182919463826553,6.3979400086720375,0.21502054484548427,10
10057,6.4145051026728375,6.3979400086720375,-0.016565094000799974,3
10058,6.361509911267835,6.3979400086720375,0.03643009740420222,9
10059,6.313171243430155,6.3979400086720375,0.0847687652418827,5
10060,6.32380396108884,6.3979400086720375,0.07413604758319714,7
10061,6.195395556501948,6.3979400086720375,0.20254445217008943,1
10062,5.859464430117277,6.3979400086720375,0.5384755785547606,10
10063,6.065573805743711,6.3979400086720375,0.3323662029283261,5
10064,5.83728565175135,6.3979400086720375,0.5606543569206872,6
10065,5.987342417883576,6.3979400086720375,0.4105975907884618,3
10066,6.139335790656095,6.3979400086720375,0.25860421801594224,4
10067,6.1606607353717235,6.3979400086720375,0.23727927330031395,9
10068,5.869576813771413,6.3979400086720375,0.5283631949006242,1
10069,6.054061523992284,6.3979400086720375,0.34387848467975335,7
10070,5.900323973018283,6.3979400086720375,0.49761603565375445,8
10071,6.191038475336292,6.246498580795801,0.055460105459508746,3
10072,5.973612139956579,6.246498580795801,0.27288644083922176,1
10073,6.144314515104199,6.246498580795801,0.10218406569160177,9
10074,6.147795283492544,6.246498580795801,0.09870329730325711,7
10075,5.974379445846428,6.246498580795801,0.27211913494937257,2
10076,5.9876802530479205,6.246498580795801,0.25881832774788016,10
10077,6.0943914205763035,6.246498580795801,0.15210716021949722,4
10078,6.125704705685636,6.246498580795801,0.1207938751101647,5
10079,6.058141017068492,6.246498580795801,0.18835756372730827,6
10080,6.012819799558159,5.286613631657004,-0.7262061679011547,1
10081,6.16433206734354,5.286613631657004,-0.8777184356865355,7
10082,5.893959196502896,5.286613631657004,-0.6073455648458923,6
10083,6.095835209820524,5.286613631657004,-0.8092215781635197,8
10084,6.036339835885462,5.286613631657004,-0.749726204228458,5
10085,5.919377553792203,5.286613631657004,-0.632763922135199,2
10086,5.958735185811594,5.286613631657004,-0.6721215541545895,10
10087,6.102377028936726,5.286613631657004,-0.8157633972797216,9
10088,6.185656291448143,5.286613631657004,-0.8990426597911387,4
10089,5.843361357082881,6.079181246047625,0.23581988896474382,10
10090,6.189523380347057,6.079181246047625,-0.11034213429943218,4
10091,5.944959645916875,6.079181246047625,0.13422160013074969,9
10092,5.8005261963023935,6.079181246047625,0.2786550497452316,6
10093,6.09650597364106,6.079181246047625,-0.01732472759343473,3
10094,5.997780581810545,6.079181246047625,0.08140066423707992,8
10095,5.883795406356267,6.079181246047625,0.19538583969135814,1
10096,5.786791861352889,6.079181246047625,0.2923893846947365,2
10097,5.995758530994966,6.079181246047625,0.08342271505265941,7
10098,4.9666471791136715,3.886490725172482,-1.0801564539411896,1
10099,5.190217505397821,3.886490725172482,-1.3037267802253392,10
10100,4.978204890509044,3.886490725172482,-1.0917141653365623,2
10101,4.6705287898738925,3.886490725172482,-0.7840380647014107,4
10102,5.209862354412275,3.886490725172482,-1.323371629239793,7
10103,4.791979017144568,3.886490725172482,-0.9054882919720861,5
10104,4.800658136479676,3.886490725172482,-0.914167411307194,8
10105,5.039628198430422,3.886490725172482,-1.15313747325794,6
10106,5.0641243081370435,3.886490725172482,-1.1776335829645617,3
10107,5.546973361497821,5.698970004336019,0.15199664283819736,3
10108,5.546997627963825,5.698970004336019,0.15197237637219363,9
10109,5.5924594877625635,5.698970004336019,0.10651051657345523,8
10110,5.462550309985727,5.698970004336019,0.23641969435029164,6
10111,5.583845023321143,5.698970004336019,0.11512498101487534,4
10112,5.302302652332279,5.698970004336019,0.3966673520037398,2
10113,5.363369512692536,5.698970004336019,0.3356004916434827,1
10114,5.377298791832047,5.698970004336019,0.321671212503972,5
10115,5.571076377236122,5.698970004336019,0.1278936270998967,7
10116,5.6627709222000515,5.704150516839799,0.041379594639747275,2
10117,5.787280088304754,5.704150516839799,-0.08312957146495492,10
10118,5.802619852491161,5.704150516839799,-0.0984693356513624,8
10119,5.751787807182133,5.704150516839799,-0.047637290342334104,1
10120,5.823317130026884,5.704150516839799,-0.11916661318708499,9
10121,5.6930507846412945,5.704150516839799,0.011099732198504242,5
10122,5.695141740895425,5.704150516839799,0.009008775944374214,6
10123,5.894415388687503,5.704150516839799,-0.19026487184770424,7
10124,6.0565074751617685,5.704150516839799,-0.35235695832196967,4
10125,5.402103407522227,5.260071387985075,-0.14203201953715183,10
10126,6.3503230073983765,5.260071387985075,-1.0902516194133014,8
10127,5.987839549470618,5.260071387985075,-0.7277681614855425,9
10128,5.248639900963491,5.260071387985075,0.01143148702158392,2
10129,5.5573885583328915,5.260071387985075,-0.29731717034781635,7
10130,6.112234078253143,5.260071387985075,-0.8521626902680675,3
10131,5.571497524992813,5.260071387985075,-0.3114261370077376,1
10132,6.159478395936486,5.260071387985075,-0.8994070079514112,5
10133,5.2212108911978,5.260071387985075,0.03886049678727499,6
10134,6.256909272822762,5.738066714777469,-0.5188425580452929,7
10135,6.389277836098604,5.738066714777469,-0.6512111213211345,1
10136,6.389868619779402,5.738066714777469,-0.6518019050019328,3
10137,6.26366593227995,5.738066714777469,-0.5255992175024806,5
10138,6.431420401301604,5.738066714777469,-0.6933536865241345,8
10139,6.099875693924982,5.738066714777469,-0.3618089791475132,6
10140,6.42299038493134,5.738066714777469,-0.6849236701538706,9
10141,6.157468242311398,5.738066714777469,-0.4194015275339291,2
10142,6.454920321097754,5.738066714777469,-0.716853606320285,4
10143,6.146816448439147,6.146128035678238,-0.0006884127609092516,7
10144,6.198732031620979,6.146128035678238,-0.05260399594274112,5
10145,6.03566717366905,6.146128035678238,0.11046086200918825,6
10146,6.230148539454484,6.146128035678238,-0.08402050377624626,3
10147,6.0187101363576785,6.146128035678238,0.1274178993205597,10
10148,6.122762739808652,6.146128035678238,0.0233652958695858,4
10149,6.0415861045595785,6.146128035678238,0.10454193111865973,2
10150,6.153268311095305,6.146128035678238,-0.007140275417066633,1
10151,6.199610143186771,6.146128035678238,-0.05348210750853255,9
10152,5.357925045559503,4.477121254719663,-0.8808037908398401,8
10153,5.335017544365352,4.477121254719663,-0.857896289645689,2
10154,5.510615063155518,4.477121254719663,-1.0334938084358551,3
10155,5.316842996732705,4.477121254719663,-0.8397217420130421,10
10156,5.349947694025871,4.477121254719663,-0.8728264393062082,6
10157,5.595905396587074,4.477121254719663,-1.1187841418674118,9
10158,5.183309288013071,4.477121254719663,-0.7061880332934081,1
10159,5.62730709810515,4.477121254719663,-1.1501858433854872,7
10160,5.329367085204088,4.477121254719663,-0.8522458304844251,5
10161,5.786403436576537,6.278753600952829,0.4923501643762922,2
10162,6.029089915820927,6.278753600952829,0.2496636851319023,9
10163,6.174107884021728,6.278753600952829,0.10464571693110081,4
10164,5.913210410932364,6.278753600952829,0.36554319002046487,5
10165,6.101579700708553,6.278753600952829,0.17717390024427626,7
10166,5.886471825740049,6.278753600952829,0.39228177521277985,1
10167,6.148329587223581,6.278753600952829,0.1304240137292476,3
10168,6.018797223785266,6.278753600952829,0.2599563771675628,8
10169,5.768197755262689,6.278753600952829,0.5105558456901402,6
10170,6.569672415837587,6.365487984890899,-0.2041844309466878,3
10171,6.577551588761987,6.365487984890899,-0.2120636038710879,4
10172,6.4509901016411915,6.365487984890899,-0.08550211675029207,7
10173,6.31572118223499,6.365487984890899,0.049766802655909714,8
10174,6.195696575787991,6.365487984890899,0.16979140910290802,2
10175,6.562355165950142,6.365487984890899,-0.1968671810592424,9
10176,6.276487646442366,6.365487984890899,0.08900033844853361,1
10177,6.394208176305994,6.365487984890899,-0.0287201914150943,5
10178,6.165862880483021,6.365487984890899,0.19962510440787806,6
10179,6.178733080209705,6.447158031342219,0.2684249511325145,3
10180,6.203682416519535,6.447158031342219,0.24347561482268443,8
10181,6.148522310217599,6.447158031342219,0.29863572112462045,5
10182,6.2216017340554854,6.447158031342219,0.225556297286734,7
10183,6.060531046439621,6.447158031342219,0.3866269849025983,6
10184,6.18587883618198,6.447158031342219,0.2612791951602391,9
10185,6.026581233229989,6.447158031342219,0.42057679811223014,2
10186,6.0502866970399625,6.447158031342219,0.39687133430225696,10
10187,6.0856651566410775,6.447158031342219,0.3614928747011419,1
10188,6.079391297553976,6.0,-0.07939129755397634,10
10189,5.956114380052471,6.0,0.043885619947529264,5
10190,5.970586130369672,6.0,0.02941386963032766,8
10191,6.039729562486931,6.0,-0.03972956248693116,4
10192,6.19271236921195,6.0,-0.19271236921195012,7
10193,5.956029116875638,6.0,0.043970883124361926,2
10194,6.050819831770289,6.0,-0.050819831770288815,1
10195,6.1080674800905355,6.0,-0.10806748009053546,9
10196,6.0863797392782635,6.0,-0.08637973927826348,6
10197,6.001850610898196,6.3979400086720375,0.39608939777384133,6
10198,5.775724361264092,6.3979400086720375,0.6222156474079457,2
10199,6.073658229240864,6.3979400086720375,0.32428177943117387,7
10200,5.963924058471171,6.3979400086720375,0.4340159502008669,8
10201,6.089374239325524,6.3979400086720375,0.30856576934651336,3
10202,6.025115532210973,6.3979400086720375,0.37282447646106487,4
10203,5.910907156806071,6.3979400086720375,0.48703285186596634,9
10204,5.909606600422653,6.3979400086720375,0.4883334082493844,5
10205,5.956918712304701,6.3979400086720375,0.4410212963673361,10
10206,4.809956917655058,5.938919812244772,1.1289628945897139,2
10207,5.329224764226139,5.938919812244772,0.609695048018633,4
10208,5.119446239489304,5.938919812244772,0.8194735727554683,9
10209,4.868834565277322,5.938919812244772,1.0700852469674498,10
10210,5.3003496302734225,5.938919812244772,0.6385701819713496,3
10211,5.3655840707579,5.938919812244772,0.573335741486872,8
10212,4.865436329814235,5.938919812244772,1.0734834824305368,6
10213,4.875930866590533,5.938919812244772,1.0629889456542392,1
10214,5.20678877433545,5.938919812244772,0.7321310379093218,5
10215,5.9863351506850195,5.484299839346786,-0.5020353113382336,4
10216,6.086668741731918,5.484299839346786,-0.6023689023851322,3
10217,6.021125259930984,5.484299839346786,-0.536825420584198,7
10218,6.023773966414571,5.484299839346786,-0.539474127067785,8
10219,5.9223450292150135,5.484299839346786,-0.4380451898682276,6
10220,6.013503071289709,5.484299839346786,-0.5292032319429234,10
10221,5.557557273704084,5.484299839346786,-0.07325743435729848,1
10222,5.868338980371671,5.484299839346786,-0.3840391410248847,5
10223,5.765380996641232,5.484299839346786,-0.28108115729444627,2
10224,6.032304085754569,7.301029995663981,1.2687259099094126,10
10225,6.288766587529268,7.301029995663981,1.0122634081347135,4
10226,5.863425125275801,7.301029995663981,1.4376048703881805,2
10227,6.121243910403123,7.301029995663981,1.179786085260858,8
10228,6.127083371950586,7.301029995663981,1.1739466237133955,7
10229,6.048382263703191,7.301029995663981,1.2526477319607903,1
10230,5.848830152146278,7.301029995663981,1.452199843517703,6
10231,6.207468150336848,7.301029995663981,1.093561845327133,3
10232,6.1698176723520435,7.301029995663981,1.1312123233119378,5
10233,5.945206270051577,5.954242509439325,0.00903623938774789,5
10234,6.12386487819578,5.954242509439325,-0.1696223687564551,4
10235,5.940558316078354,5.954242509439325,0.013684193360971264,1
10236,5.745124273329057,5.954242509439325,0.20911823611026836,2
10237,6.028718832396586,5.954242509439325,-0.0744763229572607,3
10238,6.011173487998381,5.954242509439325,-0.05693097855905549,10
10239,5.795815510543549,5.954242509439325,0.15842699889577627,6
10240,5.949154767755836,5.954242509439325,0.005087741683489355,8
10241,6.012151729890092,5.954242509439325,-0.05790922045076652,9
10242,5.68615288959918,6.6020599913279625,0.9159071017287825,3
10243,5.557299361241262,6.6020599913279625,1.0447606300867003,6
10244,5.440056914108128,6.6020599913279625,1.1620030772198344,2
10245,5.56255993989321,6.6020599913279625,1.0395000514347528,9
10246,5.559059221231529,6.6020599913279625,1.0430007700964339,1
10247,5.693890235900716,6.6020599913279625,0.9081697554272461,7
10248,5.563999970965253,6.6020599913279625,1.0380600203627095,10
10249,5.545563085685644,6.6020599913279625,1.0564969056423186,5
10250,5.641093095364978,6.6020599913279625,0.9609668959629847,8
10251,6.4449442921864,6.972202838379064,0.5272585461926642,2
10252,6.895431125657021,6.972202838379064,0.07677171272204308,9
10253,6.504505999989899,6.972202838379064,0.4676968383891653,1
10254,6.38296803713042,6.972202838379064,0.5892348012486446,6
10255,6.794446654638643,6.972202838379064,0.17775618374042157,3
10256,6.686503576772885,6.972202838379064,0.28569926160617953,5
10257,6.28547641063535,6.972202838379064,0.6867264277437144,10
10258,6.6378301995245295,6.972202838379064,0.3343726388545347,7
10259,6.79198597568993,6.972202838379064,0.18021686268913406,4
10260,5.510013832672109,6.301029995663981,0.7910161629918724,8
10261,5.851092693014638,6.301029995663981,0.4499373026493432,7
10262,5.93423576191906,6.301029995663981,0.3667942337449208,9
10263,6.091135406438193,6.301029995663981,0.2098945892257884,3
10264,5.602876717336713,6.301029995663981,0.6981532783272684,10
10265,5.626870356896236,6.301029995663981,0.6741596387677449,2
10266,5.735602218696368,6.301029995663981,0.5654277769676135,6
10267,6.103943739097872,6.301029995663981,0.19708625656610934,4
10268,5.660655130461322,6.301029995663981,0.6403748652026593,1
10269,6.038984823609854,6.248267603534647,0.20928277992479316,10
10270,6.081796004652433,6.248267603534647,0.16647159888221452,5
10271,6.08835342540457,6.248267603534647,0.15991417813007747,4
10272,6.147066235254939,6.248267603534647,0.1012013682797086,6
10273,5.9746272182590054,6.248267603534647,0.27364038527564194,3
10274,6.059933643992083,6.248267603534647,0.1883339595425646,2
10275,6.1242177830903035,6.248267603534647,0.12404982044434387,1
10276,6.230248469085956,6.248267603534647,0.018019134448691076,7
10277,6.148127236646106,6.248267603534647,0.10014036688854144,9
10278,6.140352347600308,6.380211241711606,0.23985889411129868,10
10279,6.321045604964663,6.380211241711606,0.059165636746943306,8
10280,6.208047466931658,6.380211241711606,0.17216377477994804,5
10281,6.08912949973041,6.380211241711606,0.29108174198119663,1
10282,6.10844047270298,6.380211241711606,0.2717707690086266,2
10283,6.33079294474863,6.380211241711606,0.04941829696297617,4
10284,6.291908371807595,6.380211241711606,0.0883028699040116,7
10285,6.16174097416454,6.380211241711606,0.21847026754706622,6
10286,6.23703455802026,6.380211241711606,0.14317668369134662,9
10287,6.155581839369203,6.301029995663981,0.14544815629477803,1
10288,6.069594972172874,6.301029995663981,0.23143502349110712,3
10289,6.104915708291995,6.301029995663981,0.19611428737198633,10
10290,6.247174432628694,6.301029995663981,0.05385556303528727,6
10291,6.125127909555544,6.301029995663981,0.1759020861084375,4
10292,5.940584810354713,6.301029995663981,0.36044518530926783,8
10293,6.045205609998136,6.301029995663981,0.25582438566584553,5
10294,6.313001229596726,6.301029995663981,-0.011971233932745129,7
10295,6.056975725746988,6.301029995663981,0.24405426991699297,2
10296,6.093984828863575,6.32221929473392,0.22823446587034546,10
10297,6.097689559052401,6.32221929473392,0.22452973568151968,5
10298,6.221977674602823,6.32221929473392,0.10024162013109716,6
10299,5.957216743991124,6.32221929473392,0.36500255074279675,8
10300,6.19452935235947,6.32221929473392,0.12768994237445064,9
10301,6.15452096656583,6.32221929473392,0.1676983281680906,1
10302,6.134954729344753,6.32221929473392,0.18726456538916736,4
10303,6.066130298596906,6.32221929473392,0.25608899613701475,2
10304,6.296030605973008,6.32221929473392,0.026188688760912626,7
10305,6.202331598563799,6.380211241711606,0.1778796431478078,10
10306,6.380576074600876,6.380211241711606,-0.00036483288926980606,3
10307,6.182958510366403,6.380211241711606,0.1972527313452037,8
10308,6.379104165339387,6.380211241711606,0.0011070763722189625,7
10309,6.26941346783697,6.380211241711606,0.11079777387463619,6
10310,6.3986689102904695,6.380211241711606,-0.018457668578863107,5
10311,6.295316885827388,6.380211241711606,0.08489435588421834,1
10312,6.389199820179315,6.380211241711606,-0.008988578467708841,4
10313,6.4002890368984415,6.380211241711606,-0.020077795186835168,9
10314,6.065038427259879,6.380211241711606,0.31517281445172696,8
10315,6.228608029402282,6.380211241711606,0.1516032123093245,5
10316,6.297828938139327,6.380211241711606,0.08238230357227927,9
10317,6.226517628580446,6.380211241711606,0.1536936131311606,1
10318,6.2171475677604935,6.380211241711606,0.16306367395111288,3
10319,6.255100399587741,6.380211241711606,0.12511084212386514,2
10320,6.3556159614889065,6.380211241711606,0.024595280222699856,7
10321,6.348404950872121,6.380211241711606,0.031806290839485385,6
10322,6.234831222627057,6.380211241711606,0.14538001908454934,10
10323,6.250415201239021,5.603198520676098,-0.6472166805629236,4
10324,6.280016097536748,5.603198520676098,-0.6768175768606506,7
10325,6.207332407907419,5.603198520676098,-0.6041338872313213,3
10326,6.191530417339516,5.603198520676098,-0.5883318966634183,1
10327,6.1989439443511385,5.603198520676098,-0.5957454236750408,6
10328,6.137648974379182,5.603198520676098,-0.5344504537030845,2
10329,6.253087718191795,5.603198520676098,-0.6498891975156971,5
10330,6.072824291546653,5.603198520676098,-0.46962577087055557,10
10331,6.218208759799425,5.603198520676098,-0.6150102391233272,8
10332,6.025127597848905,6.32221929473392,0.29709169688501547,10
10333,6.01559320432479,6.32221929473392,0.30662609040913047,2
10334,6.04977183681382,6.32221929473392,0.2724474579201006,1
10335,6.093270925025279,6.32221929473392,0.2289483697086414,9
10336,6.164683986055624,6.32221929473392,0.15753530867829646,6
10337,6.165136493955076,6.32221929473392,0.15708280077884407,3
10338,6.309083456403139,6.32221929473392,0.013135838330781802,4
10339,6.29070600821064,6.32221929473392,0.031513286523280115,5
10340,6.249230299279957,6.32221929473392,0.07298899545396331,7
10341,5.846545582267856,6.017033339298781,0.17048775703092467,5
10342,5.87671099816499,6.017033339298781,0.14032234113379083,3
10343,6.052623383053551,6.017033339298781,-0.035590043754770484,9
10344,6.185559403532435,6.017033339298781,-0.1685260642336539,7
10345,6.097759047729754,6.017033339298781,-0.0807257084309736,10
10346,6.153344269613099,6.017033339298781,-0.13631093031431796,6
10347,5.905976359809567,6.017033339298781,0.11105697948921378,4
10348,5.969316874056671,6.017033339298781,0.04771646524211004,2
10349,5.759692352870593,6.017033339298781,0.25734098642818815,8
10350,6.0856651566410775,6.197831693328903,0.11216653668782506,1
10351,6.050286697039962,6.197831693328903,0.14754499628894102,10
10352,6.2216017340554854,6.197831693328903,-0.02377004072658284,7
10353,6.060531046439622,6.197831693328903,0.13730064688928056,6
10354,6.226909717607104,6.197831693328903,-0.02907802427820183,4
10355,6.178733080209705,6.197831693328903,0.019098613119197694,3
10356,6.185878836181981,6.197831693328903,0.011952857146921403,9
10357,6.1485223102176,6.197831693328903,0.04930938311130273,5
10358,6.026581233229989,6.197831693328903,0.17125046009891332,2
10359,5.871462852423888,6.171480722621874,0.3000178701979861,4
10360,6.004016806891831,6.171480722621874,0.1674639157300435,10
10361,6.098829573312446,6.171480722621874,0.0726511493094284,6
10362,6.075843810325823,6.171480722621874,0.09563691229605098,3
10363,6.1553049107761,6.171480722621874,0.016175811845774213,7
10364,5.925671165735873,6.171480722621874,0.2458095568860008,2
10365,5.864574554710587,6.171480722621874,0.3069061679112872,8
10366,5.980173503377408,6.171480722621874,0.19130721924446625,9
10367,5.9911925485528,6.171480722621874,0.18028817406907383,5
10368,6.17756612564718,7.105510184769974,0.9279440591227939,1
10369,6.289194763124354,7.105510184769974,0.8163154216456201,9
10370,6.505474162678769,7.105510184769974,0.6000360220912055,4
10371,6.334621640655937,7.105510184769974,0.7708885441140376,7
10372,6.192239683063692,7.105510184769974,0.9132705017062825,5
10373,6.2302227264053425,7.105510184769974,0.8752874583646317,6
10374,6.116035739255433,7.105510184769974,0.9894744455145412,2
10375,6.126913123004815,7.105510184769974,0.9785970617651589,3
10376,6.391831547906659,7.105510184769974,0.7136786368633148,8
10377,5.68460442335102,6.373095987078727,0.6884915637277071,3
10378,5.837315198573071,6.373095987078727,0.5357807885056562,1
10379,5.748287484352088,6.373095987078727,0.6248085027266397,10
10380,5.921236868374738,6.373095987078727,0.45185911870398954,7
10381,5.789630309183077,6.373095987078727,0.5834656778956502,8
10382,5.7856819813243,6.373095987078727,0.587414005754427,2
10383,5.960768573685708,6.373095987078727,0.4123274133930197,6
10384,5.823635935046408,6.373095987078727,0.5494600520323196,5
10385,5.844562385388934,6.373095987078727,0.5285336016897935,4
10386,5.782515230629706,5.419955748489758,-0.3625594821399476,8
10387,5.394481846581177,5.419955748489758,0.025473901908581453,5
10388,5.544763475486973,5.419955748489758,-0.12480772699721498,2
10389,5.466764721152993,5.419955748489758,-0.046808972663234805,9
10390,5.699332424363635,5.419955748489758,-0.27937667587387693,4
10391,5.565349765697638,5.419955748489758,-0.14539401720788003,1
10392,5.273302241064031,5.419955748489758,0.14665350742572691,3
10393,5.717487845695368,5.419955748489758,-0.29753209720561014,6
10394,5.67757281729718,5.419955748489758,-0.25761706880742175,7
10395,6.001468554160286,6.332438459915605,0.33096990575531926,7
10396,6.162589431187698,6.332438459915605,0.1698490287279073,3
10397,5.754479318277323,6.332438459915605,0.5779591416382823,1
10398,6.141086794371744,6.332438459915605,0.19135166554386096,4
10399,5.884532400618373,6.332438459915605,0.4479060592972317,5
10400,5.918351179505878,6.332438459915605,0.41408728040972687,10
10401,6.0056133354183565,6.332438459915605,0.32682512449724843,6
10402,5.79414916475933,6.332438459915605,0.5382892951562752,9
10403,6.044928913064898,6.332438459915605,0.28750954685070695,8
10404,5.990204882954262,6.079181246047625,0.0889763630933631,10
10405,5.877924923458967,6.079181246047625,0.2012563225886579,2
10406,5.94147533394045,6.079181246047625,0.1377059121071751,9
10407,5.933836194284955,6.079181246047625,0.14534505176267043,4
10408,5.963138071996378,6.079181246047625,0.11604317405124753,8
10409,6.001383864120453,6.079181246047625,0.077797381927172,3
10410,5.920746007874233,6.079181246047625,0.158435238173392,5
10411,6.119291326360632,6.079181246047625,-0.040110080313007224,7
10412,6.119461537864933,6.079181246047625,-0.04028029181730819,6
10413,5.963924058471171,5.124830149413859,-0.8390939090573113,8
10414,6.001850610898196,5.124830149413859,-0.8770204614843369,6
10415,5.775724361264092,5.124830149413859,-0.6508942118502326,2
10416,5.83846725322212,5.124830149413859,-0.713637103808261,1
10417,6.025115532210973,5.124830149413859,-0.9002853827971133,4
10418,5.909606600422653,5.124830149413859,-0.7847764510087938,5
10419,6.073658229240864,5.124830149413859,-0.9488280798270043,7
10420,5.956918712304701,5.124830149413859,-0.8320885628908421,10
10421,5.910907156806071,5.124830149413859,-0.7860770073922119,9
10422,5.754479318277323,6.486146996806573,0.7316676785292504,1
10423,6.141086794371744,6.486146996806573,0.34506020243482904,4
10424,5.884532400618375,6.486146996806573,0.601614596188198,5
10425,6.162589431187698,6.486146996806573,0.3235575656188754,3
10426,6.0056133354183565,6.486146996806573,0.4805336613882165,6
10427,5.918351179505878,6.486146996806573,0.567795817300695,10
10428,6.044928913064898,6.486146996806573,0.44121808374167504,8
10429,6.001468554160287,6.486146996806573,0.48467844264628646,7
10430,5.687337539075461,6.486146996806573,0.798809457731112,2
10431,6.4933124687208945,6.174931593528442,-0.3183808751924522,3
10432,6.7290598793941205,6.174931593528442,-0.5541282858656782,10
10433,6.741092496183908,6.174931593528442,-0.5661609026554659,1
10434,6.203040383675604,6.174931593528442,-0.0281087901471615,8
10435,6.832003230532107,6.174931593528442,-0.6570716370036642,9
10436,6.817490232360806,6.174931593528442,-0.6425586388323641,7
10437,6.618851863271364,6.174931593528442,-0.44392026974292165,5
10438,6.9156563222198395,6.174931593528442,-0.7407247286913972,6
10439,6.6661085060517875,6.174931593528442,-0.49117691252334517,2
10440,6.538777191706998,5.886490725172482,-0.652286466534516,1
10441,6.560773118821569,5.886490725172482,-0.6742823936490865,2
10442,6.558590433970689,5.886490725172482,-0.672099708798207,5
10443,6.599011933532481,5.886490725172482,-0.7125212083599983,10
10444,6.549578809330105,5.886490725172482,-0.6630880841576223,3
10445,6.666253452005557,5.886490725172482,-0.7797627268330745,7
10446,6.69810744529081,5.886490725172482,-0.8116167201183275,4
10447,6.373593606696617,5.886490725172482,-0.4871028815241347,8
10448,6.680525138164778,5.886490725172482,-0.7940344129922954,9
10449,5.985227022180582,5.725911632295048,-0.2593153898855336,10
10450,5.828350571987347,5.725911632295048,-0.10243893969229845,5
10451,6.214610696776119,5.725911632295048,-0.4886990644810707,6
10452,5.976102054952267,5.725911632295048,-0.25019042265721847,2
10453,5.688149409105864,5.725911632295048,0.03776222318918432,4
10454,6.027304214822288,5.725911632295048,-0.30139258252723966,9
10455,5.951288171277735,5.725911632295048,-0.22537653898268672,7
10456,6.031668784913212,5.725911632295048,-0.3057571526181633,1
10457,5.447547861854733,5.725911632295048,0.2783637704403157,8
10458,6.671125845554486,5.413132050434872,-1.2579937951196136,6
10459,6.671115474709933,5.413132050434872,-1.2579834242750607,7
10460,6.3809402761558,5.413132050434872,-0.967808225720928,5
10461,6.470542306636989,5.413132050434872,-1.0574102562021164,3
10462,6.49984755806197,5.413132050434872,-1.0867155076270976,2
10463,6.677008386366189,5.413132050434872,-1.2638763359313163,9
10464,6.218196188839935,5.413132050434872,-0.8050641384050623,8
10465,6.562612330318794,5.413132050434872,-1.1494802798839219,1
10466,6.584662022522869,5.413132050434872,-1.1715299720879964,4
10467,7.028598884131456,7.292256071356476,0.26365718722502063,9
10468,6.76433405370356,7.292256071356476,0.5279220176529167,4
10469,6.7968374645043035,7.292256071356476,0.49541860685217287,6
10470,6.752099252314546,7.292256071356476,0.5401568190419299,2
10471,6.723920022857266,7.292256071356476,0.5683360484992104,7
10472,6.651646067333847,7.292256071356476,0.640610004022629,8
10473,6.79277154486428,7.292256071356476,0.4994845264921963,1
10474,6.880031326992811,7.292256071356476,0.4122247443636651,10
10475,6.765772679086164,7.292256071356476,0.526483392270312,5
10476,6.47891068737576,6.698970004336019,0.22005931696025893,4
10477,6.626740531658368,6.698970004336019,0.0722294726776509,7
10478,6.488804170978632,6.698970004336019,0.2101658333573866,10
10479,6.380765421661045,6.698970004336019,0.31820458267497376,5
10480,6.506795489576183,6.698970004336019,0.19217451475983616,1
10481,6.618776401911474,6.698970004336019,0.08019360242454443,6
10482,6.625272921834758,6.698970004336019,0.07369708250126106,9
10483,6.25098091580598,6.698970004336019,0.44798908853003905,8
10484,6.459144502632059,6.698970004336019,0.2398255017039599,3
10485,6.377904558902794,7.519827993775719,1.1419234348729246,10
10486,6.497767389362745,7.519827993775719,1.0220606044129736,3
10487,6.434149345676913,7.519827993775719,1.0856786480988054,9
10488,6.276649149255623,7.519827993775719,1.243178844520096,2
10489,6.324407064329604,7.519827993775719,1.195420929446115,1
10490,6.407825960664959,7.519827993775719,1.1120020331107598,4
10491,6.455930418908172,7.519827993775719,1.0638975748675472,6
10492,6.5068129322584705,7.519827993775719,1.0130150615172484,7
10493,6.191627889200272,7.519827993775719,1.3282001045754468,8
10494,6.961866695175146,7.188037055006895,0.22617035983174905,5
10495,6.724686222152824,7.188037055006895,0.4633508328540703,6
10496,6.920541948408288,7.188037055006895,0.26749510659860665,9
10497,6.747835236983658,7.188037055006895,0.44020181802323677,7
10498,6.993028808157701,7.188037055006895,0.19500824684919404,4
10499,7.380936040980214,7.188037055006895,-0.19289898597331945,3
10500,6.4564219327132895,7.188037055006895,0.7316151222936051,2
10501,6.68082853480511,7.188037055006895,0.5072085202017842,10
10502,6.670193894325243,7.188037055006895,0.517843160681652,1
10503,6.481370413406609,8.071882007306126,1.5905115938995174,8
10504,6.802143586610598,8.071882007306126,1.2697384206955276,4
10505,6.751383925379289,8.071882007306126,1.3204980819268366,7
10506,6.809643047664539,8.071882007306126,1.2622389596415866,9
10507,7.252048159119141,8.071882007306126,0.8198338481869847,3
10508,6.736571092451249,8.071882007306126,1.335310914854877,6
10509,6.680477401044824,8.071882007306126,1.3914046062613021,1
10510,6.65725874327513,8.071882007306126,1.414623264030996,10
10511,6.895435083191373,8.071882007306126,1.176446924114753,5
10512,6.119646593964694,5.982271233039568,-0.1373753609251258,1
10513,6.0901271499498915,5.982271233039568,-0.10785591691032348,7
10514,6.042188114240985,5.982271233039568,-0.05991688120141703,8
10515,6.145980127026577,5.982271233039568,-0.1637088939870086,6
10516,6.038786484138871,5.982271233039568,-0.05651525109930322,10
10517,5.979538977853212,5.982271233039568,0.002732255186355559,2
10518,6.2930827877544795,5.982271233039568,-0.3108115547149115,9
10519,6.181449256374602,5.982271233039568,-0.1991780233350342,5
10520,6.20379656969875,5.982271233039568,-0.22152533665918206,4
10521,6.793390834597619,6.973127853599698,0.17973701900207928,7
10522,6.783752638380908,6.973127853599698,0.18937521521879042,9
10523,6.863383103526503,6.973127853599698,0.10974475007319562,6
10524,6.632311025229303,6.973127853599698,0.3408168283703956,5
10525,6.688100535683346,6.973127853599698,0.2850273179163523,10
10526,6.619101652406653,6.973127853599698,0.3540262011930455,4
10527,6.351088606094069,6.973127853599698,0.6220392475056293,8
10528,6.713785143206563,6.973127853599698,0.2593427103931356,1
10529,6.658183904346838,6.973127853599698,0.31494394925286073,3
10530,6.321432145649965,6.077731179652392,-0.24370096599757307,3
10531,6.515812282441127,6.077731179652392,-0.43808110278873524,1
10532,6.375204074911039,6.077731179652392,-0.2974728952586476,4
10533,6.743271726174478,6.077731179652392,-0.6655405465220863,6
10534,6.252654640731069,6.077731179652392,-0.17492346107867718,8
10535,6.510176342006736,6.077731179652392,-0.4324451623543446,2
10536,6.605555702404641,6.077731179652392,-0.5278245227522493,9
10537,6.590871416267953,6.077731179652392,-0.5131402366155617,7
10538,6.5458652911977575,6.077731179652392,-0.4681341115453659,10
10539,6.95454667873373,6.3979400086720375,-0.5566066700616927,8
10540,6.647891322022576,6.3979400086720375,-0.24995131335053866,3
10541,6.506251223030076,6.3979400086720375,-0.10831121435803848,7
10542,7.157251331900925,6.3979400086720375,-0.7593113232288875,5
10543,6.359357353188822,6.3979400086720375,0.038582655483215156,10
10544,6.376715179648602,6.3979400086720375,0.02122482902343581,2
10545,6.675840981663209,6.3979400086720375,-0.2779009729911719,4
10546,6.424115935330285,6.3979400086720375,-0.026175926658247306,1
10547,6.315116718307114,6.3979400086720375,0.08282329036492353,6
10548,7.226500382825038,7.294466226161593,0.06796584333655531,9
10549,7.052791402920537,7.294466226161593,0.24167482324105638,10
10550,6.681967256120438,7.294466226161593,0.6124989700411554,3
10551,7.075657307903311,7.294466226161593,0.21880891825828197,5
10552,6.885140194227059,7.294466226161593,0.4093260319345342,8
10553,6.8425412195005535,7.294466226161593,0.45192500666103985,4
10554,6.958835265254912,7.294466226161593,0.33563096090668143,1
10555,6.929810321549601,7.294466226161593,0.3646559046119924,2
10556,6.969098087843018,7.294466226161593,0.32536813831857536,6
10557,7.054950898554737,7.333648756514701,0.2786978579599637,5
10558,7.218838237908797,7.333648756514701,0.11481051860590341,3
10559,6.494866227740334,7.333648756514701,0.8387825287743667,10
10560,6.364571557579569,7.333648756514701,0.9690771989351319,2
10561,6.792079034225856,7.333648756514701,0.5415697222888447,8
10562,6.522317813578601,7.333648756514701,0.8113309429360998,6
10563,6.943916928855118,7.333648756514701,0.3897318276595829,9
10564,6.651713448755886,7.333648756514701,0.6819353077588151,7
10565,6.4911089273471525,7.333648756514701,0.8425398291675483,1
10566,6.6398651907695045,7.793755472155577,1.1538902813860723,6
10567,6.473967818929844,7.793755472155577,1.3197876532257329,10
10568,6.471145808200332,7.793755472155577,1.3226096639552445,3
10569,6.405344782664009,7.793755472155577,1.3884106894915682,4
10570,6.593408930257492,7.793755472155577,1.2003465418980852,7
10571,6.704343725355108,7.793755472155577,1.0894117468004687,9
10572,6.4610465901194445,7.793755472155577,1.3327088820361324,1
10573,6.199840457344158,7.793755472155577,1.5939150148114187,8
10574,6.532925799594718,7.793755472155577,1.2608296725608588,5
10575,6.671051091559531,6.087071205906535,-0.5839798856529956,3
10576,6.78016780909855,6.087071205906535,-0.6930966031920152,7
10577,6.696882308708923,6.087071205906535,-0.6098111028023876,5
10578,6.783366532410313,6.087071205906535,-0.6962953265037779,9
10579,6.599019334067761,6.087071205906535,-0.5119481281612259,2
10580,6.697202916630817,6.087071205906535,-0.6101317107242821,6
10581,6.587097441503005,6.087071205906535,-0.5000262355964695,10
10582,6.337719036875888,6.087071205906535,-0.2506478309693527,8
10583,6.536066927853875,6.087071205906535,-0.44899572194734017,4
10584,6.405344782664009,6.0,-0.40534478266400864,4
10585,6.460739411696074,6.0,-0.4607394116960739,2
10586,6.593408930257492,6.0,-0.5934089302574916,7
10587,6.6398651907695045,6.0,-0.6398651907695045,6
10588,6.704343725355107,6.0,-0.7043437253551073,9
10589,6.532925799594718,6.0,-0.5329257995947181,5
10590,6.199840457344157,6.0,-0.19984045734415723,8
10591,6.461046590119443,6.0,-0.4610465901194427,1
10592,6.473967818929844,6.0,-0.47396781892984396,10
10593,6.609915118976233,6.544068044350276,-0.06584707462595762,5
10594,6.641903697363162,6.544068044350276,-0.09783565301288633,1
10595,6.753564919633923,6.544068044350276,-0.20949687528364702,9
10596,6.739321607427974,6.544068044350276,-0.19525356307769837,7
10597,6.608465390374589,6.544068044350276,-0.06439734602431368,10
10598,6.6242444782987375,6.544068044350276,-0.08017643394846186,2
10599,6.512407014460823,6.544068044350276,0.03166102988945241,4
10600,6.602154718279158,6.544068044350276,-0.05808667392888189,3
10601,6.314735948958055,6.544068044350276,0.22933209539222066,8
10602,7.036529300011563,7.845098040014257,0.808568740002694,5
10603,6.792039014123627,7.845098040014257,1.0530590258906303,7
10604,6.5397564302206215,7.845098040014257,1.3053416097936354,2
10605,7.2505749019085375,7.845098040014257,0.5945231381057194,8
10606,7.117014946891607,7.845098040014257,0.7280830931226498,4
10607,6.938403255153829,7.845098040014257,0.9066947848604281,9
10608,6.7055329911871695,7.845098040014257,1.1395650488270874,1
10609,7.406777855452814,7.845098040014257,0.4383201845614426,3
10610,6.7090743204640315,7.845098040014257,1.1360237195502254,10
10611,6.307832745285539,7.301029995663981,0.9931972503784419,9
10612,6.350024145357129,7.301029995663981,0.9510058503068519,7
10613,6.166438193016701,7.301029995663981,1.1345918026472805,3
10614,6.157484487361173,7.301029995663981,1.1435455083028083,5
10615,6.189036577508223,7.301029995663981,1.111993418155758,2
10616,6.04149442489462,7.301029995663981,1.2595355707693612,8
10617,6.430487815144339,7.301029995663981,0.8705421805196423,6
10618,6.223967826965383,7.301029995663981,1.077062168698598,4
10619,6.217060285263224,7.301029995663981,1.0839697104007575,10
10620,6.08440658773569,6.975431808509263,0.8910252207735727,9
10621,5.956395201094228,6.975431808509263,1.0190366074150345,2
10622,6.1761653096799645,6.975431808509263,0.7992664988292981,6
10623,5.752037517658368,6.975431808509263,1.2233942908508944,8
10624,5.9227167540961645,6.975431808509263,1.052715054413098,7
10625,6.17874515238331,6.975431808509263,0.7966866561259529,5
10626,5.920456622633812,6.975431808509263,1.0549751858754508,4
10627,6.004549556839976,6.975431808509263,0.9708822516692868,1
10628,6.115032276251718,6.975431808509263,0.8603995322575448,3
10629,6.487639727443846,6.184691430817598,-0.3029482966262478,8
10630,6.529099618275226,6.184691430817598,-0.3444081874576277,10
10631,6.484099170062736,6.184691430817598,-0.2994077392451375,2
10632,6.684304993053985,6.184691430817598,-0.4996135622363864,6
10633,6.531118275155398,6.184691430817598,-0.3464268443377998,1
10634,6.713202971202351,6.184691430817598,-0.5285115403847529,5
10635,6.721048263335242,6.184691430817598,-0.5363568325176438,9
10636,6.606515037065433,6.184691430817598,-0.4218236062478349,7
10637,6.91973126187215,6.184691430817598,-0.7350398310545518,3
10638,6.244281061607912,6.281033367247727,0.036752305639815575,6
10639,6.0586497873114,6.281033367247727,0.22238357993632718,2
10640,6.390427314782497,6.281033367247727,-0.10939394753476961,5
10641,6.071225002412304,6.281033367247727,0.20980836483542298,7
10642,6.1452945108660435,6.281033367247727,0.1357388563816837,8
10643,5.924599867526288,6.281033367247727,0.35643349972143934,1
10644,6.062119784195791,6.281033367247727,0.2189135830519362,10
10645,6.47047279752968,6.281033367247727,-0.18943943028195243,9
10646,6.2738113460906035,6.281033367247727,0.00722202115712367,3
10647,6.53816884937776,5.012837224705172,-1.5253316246725879,1
10648,6.349506297192855,5.012837224705172,-1.336669072487683,2
10649,6.210820971499527,5.012837224705172,-1.197983746794355,4
10650,6.444432768020298,5.012837224705172,-1.431595543315126,6
10651,6.284888591531444,5.012837224705172,-1.2720513668262718,5
10652,5.934625050532912,5.012837224705172,-0.9217878258277397,8
10653,6.17476625234368,5.012837224705172,-1.1619290276385081,3
10654,6.431956025977123,5.012837224705172,-1.4191188012719511,10
10655,6.504580198990625,5.012837224705172,-1.4917429742854527,7
10656,6.597305455940888,7.735997884091794,1.1386924281509057,8
10657,6.435650518792901,7.735997884091794,1.3003473652988928,1
10658,6.97720743970957,7.735997884091794,0.7587904443822238,3
10659,6.977345500316634,7.735997884091794,0.7586523837751598,4
10660,6.702840950545467,7.735997884091794,1.0331569335463264,6
10661,6.617630812774516,7.735997884091794,1.1183670713172775,7
10662,6.937401050459143,7.735997884091794,0.7985968336326508,5
10663,6.772900743850587,7.735997884091794,0.9630971402412065,9
10664,6.511479244041328,7.735997884091794,1.2245186400504657,2
10665,6.526447410677445,5.301029995663981,-1.2254174150134638,10
10666,6.607452667058575,5.301029995663981,-1.3064226713945937,6
10667,6.185501371419138,5.301029995663981,-0.8844713757551563,8
10668,6.657071632125047,5.301029995663981,-1.3560416364610655,7
10669,6.685016917810834,5.301029995663981,-1.3839869221468524,5
10670,6.500001502204108,5.301029995663981,-1.1989715065401265,2
10671,6.549902096163798,5.301029995663981,-1.248872100499817,1
10672,6.711098027906822,5.301029995663981,-1.4100680322428412,9
10673,6.401240175613764,5.301029995663981,-1.1002101799497828,4
10674,6.7290598793941205,6.618633737597086,-0.11042614179703492,10
10675,6.817490232360806,6.618633737597086,-0.1988564947637208,7
10676,6.6661085060517875,6.618633737597086,-0.04747476845470189,2
10677,6.618851863271364,6.618633737597086,-0.00021812567427836882,5
10678,6.741092496183908,6.618633737597086,-0.12245875858682265,1
10679,6.9156563222198395,6.618633737597086,-0.2970225846227539,6
10680,6.203040383675604,6.618633737597086,0.4155933539214818,8
10681,6.4933124687208945,6.618633737597086,0.1253212688761911,3
10682,6.60636956894376,6.618633737597086,0.012264168653326024,4
10683,6.59177722773708,7.665017825412472,1.073240597675392,2
10684,6.7840393674190915,7.665017825412472,0.8809784579933808,6
10685,6.659722103956644,7.665017825412472,1.0052957214558287,10
10686,6.961988947406434,7.665017825412472,0.7030288780060383,3
10687,6.787256373533327,7.665017825412472,0.8777614518791452,5
10688,6.831995612651719,7.665017825412472,0.8330222127607536,4
10689,6.531032739733866,7.665017825412472,1.1339850856786065,8
10690,6.761490431330787,7.665017825412472,0.903527394081685,7
10691,6.816337251406018,7.665017825412472,0.8486805740064547,9
10692,6.620828058852589,6.361727836017593,-0.2591002228349959,8
10693,6.883085044203579,6.361727836017593,-0.5213572081859859,3
10694,6.837647980390516,6.361727836017593,-0.47592014437292285,7
10695,6.925216074518531,6.361727836017593,-0.5634882385009377,5
10696,7.001611312507216,6.361727836017593,-0.6398834764896231,9
10697,6.727112246006711,6.361727836017593,-0.3653844099891179,2
10698,7.000191351965442,6.361727836017593,-0.6384635159478487,4
10699,6.728842065167022,6.361727836017593,-0.36711422914942915,10
10700,6.729888348341937,6.361727836017593,-0.3681605123243443,1
10701,6.716674064731296,6.886490725172482,0.16981666044118615,3
10702,6.591834794601755,6.886490725172482,0.2946559305707277,2
10703,6.755050956007895,6.886490725172482,0.13143976916458744,6
10704,6.39303224743935,6.886490725172482,0.49345847773313256,8
10705,6.6339689109900855,6.886490725172482,0.25252181418239683,10
10706,6.768483604322605,6.886490725172482,0.11800712084987719,9
10707,6.679192423877283,6.886490725172482,0.20729830129519922,5
10708,6.669733708862907,6.886490725172482,0.21675701630957533,1
10709,6.666500373268103,6.886490725172482,0.21999035190437954,4
10710,6.58674328119894,7.477121254719663,0.8903779735207227,5
10711,6.635173068820229,7.477121254719663,0.841948185899434,7
10712,6.579440349976013,7.477121254719663,0.89768090474365,1
10713,6.677110729806303,7.477121254719663,0.8000105249133593,9
10714,6.516723804964498,7.477121254719663,0.9603974497551642,2
10715,6.5272150447386945,7.477121254719663,0.9499062099809681,10
10716,6.636761068630334,7.477121254719663,0.8403601860893284,6
10717,6.647216839638815,7.477121254719663,0.8299044150808479,3
10718,6.544484208026978,7.477121254719663,0.932637046692685,4
10719,6.0530414327694375,6.079181246047625,0.026139813278187596,4
10720,5.985017406235085,6.079181246047625,0.0941638398125404,8
10721,6.694962684033638,6.079181246047625,-0.6157814379860129,10
10722,6.63054207635678,6.079181246047625,-0.5513608303091546,7
10723,6.696322194693547,6.079181246047625,-0.6171409486459218,3
10724,6.658014452389894,6.079181246047625,-0.578833206342269,1
10725,6.6682171002488335,6.079181246047625,-0.5890358542012084,9
10726,6.807269127584672,6.079181246047625,-0.7280878815370473,6
10727,6.604849116138589,6.079181246047625,-0.525667870090964,2
10728,6.614330853912648,6.744918542441353,0.1305876885287054,1
10729,6.363552189409104,6.744918542441353,0.3813663530322495,3
10730,6.414747466617235,6.744918542441353,0.33017107582411853,4
10731,6.709862857899179,6.744918542441353,0.03505568454217478,6
10732,6.463150898989038,6.744918542441353,0.28176764345231575,2
10733,6.333117153254137,6.744918542441353,0.4118013891872163,8
10734,6.347687533941872,6.744918542441353,0.3972310084994817,5
10735,6.498817107288771,6.744918542441353,0.24610143515258276,9
10736,6.515626202296532,6.744918542441353,0.2292923401448217,10
10737,6.473967818929844,5.2455126678141495,-1.2284551511156945,10
10738,6.593408930257492,5.2455126678141495,-1.3478962624433422,7
10739,6.471145808200332,5.2455126678141495,-1.2256331403861829,3
10740,6.199840457344158,5.2455126678141495,-0.9543277895300086,8
10741,6.532925799594718,5.2455126678141495,-1.2874131317805686,5
10742,6.405344782664009,5.2455126678141495,-1.1598321148498592,4
10743,6.704343725355106,5.2455126678141495,-1.4588310575409569,9
10744,6.461046590119443,5.2455126678141495,-1.2155339223052932,1
10745,6.6398651907695045,5.2455126678141495,-1.394352522955355,6
10746,6.425725912050732,6.698970004336019,0.273244092285287,4
10747,6.548319425107837,6.698970004336019,0.1506505792281816,6
10748,6.4298841247951,6.698970004336019,0.2690858795409188,3
10749,6.222962636081911,6.698970004336019,0.47600736825410817,8
10750,6.400589341994925,6.698970004336019,0.29838066234109384,1
10751,6.349001604268866,6.698970004336019,0.34996840006715235,5
10752,6.381063263629994,6.698970004336019,0.3179067407060243,2
10753,6.408330025473195,6.698970004336019,0.29063997886282333,10
10754,6.534432999245278,6.698970004336019,0.16453700509074043,7
10755,6.504881196925594,7.174234304941022,0.6693531080154278,4
10756,6.552360966807189,7.174234304941022,0.6218733381338328,9
10757,6.454059020552239,7.174234304941022,0.720175284388783,10
10758,6.860186411412613,7.174234304941022,0.314047893528409,3
10759,6.527431050381454,7.174234304941022,0.6468032545595683,1
10760,6.449198123775399,7.174234304941022,0.7250361811656232,2
10761,6.4645928791443,7.174234304941022,0.7096414257967218,6
10762,6.594413878146439,7.174234304941022,0.5798204267945826,5
10763,6.632678359657947,7.174234304941022,0.5415559452830747,7
10764,6.4119954765681,6.047140468477217,-0.364855008090883,10
10765,6.424104090314129,6.047140468477217,-0.37696362183691257,1
10766,6.615452974367136,6.047140468477217,-0.568312505889919,6
10767,6.37059502421891,6.047140468477217,-0.32345455574169346,4
10768,6.375083102638847,6.047140468477217,-0.32794263416163005,3
10769,6.402431608660846,6.047140468477217,-0.3552911401836294,2
10770,6.477261871046134,6.047140468477217,-0.4301214025689175,9
10771,6.154168518828743,6.047140468477217,-0.10702805035152618,8
10772,6.5043214191060885,6.047140468477217,-0.45718095062887176,7
10773,6.181267311204969,5.628388930050312,-0.5528783811546578,3
10774,6.203182806193504,5.628388930050312,-0.5747938761431923,9
10775,6.165801722373376,5.628388930050312,-0.5374127923230647,10
10776,6.373767332461105,5.628388930050312,-0.7453784024107932,6
10777,6.211675761569379,5.628388930050312,-0.5832868315190671,5
10778,6.186623203169855,5.628388930050312,-0.5582342731195435,1
10779,6.15138008768123,5.628388930050312,-0.5229911576309183,2
10780,6.23984504952527,5.628388930050312,-0.6114561194749584,7
10781,6.014314694201097,5.628388930050312,-0.3859257641507856,8
10782,6.575812271070631,7.204119982655925,0.6283077115852942,8
10783,6.528308367900221,7.204119982655925,0.6758116147557036,4
10784,6.838804371973473,7.204119982655925,0.365315610682452,5
10785,6.116108822697234,7.204119982655925,1.0880111599586906,2
10786,6.358557821564722,7.204119982655925,0.8455621610912027,9
10787,6.2249310711268935,7.204119982655925,0.9791889115290315,7
10788,6.310151462544612,7.204119982655925,0.8939685201113132,6
10789,6.199334827204548,7.204119982655925,1.0047851554513771,10
10790,6.756864922277162,7.204119982655925,0.4472550603787626,3
10791,6.90690725805027,6.900312496983727,-0.006594761066543775,5
10792,6.772582364111726,6.900312496983727,0.1277301328720002,2
10793,6.996028997508379,6.900312496983727,-0.0957165005246523,9
10794,6.75527752425053,6.900312496983727,0.145034972733197,10
10795,6.956312120981495,6.900312496983727,-0.05599962399776803,7
10796,6.838261239482714,6.900312496983727,0.06205125750101281,1
10797,6.954775896109466,6.900312496983727,-0.05446339912573972,4
10798,6.917048124839047,6.900312496983727,-0.016735627855320345,3
10799,6.918202761537186,6.900312496983727,-0.017890264553459545,6
10800,4.251190010184457,6.0,1.748809989815543,3
10801,5.320028364076617,6.0,0.6799716359233834,5
10802,4.82577239616763,6.0,1.17422760383237,7
10803,4.865360764306741,6.0,1.1346392356932586,1
10804,5.084613081643224,6.0,0.9153869183567762,4
10805,5.3779491851300225,6.0,0.6220508148699775,6
10806,4.796127843651145,6.0,1.2038721563488552,10
10807,5.0402454161001655,6.0,0.9597545838998345,8
10808,4.768946101562287,6.0,1.2310538984377128,9
10809,5.1033158156323175,4.041392685158225,-1.0619231304740921,8
10810,5.223538043435939,4.041392685158225,-1.1821453582777135,7
10811,5.136354079743342,4.041392685158225,-1.0949613945851162,1
10812,5.203755826332674,4.041392685158225,-1.162363141174449,4
10813,5.32442324490187,4.041392685158225,-1.2830305597436444,6
10814,5.2174609204323135,4.041392685158225,-1.176068235274088,9
10815,5.4857830394462335,4.041392685158225,-1.444390354288008,5
10816,5.025523057489717,4.041392685158225,-0.9841303723314914,10
10817,4.897452799901115,4.041392685158225,-0.8560601147428892,2
10818,6.832003230532106,5.352240420182231,-1.4797628103498743,9
10819,6.60636956894376,5.352240420182231,-1.2541291487615283,4
10820,6.618851863271364,5.352240420182231,-1.2666114430891326,5
10821,6.7290598793941205,5.352240420182231,-1.3768194592118892,10
10822,6.741092496183908,5.352240420182231,-1.388852076001677,1
10823,6.9156563222198395,5.352240420182231,-1.5634159020376082,6
10824,6.817490232360806,5.352240420182231,-1.465249812178575,7
10825,6.4933124687208945,5.352240420182231,-1.1410720485386632,3
10826,6.203040383675604,5.352240420182231,-0.8507999634933725,8
10827,6.041494424894622,6.0,-0.04149442489462185,8
10828,6.217060285263224,6.0,-0.21706028526322374,10
10829,6.1890365775082214,6.0,-0.18903657750822145,2
10830,6.166438193016701,6.0,-0.1664381930167007,3
10831,6.157484487361173,6.0,-0.15748448736117293,5
10832,6.206171572541564,6.0,-0.20617157254156382,1
10833,6.350024145357129,6.0,-0.35002414535712933,7
10834,6.307832745285539,6.0,-0.3078327452855394,9
10835,6.430487815144339,6.0,-0.430487815144339,6
10836,6.615452974367136,6.3807537708039,-0.2346992035632356,6
10837,6.434532462081719,6.3807537708039,-0.053778691277818425,5
10838,6.504321419106088,6.3807537708039,-0.12356764830218747,7
10839,6.424104090314129,6.3807537708039,-0.04335031951022916,1
10840,6.37059502421891,6.3807537708039,0.010158746584989942,4
10841,6.375083102638847,6.3807537708039,0.00567066816505335,3
10842,6.411995476568101,6.3807537708039,-0.03124170576420049,10
10843,6.154168518828743,6.3807537708039,0.22658525197515722,8
10844,6.477261871046134,6.3807537708039,-0.09650810024223411,9
10845,5.910384753906711,6.07700432679335,0.1666195728866393,6
10846,5.742534388935241,6.07700432679335,0.33446993785810886,9
10847,5.600766095479387,6.07700432679335,0.47623823131396303,8
10848,5.624787201357429,6.07700432679335,0.4522171254359213,2
10849,6.08660235708856,6.07700432679335,-0.009598030295209448,7
10850,5.70139481723502,6.07700432679335,0.3756095095583305,1
10851,5.911470779102031,6.07700432679335,0.1655335476913189,4
10852,5.782483561482198,6.07700432679335,0.29452076531115257,10
10853,5.726374127125453,6.07700432679335,0.3506301996678971,5
10854,5.9901911189694905,6.252124552505644,0.2619334335361536,9
10855,5.902606097441141,6.252124552505644,0.3495184550645032,2
10856,6.122299917484248,6.252124552505644,0.12982463502139652,7
10857,5.98363910875662,6.252124552505644,0.2684854437490243,10
10858,5.900393330649895,6.252124552505644,0.3517312218557489,8
10859,5.918346170369244,6.252124552505644,0.33377838213640043,3
10860,6.1499115493608825,6.252124552505644,0.10221300314476167,4
10861,6.093343080706685,6.252124552505644,0.1587814717989593,6
10862,5.947719200155251,6.252124552505644,0.30440535235039334,5
10863,6.045435569930483,6.006037954997317,-0.03939761493316585,7
10864,5.792178503246759,6.006037954997317,0.2138594517505581,10
10865,5.349542386655846,6.006037954997317,0.6564955683414713,3
10866,6.052296647074097,6.006037954997317,-0.046258692076779795,4
10867,5.796589194980472,6.006037954997317,0.2094487600168451,1
10868,5.604092258417112,6.006037954997317,0.4019456965802046,2
10869,5.890304041013796,6.006037954997317,0.11573391398352051,6
10870,6.030193352635252,6.006037954997317,-0.024155397637935394,5
10871,5.837730045627114,6.006037954997317,0.16830790937020268,8
10872,5.838824490606864,5.913018683747961,0.07419419314109632,1
10873,5.860423635390604,5.913018683747961,0.05259504835735651,10
10874,6.1507161277722915,5.913018683747961,-0.2376974440243309,4
10875,5.822363059474625,5.913018683747961,0.09065562427333518,2
10876,6.005684226502183,5.913018683747961,-0.09266554275422223,3
10877,6.0232107532965005,5.913018683747961,-0.11019206954853988,7
10878,5.923908188010029,5.913018683747961,-0.01088950426206825,9
10879,6.024093709753317,5.913018683747961,-0.11107502600535657,8
10880,6.015115038869517,5.913018683747961,-0.10209635512155657,6
10881,6.02843529743374,5.742725131304698,-0.285710166129042,4
10882,5.959508508360508,5.742725131304698,-0.21678337705581008,9
10883,5.8714466349120045,5.742725131304698,-0.1287215036073066,3
10884,5.914113182352409,5.742725131304698,-0.17138805104771127,1
10885,6.150217081443678,5.742725131304698,-0.4074919501389802,7
10886,5.835768637049647,5.742725131304698,-0.0930435057449488,2
10887,5.912790144399363,5.742725131304698,-0.17006501309466504,5
10888,5.876537133887475,5.742725131304698,-0.13381200258277737,10
10889,5.858152658289522,5.742725131304698,-0.11542752698482417,8
10890,5.847343639053384,4.845098040014257,-1.002245599039127,5
10891,5.982535695272324,4.845098040014257,-1.1374376552580667,6
10892,6.021999556207176,4.845098040014257,-1.1769015161929195,4
10893,5.978003719789931,4.845098040014257,-1.132905679775674,10
10894,5.881160505688029,4.845098040014257,-1.0360624656737718,2
10895,5.902619384834525,4.845098040014257,-1.0575213448202678,1
10896,5.560463608037389,4.845098040014257,-0.7153655680231319,8
10897,5.791145202305755,4.845098040014257,-0.9460471622914977,9
10898,5.7442943284982055,4.845098040014257,-0.8991962884839486,3
10899,6.207627466512547,5.857030798272624,-0.3505966682399233,10
10900,6.052261920688557,5.857030798272624,-0.1952311224159331,2
10901,6.194867092415364,5.857030798272624,-0.33783629414273975,9
10902,6.159399794888918,5.857030798272624,-0.3023689966162939,5
10903,6.1008022871506435,5.857030798272624,-0.24377148887801958,8
10904,6.122742893666025,5.857030798272624,-0.26571209539340135,4
10905,6.07525062386444,5.857030798272624,-0.21821982559181574,1
10906,6.114472384972225,5.857030798272624,-0.25744158669960093,3
10907,6.27619443644218,5.857030798272624,-0.4191636381695556,6
10908,5.669572883171101,6.078094150406411,0.4085212672353098,1
10909,5.683018403939983,6.078094150406411,0.3950757464664276,9
10910,5.620854699211552,6.078094150406411,0.45723945119485876,8
10911,5.963860177156374,6.078094150406411,0.11423397325003659,4
10912,5.704648446064662,6.078094150406411,0.37344570434174873,10
10913,5.649731666631376,6.078094150406411,0.42836248377503505,5
10914,5.576123057071157,6.078094150406411,0.5019710933352544,2
10915,5.809198953971145,6.078094150406411,0.26889519643526594,6
10916,5.89367136189657,6.078094150406411,0.18442278850984106,7
10917,6.147904678808767,6.382233234970556,0.23432855616178916,6
10918,6.148144563311762,6.382233234970556,0.2340886716587942,5
10919,6.0965073315349665,6.382233234970556,0.2857259034355897,2
10920,6.032785987466998,6.382233234970556,0.3494472475035586,3
10921,6.294529214305113,6.382233234970556,0.08770402066544314,1
10922,6.132211369424445,6.382233234970556,0.2500218655461115,10
10923,6.32121115119346,6.382233234970556,0.06102208377709584,4
10924,6.255140791063538,6.382233234970556,0.12709244390701802,9
10925,6.24126806982044,6.382233234970556,0.14096516515011626,7
10926,5.97507788879134,6.093421685162235,0.11834379637089487,2
10927,5.975032232389014,6.093421685162235,0.11838945277322033,10
10928,6.0813147806125505,6.093421685162235,0.012106904549684216,5
10929,6.017756071530337,6.093421685162235,0.07566561363189805,8
10930,6.069148338944073,6.093421685162235,0.024273346218161684,1
10931,6.059910436830999,6.093421685162235,0.03351124833123542,9
10932,6.057168025470207,6.093421685162235,0.03625365969202754,4
10933,6.142253426281173,6.093421685162235,-0.04883174111893851,7
10934,6.0845347273325885,6.093421685162235,0.008886957829646214,3
10935,6.099729281905243,5.78625439578978,-0.31347488611546304,6
10936,5.880374106687504,5.78625439578978,-0.09411971089772386,9
10937,5.67392502595633,5.78625439578978,0.11232936983344999,4
10938,6.172700256101159,5.78625439578978,-0.38644586031137873,7
10939,5.6694792994301,5.78625439578978,0.11677509635967986,8
10940,5.8501721786799905,5.78625439578978,-0.06391778289021044,1
10941,5.8632009490704675,5.78625439578978,-0.07694655328068745,2
10942,5.753653295705052,5.78625439578978,0.03260110008472772,5
10943,5.770713318978636,5.78625439578978,0.015541076811143917,3
10944,5.606921763639844,5.963787827345556,0.35686606370571194,2
10945,5.754242821057671,5.963787827345556,0.2095450062878843,7
10946,5.563196479981059,5.963787827345556,0.40059134736449664,3
10947,5.626540953180034,5.963787827345556,0.3372468741655217,10
10948,5.733461079539595,5.963787827345556,0.23032674780596096,4
10949,5.712803549667946,5.963787827345556,0.25098427767760967,5
10950,5.5778039062627265,5.963787827345556,0.3859839210828291,9
10951,5.530488786442421,5.963787827345556,0.433299040903135,8
10952,5.692873207297586,5.963787827345556,0.27091462004796973,1
10953,5.563835500313674,6.093421685162235,0.5295861848485606,3
10954,5.576492371736399,6.093421685162235,0.5169293134258357,5
10955,6.0596033147673465,6.093421685162235,0.03381837039488822,9
10956,5.5492412369705955,6.093421685162235,0.5441804481916392,4
10957,5.478735651292079,6.093421685162235,0.6146860338701554,2
10958,6.020854946513379,6.093421685162235,0.07256673864885599,7
10959,5.576860631414845,6.093421685162235,0.5165610537473899,8
10960,5.8019273527338475,6.093421685162235,0.2914943324283872,10
10961,5.566451575817753,6.093421685162235,0.5269701093444814,1
10962,5.041693098614499,4.88309335857569,-0.1585997400388095,8
10963,5.5443427518641375,4.88309335857569,-0.6612493932884478,4
10964,5.482718443415018,4.88309335857569,-0.5996250848393281,7
10965,5.372967100498832,4.88309335857569,-0.4898737419231427,3
10966,5.327049809691448,4.88309335857569,-0.4439564511157581,5
10967,5.196826411449949,4.88309335857569,-0.3137330528742597,10
10968,5.2047680793259365,4.88309335857569,-0.32167472075024683,2
10969,5.331254954590185,4.88309335857569,-0.44816159601449534,6
10970,4.729619249611638,4.88309335857569,0.15347410896405211,1
10971,5.404079117429397,5.123851640967086,-0.2802274764623114,1
10972,5.165868823644973,5.123851640967086,-0.042017182677887455,5
10973,5.791004550528018,5.123851640967086,-0.6671529095609321,10
10974,5.915557082849795,5.123851640967086,-0.7917054418827094,6
10975,5.807539086225133,5.123851640967086,-0.6836874452580473,7
10976,5.151898117923851,5.123851640967086,-0.02804647695676543,4
10977,5.4461280056755275,5.123851640967086,-0.3222763647084417,9
10978,4.995771801193935,5.123851640967086,0.12807983977315107,8
10979,5.684790571041547,5.123851640967086,-0.5609389300744612,2
10980,6.30953103456466,6.176091259055681,-0.1334397755089789,7
10981,5.919924569407573,6.176091259055681,0.25616668964810874,5
10982,5.94884587243972,6.176091259055681,0.2272453866159614,2
10983,6.246516668994775,6.176091259055681,-0.07042540993909352,4
10984,6.0586104784166,6.176091259055681,0.11748078063908096,1
10985,6.276744277114761,6.176091259055681,-0.10065301805907989,10
10986,6.108384596456205,6.176091259055681,0.067706662599476,6
10987,6.203951586944259,6.176091259055681,-0.027860327888578063,9
10988,5.878490494218753,6.176091259055681,0.2976007648369281,8
10989,5.167047890446512,3.3010299956639813,-1.866017894782531,7
10990,5.270305795570319,3.3010299956639813,-1.9692757999063382,10
10991,5.0883990916719695,3.3010299956639813,-1.7873690960079882,9
10992,4.56079763289064,3.3010299956639813,-1.259767637226659,3
10993,4.9108763724552835,3.3010299956639813,-1.6098463767913023,2
10994,4.833581946150844,3.3010299956639813,-1.5325519504868623,5
10995,4.82580268988031,3.3010299956639813,-1.5247726942163284,4
10996,4.659240065427255,3.3010299956639813,-1.358210069763274,8
10997,5.016464597065028,3.3010299956639813,-1.7154346014010464,1
10998,6.069776346551345,6.392978186542541,0.3232018399911958,3
10999,6.109979705153001,6.392978186542541,0.28299848138953987,6
11000,6.2470575883375465,6.392978186542541,0.14592059820499426,9
11001,5.999170697151682,6.392978186542541,0.3938074893908592,1
11002,6.243624912444537,6.392978186542541,0.14935327409800347,10
11003,6.311528948989704,6.392978186542541,0.08144923755283706,7
11004,6.022204483427807,6.392978186542541,0.37077370311473423,2
11005,5.817534527625135,6.392978186542541,0.5754436589174059,8
11006,6.1737630520910605,6.392978186542541,0.21921513445148033,4
11007,6.3799870616359025,6.463445031770428,0.08345797013452572,6
11008,6.217576979990564,6.463445031770428,0.2458680517798646,5
11009,6.366519113069724,6.463445031770428,0.09692591870070455,4
11010,6.345179345596422,6.463445031770428,0.11826568617400657,9
11011,6.227838026509685,6.463445031770428,0.23560700526074285,2
11012,6.4227452021025,6.463445031770428,0.04069982966792818,7
11013,6.152044998220766,6.463445031770428,0.3114000335496625,8
11014,6.361384857273049,6.463445031770428,0.10206017449737903,10
11015,6.25025902594458,6.463445031770428,0.21318600582584857,3
11016,6.0312741241135575,5.0,-1.0312741241135575,3
11017,6.215917069517347,5.0,-1.2159170695173467,6
11018,6.084118522956946,5.0,-1.0841185229569463,8
11019,6.0178051504228325,5.0,-1.0178051504228325,1
11020,6.177246604227044,5.0,-1.1772466042270437,7
11021,5.995342225036129,5.0,-0.9953422250361292,5
11022,6.022478503280426,5.0,-1.0224785032804258,2
11023,6.0901858086069325,5.0,-1.0901858086069325,10
11024,6.070087838347306,5.0,-1.0700878383473063,4
11025,5.892336815663277,6.544068044350276,0.651731228686999,9
11026,5.586079177366182,6.544068044350276,0.9579888669840937,1
11027,5.822721339200828,6.544068044350276,0.7213467051494478,7
11028,5.68693733580661,6.544068044350276,0.8571307085436652,5
11029,5.389035773276636,6.544068044350276,1.1550322710736394,8
11030,5.716768301741577,6.544068044350276,0.827299742608699,10
11031,5.6975857779024155,6.544068044350276,0.8464822664478602,6
11032,5.591261729027699,6.544068044350276,0.9528063153225768,3
11033,5.4345426699324175,6.544068044350276,1.1095253744178581,2
11034,6.163095369344312,6.75427186868346,0.5911764993391486,5
11035,6.217644729824297,6.75427186868346,0.5366271388591635,9
11036,6.303344455728997,6.75427186868346,0.4509274129544636,4
11037,6.240977441998725,6.75427186868346,0.5132944266847357,3
11038,6.213725317398743,6.75427186868346,0.5405465512847174,6
11039,6.110756996592321,6.75427186868346,0.6435148720911394,10
11040,6.047616305677657,6.75427186868346,0.7066555630058033,1
11041,6.226949197074897,6.75427186868346,0.5273226716085633,7
11042,6.249725006456846,6.75427186868346,0.504546862226614,8
11043,6.101239357393577,6.152288344383057,0.05104898698948013,8
11044,6.13258263127331,6.152288344383057,0.019705713109746448,3
11045,6.099494741101463,6.152288344383057,0.05279360328159388,1
11046,6.068714119207283,6.152288344383057,0.08357422517577362,5
11047,5.990213236684754,6.152288344383057,0.16207510769830247,2
11048,6.182151592194786,6.152288344383057,-0.02986324781172911,9
11049,6.127301548623875,6.152288344383057,0.02498679575918139,10
11050,6.252944289992395,6.152288344383057,-0.1006559456093381,7
11051,6.312356412274773,6.152288344383057,-0.16006806789171613,4
11052,5.606399337636847,6.079181246047625,0.47278190841077805,6
11053,5.405766192870936,6.079181246047625,0.6734150531766891,5
11054,5.434378741556529,6.079181246047625,0.6448025044910963,1
11055,5.662689977361368,6.079181246047625,0.41649126868625697,8
11056,5.6260729215271,6.079181246047625,0.4531083245205254,9
11057,5.645517300956159,6.079181246047625,0.43366394509146655,7
11058,5.368743820503943,6.079181246047625,0.7104374255436818,2
11059,5.6778318633288505,6.079181246047625,0.4013493827187746,4
11060,5.595795062171612,6.079181246047625,0.4833861838760134,10
11061,5.63901702556606,6.544068044350276,0.9050510187842153,8
11062,5.859274168238758,6.544068044350276,0.6847938761115175,6
11063,5.991230168668483,6.544068044350276,0.5528378756817931,7
11064,5.6512081319951495,6.544068044350276,0.8928599123551262,5
11065,5.893366313606869,6.544068044350276,0.6507017307434069,9
11066,5.897752878987979,6.544068044350276,0.6463151653622967,4
11067,5.608259692087082,6.544068044350276,0.9358083522631935,3
11068,5.965583687985931,6.544068044350276,0.5784843563643447,10
11069,5.843525386766535,6.544068044350276,0.7005426575837408,1
11070,5.998677556299379,5.850033257689769,-0.14864429860960993,2
11071,6.209973800840067,5.850033257689769,-0.359940543150298,6
11072,5.936657523406693,5.850033257689769,-0.0866242657169245,8
11073,5.9089111457694035,5.850033257689769,-0.058877888079634566,5
11074,6.263856821319566,5.850033257689769,-0.4138235636297969,7
11075,6.082872097195763,5.850033257689769,-0.2328388395059937,9
11076,6.097529501768036,5.850033257689769,-0.24749624407826687,10
11077,5.963484499670492,5.850033257689769,-0.11345124198072298,4
11078,5.973182220005112,5.850033257689769,-0.12314896231534345,3
11079,6.085690804879377,5.187520720836463,-0.8981700840429143,3
11080,6.321207814219387,5.187520720836463,-1.1336870933829246,4
11081,6.240262950595606,5.187520720836463,-1.0527422297591436,7
11082,5.956569275815778,5.187520720836463,-0.7690485549793156,5
11083,5.898177041777749,5.187520720836463,-0.7106563209412862,2
11084,6.132967898321447,5.187520720836463,-0.9454471774849846,10
11085,5.952580515005166,5.187520720836463,-0.7650597941687032,6
11086,6.034668217966311,5.187520720836463,-0.847147497129848,8
11087,6.1466461036855735,5.187520720836463,-0.9591253828491109,9
11088,6.391831547906658,6.432327792261604,0.04049624435494614,8
11089,6.505474162678769,6.432327792261604,-0.07314637041716487,4
11090,6.206637560781174,6.432327792261604,0.22569023148042966,10
11091,6.126913123004815,6.432327792261604,0.3054146692567885,3
11092,6.289194763124354,6.432327792261604,0.14313302913724968,9
11093,6.17756612564718,6.432327792261604,0.25476166661442345,1
11094,6.334621640655937,6.432327792261604,0.0977061516056672,7
11095,6.230222726405342,6.432327792261604,0.2021050658562622,6
11096,6.192239683063692,6.432327792261604,0.24008810919791213,5
11097,6.377329677817001,6.776701183988411,0.39937150617141004,4
11098,6.115805812118248,6.776701183988411,0.6608953718701631,1
11099,6.339897271577107,6.776701183988411,0.4368039124113041,8
11100,6.228150560624212,6.776701183988411,0.548550623364199,6
11101,6.264878791824358,6.776701183988411,0.5118223921640537,5
11102,6.282091733888362,6.776701183988411,0.4946094501000493,7
11103,6.281895378035363,6.776701183988411,0.4948058059530487,9
11104,6.1048745146309935,6.776701183988411,0.6718266693574177,2
11105,6.134888644005215,6.776701183988411,0.6418125399831967,10
11106,6.04005115975728,5.02938377768521,-1.0106673820720706,6
11107,6.001967996604528,5.02938377768521,-0.9725842189193186,9
11108,6.0582520886932985,5.02938377768521,-1.0288683110080887,10
11109,5.8941659350655655,5.02938377768521,-0.8647821573803558,1
11110,5.808549454834455,5.02938377768521,-0.779165677149245,2
11111,5.8745822444700755,5.02938377768521,-0.8451984667848658,5
11112,5.821259403579426,5.02938377768521,-0.7918756258942166,8
11113,6.219125305986377,5.02938377768521,-1.189741528301167,7
11114,5.56879686577475,5.02938377768521,-0.5394130880895407,3
11115,6.259467967328531,6.360404054729939,0.1009360874014078,8
11116,6.122787349684898,6.360404054729939,0.23761670504504107,9
11117,6.121839675671271,6.360404054729939,0.23856437905866734,5
11118,5.890368049079699,6.360404054729939,0.47003600565023973,7
11119,6.418610368218231,6.360404054729939,-0.058206313488292416,4
11120,5.806953011767062,6.360404054729939,0.5534510429628767,1
11121,5.944222012615949,6.360404054729939,0.4161820421139897,3
11122,5.851255480649248,6.360404054729939,0.5091485740806911,10
11123,5.547480914449689,6.360404054729939,0.8129231402802501,2
11124,5.800973138857032,6.176091259055681,0.37511812019864976,3
11125,5.891892263592699,6.176091259055681,0.2841989954629822,10
11126,5.510714047556035,6.176091259055681,0.6653772114996466,8
11127,5.854144439233117,6.176091259055681,0.3219468198225641,7
11128,5.819990790924068,6.176091259055681,0.3561004681316131,9
11129,5.862419176933359,6.176091259055681,0.31367208212232267,4
11130,5.8610140042677035,6.176091259055681,0.3150772547879779,1
11131,5.764226672462663,6.176091259055681,0.41186458659301817,2
11132,5.716711660875192,6.176091259055681,0.45937959818048935,5
11133,5.706969582409564,5.787318756624548,0.08034917421498378,6
11134,5.753899927383195,5.787318756624548,0.03341882924135309,10
11135,5.507898602769678,5.787318756624548,0.2794201538548702,2
11136,5.628313541538713,5.787318756624548,0.15900521508583498,8
11137,5.581147354972354,5.787318756624548,0.2061714016521936,3
11138,5.548406907910658,5.787318756624548,0.23891184871389015,5
11139,5.64433957378913,5.787318756624548,0.14297918283541744,1
11140,5.63906723630909,5.787318756624548,0.14825152031545752,9
11141,5.734186451745519,5.787318756624548,0.053132304879028425,4
11142,5.5982119487283475,3.89209460269048,-1.7061173460378676,4
11143,5.137443335677893,3.89209460269048,-1.2453487329874129,5
11144,5.485787109733815,3.89209460269048,-1.5936925070433352,7
11145,5.646943965938299,3.89209460269048,-1.7548493632478195,8
11146,5.1488804366476835,3.89209460269048,-1.2567858339572036,3
11147,5.444261454728286,3.89209460269048,-1.5521668520378062,9
11148,5.483364786390065,3.89209460269048,-1.591270183699585,6
11149,5.340129280981478,3.89209460269048,-1.4480346782909983,2
11150,5.4296000050158195,3.89209460269048,-1.5375054023253396,1
11151,4.01048777495609,4.096910013008056,0.08642223805196636,1
11152,4.2619927840304745,4.096910013008056,-0.1650827710224183,8
11153,4.085835083957215,4.096910013008056,0.011074929050841398,3
11154,3.835263859275849,4.096910013008056,0.26164615373220723,5
11155,3.7718115262880114,4.096910013008056,0.3250984867200448,4
11156,4.673429820242501,4.096910013008056,-0.5765198072344448,7
11157,4.488579113209393,4.096910013008056,-0.3916691002013364,9
11158,4.389830632865349,4.096910013008056,-0.2929206198572931,2
11159,4.169142620140635,4.096910013008056,-0.07223260713257851,10
11160,4.00370167550567,3.404833716619938,-0.5988679588857315,2
11161,3.797946665177282,3.404833716619938,-0.39311294855734413,1
11162,3.9947630549677435,3.404833716619938,-0.5899293383478055,10
11163,4.190461372931095,3.404833716619938,-0.7856276563111568,6
11164,4.096767639942977,3.404833716619938,-0.6919339233230386,9
11165,4.325951259568112,3.404833716619938,-0.9211175429481737,8
11166,4.110957058774472,3.404833716619938,-0.7061233421545343,3
11167,3.78598403047164,3.404833716619938,-0.38115031385170184,5
11168,4.190869135821616,3.404833716619938,-0.7860354192016783,7
11169,5.58742534419867,5.816506437046357,0.22908109284768674,5
11170,5.314003062599783,5.816506437046357,0.5025033744465741,1
11171,5.675250486684088,5.816506437046357,0.141255950362269,7
11172,5.368996884942981,5.816506437046357,0.4475095521033756,2
11173,5.477560617767198,5.816506437046357,0.338945819279159,8
11174,5.49260486273716,5.816506437046357,0.32390157430919686,3
11175,5.593897277946805,5.816506437046357,0.2226091590995516,4
11176,5.613323529032778,5.816506437046357,0.20318290801357897,9
11177,5.7432702023048,5.816506437046357,0.0732362347415565,6
11178,5.15492012172233,4.968482948553935,-0.18643717316839492,10
11179,5.636031894806968,4.968482948553935,-0.6675489462530333,8
11180,5.584361699934261,4.968482948553935,-0.6158787513803263,3
11181,5.261712681056482,4.968482948553935,-0.2932297325025468,2
11182,5.605866625137356,4.968482948553935,-0.6373836765834211,5
11183,5.83442044101536,4.968482948553935,-0.8659374924614252,4
11184,5.317877779769579,4.968482948553935,-0.3493948312156441,6
11185,5.499616030493809,4.968482948553935,-0.5311330819398741,9
11186,5.197372253291036,4.968482948553935,-0.228889304737101,1
11187,4.2699756470192956,3.833147111912785,-0.43682853510651043,1
11188,3.9744641789190287,3.833147111912785,-0.14131706700624358,4
11189,4.0271262248344915,3.833147111912785,-0.19397911292170633,3
11190,4.439301371341356,3.833147111912785,-0.6061542594285712,6
11191,4.2321224865655696,3.833147111912785,-0.39897537465278443,10
11192,4.420942093446732,3.833147111912785,-0.5877949815339472,9
11193,4.296141727810752,3.833147111912785,-0.46299461589796653,7
11194,4.302654356488573,3.833147111912785,-0.4695072445757882,2
11195,3.935473974443259,3.833147111912785,-0.10232686253047385,5
11196,5.404345438125323,6.146128035678238,0.7417825975529153,6
11197,5.498509815205151,6.146128035678238,0.6476182204730874,4
11198,5.187348358996613,6.146128035678238,0.9587796766816252,5
11199,5.428805207366458,6.146128035678238,0.7173228283117803,10
11200,5.257301979567315,6.146128035678238,0.8888260561109229,2
11201,5.581650172874494,6.146128035678238,0.5644778628037441,7
11202,5.532676811566598,6.146128035678238,0.6134512241116399,8
11203,5.199151123403002,6.146128035678238,0.9469769122752361,1
11204,5.5352859443624025,6.146128035678238,0.6108420913158357,9
11205,4.085835083957215,4.008600171761918,-0.07723491219529688,3
11206,4.47619423065829,4.008600171761918,-0.4675940588963723,6
11207,4.389830632865349,4.008600171761918,-0.3812304611034314,2
11208,4.01048777495609,4.008600171761918,-0.0018876031941719162,1
11209,4.488579113209393,4.008600171761918,-0.47997894144747466,9
11210,3.835263859275849,4.008600171761918,0.17333631248606896,5
11211,4.673429820242501,4.008600171761918,-0.6648296484805831,7
11212,4.2619927840304745,4.008600171761918,-0.2533926122685566,8
11213,4.169142620140635,4.008600171761918,-0.16054244837871678,10
11214,5.198635070645229,4.0,-1.1986350706452287,2
11215,5.294377765921251,4.0,-1.2943777659212508,9
11216,4.992382984969735,4.0,-0.9923829849697352,1
11217,5.2401974893084935,4.0,-1.2401974893084935,8
11218,5.377024868838056,4.0,-1.3770248688380562,6
11219,5.074279397521914,4.0,-1.0742793975219138,10
11220,5.128888756285605,4.0,-1.1288887562856047,3
11221,5.3359635241681325,4.0,-1.3359635241681325,7
11222,5.565973571076514,4.0,-1.5659735710765137,4
11223,5.0257352130276365,4.089905111439398,-0.9358301015882384,2
11224,4.6848631455099685,4.089905111439398,-0.5949580340705705,4
11225,5.153949522145919,4.089905111439398,-1.0640444107065212,6
11226,4.727468827890661,4.089905111439398,-0.6375637164512629,5
11227,5.073363084733603,4.089905111439398,-0.9834579732942048,7
11228,4.928859905312923,4.089905111439398,-0.8389547938735253,9
11229,4.889453522604971,4.089905111439398,-0.7995484111655733,10
11230,4.799075491822134,4.089905111439398,-0.7091703803827363,8
11231,4.890445356267971,4.089905111439398,-0.8005402448285732,1
11232,5.628592181625545,3.770852011642144,-1.8577401699834013,6
11233,5.407635638010891,3.770852011642144,-1.6367836263687474,1
11234,5.52995113449366,3.770852011642144,-1.7590991228515165,10
11235,5.675630918785937,3.770852011642144,-1.9047789071437933,7
11236,5.4730468084612935,3.770852011642144,-1.7021947968191498,4
11237,5.1708576677364135,3.770852011642144,-1.4000056560942697,3
11238,5.283939233156579,3.770852011642144,-1.5130872215144349,8
11239,5.343255417535733,3.770852011642144,-1.5724034058935894,5
11240,5.510679420805105,3.770852011642144,-1.7398274091629613,2
11241,4.537074348522198,3.6020599913279625,-0.9350143571942358,10
11242,4.130001939976512,3.6020599913279625,-0.5279419486485493,4
11243,4.806580423619862,3.6020599913279625,-1.2045204322918996,6
11244,4.577741860001337,3.6020599913279625,-0.9756818686733748,9
11245,4.5765984349228415,3.6020599913279625,-0.974538443594879,1
11246,4.526474128622077,3.6020599913279625,-0.9244141372941144,8
11247,4.721166513834029,3.6020599913279625,-1.1191065225060663,7
11248,3.8016058162149826,3.6020599913279625,-0.1995458248870201,5
11249,4.610222126728844,3.6020599913279625,-1.0081621354008812,2
11250,3.711894966895865,3.869231719730976,0.15733675283511062,7
11251,3.5069348688731607,3.869231719730976,0.36229685085781504,1
11252,3.5374013334546475,3.869231719730976,0.3318303862763283,10
11253,3.7455217101924005,3.869231719730976,0.12371000953857525,8
11254,3.4076501201000635,3.869231719730976,0.4615815996309123,2
11255,3.7906494481540696,3.869231719730976,0.07858227157690623,5
11256,3.6407997686243068,3.869231719730976,0.22843195110666903,6
11257,3.562928746033022,3.869231719730976,0.3063029736979539,3
11258,3.5483347518230057,3.869231719730976,0.32089696790797007,4
11259,3.5146630293851477,3.206825876031849,-0.30783715335329864,9
11260,3.5849941747032745,3.206825876031849,-0.37816829867142543,10
11261,3.4986545738745325,3.206825876031849,-0.2918286978426834,8
11262,3.6663590456208017,3.206825876031849,-0.45953316958895263,6
11263,3.389151013913999,3.206825876031849,-0.18232513788214977,2
11264,3.3906290757210242,3.206825876031849,-0.18380319968917513,4
11265,3.608150775400825,3.206825876031849,-0.401324899368976,7
11266,3.6781374123014703,3.206825876031849,-0.4713115362696212,5
11267,3.46967942122185,3.206825876031849,-0.2628535451900009,1
11268,3.933976984627769,3.589949601325708,-0.34402738330206084,8
11269,4.10982471693609,3.589949601325708,-0.5198751156103816,9
11270,3.943124737488539,3.589949601325708,-0.353175136162831,4
11271,3.9610946922659553,3.589949601325708,-0.37114509094024717,3
11272,4.040407939421988,3.589949601325708,-0.4504583380962801,6
11273,3.97040541200333,3.589949601325708,-0.3804558106776219,7
11274,3.900139395589783,3.589949601325708,-0.3101897942640748,10
11275,4.079533083142074,3.589949601325708,-0.489583481816366,1
11276,3.8922428743664055,3.589949601325708,-0.3022932730406973,2
11277,4.3218253537279345,2.903089986991944,-1.4187353667359903,8
11278,4.121267243393494,2.903089986991944,-1.21817725640155,9
11279,3.940685180614856,2.903089986991944,-1.037595193622912,5
11280,4.0617878702118695,2.903089986991944,-1.1586978832199253,6
11281,3.9975545160188735,2.903089986991944,-1.0944645290269293,3
11282,4.00095913131085,2.903089986991944,-1.097869144318906,2
11283,3.832439850067191,2.903089986991944,-0.9293498630752466,4
11284,3.8085525307486026,2.903089986991944,-0.9054625437566584,1
11285,3.7983851515866607,2.903089986991944,-0.8952951645947165,10
11286,4.788278934150594,4.167317334748176,-0.6209615994024187,8
11287,4.64090351545289,4.167317334748176,-0.47358618070471437,3
11288,4.1950998633319925,4.167317334748176,-0.027782528583816912,2
11289,4.337290484062205,4.167317334748176,-0.1699731493140293,1
11290,4.501058969761482,4.167317334748176,-0.33374163501330667,4
11291,4.521108577517635,4.167317334748176,-0.35379124276945983,7
11292,4.770415356640405,4.167317334748176,-0.6030980218922295,5
11293,4.225729862518672,4.167317334748176,-0.058412527770496325,10
11294,4.375388697768808,4.167317334748176,-0.20807136302063256,6
11295,4.071866968253249,4.035829825252828,-0.03603714300042071,4
11296,4.39264756849316,4.035829825252828,-0.3568177432403319,1
11297,4.229139018904649,4.035829825252828,-0.19330919365182098,2
11298,4.437091064915637,4.035829825252828,-0.4012612396628086,7
11299,3.9194491800694813,4.035829825252828,0.11638064518334712,5
11300,4.472594604112767,4.035829825252828,-0.4367647788599385,8
11301,4.213962484937865,4.035829825252828,-0.178132659685037,9
11302,4.443111089728003,4.035829825252828,-0.40728126447517443,6
11303,4.197158205348324,4.035829825252828,-0.16132838009549566,10
11304,6.038380190468975,6.024046225131059,-0.014333965337915977,2
11305,6.088905889280863,6.024046225131059,-0.06485966414980382,10
11306,6.024110261304457,6.024046225131059,-6.403617339767465e-05,7
11307,5.876680381020253,6.024046225131059,0.1473658441108059,4
11308,6.100454103913179,6.024046225131059,-0.07640787878212052,1
11309,5.616465406882829,6.024046225131059,0.40758081824823034,8
11310,5.8208877029931045,6.024046225131059,0.20315852213795438,5
11311,6.167853619635133,6.024046225131059,-0.14380739450407365,6
11312,6.0776261089595085,6.024046225131059,-0.05357988382844958,3
11313,5.24560526807341,5.247973266361806,0.0023679982883964,10
11314,4.850481867145404,5.247973266361806,0.39749139921640264,4
11315,5.261959972866672,5.247973266361806,-0.013986706504865332,1
11316,4.815125682340497,5.247973266361806,0.4328475840213093,8
11317,5.203107882340159,5.247973266361806,0.04486538402164708,2
11318,5.106282409885408,5.247973266361806,0.14169085647639879,3
11319,5.516197147398889,5.247973266361806,-0.2682238810370823,6
11320,4.9708777179726455,5.247973266361806,0.27709554838916084,5
11321,5.0481612375781255,5.247973266361806,0.19981202878368087,7
11322,6.063279362103548,6.491361693834273,0.4280823317307254,7
11323,5.945184111614197,6.491361693834273,0.5461775822200758,3
11324,5.9395632389884625,6.491361693834273,0.5517984548458106,1
11325,6.1088092607257005,6.491361693834273,0.38255243310857256,10
11326,6.009641383859383,6.491361693834273,0.48172030997489035,4
11327,6.23696129026582,6.491361693834273,0.25440040356845284,6
11328,5.955553115151015,6.491361693834273,0.535808578683258,5
11329,5.96014970665679,6.491361693834273,0.5312119871774827,2
11330,5.636051548677616,6.491361693834273,0.8553101451566567,9
11331,6.0271499249489215,4.833147111912785,-1.1940028130361364,4
11332,6.261792859513618,4.833147111912785,-1.4286457476008332,2
11333,5.893147552957287,4.833147111912785,-1.0600004410445019,8
11334,6.280519630422345,4.833147111912785,-1.4473725185095603,6
11335,6.151563591069611,4.833147111912785,-1.3184164791568262,5
11336,6.32818564906225,4.833147111912785,-1.4950385371494646,10
11337,6.2746840611701,4.833147111912785,-1.4415369492573147,7
11338,6.373109690819142,4.833147111912785,-1.5399625789063567,1
11339,6.330027090282159,4.833147111912785,-1.4968799783693738,9
11340,6.447711999482292,6.334453751150931,-0.11325824833136089,4
11341,5.795684153095017,6.334453751150931,0.5387695980559135,10
11342,6.234119183380399,6.334453751150931,0.10033456777053207,3
11343,6.038451107548604,6.334453751150931,0.29600264360232664,8
11344,6.161847846029961,6.334453751150931,0.17260590512097007,6
11345,5.968931859849762,6.334453751150931,0.3655218913011691,2
11346,6.207144701247377,6.334453751150931,0.12730904990355363,5
11347,6.0272723678093305,6.334453751150931,0.30718138334160017,9
11348,6.029086928231614,6.334453751150931,0.30536682291931694,7
11349,6.609349024946948,7.708420900134713,1.0990718751877644,9
11350,6.416625342485284,7.708420900134713,1.2917955576494284,2
11351,6.491068223104165,7.708420900134713,1.217352677030548,10
11352,6.489848648958609,7.708420900134713,1.218572251176104,7
11353,6.434130349183047,7.708420900134713,1.2742905509516662,3
11354,6.391771132853982,7.708420900134713,1.3166497672807305,5
11355,6.37414336525063,7.708420900134713,1.334277534884083,1
11356,6.463449148574442,7.708420900134713,1.2449717515602705,4
11357,6.120688758568952,7.708420900134713,1.5877321415657608,8
11358,6.085717344167917,4.698970004336019,-1.3867473398318984,7
11359,5.7886582032756735,4.698970004336019,-1.0896881989396547,5
11360,5.630711808513668,4.698970004336019,-0.9317418041776495,4
11361,5.5233069453506625,4.698970004336019,-0.8243369410146437,8
11362,6.068647343696026,4.698970004336019,-1.369677339360007,9
11363,6.168108348927718,4.698970004336019,-1.4691383445916992,10
11364,5.8375976947997135,4.698970004336019,-1.1386276904636947,3
11365,6.256618768499853,4.698970004336019,-1.557648764163834,6
11366,6.035555250479818,4.698970004336019,-1.336585246143799,2
11367,6.056561256663916,6.32221929473392,0.2656580380700042,4
11368,6.137251329687382,6.32221929473392,0.18496796504653812,3
11369,6.133294626847401,6.32221929473392,0.18892466788651952,5
11370,5.653668431702155,6.32221929473392,0.6685508630317658,7
11371,5.938586476767385,6.32221929473392,0.3836328179665358,8
11372,5.621675201293397,6.32221929473392,0.7005440934405236,2
11373,5.856664685833617,6.32221929473392,0.46555460890030353,6
11374,5.591939488249019,6.32221929473392,0.7302798064849014,9
11375,5.759299810517246,6.32221929473392,0.5629194842166747,10
11376,5.453880969459667,6.2812606870550125,0.8273797175953455,4
11377,5.284840554717135,6.2812606870550125,0.9964201323378772,5
11378,5.293176074126734,6.2812606870550125,0.9880846129282785,2
11379,5.478285029593395,6.2812606870550125,0.8029756574616176,9
11380,5.587016897503921,6.2812606870550125,0.6942437895510913,7
11381,5.325980310561651,6.2812606870550125,0.9552803764933611,8
11382,5.322880135941473,6.2812606870550125,0.9583805511135397,3
11383,5.359048946934926,6.2812606870550125,0.9222117401200869,6
11384,5.0365068469602985,6.2812606870550125,1.244753840094714,1
11385,5.840297735157041,6.230448921378274,0.39015118622123346,10
11386,6.227822420838629,6.230448921378274,0.0026265005396455265,5
11387,5.938439627167652,6.230448921378274,0.29200929421062227,7
11388,5.981184556891194,6.230448921378274,0.24926436448707978,9
11389,5.722545834477936,6.230448921378274,0.5079030869003383,6
11390,6.15398858528005,6.230448921378274,0.07646033609822389,3
11391,5.673164347428152,6.230448921378274,0.5572845739501222,1
11392,6.067317567321628,6.230448921378274,0.16313135405664614,4
11393,5.821826579938777,6.230448921378274,0.4086223414394974,2
11394,5.7136331294062375,5.0,-0.7136331294062375,4
11395,5.7783658972327245,5.0,-0.7783658972327245,5
11396,6.043536693237724,5.0,-1.0435366932377237,6
11397,5.97610020510393,5.0,-0.97610020510393,10
11398,5.756149539373142,5.0,-0.7561495393731423,1
11399,5.867457856602908,5.0,-0.8674578566029076,3
11400,5.783450080867749,5.0,-0.7834500808677491,8
11401,6.1178028547449355,5.0,-1.1178028547449355,7
11402,5.944831798037449,5.0,-0.9448317980374492,2
11403,5.682577658448801,4.26150077319828,-1.4210768852505202,5
11404,5.585102300971385,4.26150077319828,-1.3236015277731044,4
11405,5.992686726706716,4.26150077319828,-1.7311859535084357,2
11406,5.699275437557697,4.26150077319828,-1.4377746643594165,3
11407,5.615210036474725,4.26150077319828,-1.3537092632764445,8
11408,5.853619897974971,4.26150077319828,-1.5921191247766906,1
11409,6.126348261245716,4.26150077319828,-1.8648474880474355,6
11410,6.170201200041559,4.26150077319828,-1.9087004268432786,7
11411,5.997401526473043,4.26150077319828,-1.7359007532747626,9
11412,6.456711948127176,7.077222510411053,0.6205105622838767,4
11413,6.318042870980131,7.077222510411053,0.759179639430922,10
11414,6.518169067859252,7.077222510411053,0.559053442551801,9
11415,6.418889639965827,7.077222510411053,0.6583328704452258,7
11416,6.133189118442807,7.077222510411053,0.9440333919682455,1
11417,6.291759674203071,7.077222510411053,0.7854628362079819,3
11418,6.262691233342951,7.077222510411053,0.8145312770681015,6
11419,6.337790862837896,7.077222510411053,0.7394316475731566,5
11420,6.3130639030873725,7.077222510411053,0.7641586073236804,2
11421,6.232175018770721,7.05865374157237,0.8264787228016495,10
11422,6.576391649956745,7.05865374157237,0.48226209161562483,9
11423,6.8682224405284416,7.05865374157237,0.1904313010439287,4
11424,6.207891517334244,7.05865374157237,0.8507622242381263,7
11425,6.123823210868334,7.05865374157237,0.9348305307040361,6
11426,6.299180498289386,7.05865374157237,0.7594732432829838,1
11427,6.238778621702759,7.05865374157237,0.8198751198696108,2
11428,6.665938840978488,7.05865374157237,0.3927149005938819,5
11429,6.392607989352686,7.05865374157237,0.6660457522196843,8
11430,4.89836315282817,5.0,0.10163684717182964,7
11431,4.300232201030114,5.0,0.6997677989698863,2
11432,4.302727558096698,5.0,0.6972724419033023,4
11433,4.55582581914304,5.0,0.4441741808569599,1
11434,4.665023395487179,5.0,0.3349766045128213,6
11435,4.87999494354095,5.0,0.1200050564590498,8
11436,4.277259834867709,5.0,0.7227401651322909,5
11437,4.60917665273088,5.0,0.39082334726912027,10
11438,4.505465595106014,5.0,0.4945344048939857,9
11439,4.1153567959585535,3.709269960975831,-0.4060868349827227,4
11440,4.598525972873401,3.709269960975831,-0.8892560118975701,6
11441,4.283449525145305,3.709269960975831,-0.5741795641694742,2
11442,4.474087957395628,3.709269960975831,-0.7648179964197968,10
11443,4.426248547765513,3.709269960975831,-0.7169785867896823,9
11444,4.548039996733433,3.709269960975831,-0.838770035757602,1
11445,4.193057886142915,3.709269960975831,-0.48378792516708424,5
11446,4.30557931282287,3.709269960975831,-0.5963093518470388,8
11447,4.492181862199206,3.709269960975831,-0.782911901223375,7
11448,4.428301684393543,3.431363764158988,-0.9969379202345552,2
11449,4.727433153365643,3.431363764158988,-1.2960693892066555,8
11450,4.465187593392136,3.431363764158988,-1.0338238292331479,3
11451,4.388043634389627,3.431363764158988,-0.9566798702306389,1
11452,4.658403805054549,3.431363764158988,-1.2270400408955613,6
11453,4.111339620407644,3.431363764158988,-0.6799758562486558,5
11454,4.092850938659509,3.431363764158988,-0.6614871745005209,4
11455,4.58839793247298,3.431363764158988,-1.1570341683139924,9
11456,4.50676521824366,3.431363764158988,-1.0754014540846724,10
11457,4.176074511026201,5.0,0.8239254889737992,10
11458,4.109470104936048,5.0,0.8905298950639517,4
11459,4.207031372768167,5.0,0.7929686272318328,5
11460,4.191240215980596,5.0,0.8087597840194043,1
11461,4.632954153431883,5.0,0.367045846568117,7
11462,4.247831522174486,5.0,0.7521684778255144,9
11463,4.012569332121259,5.0,0.9874306678787406,2
11464,4.696505990831811,5.0,0.3034940091681886,8
11465,4.275584059232709,5.0,0.7244159407672912,6
11466,5.7246308320893275,6.079181246047625,0.35455041395829756,4
11467,5.881284849270966,6.079181246047625,0.1978963967766587,3
11468,5.929653041490817,6.079181246047625,0.14952820455680804,8
11469,5.84545517902061,6.079181246047625,0.23372606702701493,7
11470,5.170540608272063,6.079181246047625,0.9086406377755623,1
11471,5.984317993934774,6.079181246047625,0.09486325211285074,10
11472,5.716532204126132,6.079181246047625,0.36264904192149316,5
11473,5.86708742686693,6.079181246047625,0.21209381918069514,9
11474,5.981334624067662,6.079181246047625,0.09784662197996319,6
11475,4.5878363607556585,3.770852011642144,-0.8169843491135147,2
11476,4.734139936108767,3.770852011642144,-0.9632879244666235,6
11477,4.143392688896405,3.770852011642144,-0.37254067725426143,1
11478,4.531127203301466,3.770852011642144,-0.7602751916593222,3
11479,4.324727169494209,3.770852011642144,-0.5538751578520653,5
11480,4.458135624170802,3.770852011642144,-0.6872836125286579,7
11481,4.13945803950248,3.770852011642144,-0.368606027860336,4
11482,4.592952837418328,3.770852011642144,-0.8221008257761842,8
11483,4.329494598071861,3.770852011642144,-0.5586425864297171,9
11484,6.015247605461379,6.383653821462558,0.36840621600117895,10
11485,6.110858217143063,6.383653821462558,0.27279560431949523,3
11486,5.934065387555755,6.383653821462558,0.44958843390680325,2
11487,6.024883603852073,6.383653821462558,0.358770217610485,4
11488,6.087952111368015,6.383653821462558,0.2957017100945434,7
11489,6.077270057376899,6.383653821462558,0.30638376408565904,9
11490,6.055185599944836,6.383653821462558,0.32846822151772237,8
11491,5.969521821331807,6.383653821462558,0.4141320001307509,5
11492,6.048422819353916,6.383653821462558,0.33523100210864243,6
11493,6.157758678444284,6.281941933440825,0.1241832549965407,10
11494,6.236498488371182,6.281941933440825,0.04544344506964304,4
11495,6.285473781954102,6.281941933440825,-0.003531848513277147,9
11496,6.161995900560593,6.281941933440825,0.11994603288023153,8
11497,6.298474071927792,6.281941933440825,-0.01653213848696744,3
11498,6.212855554923744,6.281941933440825,0.06908637851708122,6
11499,6.237895729334391,6.281941933440825,0.044046204106433784,5
11500,6.253487127051184,6.281941933440825,0.028454806389641263,7
11501,6.009169403981495,6.281941933440825,0.2727725294593295,1
11502,4.867545358019936,4.152288344383057,-0.7152570136368794,7
11503,4.608618648330022,4.152288344383057,-0.4563303039469657,2
11504,4.9371374394746805,4.152288344383057,-0.7848490950916238,5
11505,4.708035585286565,4.152288344383057,-0.555747240903508,9
11506,4.22742418204549,4.152288344383057,-0.07513583766243315,4
11507,4.3586248737910065,4.152288344383057,-0.20633652940794978,1
11508,4.601609000338936,4.152288344383057,-0.4493206559558791,3
11509,5.08443968816316,4.152288344383057,-0.9321513437801032,10
11510,4.854626493572956,4.152288344383057,-0.7023381491898997,6
11511,4.860227604230377,6.176091259055681,1.3158636548253044,7
11512,4.7243596994586,6.176091259055681,1.4517315595970812,6
11513,4.739597594497243,6.176091259055681,1.436493664558438,9
11514,4.258185533964216,6.176091259055681,1.9179057250914653,1
11515,4.76413414790341,6.176091259055681,1.4119571111522715,5
11516,5.127749653023624,6.176091259055681,1.0483416060320572,3
11517,5.451945758727423,6.176091259055681,0.724145500328258,8
11518,4.712557008988939,6.176091259055681,1.4635342500667425,10
11519,4.569122679193518,6.176091259055681,1.606968579862163,2
11520,5.566180673329496,4.195899652409234,-1.3702810209202623,1
11521,5.30964231739485,4.195899652409234,-1.1137426649856161,7
11522,4.710124631185008,4.195899652409234,-0.5142249787757738,8
11523,5.386216335293281,4.195899652409234,-1.1903166828840472,10
11524,5.492674364029995,4.195899652409234,-1.2967747116207606,3
11525,5.212705229189497,4.195899652409234,-1.0168055767802633,9
11526,5.252159880395744,4.195899652409234,-1.0562602279865096,5
11527,5.589109228482735,4.195899652409234,-1.3932095760735006,6
11528,4.9921638615630775,4.195899652409234,-0.7962642091538434,4
11529,3.694544411447389,3.3010299956639813,-0.39351441578340784,9
11530,3.701027134701284,3.3010299956639813,-0.39999713903730294,4
11531,4.270986890956698,3.3010299956639813,-0.9699568952927171,2
11532,4.309432236952507,3.3010299956639813,-1.0084022412885254,1
11533,3.928493702876172,3.3010299956639813,-0.6274637072121907,7
11534,3.6451044613530796,3.3010299956639813,-0.3440744656890984,8
11535,4.2966357255381125,3.3010299956639813,-0.9956057298741312,3
11536,4.255981462555758,3.3010299956639813,-0.9549514668917771,6
11537,4.018298353364701,3.3010299956639813,-0.7172683577007195,10
11538,5.823688115127774,6.079181246047625,0.2554931309198514,7
11539,6.1224822226955995,6.079181246047625,-0.04330097664797439,8
11540,5.996323885075092,6.079181246047625,0.08285736097253338,4
11541,6.032930439296712,6.079181246047625,0.046250806750912865,5
11542,5.875304805931629,6.079181246047625,0.20387644011599626,1
11543,5.988624101989321,6.079181246047625,0.0905571440583044,6
11544,5.823742141168554,6.079181246047625,0.25543910487907073,2
11545,5.898980297443664,6.079181246047625,0.18020094860396085,3
11546,5.794979888333624,6.079181246047625,0.284201357714001,10
11547,5.382027461578525,5.311753861055754,-0.07027360052277043,6
11548,5.1570920470615915,5.311753861055754,0.15466181399416268,7
11549,5.205788109988738,5.311753861055754,0.105965751067016,3
11550,5.230410752835298,5.311753861055754,0.0813431082204561,9
11551,5.195066521343261,5.311753861055754,0.11668733971249345,1
11552,5.245088801787931,5.311753861055754,0.06666505926782307,5
11553,5.1406260334112375,5.311753861055754,0.17112782764451673,2
11554,5.171811947259002,5.311753861055754,0.13994191379675236,10
11555,5.257441512895223,5.311753861055754,0.05431234816053099,8
11556,5.0257352130276365,5.041392685158225,0.01565747213058888,2
11557,5.073363084733603,5.041392685158225,-0.031970399575377506,7
11558,4.928859905312923,5.041392685158225,0.11253277984530197,9
11559,4.890445356267971,5.041392685158225,0.15094732889025408,1
11560,5.153949522145919,5.041392685158225,-0.11255683698769392,6
11561,5.0932491014588335,5.041392685158225,-0.05185641630060811,3
11562,4.6848631455099685,5.041392685158225,0.35652953964825684,4
11563,4.889453522604971,5.041392685158225,0.15193916255325401,10
11564,4.727468827890661,5.041392685158225,0.31392385726756444,5
11565,5.386216335293282,4.41161970596323,-0.9745966293300521,10
11566,4.9921638615630775,4.41161970596323,-0.5805441555998474,4
11567,5.483474524290776,4.41161970596323,-1.0718548183275463,2
11568,4.710124631185008,4.41161970596323,-0.29850492522177774,8
11569,5.212705229189498,4.41161970596323,-0.8010855232262681,9
11570,5.566180673329496,4.41161970596323,-1.1545609673662662,1
11571,5.589109228482735,4.41161970596323,-1.1774895225195046,6
11572,5.30964231739485,4.41161970596323,-0.8980226114316201,7
11573,5.252159880395744,4.41161970596323,-0.8405401744325136,5
11574,6.029198505175118,4.249198357391113,-1.7800001477840048,8
11575,5.921412704713421,4.249198357391113,-1.6722143473223081,9
11576,5.850052252912245,4.249198357391113,-1.6008538955211318,6
11577,5.880131289566129,4.249198357391113,-1.630932932175016,7
11578,5.82823905278815,4.249198357391113,-1.5790406953970368,2
11579,5.984637261876957,4.249198357391113,-1.7354389044858438,3
11580,6.092317142699919,4.249198357391113,-1.843118785308806,4
11581,6.1298951865128934,4.249198357391113,-1.8806968291217805,5
11582,5.831631531130892,4.249198357391113,-1.582433173739779,10
11583,5.77949768067954,5.17897694729317,-0.6005207333863707,4
11584,5.597755485755731,5.17897694729317,-0.4187785384625613,2
11585,5.697598701589041,5.17897694729317,-0.5186217542958715,3
11586,5.6686604551788315,5.17897694729317,-0.48968350788566184,9
11587,5.789521222107728,5.17897694729317,-0.6105442748145586,1
11588,5.829636771094685,5.17897694729317,-0.6506598238015151,5
11589,5.6431158214057175,5.17897694729317,-0.46413887411254784,8
11590,5.7284732824336,5.17897694729317,-0.5494963351404305,10
11591,5.576531726024236,5.17897694729317,-0.3975547787310667,7
11592,5.385605358120964,6.119915410257991,0.7343100521370269,4
11593,5.328487608639529,6.119915410257991,0.7914278016184619,9
11594,5.621069416100727,6.119915410257991,0.49884599415726427,8
11595,5.702215879641351,6.119915410257991,0.4176995306166402,3
11596,5.512178075624147,6.119915410257991,0.6077373346338435,5
11597,5.087029201614622,6.119915410257991,1.0328862086433688,10
11598,5.519225999501433,6.119915410257991,0.6006894107565577,1
11599,5.036335599723869,6.119915410257991,1.083579810534122,2
11600,5.476083110815148,6.119915410257991,0.6438322994428427,7
11601,5.173452369438872,6.0,0.8265476305611283,1
11602,4.995698712350635,6.0,1.0043012876493647,10
11603,5.465735341376623,6.0,0.5342646586233766,8
11604,5.194617144211372,6.0,0.8053828557886282,9
11605,5.193156257875109,6.0,0.8068437421248911,4
11606,5.244049918028282,6.0,0.7559500819717178,5
11607,5.21869558047369,6.0,0.7813044195263101,7
11608,4.919083305755383,6.0,1.0809166942446167,2
11609,5.37223117629911,6.0,0.6277688237008903,3
11610,4.895289901617767,3.824125833916549,-1.071164067701218,4
11611,4.22200600108576,3.824125833916549,-0.39788016716921115,6
11612,5.080807766555378,3.824125833916549,-1.2566819326388292,5
11613,5.132833697918087,3.824125833916549,-1.3087078640015375,8
11614,4.21260073310585,3.824125833916549,-0.3884748991893008,1
11615,5.008734861296079,3.824125833916549,-1.1846090273795302,7
11616,5.021798162515318,3.824125833916549,-1.197672328598769,2
11617,4.987780779758659,3.824125833916549,-1.1636549458421102,10
11618,5.048101264655997,3.824125833916549,-1.2239754307394475,9
11619,4.318041659002105,3.740362689494244,-0.5776789695078612,1
11620,3.7664696773797575,3.740362689494244,-0.026106987885513355,3
11621,4.244662577852158,3.740362689494244,-0.504299888357914,10
11622,4.040061787277168,3.740362689494244,-0.2996990977829235,8
11623,4.634460955935713,3.740362689494244,-0.8940982664414685,6
11624,4.07797375955163,3.740362689494244,-0.33761107005738555,4
11625,3.802412108001372,3.740362689494244,-0.062049418507128085,5
11626,4.541136819699787,3.740362689494244,-0.8007741302055429,7
11627,4.558929328225218,3.740362689494244,-0.8185666387309736,2
11628,5.067020420831436,3.146128035678238,-1.9208923851531976,8
11629,5.009074258181753,3.146128035678238,-1.8629462225035152,10
11630,5.060627495794973,3.146128035678238,-1.914499460116735,7
11631,5.1785094479783655,3.146128035678238,-2.0323814123001274,1
11632,4.698640690269964,3.146128035678238,-1.5525126545917258,4
11633,5.093090894939868,3.146128035678238,-1.94696285926163,2
11634,4.742685971531044,3.146128035678238,-1.5965579358528057,3
11635,5.413682049152082,3.146128035678238,-2.267554013473844,9
11636,5.197084483043921,3.146128035678238,-2.0509564473656825,6
11637,6.180680693553845,5.380211241711606,-0.8004694518422388,9
11638,6.144306933303145,5.380211241711606,-0.7640956915915389,10
11639,6.015878366080454,5.380211241711606,-0.6356671243688474,6
11640,6.072800003668674,5.380211241711606,-0.6925887619570679,5
11641,5.850962422881541,5.380211241711606,-0.470751181169935,8
11642,5.988595875863938,5.380211241711606,-0.6083846341523316,1
11643,6.219147663155661,5.380211241711606,-0.8389364214440542,7
11644,5.979841271724476,5.380211241711606,-0.5996300300128699,3
11645,5.9849357904440454,5.380211241711606,-0.6047245487324391,2
11646,5.258788673188172,5.271841606536499,0.01305293334832669,8
11647,5.339922958265741,5.271841606536499,-0.06808135172924246,3
11648,5.035624423183927,5.271841606536499,0.23621718335257125,6
11649,5.128668229357187,5.271841606536499,0.14317337717931178,2
11650,5.28540895566972,5.271841606536499,-0.013567349133221107,1
11651,5.456949486462565,5.271841606536499,-0.1851078799260666,7
11652,5.43529621663815,5.271841606536499,-0.16345461010165163,4
11653,5.567378015088941,5.271841606536499,-0.2955364085524428,9
11654,5.571002509490878,5.271841606536499,-0.29916090295437936,5
11655,6.2671966249027244,5.365487984890899,-0.901708640011825,4
11656,6.141680953636926,5.365487984890899,-0.7761929687460265,8
11657,6.308197061718851,5.365487984890899,-0.9427090768279518,7
11658,6.339020368392001,5.365487984890899,-0.9735323835011016,1
11659,6.252401352530426,5.365487984890899,-0.8869133676395267,5
11660,6.27715855578148,5.365487984890899,-0.911670570890581,6
11661,6.287721488736543,5.365487984890899,-0.9222335038456437,9
11662,6.183057525790827,5.365487984890899,-0.8175695408999273,2
11663,6.263784843810165,5.365487984890899,-0.8982968589192657,10
11664,6.492734268326017,6.778874472002739,0.2861402036767222,4
11665,6.656586827675201,6.778874472002739,0.12228764432753803,2
11666,6.497190568711705,6.778874472002739,0.2816839032910341,8
11667,6.583321425367124,6.778874472002739,0.1955530466356148,5
11668,6.797368654133432,6.778874472002739,-0.018494182130693204,10
11669,6.669154163278322,6.778874472002739,0.10972030872441696,7
11670,6.6251050973511845,6.778874472002739,0.1537693746515547,3
11671,6.698319725672453,6.778874472002739,0.08055474633028581,9
11672,6.761530198827646,6.778874472002739,0.017344273175092795,1
11673,6.377409857892537,5.880813592280791,-0.4965962656117453,5
11674,6.305865948787682,5.880813592280791,-0.42505235650689066,7
11675,6.391537686055341,5.880813592280791,-0.5107240937745496,4
11676,6.325535156214829,5.880813592280791,-0.4447215639340376,8
11677,6.42317462698584,5.880813592280791,-0.5423610347050483,3
11678,6.151091609952578,5.880813592280791,-0.27027801767178694,6
11679,6.111132218498502,5.880813592280791,-0.23031862621771104,2
11680,6.396737582263282,5.880813592280791,-0.5159239899824906,9
11681,6.3025907449173175,5.880813592280791,-0.42177715263652615,1
11682,6.327836435846094,6.3979400086720375,0.0701035728259436,7
11683,6.207994392390324,6.3979400086720375,0.18994561628171347,4
11684,6.326384057554912,6.3979400086720375,0.07155595111712554,9
11685,6.285765690961099,6.3979400086720375,0.11217431771093889,10
11686,6.393757395355187,6.3979400086720375,0.0041826133168507695,6
11687,6.270653233982592,6.3979400086720375,0.12728677468944571,8
11688,6.205259032547874,6.3979400086720375,0.1926809761241639,3
11689,6.277518954601835,6.3979400086720375,0.12042105407020287,1
11690,6.257150954868458,6.3979400086720375,0.1407890538035792,5
11691,6.066313695577132,6.377563035549853,0.3112493399727212,9
11692,6.193623756515679,6.377563035549853,0.18393927903417406,7
11693,6.0508183928361925,6.377563035549853,0.32674464271366066,10
11694,5.566157002891722,6.377563035549853,0.8114060326581312,8
11695,6.163074210208883,6.377563035549853,0.21448882534097002,1
11696,5.91141770121908,6.377563035549853,0.4661453343307729,5
11697,6.169896069350561,6.377563035549853,0.2076669661992918,2
11698,6.178472128917174,6.377563035549853,0.19909090663267914,6
11699,5.953607600249535,6.377563035549853,0.4239554353003179,4
11700,6.017705701776855,5.518513939877887,-0.49919176189896763,2
11701,6.033699374554648,5.518513939877887,-0.515185434676761,10
11702,6.116751147278045,5.518513939877887,-0.5982372074001576,3
11703,6.167310006959497,5.518513939877887,-0.6487960670816095,5
11704,6.089897574984686,5.518513939877887,-0.5713836351067991,1
11705,6.124336742636177,5.518513939877887,-0.6058228027582899,7
11706,6.112279580240245,5.518513939877887,-0.5937656403623581,8
11707,6.139611028646003,5.518513939877887,-0.6210970887681162,4
11708,6.134014614823186,5.518513939877887,-0.6155006749452987,6
11709,6.21753589864504,4.698970004336019,-1.5185658943090212,4
11710,6.013738272213364,4.698970004336019,-1.3147682678773451,10
11711,6.170241743342927,4.698970004336019,-1.4712717390069079,5
11712,6.151493439738127,4.698970004336019,-1.4525234354021084,1
11713,6.128875951263526,4.698970004336019,-1.4299059469275068,7
11714,5.948538206625698,4.698970004336019,-1.2495682022896792,6
11715,6.1653752282918175,4.698970004336019,-1.4664052239557988,3
11716,5.9521470195630695,4.698970004336019,-1.2531770152270507,2
11717,6.132558177333633,4.698970004336019,-1.4335881729976139,9
11718,6.0784603766302485,5.949390006644912,-0.12907036998533616,1
11719,6.244229282036478,5.949390006644912,-0.29483927539156607,4
11720,6.189562039001725,5.949390006644912,-0.24017203235681261,3
11721,6.010778058439503,5.949390006644912,-0.06138805179459084,10
11722,6.121222384108159,5.949390006644912,-0.17183237746324664,9
11723,6.152710269009456,5.949390006644912,-0.20332026236454404,7
11724,5.920815786869061,5.949390006644912,0.028574219775851617,2
11725,5.906063834164677,5.949390006644912,0.04332617248023496,6
11726,6.1255450379357095,5.949390006644912,-0.17615503129079713,8
11727,6.078398157971584,6.247924190766308,0.16952603279472367,6
11728,6.0320157143496065,6.247924190766308,0.2159084764167014,1
11729,6.131252807313233,6.247924190766308,0.11667138345307482,7
11730,6.228554055988692,6.247924190766308,0.019370134777616066,3
11731,6.27950869456702,6.247924190766308,-0.03158450380071187,8
11732,6.0213047346645,6.247924190766308,0.22661945610180823,10
11733,6.0425508345663745,6.247924190766308,0.20537335619993335,9
11734,6.3470919064585765,6.247924190766308,-0.09916771569226857,5
11735,5.920148372234212,6.247924190766308,0.32777581853209625,2
11736,5.848583555483345,7.602059991327962,1.7534764358446164,9
11737,6.1217960577383606,7.602059991327962,1.480263933589601,4
11738,5.725870056268627,7.602059991327962,1.876189935059335,6
11739,5.992313824454432,7.602059991327962,1.6097461668735296,5
11740,5.894242806832121,7.602059991327962,1.7078171844958403,1
11741,5.8361700136261065,7.602059991327962,1.765889977701855,10
11742,5.98416492485888,7.602059991327962,1.6178950664690817,3
11743,5.836705154127108,7.602059991327962,1.7653548372008538,7
11744,5.886695658703693,7.602059991327962,1.7153643326242687,8
11745,6.024365128721767,5.553883026643875,-0.47048210207789243,1
11746,6.1746831546417935,5.553883026643875,-0.620800127997919,7
11747,5.799175488059466,5.553883026643875,-0.24529246141559113,8
11748,5.935082993055329,5.553883026643875,-0.3811999664114545,5
11749,6.034700611010324,5.553883026643875,-0.4808175843664495,9
11750,5.818913651297969,5.553883026643875,-0.2650306246540941,3
11751,5.972323515827603,5.553883026643875,-0.41844048918372856,2
11752,5.813317660016399,5.553883026643875,-0.2594346333725248,4
11753,6.03290113825653,5.553883026643875,-0.47901811161265506,10
11754,5.863425125275802,6.278753600952829,0.41532847567702724,2
11755,6.207468150336849,6.278753600952829,0.07128545061597968,3
11756,6.127083371950586,6.278753600952829,0.15167022900224314,7
11757,5.848830152146278,6.278753600952829,0.42992344880655065,6
11758,6.288766587529268,6.278753600952829,-0.010012986576438898,4
11759,6.121243910403123,6.278753600952829,0.15750969054970554,8
11760,6.169817672352044,6.278753600952829,0.10893592860078449,5
11761,6.032304085754569,6.278753600952829,0.2464495151982602,10
11762,6.048382263703191,6.278753600952829,0.23037133724963788,1
11763,6.768483604322604,6.445311461756064,-0.32317214256654037,9
11764,6.6339689109900855,6.445311461756064,-0.1886574492340216,10
11765,6.679192423877283,6.445311461756064,-0.23388096212121923,5
11766,6.666500373268103,6.445311461756064,-0.2211889115120389,4
11767,6.71543098631883,6.445311461756064,-0.2701195245627659,7
11768,6.755050956007895,6.445311461756064,-0.309739494251831,6
11769,6.591834794601755,6.445311461756064,-0.14652333284569075,2
11770,6.669733708862907,6.445311461756064,-0.2244222471068431,1
11771,6.39303224743935,6.445311461756064,0.05227921431671412,8
11772,5.925316499168972,5.622214022966295,-0.3031024762026773,6
11773,5.84383565983684,5.622214022966295,-0.2216216368705446,9
11774,5.886351982095482,5.622214022966295,-0.2641379591291866,4
11775,5.960536932578184,5.622214022966295,-0.3383229096118887,7
11776,5.826733274319542,5.622214022966295,-0.204519251353247,1
11777,5.808227824668379,5.622214022966295,-0.18601380170208426,2
11778,5.784857477321346,5.622214022966295,-0.16264345435505057,5
11779,5.961420176727736,5.622214022966295,-0.3392061537614408,10
11780,5.636659473955516,5.622214022966295,-0.014445450989220454,8
11781,6.10868901074034,6.201397124320452,0.09270811358011155,3
11782,6.0898696346986325,6.201397124320452,0.11152748962181924,8
11783,6.127889756098911,6.201397124320452,0.07350736822154058,1
11784,6.21584020796566,6.201397124320452,-0.014443083645208077,7
11785,5.933367554602012,6.201397124320452,0.26802956971843983,2
11786,6.205440829239961,6.201397124320452,-0.004043704919509672,5
11787,6.197236996236197,6.201397124320452,0.0041601280842549215,10
11788,6.362236619856872,6.201397124320452,-0.16083949553642007,4
11789,6.176815387144315,6.201397124320452,0.024581737176136542,9
11790,5.424882466527406,6.176091259055681,0.7512087925282751,7
11791,5.195981145878938,6.176091259055681,0.9801101131767433,2
11792,5.489113641290961,6.176091259055681,0.68697761776472,3
11793,5.794674309702558,6.176091259055681,0.381416949353123,4
11794,5.256320990491637,6.176091259055681,0.9197702685640445,10
11795,5.753199107042389,6.176091259055681,0.42289215201329267,5
11796,5.617500897112789,6.176091259055681,0.5585903619428922,8
11797,5.499566535640375,6.176091259055681,0.676524723415306,9
11798,5.230669277208618,6.176091259055681,0.9454219818470637,1
11799,5.9684883430616456,5.927370363039024,-0.041117980022621126,9
11800,5.879278940175483,5.927370363039024,0.048091422863541844,5
11801,5.9262855424541385,5.927370363039024,0.0010848205848859038,3
11802,5.7870615980293145,5.927370363039024,0.1403087650097099,1
11803,6.01666360991388,5.927370363039024,-0.08929324687485529,10
11804,5.845960811556376,5.927370363039024,0.08140955148264872,8
11805,5.8223113596700555,5.927370363039024,0.1050590033689689,4
11806,6.082945503678497,5.927370363039024,-0.1555751406394723,7
11807,5.904514455077357,5.927370363039024,0.022855907961667477,2
11808,5.765642618412072,6.079181246047625,0.31353862763555274,10
11809,5.912561018731285,6.079181246047625,0.16662022731633996,1
11810,5.757774828397427,6.079181246047625,0.3214064176501985,6
11811,5.947308542110258,6.079181246047625,0.1318727039373675,4
11812,5.881992047628691,6.079181246047625,0.19718919841893445,3
11813,5.804211444279509,6.079181246047625,0.27496980176811636,8
11814,5.774078110317807,6.079181246047625,0.3051031357298184,9
11815,5.713593708430213,6.079181246047625,0.3655875376174125,7
11816,6.07123715311304,6.079181246047625,0.007944092934585534,5
11817,6.25534505287911,6.2405492482826,-0.014795804596509754,5
11818,6.052958482595753,6.2405492482826,0.1875907656868474,7
11819,6.182322259884053,6.2405492482826,0.05822698839854734,3
11820,6.107985211890245,6.2405492482826,0.13256403639235526,8
11821,5.868513509607397,6.2405492482826,0.3720357386752031,2
11822,5.859523847008575,6.2405492482826,0.38102540127402573,6
11823,6.064495639533276,6.2405492482826,0.1760536087493243,10
11824,6.104586155718811,6.2405492482826,0.1359630925637898,9
11825,6.285376620474762,6.2405492482826,-0.04482737219216126,4
11826,6.132396080772664,5.891147030448771,-0.24124905032389332,4
11827,6.008447369732975,5.891147030448771,-0.11730033928420447,3
11828,6.048704627018549,5.891147030448771,-0.1575575965697782,10
11829,5.9311421299899605,5.891147030448771,-0.03999509954118974,7
11830,6.030391217997436,5.891147030448771,-0.1392441875486652,9
11831,6.051298122163551,5.891147030448771,-0.1601510917147806,1
11832,5.8004039252540425,5.891147030448771,0.09074310519472828,6
11833,5.963397521417444,5.891147030448771,-0.0722504909686732,8
11834,5.754392489051081,5.891147030448771,0.13675454139769005,2
11835,5.722197363283112,6.0,0.27780263671688843,3
11836,5.742431284825254,6.0,0.2575687151747461,10
11837,5.742970394514816,6.0,0.25702960548518394,8
11838,5.762521684846433,6.0,0.23747831515356665,1
11839,5.658442632477641,6.0,0.3415573675223591,7
11840,5.50099114293318,6.0,0.4990088570668201,2
11841,5.705909608174957,6.0,0.29409039182504326,9
11842,5.842525117561279,6.0,0.15747488243872088,4
11843,5.801384826822929,6.0,0.1986151731770711,5
11844,6.133893576408067,5.847572659142112,-0.28632091726595466,6
11845,6.234149435106432,5.847572659142112,-0.38657677596432016,7
11846,5.964737531167141,5.847572659142112,-0.1171648720250289,8
11847,5.9698758254380255,5.847572659142112,-0.12230316629591353,3
11848,6.188435743321576,5.847572659142112,-0.340863084179464,10
11849,6.076482008716343,5.847572659142112,-0.2289093495742307,2
11850,6.257503583801936,5.847572659142112,-0.4099309246598244,9
11851,6.024891900031734,5.847572659142112,-0.1773192408896218,4
11852,6.18688379058751,5.847572659142112,-0.33931113144539804,1
11853,5.937685990186467,5.931966114728173,-0.005719875458294332,3
11854,5.996367588335352,5.931966114728173,-0.0644014736071794,10
11855,5.822568569676931,5.931966114728173,0.10939754505124188,2
11856,6.141768243852023,5.931966114728173,-0.2098021291238501,9
11857,5.970255512156109,5.931966114728173,-0.03828939742793658,5
11858,5.926403950725731,5.931966114728173,0.005562164002442138,6
11859,6.026718754497399,5.931966114728173,-0.09475263976922577,7
11860,5.934522665637746,5.931966114728173,-0.0025565509095732963,8
11861,5.89891945557817,5.931966114728173,0.03304665915000271,1
11862,5.695853528971765,5.146778989307833,-0.5490745396639314,8
11863,5.541275562279519,5.146778989307833,-0.3944965729716854,6
11864,5.593232160972591,5.146778989307833,-0.44645317166475795,10
11865,5.7598929583716725,5.146778989307833,-0.6131139690638392,5
11866,5.657180970995309,5.146778989307833,-0.5104019816874761,3
11867,5.671970466720607,5.146778989307833,-0.5251914774127737,1
11868,5.577801377654381,5.146778989307833,-0.4310223883465474,9
11869,5.589884630853765,5.146778989307833,-0.443105641545932,7
11870,5.437904848318327,5.146778989307833,-0.2911258590104939,2
11871,5.715046456853234,5.079181246047625,-0.6358652108056093,6
11872,5.771464008829425,5.079181246047625,-0.6922827627818,7
11873,5.810156105132256,5.079181246047625,-0.7309748590846308,3
11874,5.921160681181824,5.079181246047625,-0.8419794351341992,1
11875,5.793397941285017,5.079181246047625,-0.7142166952373916,8
11876,5.608686678095386,5.079181246047625,-0.5295054320477606,2
11877,6.009720115473242,5.079181246047625,-0.9305388694256171,10
11878,5.9304229576121905,5.079181246047625,-0.8512417115645654,9
11879,5.861367035547688,5.079181246047625,-0.7821857895000628,5
11880,4.9913998852124895,5.021189299069938,0.02978941385744882,5
11881,4.725268075688407,5.021189299069938,0.29592122338153093,7
11882,4.925031360178118,5.021189299069938,0.09615793889182012,9
11883,4.807499377157882,5.021189299069938,0.2136899219120565,6
11884,5.006441609298003,5.021189299069938,0.014747689771935413,10
11885,4.621553151082012,5.021189299069938,0.399636147987926,2
11886,4.825528252113855,5.021189299069938,0.19566104695608288,1
11887,4.8990421389540435,5.021189299069938,0.12214716011589477,8
11888,4.916809163660724,5.021189299069938,0.10438013540921443,4
11889,5.47918009826301,6.0,0.5208199017369903,1
11890,5.705483951051963,6.0,0.2945160489480374,6
11891,5.406414068702801,6.0,0.5935859312971994,4
11892,5.450672056702578,6.0,0.5493279432974223,5
11893,5.548450262604182,6.0,0.45154973739581816,10
11894,5.623091159524561,6.0,0.3769088404754388,3
11895,5.563225810017507,6.0,0.4367741899824926,7
11896,5.4288461750237715,6.0,0.5711538249762285,2
11897,5.641354555569382,6.0,0.35864544443061774,8
11898,5.902278305677481,6.008600171761918,0.10632186608443739,3
11899,5.815890756537545,6.008600171761918,0.1927094152243729,10
11900,5.9890640746851895,6.008600171761918,0.01953609707672843,4
11901,5.723527163097073,6.008600171761918,0.28507300866484453,8
11902,5.801911599147511,6.008600171761918,0.2066885726144072,5
11903,5.9733315544488,6.008600171761918,0.035268617313118256,9
11904,5.675075164320863,6.008600171761918,0.33352500744105473,2
11905,5.628826969944064,6.008600171761918,0.3797732018178541,7
11906,5.994300379867758,6.008600171761918,0.014299791894160307,1
11907,5.877834642511463,6.220108088040055,0.3422734455285923,3
11908,5.887195876393531,6.220108088040055,0.33291221164652374,2
11909,6.187824376657264,6.220108088040055,0.0322837113827914,6
11910,5.823953907448449,6.220108088040055,0.3961541805916058,5
11911,6.014214064397726,6.220108088040055,0.20589402364232878,4
11912,6.070694197533005,6.220108088040055,0.14941389050705034,10
11913,5.874472618759701,6.220108088040055,0.3456354692803538,8
11914,6.135929263257128,6.220108088040055,0.08417882478292693,7
11915,6.104714849560875,6.220108088040055,0.1153932384791796,9
11916,6.147934530114527,6.214843848047698,0.06690931793317123,7
11917,5.939424364502014,6.214843848047698,0.2754194835456838,5
11918,6.216362745769133,6.214843848047698,-0.0015188977214348753,6
11919,6.067729188060867,6.214843848047698,0.1471146599868307,4
11920,6.050399684236736,6.214843848047698,0.16444416381096172,10
11921,6.059746081462089,6.214843848047698,0.1550977665856088,1
11922,5.978567680118339,6.214843848047698,0.23627616792935857,2
11923,6.157984135006126,6.214843848047698,0.05685971304157178,9
11924,6.039136035508622,6.214843848047698,0.17570781253907608,8
11925,6.158253881524078,6.113943352306837,-0.04431052921724099,7
11926,5.914240176315498,6.113943352306837,0.19970317599133924,5
11927,6.051687384118558,6.113943352306837,0.062255968188279276,10
11928,6.111332546537853,6.113943352306837,0.0026108057689837594,9
11929,5.995228805619332,6.113943352306837,0.11871454668750481,3
11930,5.880647519877907,6.113943352306837,0.23329583242893026,2
11931,6.029750094499702,6.113943352306837,0.08419325780713471,1
11932,6.101779313783301,6.113943352306837,0.012164038523535758,4
11933,6.082210991565887,6.113943352306837,0.03173236074094987,6
11934,5.765983041022049,6.257051875069349,0.49106883404729995,4
11935,5.662535401138706,6.257051875069349,0.5945164739306428,3
11936,5.642684994194054,6.257051875069349,0.6143668808752949,2
11937,5.690250851723415,6.257051875069349,0.566801023345934,8
11938,5.854198883247331,6.257051875069349,0.4028529918220185,7
11939,5.96121020600076,6.257051875069349,0.2958416690685892,6
11940,5.655370108531826,6.257051875069349,0.6016817665375234,5
11941,5.813475988191568,6.257051875069349,0.44357588687778104,1
11942,5.783930632302321,6.257051875069349,0.4731212427670277,10
11943,5.221873911277665,5.2552725051033065,0.03339859382564114,4
11944,5.0685780004583325,5.2552725051033065,0.18669450464497395,8
11945,4.927164335518079,5.2552725051033065,0.32810816958522704,6
11946,5.283414277482632,5.2552725051033065,-0.02814177237932558,5
11947,5.28179763896847,5.2552725051033065,-0.026525133865163752,7
11948,5.132629987589652,5.2552725051033065,0.12264251751365407,1
11949,5.373826971783076,5.2552725051033065,-0.1185544666797691,10
11950,4.945648411012935,5.2552725051033065,0.3096240940903714,2
11951,5.15094423690754,5.2552725051033065,0.10432826819576668,3
11952,6.210517315707983,6.041392685158225,-0.16912463054975735,9
11953,6.090396144172767,6.041392685158225,-0.04900345901454184,2
11954,6.118973358597176,6.041392685158225,-0.07758067343895103,4
11955,6.106108103837784,6.041392685158225,-0.06471541867955821,3
11956,6.250006162857923,6.041392685158225,-0.2086134776996973,10
11957,5.992734535050636,6.041392685158225,0.048658150107589115,8
11958,6.252501141750223,6.041392685158225,-0.2111084565919974,1
11959,6.076434895667791,6.041392685158225,-0.03504221050956602,5
11960,6.1935735993988486,6.041392685158225,-0.1521809142406232,7
11961,6.729933984351101,6.6020599913279625,-0.1278739930231385,1
11962,6.62462103816276,6.6020599913279625,-0.02256104683479787,2
11963,6.640030175652645,6.6020599913279625,-0.037970184324682243,9
11964,6.815928687549007,6.6020599913279625,-0.2138686962210441,10
11965,6.623247277357037,6.6020599913279625,-0.021187286029074492,7
11966,6.455545855405821,6.6020599913279625,0.1465141359221418,5
11967,6.824580443072904,6.6020599913279625,-0.22252045174494128,6
11968,6.487428180929939,6.6020599913279625,0.1146318103980235,3
11969,6.348240686551315,6.6020599913279625,0.2538193047766475,8
11970,6.21046110969095,4.986771734266245,-1.223689375424705,7
11971,6.2368162892036,4.986771734266245,-1.2500445549373547,10
11972,6.259612456991186,4.986771734266245,-1.2728407227249408,4
11973,6.21914838255696,4.986771734266245,-1.2323766482907148,5
11974,6.230322218485114,4.986771734266245,-1.2435504842188685,1
11975,6.03071540369388,4.986771734266245,-1.0439436694276347,2
11976,6.328910912717734,4.986771734266245,-1.3421391784514887,9
11977,6.118399122768707,4.986771734266245,-1.1316273885024621,6
11978,6.263143690548229,4.986771734266245,-1.2763719562819835,3
11979,6.1567275668814645,6.08278537031645,-0.07394219656501466,1
11980,6.230484024889658,6.08278537031645,-0.1476986545732082,9
11981,6.135717437661845,6.08278537031645,-0.05293206734539524,3
11982,6.122159383447019,6.08278537031645,-0.0393740131305691,5
11983,6.180850181814012,6.08278537031645,-0.09806481149756241,4
11984,6.096871998169208,6.08278537031645,-0.014086627852758049,7
11985,5.92888705522559,6.08278537031645,0.15389831509085994,2
11986,6.189263931184578,6.08278537031645,-0.10647856086812801,10
11987,6.101837099570084,6.08278537031645,-0.01905172925363452,8
11988,5.9188313324426876,5.181843587944773,-0.7369877444979149,3
11989,5.899602232097879,5.181843587944773,-0.7177586441531068,7
11990,5.93653490288381,5.181843587944773,-0.7546913149390377,1
11991,5.936271703389099,5.181843587944773,-0.754428115444326,5
11992,5.9351736127547285,5.181843587944773,-0.7533300248099559,8
11993,5.981131051211651,5.181843587944773,-0.7992874632668787,4
11994,5.745647175163412,5.181843587944773,-0.5638035872186391,2
11995,5.966821488992598,5.181843587944773,-0.7849779010478253,9
11996,5.858853701020272,5.181843587944773,-0.6770101130754993,6
11997,6.190162129178288,5.687261346243506,-0.5029007829347814,2
11998,6.389106770426475,5.687261346243506,-0.7018454241829684,6
11999,6.282335277994838,5.687261346243506,-0.5950739317513314,10
12000,6.261156413614436,5.687261346243506,-0.5738950673709295,7
12001,6.1108253407031805,5.687261346243506,-0.4235639944596743,5
12002,6.077832089053765,5.687261346243506,-0.39057074281025894,4
12003,6.25357373037105,5.687261346243506,-0.5663123841275439,9
12004,6.0607966651520995,5.687261346243506,-0.37353531890859326,3
12005,6.134306787650757,5.687261346243506,-0.44704544140725044,8
12006,5.703193371494927,6.2455126678141495,0.5423192963192225,5
12007,5.977918210730183,6.2455126678141495,0.2675944570839661,9
12008,6.036785961601752,6.2455126678141495,0.20872670621239742,10
12009,6.082876705976162,6.2455126678141495,0.16263596183798779,1
12010,5.81004983352707,6.2455126678141495,0.43546283428707966,4
12011,6.088834944394129,6.2455126678141495,0.15667772342002007,2
12012,6.090222739311751,6.2455126678141495,0.1552899285023983,7
12013,5.3998150277792965,6.2455126678141495,0.845697640034853,8
12014,5.702248695426009,6.2455126678141495,0.5432639723881403,3
12015,5.8755476233343416,6.776327733563306,0.9007801102289648,7
12016,6.111128963540005,6.776327733563306,0.6651987700233013,9
12017,5.826510327299398,6.776327733563306,0.9498174062639082,8
12018,5.853278970010935,6.776327733563306,0.9230487635523712,3
12019,6.1033689184838265,6.776327733563306,0.6729588150794799,5
12020,6.029314865165062,6.776327733563306,0.7470128683982447,4
12021,5.874508847991564,6.776327733563306,0.9018188855717426,1
12022,5.88190031837718,6.776327733563306,0.8944274151861267,10
12023,5.850927214137095,6.776327733563306,0.9254005194262112,6
12024,5.935860372180962,6.056904851336473,0.12104447915551031,2
12025,6.097610138767393,6.056904851336473,-0.040705287430919945,9
12026,6.009345032564391,6.056904851336473,0.04755981877208182,10
12027,5.985191993888432,6.056904851336473,0.07171285744804035,8
12028,6.026418083103899,6.056904851336473,0.030486768232573347,7
12029,6.001340565161413,6.056904851336473,0.05556428617506004,4
12030,6.015649230807201,6.056904851336473,0.04125562052927201,1
12031,5.997262821181141,6.056904851336473,0.05964203015533176,5
12032,6.114620458963724,6.056904851336473,-0.057715607627251586,6
12033,6.007081547488602,6.113943352306837,0.1068618048182346,9
12034,5.701451629164739,6.113943352306837,0.41249172314209837,4
12035,5.711959973625167,6.113943352306837,0.40198337868166956,8
12036,6.147658150784477,6.113943352306837,-0.03371479847764025,6
12037,5.929670403441263,6.113943352306837,0.18427294886557366,2
12038,5.836808593015275,6.113943352306837,0.2771347592915623,5
12039,5.735315530928464,6.113943352306837,0.37862782137837314,3
12040,5.9496828279697525,6.113943352306837,0.1642605243370845,1
12041,6.084979617392909,6.113943352306837,0.028963734913928008,7
12042,5.983210059287214,6.441176499941076,0.4579664406538617,10
12043,5.884473179320195,6.441176499941076,0.5567033206208807,6
12044,5.972531460289038,6.441176499941076,0.46864503965203763,5
12045,6.054779801686355,6.441176499941076,0.38639669825472023,4
12046,5.992844985005736,6.441176499941076,0.4483315149353393,7
12047,5.955341608909568,6.441176499941076,0.4858348910315078,8
12048,5.831580891490575,6.441176499941076,0.6095956084505003,2
12049,5.977871487792616,6.441176499941076,0.4633050121484601,3
12050,6.045600747053293,6.441176499941076,0.39557575288778235,9
12051,6.076149557932673,5.332438459915605,-0.7437110980170685,9
12052,6.001134064469617,5.332438459915605,-0.6686956045540118,5
12053,5.967262413220516,5.332438459915605,-0.6348239533049114,10
12054,5.997780119676048,5.332438459915605,-0.6653416597604433,8
12055,5.92739442865897,5.332438459915605,-0.5949559687433652,6
12056,6.021683329195479,5.332438459915605,-0.6892448692798743,3
12057,6.068670415301339,5.332438459915605,-0.7362319553857342,1
12058,6.077231030218647,5.332438459915605,-0.7447925703030425,4
12059,6.054547339237268,5.332438459915605,-0.722108879321663,7
12060,6.021024945154227,5.710117365111817,-0.3109075800424099,5
12061,6.019521675821361,5.710117365111817,-0.3094043107095441,8
12062,6.055629370210683,5.710117365111817,-0.3455120050988665,3
12063,6.060978978049169,5.710117365111817,-0.3508616129373525,1
12064,6.209769430073826,5.710117365111817,-0.4996520649620093,4
12065,6.113272459347155,5.710117365111817,-0.4031550942353386,9
12066,6.123258830933521,5.710117365111817,-0.4131414658217043,7
12067,6.105568080439478,5.710117365111817,-0.3954507153276614,10
12068,5.980162969479773,5.710117365111817,-0.2700456043679562,6
12069,5.925180162626439,6.008600171761918,0.08342000913547931,7
12070,5.907417268303891,6.008600171761918,0.10118290345802716,8
12071,6.0068880356470515,6.008600171761918,0.001712136114866425,1
12072,5.928343642955451,6.008600171761918,0.08025652880646739,3
12073,5.763328522204575,6.008600171761918,0.24527164955734282,2
12074,5.939819322876333,6.008600171761918,0.06878084888558522,5
12075,5.99565855629483,6.008600171761918,0.012941615467087608,10
12076,5.835024650698295,6.008600171761918,0.17357552106362295,6
12077,6.011181765731329,6.008600171761918,-0.0025815939694107115,9
12078,5.820741938521626,5.552668216112194,-0.26807372240943206,2
12079,6.0071714706332875,5.552668216112194,-0.45450325452109386,10
12080,5.961638845395055,5.552668216112194,-0.40897062928286143,9
12081,6.02018743981377,5.552668216112194,-0.4675192237015766,7
12082,6.121923069276762,5.552668216112194,-0.5692548531645683,8
12083,5.946927956713118,5.552668216112194,-0.3942597406009245,1
12084,6.162682758190977,5.552668216112194,-0.6100145420787833,5
12085,6.059216573385273,5.552668216112194,-0.5065483572730791,3
12086,6.056776748474921,5.552668216112194,-0.5041085323627277,6
12087,5.273288742191954,5.093421685162235,-0.1798670570297194,8
12088,5.206476886502534,5.093421685162235,-0.11305520134029923,5
12089,5.359637851608015,5.093421685162235,-0.2662161664457807,10
12090,5.202801176733944,5.093421685162235,-0.10937949157170923,1
12091,5.287465904660145,5.093421685162235,-0.1940442194979104,3
12092,5.2433847875510535,5.093421685162235,-0.14996310238881883,6
12093,5.322840135388339,5.093421685162235,-0.2294184502261043,9
12094,5.109780292554173,5.093421685162235,-0.01635860739193795,7
12095,5.335083886071026,5.093421685162235,-0.24166220090879165,4
12096,5.794199393416446,4.6020599913279625,-1.1921394020884835,10
12097,5.680109414947776,4.6020599913279625,-1.078049423619814,7
12098,5.5486956625843336,4.6020599913279625,-0.946635671256371,2
12099,5.645823696946864,4.6020599913279625,-1.0437637056189013,6
12100,5.760029251130952,4.6020599913279625,-1.1579692598029894,1
12101,5.728917918151099,4.6020599913279625,-1.1268579268231367,5
12102,5.71829409150035,4.6020599913279625,-1.1162341001723872,8
12103,5.749316904421481,4.6020599913279625,-1.1472569130935186,9
12104,5.803428770788311,4.6020599913279625,-1.2013687794603483,3
12105,6.105797431589713,5.895422546039408,-0.21037488555030492,2
12106,6.06172139290955,5.895422546039408,-0.1662988468701414,5
12107,6.154056238001798,5.895422546039408,-0.2586336919623893,9
12108,6.417412043338524,5.895422546039408,-0.5219894972991161,6
12109,6.2844406783251605,5.895422546039408,-0.3890181322857522,10
12110,6.396527629375831,5.895422546039408,-0.501105083336423,7
12111,6.016471120701618,5.895422546039408,-0.12104857466220942,3
12112,6.256769731539798,5.895422546039408,-0.3613471855003896,1
12113,6.239239512990356,5.895422546039408,-0.3438169669509481,8
12114,7.050452036067061,6.100752969451338,-0.9496990666157235,5
12115,7.045718190232189,6.100752969451338,-0.9449652207808512,7
12116,7.323395602871818,6.100752969451338,-1.22264263342048,10
12117,7.1812941722674735,6.100752969451338,-1.0805412028161356,3
12118,7.686484119214709,6.100752969451338,-1.5857311497633715,9
12119,7.094642924998362,6.100752969451338,-0.993889955547024,8
12120,7.224630149868244,6.100752969451338,-1.1238771804169065,2
12121,7.168160797014466,6.100752969451338,-1.0674078275631285,4
12122,7.210533861707896,6.100752969451338,-1.1097808922565582,1
12123,5.666281944923748,6.0,0.3337180550762522,3
12124,5.968257179148114,6.0,0.0317428208518864,9
12125,5.7599766455500925,6.0,0.24002335444990752,5
12126,5.954525190904496,6.0,0.04547480909550394,1
12127,5.672385938948353,6.0,0.3276140610516469,8
12128,6.134921462074682,6.0,-0.13492146207468192,6
12129,6.0054034933536125,6.0,-0.005403493353612454,10
12130,6.090112221374785,6.0,-0.0901122213747847,7
12131,5.677674983502564,6.0,0.3223250164974356,4
12132,6.076446974980829,5.788875115775417,-0.2875718592054124,9
12133,5.919453774035629,5.788875115775417,-0.13057865826021242,4
12134,6.157895583765142,5.788875115775417,-0.3690204679897251,7
12135,6.064279167952658,5.788875115775417,-0.2754040521772412,10
12136,5.959683957589416,5.788875115775417,-0.17080884181399902,1
12137,6.127908321385605,5.788875115775417,-0.3390332056101881,6
12138,5.890569317191225,5.788875115775417,-0.10169420141580776,8
12139,5.880383213468278,5.788875115775417,-0.09150809769286106,5
12140,5.773871494844562,5.788875115775417,0.015003620930854389,3
12141,5.701451629164739,6.176091259055681,0.47463962989094277,4
12142,5.836808593015275,6.176091259055681,0.3392826660404067,5
12143,5.9496828279697525,6.176091259055681,0.2264084310859289,1
12144,5.983283626586933,6.176091259055681,0.19280763246874866,10
12145,5.929670403441263,6.176091259055681,0.24642085561441807,2
12146,6.147658150784477,6.176091259055681,0.028433108271204155,6
12147,5.711959973625167,6.176091259055681,0.46413128543051396,8
12148,5.735315530928464,6.176091259055681,0.44077572812721755,3
12149,6.084979617392909,6.176091259055681,0.09111164166277241,7
12150,5.642226583618222,5.193124598354461,-0.449101985263761,8
12151,5.5644048409572875,5.193124598354461,-0.3712802426028263,3
12152,5.6063249999850155,5.193124598354461,-0.4132004016305544,4
12153,5.789457615180459,5.193124598354461,-0.5963330168259979,10
12154,5.625300314635946,5.193124598354461,-0.43217571628148477,5
12155,5.871677543906556,5.193124598354461,-0.6785529455520951,7
12156,5.955846462523552,5.193124598354461,-0.7627218641690909,6
12157,5.710477383716621,5.193124598354461,-0.51735278536216,9
12158,5.71401239773914,5.193124598354461,-0.5208877993846786,2
12159,5.776098497339114,5.051923916046107,-0.7241745812930072,7
12160,6.1370321479389895,5.051923916046107,-1.0851082318928826,4
12161,5.874477238728715,5.051923916046107,-0.8225533226826078,5
12162,5.78420035351749,5.051923916046107,-0.7322764374713833,6
12163,5.895111269724335,5.051923916046107,-0.8431873536782284,3
12164,5.5818948440371035,5.051923916046107,-0.5299709279909965,1
12165,5.877239788233536,5.051923916046107,-0.8253158721874287,8
12166,5.660827936712791,5.051923916046107,-0.6089040206666843,2
12167,5.598312197191916,5.051923916046107,-0.5463882811458092,10
12168,5.867851082337538,5.756636108245848,-0.11121497409168946,2
12169,6.127357858125394,5.756636108245848,-0.37072174987954565,9
12170,6.306735359290466,5.756636108245848,-0.5500992510446174,3
12171,6.1283792350024635,5.756636108245848,-0.37174312675661536,7
12172,5.832639701380853,5.756636108245848,-0.07600359313500515,6
12173,5.96440690755349,5.756636108245848,-0.20777079930764142,5
12174,5.989933850547769,5.756636108245848,-0.23329774230192069,4
12175,5.870885876923287,5.756636108245848,-0.11424976867743908,1
12176,5.851772549951305,5.756636108245848,-0.09513644170545721,10
12177,5.732464942543335,6.431363764158987,0.6988988216156518,10
12178,6.172849932710075,6.431363764158987,0.25851383144891216,8
12179,6.121634895299694,6.431363764158987,0.30972886885929274,3
12180,5.7733701709393666,6.431363764158987,0.6579935932196204,2
12181,5.8120778133504665,6.431363764158987,0.6192859508085204,1
12182,5.896223125398148,6.431363764158987,0.5351406387608391,7
12183,5.960941371848415,6.431363764158987,0.4704223923105717,4
12184,5.956926775935749,6.431363764158987,0.4744369882232382,9
12185,6.013163689505954,6.431363764158987,0.41820007465303277,5
12186,5.756982389570118,6.0,0.2430176104298818,4
12187,5.327190789180661,6.0,0.6728092108193389,2
12188,5.732911790763099,6.0,0.2670882092369009,5
12189,5.628630381533093,6.0,0.37136961846690664,10
12190,5.422743053803486,6.0,0.5772569461965142,7
12191,5.641957847113234,6.0,0.35804215288676566,3
12192,5.748477331193029,6.0,0.25152266880697116,8
12193,5.48177881984809,6.0,0.5182211801519099,1
12194,5.441543267676227,6.0,0.5584567323237728,6
12195,6.012151729890092,5.599883072073688,-0.4122686578164041,9
12196,5.940558316078354,5.599883072073688,-0.3406752440046663,1
12197,6.011173487998381,5.599883072073688,-0.41129041592469306,10
12198,6.028718832396586,5.599883072073688,-0.4288357603228983,3
12199,5.795815510543549,5.599883072073688,-0.1959324384698613,6
12200,5.949154767755836,5.599883072073688,-0.3492716956821482,8
12201,5.945206270051577,5.599883072073688,-0.3453231979778897,5
12202,6.12386487819578,5.599883072073688,-0.5239818061220927,4
12203,6.009091867238784,5.599883072073688,-0.409208795165096,7
12204,5.8916020843257915,5.716837723299524,-0.17476436102626725,1
12205,6.027014773235362,5.716837723299524,-0.31017704993583806,6
12206,5.981939044024504,5.716837723299524,-0.2651013207249795,3
12207,5.91762776538043,5.716837723299524,-0.20079004208090545,5
12208,5.790715782855258,5.716837723299524,-0.07387805955573334,2
12209,6.012942881943876,5.716837723299524,-0.2961051586443517,10
12210,6.050066892642797,5.716837723299524,-0.33322916934327296,7
12211,5.936704520445859,5.716837723299524,-0.2198667971463344,9
12212,5.905694048672664,5.716837723299524,-0.18885632537313946,8
12213,6.086123305803091,5.812913356642856,-0.27320994916023533,6
12214,6.018613047271046,5.812913356642856,-0.20569969062819027,10
12215,5.936478334209979,5.812913356642856,-0.12356497756712326,4
12216,5.867529030185428,5.812913356642856,-0.05461567354257202,5
12217,5.864169162973111,5.812913356642856,-0.05125580633025528,9
12218,6.001335451370902,5.812913356642856,-0.18842209472804594,7
12219,5.762756873902863,5.812913356642856,0.05015648273999229,2
12220,5.915448281290065,5.812913356642856,-0.10253492464720892,3
12221,5.864529823115058,5.812913356642856,-0.051616466472202305,1
12222,6.630405487521946,7.929418925714293,1.2990134381923468,1
12223,6.715865004977581,7.929418925714293,1.2135539207367119,9
12224,6.555783223433468,7.929418925714293,1.3736357022808248,4
12225,6.764924192448663,7.929418925714293,1.16449473326563,6
12226,6.581450633320824,7.929418925714293,1.3479682923934693,5
12227,6.665322053219033,7.929418925714293,1.2640968724952595,7
12228,6.639485468993494,7.929418925714293,1.2899334567207985,10
12229,6.558420685386018,7.929418925714293,1.3709982403282748,2
12230,6.597174581997655,7.929418925714293,1.3322443437166376,3
12231,6.179263251622509,5.862727528317975,-0.3165357233045345,10
12232,5.936467502882256,5.862727528317975,-0.0737399745642815,3
12233,5.927974269434469,5.862727528317975,-0.06524674111649453,8
12234,6.187228986500004,5.862727528317975,-0.3245014581820289,4
12235,5.96729623304701,5.862727528317975,-0.10456870472903557,5
12236,6.019982324082195,5.862727528317975,-0.15725479576421986,1
12237,6.09190333637256,5.862727528317975,-0.2291758080545856,7
12238,5.816895403305135,5.862727528317975,0.04583212501283995,2
12239,5.957040561690712,5.862727528317975,-0.09431303337273711,6
12240,5.608691575539461,5.079181246047625,-0.5295103294918357,4
12241,5.442477081442786,5.079181246047625,-0.36329583539516097,5
12242,5.3849597049858495,5.079181246047625,-0.3057784589382244,9
12243,5.037431012491033,5.079181246047625,0.04175023355659224,2
12244,5.457279670416358,5.079181246047625,-0.37809842436873264,8
12245,5.071249030161647,5.079181246047625,0.007932215885977811,1
12246,5.19825664063647,5.079181246047625,-0.11907539458884475,10
12247,5.1555251331243275,5.079181246047625,-0.07634388707670237,6
12248,5.3175388629972025,5.079181246047625,-0.23835761694957736,3
12249,5.468664841843664,5.278753600952829,-0.18991124089083478,10
12250,5.259719007487788,5.278753600952829,0.019034593465041105,2
12251,5.63734430660826,5.278753600952829,-0.3585907056554314,5
12252,5.530785646086312,5.278753600952829,-0.25203204513348343,7
12253,5.573037352392031,5.278753600952829,-0.2942837514392025,6
12254,5.346937338363244,5.278753600952829,-0.06818373741041484,1
12255,5.551405429184451,5.278753600952829,-0.2726518282316217,3
12256,5.6559103264106225,5.278753600952829,-0.37715672545779366,4
12257,5.4565258116036315,5.278753600952829,-0.17777221065080262,9
12258,6.057116416498096,6.017033339298781,-0.040083077199315476,2
12259,5.684994729924653,6.017033339298781,0.3320386093741279,8
12260,6.129711498551854,6.017033339298781,-0.11267815925307367,7
12261,6.254580850857377,6.017033339298781,-0.23754751155859655,10
12262,5.797982839524292,6.017033339298781,0.21905049977448865,4
12263,6.264706420943958,6.017033339298781,-0.24767308164517754,6
12264,6.106261929202407,6.017033339298781,-0.0892285899036267,1
12265,5.887635940112715,6.017033339298781,0.12939739918606552,5
12266,6.081356479966257,6.017033339298781,-0.06432314066747669,9
12267,5.683769820835445,5.176091259055681,-0.5076785617797634,4
12268,5.886244940695648,5.176091259055681,-0.7101536816399667,9
12269,5.706270590643363,5.176091259055681,-0.5301793315876813,8
12270,5.9663867314808865,5.176091259055681,-0.7902954724252051,6
12271,5.6758827772244,5.176091259055681,-0.4997915181687187,1
12272,5.807711099181259,5.176091259055681,-0.6316198401255777,2
12273,5.717038751082218,5.176091259055681,-0.5409474920265369,5
12274,5.976032180933277,5.176091259055681,-0.7999409218775959,7
12275,5.762584139165062,5.176091259055681,-0.5864928801093807,3
12276,5.68265153254413,6.079181246047625,0.39652971350349553,4
12277,5.620719187564505,6.079181246047625,0.4584620584831205,8
12278,5.503440442472252,6.079181246047625,0.575740803575373,7
12279,5.645599829097147,6.079181246047625,0.4335814169504779,5
12280,5.514027901048831,6.079181246047625,0.5651533449987944,6
12281,5.560116967433665,6.079181246047625,0.5190642786139605,2
12282,5.709867228861927,6.079181246047625,0.36931401718569834,9
12283,5.364190151143024,6.079181246047625,0.714991094904601,1
12284,5.534351114760958,6.079181246047625,0.544830131286667,10
12285,6.445399662150923,6.079181246047625,-0.36621841610329753,1
12286,6.437592811811193,6.079181246047625,-0.3584115657635678,7
12287,6.735983228002175,6.079181246047625,-0.6568019819545503,9
12288,6.47118857824982,6.079181246047625,-0.3920073322021951,10
12289,6.384422126326025,6.079181246047625,-0.3052408802783999,2
12290,6.598259043590572,6.079181246047625,-0.5190777975429466,5
12291,6.891037960329033,6.079181246047625,-0.8118567142814079,4
12292,6.370607572300716,6.079181246047625,-0.29142632625309073,3
12293,6.390433121729717,6.079181246047625,-0.31125187568209167,8
12294,4.955521990799274,5.121559844187501,0.16603785338822696,2
12295,5.3055767551894,5.121559844187501,-0.18401691100189943,10
12296,5.471130432044276,5.121559844187501,-0.34957058785677564,3
12297,5.194871186596754,5.121559844187501,-0.0733113424092533,6
12298,5.222525273477501,5.121559844187501,-0.10096542929000041,1
12299,5.323945794806507,5.121559844187501,-0.20238595061900622,9
12300,5.548508001909149,5.121559844187501,-0.4269481577216485,8
12301,5.3403234238497035,5.121559844187501,-0.21876357966220272,7
12302,5.509274353950549,5.121559844187501,-0.38771450976304855,4
12303,5.668082569386497,4.912275210498812,-0.7558073588876848,9
12304,5.866483999544967,4.912275210498812,-0.954208789046155,4
12305,5.645790276445131,4.912275210498812,-0.7335150659463183,5
12306,5.74365084162305,4.912275210498812,-0.8313756311242377,3
12307,5.707355689054186,4.912275210498812,-0.7950804785553736,8
12308,5.451619192381051,4.912275210498812,-0.5393439818822383,1
12309,5.461657691006303,4.912275210498812,-0.5493824805074903,6
12310,5.30720212486288,4.912275210498812,-0.3949269143640679,2
12311,5.504692380575789,4.912275210498812,-0.5924171700769767,7
12312,5.77949768067954,6.218272853571447,0.4387751728919067,4
12313,5.69508514552138,6.218272853571447,0.5231877080500675,6
12314,5.6686604551788315,6.218272853571447,0.5496123983926156,9
12315,5.829636771094685,6.218272853571447,0.3886360824767623,5
12316,5.597755485755731,6.218272853571447,0.6205173678157161,2
12317,5.789521222107728,6.218272853571447,0.42875163146371875,1
12318,5.7284732824336,6.218272853571447,0.4897995711378469,10
12319,5.6431158214057175,6.218272853571447,0.5751570321657296,8
12320,5.576531726024236,6.218272853571447,0.6417411275472107,7
12321,5.556369146451545,5.700617195682057,0.14424804923051138,6
12322,5.5162884754098425,5.700617195682057,0.18432872027221414,8
12323,5.630357962931028,5.700617195682057,0.0702592327510283,5
12324,5.434580075484765,5.700617195682057,0.266037120197292,7
12325,5.576136229465118,5.700617195682057,0.1244809662169386,4
12326,5.45552587023089,5.700617195682057,0.24509132545116685,9
12327,5.507868087695396,5.700617195682057,0.19274910798666056,3
12328,5.585290093492519,5.700617195682057,0.11532710218953746,1
12329,5.409446623485299,5.700617195682057,0.2911705721967577,2
12330,6.051298122163551,6.924279286061882,0.8729811638983307,1
12331,6.030391217997436,6.924279286061882,0.8938880680644461,9
12332,6.132396080772664,6.924279286061882,0.791883205289218,4
12333,6.048704627018549,6.924279286061882,0.8755746590433331,10
12334,5.8004039252540425,6.924279286061882,1.1238753608078396,6
12335,5.9311421299899605,6.924279286061882,0.9931371560719215,7
12336,5.963397521417444,6.924279286061882,0.9608817646444381,8
12337,5.754392489051081,6.924279286061882,1.1698867970108013,2
12338,6.075601984038115,6.924279286061882,0.8486773020237672,5
12339,5.861367035547688,6.134495855834674,0.2731288202869857,5
12340,5.810156105132256,6.134495855834674,0.3243397507024177,3
12341,5.921160681181824,6.134495855834674,0.21333517465284935,1
12342,5.793397941285017,6.134495855834674,0.3410979145496569,8
12343,5.771464008829427,6.134495855834674,0.3630318470052467,7
12344,5.715046456853234,6.134495855834674,0.4194493989814392,6
12345,6.009720115473242,6.134495855834674,0.12477574036143135,10
12346,5.608686678095386,6.134495855834674,0.5258091777392879,2
12347,5.949830924962199,6.134495855834674,0.18466493087247482,4
12348,5.880658572074336,6.509202522331103,0.6285439502567671,4
12349,5.597134643395846,6.509202522331103,0.9120678789352565,8
12350,6.048451387298617,6.509202522331103,0.46075113503248577,10
12351,5.977789825203149,6.509202522331103,0.531412697127954,2
12352,6.023656050987649,6.509202522331103,0.4855464713434543,7
12353,6.058720655538851,6.509202522331103,0.4504818667922521,1
12354,5.770808673134778,6.509202522331103,0.7383938491963251,5
12355,6.058164963153427,6.509202522331103,0.4510375591776761,6
12356,5.764871702262511,6.509202522331103,0.7443308200685923,3
12357,6.07320108512817,6.590507462008583,0.5173063768804127,9
12358,6.044388883667609,6.590507462008583,0.5461185783409741,4
12359,6.000202095823774,6.590507462008583,0.5903053661848094,8
12360,6.049693909802304,6.590507462008583,0.5408135522062789,6
12361,5.981918902720117,6.590507462008583,0.6085885592884663,7
12362,6.02398063433554,6.590507462008583,0.5665268276730426,1
12363,5.880434653206975,6.590507462008583,0.7100728088016082,2
12364,5.9805193889923975,6.590507462008583,0.6099880730161855,5
12365,6.029501777510096,6.590507462008583,0.561005684498487,10
12366,6.026527555999778,5.758911892397974,-0.2676156636018048,4
12367,5.939819322876333,5.758911892397974,-0.1809074304783591,5
12368,5.925180162626439,5.758911892397974,-0.16626827022846502,7
12369,5.99565855629483,5.758911892397974,-0.23674666389685672,10
12370,5.928343642955451,5.758911892397974,-0.16943175055747695,3
12371,6.0068880356470515,5.758911892397974,-0.2479761432490779,1
12372,5.907417268303891,5.758911892397974,-0.14850537590591717,8
12373,5.835024650698295,5.758911892397974,-0.07611275830032138,6
12374,5.763328522204575,5.758911892397974,-0.004416629806601513,2
12375,5.845506477704318,6.079181246047625,0.23367476834330692,4
12376,6.029584278955241,6.079181246047625,0.04959696709238415,10
12377,5.825754380478856,6.079181246047625,0.2534268655687688,5
12378,6.0016792028893855,6.079181246047625,0.07750204315823961,9
12379,5.867836742264553,6.079181246047625,0.21134450378307168,2
12380,5.77249952293886,6.079181246047625,0.30668172310876507,3
12381,5.99097071655698,6.079181246047625,0.08821052949064523,1
12382,6.045130370808059,6.079181246047625,0.03405087523956585,7
12383,6.090259683283193,6.079181246047625,-0.011078437235568117,6
12384,5.9304229576121905,6.7626785637274365,0.832255606115246,9
12385,5.861367035547688,6.7626785637274365,0.9013115281797486,5
12386,5.715046456853234,6.7626785637274365,1.047632106874202,6
12387,5.810156105132256,6.7626785637274365,0.9525224585951806,3
12388,5.949830924962199,6.7626785637274365,0.8128476387652377,4
12389,6.009720115473242,6.7626785637274365,0.7529584482541942,10
12390,5.793397941285017,6.7626785637274365,0.9692806224424197,8
12391,5.608686678095386,6.7626785637274365,1.1539918856320508,2
12392,5.921160681181826,6.7626785637274365,0.8415178825456104,1
12393,5.541348405412593,5.86391737695786,0.32256897154526687,7
12394,5.588840555919694,5.86391737695786,0.27507682103816666,3
12395,5.544704463603796,5.86391737695786,0.31921291335406465,6
12396,5.39278202355073,5.86391737695786,0.47113535340713053,2
12397,5.633419576147499,5.86391737695786,0.23049780081036086,9
12398,5.621140712205279,5.86391737695786,0.24277666475258108,8
12399,5.641695081433032,5.86391737695786,0.22222229552482808,5
12400,5.708543874209584,5.86391737695786,0.15537350274827588,10
12401,5.710967702867948,5.86391737695786,0.15294967408991234,4
12402,5.999939539055069,5.342422680822207,-0.6575168582328628,2
12403,5.805302350359611,5.342422680822207,-0.4628796695374042,3
12404,5.816887257117432,5.342422680822207,-0.4744645762952251,8
12405,5.875828886546727,5.342422680822207,-0.5334062057245204,5
12406,5.881415228654961,5.342422680822207,-0.5389925478327546,4
12407,6.110627921689316,5.342422680822207,-0.7682052408671094,6
12408,6.185915006683452,5.342422680822207,-0.843492325861245,9
12409,6.139845442465907,5.342422680822207,-0.7974227616437002,7
12410,6.180908948947661,5.342422680822207,-0.8384862681254548,10
12411,5.567618008187359,6.033423755486949,0.4658057472995907,9
12412,5.654416631389437,6.033423755486949,0.37900712409751236,4
12413,5.496247336483255,6.033423755486949,0.5371764190036945,6
12414,5.29849169964267,6.033423755486949,0.7349320558442791,2
12415,5.5723609316725895,6.033423755486949,0.4610628238143599,3
12416,5.7256258082079805,6.033423755486949,0.3077979472789689,8
12417,5.513702196708665,6.033423755486949,0.5197215587782846,5
12418,5.366774748658883,6.033423755486949,0.6666490068280666,7
12419,5.227021311132516,6.033423755486949,0.8064024443544335,10
12420,5.542225359810383,5.518513939877887,-0.02371141993249548,10
12421,5.275301156228356,5.518513939877887,0.2432127836495308,2
12422,5.516441038796919,5.518513939877887,0.002072901080968137,5
12423,5.562227095058012,5.518513939877887,-0.043713155180125085,4
12424,5.453790127027351,5.518513939877887,0.06472381285053608,6
12425,5.513056943238419,5.518513939877887,0.005456996639468414,8
12426,5.523754744935502,5.518513939877887,-0.005240805057614928,1
12427,5.416055770617722,5.518513939877887,0.10245816926016538,7
12428,5.471108774323802,5.518513939877887,0.04740516555408547,9
12429,5.927202357376579,7.041392685158225,1.114190327781646,1
12430,5.771682124825856,7.041392685158225,1.2697105603323697,6
12431,5.63301434606709,7.041392685158225,1.4083783390911355,2
12432,5.924358488140868,7.041392685158225,1.1170341970173574,5
12433,5.898280832879932,7.041392685158225,1.1431118522782935,9
12434,5.850572838223187,7.041392685158225,1.190819846935038,8
12435,5.87696321327864,7.041392685158225,1.1644294718795853,7
12436,5.911570855768881,7.041392685158225,1.1298218293893445,3
12437,5.838543724822178,7.041392685158225,1.2028489603360475,10
12438,5.74713857155939,4.678518379040114,-1.0686201925192753,3
12439,5.799788542275019,4.678518379040114,-1.1212701632349047,1
12440,5.903894471583593,4.678518379040114,-1.2253760925434785,6
12441,5.714174306238722,4.678518379040114,-1.0356559271986079,2
12442,5.783487634768169,4.678518379040114,-1.1049692557280544,5
12443,5.842851059314685,4.678518379040114,-1.1643326802745708,8
12444,5.791689429544722,4.678518379040114,-1.113171050504608,7
12445,5.774405271041219,4.678518379040114,-1.0958868920011042,10
12446,5.824376832196189,4.678518379040114,-1.145858453156075,4
12447,5.3650368078975355,6.066773037085025,0.7017362291874898,10
12448,5.283758865640357,6.066773037085025,0.7830141714446679,7
12449,5.3798457536435045,6.066773037085025,0.6869272834415208,5
12450,5.151401918286723,6.066773037085025,0.9153711187983022,2
12451,5.359222289726141,6.066773037085025,0.7075507473588845,6
12452,5.326393570560931,6.066773037085025,0.7403794665240939,3
12453,5.389738494943873,6.066773037085025,0.6770345421411523,8
12454,5.391235838093905,6.066773037085025,0.6755371989911199,4
12455,5.374865090111259,6.066773037085025,0.6919079469737666,1
12456,5.759160312168816,5.899820502427096,0.1406601902582807,8
12457,5.8178861659735,5.899820502427096,0.08193433645359605,5
12458,5.854156666739582,5.899820502427096,0.04566383568751409,3
12459,5.901180922201862,5.899820502427096,-0.001360419774765198,1
12460,5.939348392195925,5.899820502427096,-0.03952788976882893,10
12461,5.929546597301564,5.899820502427096,-0.029726094874467535,6
12462,5.758305518982875,5.899820502427096,0.1415149834442211,2
12463,5.787415132936032,5.899820502427096,0.11240536949106428,4
12464,6.032749653131193,5.899820502427096,-0.13292915070409617,9
12465,5.714072848076962,7.429752280002408,1.7156794319254454,4
12466,5.304681731869258,7.429752280002408,2.1250705481331496,6
12467,5.470417354296775,7.429752280002408,1.9593349257056323,5
12468,5.3211804624183205,7.429752280002408,2.108571817584087,1
12469,5.718888864206399,7.429752280002408,1.710863415796009,8
12470,5.460041500263287,7.429752280002408,1.9697107797391205,3
12471,5.37858303997424,7.429752280002408,2.051169240028168,10
12472,5.1780269332792574,7.429752280002408,2.25172534672315,7
12473,5.321466390003574,7.429752280002408,2.1082858899988333,9
12474,6.491438445202151,6.612783856719736,0.12134541151758516,10
12475,6.481339180679544,6.612783856719736,0.13144467604019194,6
12476,6.103944052734966,6.612783856719736,0.5088398039847704,5
12477,6.379821781631092,6.612783856719736,0.2329620750886443,1
12478,5.326755226874101,6.612783856719736,1.2860286298456352,8
12479,6.554362731165584,6.612783856719736,0.05842112555415202,3
12480,6.042530508624217,6.612783856719736,0.5702533480955196,7
12481,6.2478688378059575,6.612783856719736,0.36491501891377887,2
12482,6.302151250158068,6.612783856719736,0.31063260656166847,9
12483,6.335563551377075,6.503790683057181,0.16822713168010583,6
12484,6.258911345186834,6.503790683057181,0.24487933787034688,9
12485,5.675284986212106,6.503790683057181,0.8285056968450748,4
12486,6.106937173122454,6.503790683057181,0.39685350993472657,5
12487,6.145990668538979,6.503790683057181,0.35780001451820187,2
12488,6.174912789425614,6.503790683057181,0.3288778936315673,1
12489,5.7363218951321615,6.503790683057181,0.7674687879250195,8
12490,6.108576934667675,6.503790683057181,0.39521374838950596,7
12491,6.258060252147962,6.503790683057181,0.24573043090921942,10
12492,6.457175036474896,5.240798771117332,-1.2163762653575647,5
12493,5.985017406235085,5.240798771117332,-0.7442186351177531,8
12494,6.63054207635678,5.240798771117332,-1.3897433052394481,7
12495,6.668217100248834,5.240798771117332,-1.4274183291315028,9
12496,6.604849116138589,5.240798771117332,-1.3640503450212575,2
12497,6.0530414327694375,5.240798771117332,-0.8122426616521059,4
12498,6.658014452389894,5.240798771117332,-1.4172156812725625,1
12499,6.807269127584672,5.240798771117332,-1.5664703564673408,6
12500,6.694962684033638,5.240798771117332,-1.4541639129163064,10
12501,5.914986119428905,5.968482948553935,0.053496829125029954,3
12502,6.17380567295276,5.968482948553935,-0.20532272439882515,8
12503,6.073263719519285,5.968482948553935,-0.1047807709653501,4
12504,5.969371695637996,5.968482948553935,-0.000888747084061059,5
12505,5.999520282434047,5.968482948553935,-0.031037333880112428,9
12506,6.271709056366851,5.968482948553935,-0.30322610781291637,10
12507,6.492411620440257,5.968482948553935,-0.5239286718863223,6
12508,6.395344216545167,5.968482948553935,-0.4268612679912325,1
12509,6.261169034286318,5.968482948553935,-0.29268608573238364,7
12510,6.167239824368193,6.05307844348342,-0.11416138088477279,8
12511,6.096923798628711,6.05307844348342,-0.04384535514529109,9
12512,6.380847037907889,6.05307844348342,-0.3277685944244695,1
12513,6.216718518653528,6.05307844348342,-0.16364007517010837,2
12514,6.184617705933044,6.05307844348342,-0.13153926244962388,7
12515,6.0022265915937645,6.05307844348342,0.050851851889655464,5
12516,6.1865361629827715,6.05307844348342,-0.1334577194993516,4
12517,6.326653193595472,6.05307844348342,-0.27357475011205246,6
12518,6.090343195386443,6.05307844348342,-0.03726475190302292,3
12519,5.64405690812959,6.008600171761918,0.3645432636323278,2
12520,5.276147869921162,6.008600171761918,0.7324523018407563,5
12521,5.459898193351928,6.008600171761918,0.5487019784099898,7
12522,5.7670959743084795,6.008600171761918,0.24150419745343843,6
12523,5.76479452112458,6.008600171761918,0.24380565063733783,1
12524,5.584904982263096,6.008600171761918,0.42369518949882234,10
12525,5.1373718200753915,6.008600171761918,0.8712283516865265,9
12526,5.405146406556139,6.008600171761918,0.6034537652057788,4
12527,5.299179458989152,6.008600171761918,0.7094207127727659,8
12528,5.882323594238197,4.954242509439325,-0.9280810847988716,2
12529,5.799370589452663,4.954242509439325,-0.8451280800133381,8
12530,5.659191835812783,4.954242509439325,-0.7049493263734581,5
12531,5.680726409467388,4.954242509439325,-0.7264839000280627,9
12532,5.900971490241692,4.954242509439325,-0.9467289808023667,10
12533,6.11830210085813,4.954242509439325,-1.1640595914188046,6
12534,5.962644835284996,4.954242509439325,-1.0084023258456707,7
12535,5.609526924225396,4.954242509439325,-0.6552844147860704,3
12536,5.846820716370533,4.954242509439325,-0.8925782069312076,4
12537,6.337695230309152,6.770115294787102,0.4324200644779497,7
12538,6.397673755145196,6.770115294787102,0.37244153964190563,6
12539,6.389194437941964,6.770115294787102,0.38092085684513766,8
12540,6.289693083767906,6.770115294787102,0.4804222110191958,3
12541,6.273451498850358,6.770115294787102,0.4966637959367439,4
12542,6.291650710222722,6.770115294787102,0.4784645845643798,5
12543,6.298414925422184,6.770115294787102,0.47170036936491755,2
12544,6.276322851498149,6.770115294787102,0.4937924432889531,10
12545,6.5587406218076865,6.770115294787102,0.21137467297941548,1
12546,6.924231194642912,6.418301291319746,-0.5059299033231666,5
12547,7.025228050274078,6.418301291319746,-0.6069267589543319,10
12548,6.811221354263238,6.418301291319746,-0.39292006294349235,4
12549,7.083923512698513,6.418301291319746,-0.6656222213787677,8
12550,6.708805620213124,6.418301291319746,-0.2905043288933786,6
12551,7.236851999992288,6.418301291319746,-0.8185507086725421,9
12552,6.916689968655709,6.418301291319746,-0.4983886773359636,2
12553,7.052964450600657,6.418301291319746,-0.6346631592809109,1
12554,6.943388032712113,6.418301291319746,-0.525086741392367,3
12555,6.143352111398453,7.0220157398177205,0.8786636284192673,10
12556,6.18018376348495,7.0220157398177205,0.8418319763327702,2
12557,6.2625526351496505,7.0220157398177205,0.75946310466807,7
12558,6.106690330801894,7.0220157398177205,0.9153254090158267,9
12559,6.407565262011347,7.0220157398177205,0.6144504778063737,8
12560,6.501147167171511,7.0220157398177205,0.5208685726462097,4
12561,6.370333797831318,7.0220157398177205,0.6516819419864026,6
12562,6.197885826752872,7.0220157398177205,0.8241299130648487,1
12563,6.142124473560058,7.0220157398177205,0.8798912662576628,3
12564,2.3288435272295387,1.9242792860618816,-0.4045642411676571,5
12565,2.9903053589614585,1.9242792860618816,-1.066026072899577,6
12566,2.6227373174934745,1.9242792860618816,-0.6984580314315929,2
12567,2.5401222242556023,1.9242792860618816,-0.6158429381937207,1
12568,2.2400917235892384,1.9242792860618816,-0.31581243752735677,7
12569,2.3676254620014623,1.9242792860618816,-0.4433461759395807,9
12570,3.4132985160947498,1.9242792860618816,-1.4890192300328682,8
12571,2.2672656325011755,1.9242792860618816,-0.34298634643929393,4
12572,2.7874813349771923,1.9242792860618816,-0.8632020489153107,3
12573,4.61124007210918,4.550228353055094,-0.0610117190540862,3
12574,5.316430241868226,4.550228353055094,-0.7662018888131321,8
12575,4.688224025030471,4.550228353055094,-0.13799567197537677,4
12576,4.499174606965706,4.550228353055094,0.05105374608938806,2
12577,4.5178423269268455,4.550228353055094,0.0323860261282487,6
12578,4.4111709880290535,4.550228353055094,0.1390573650260407,7
12579,4.555573760529812,4.550228353055094,-0.005345407474718122,1
12580,4.551334407972706,4.550228353055094,-0.0011060549176118428,10
12581,4.5673584752067375,4.550228353055094,-0.017130122151643334,5
12582,5.0085447469276865,6.354621218722914,1.3460764717952278,2
12583,5.138268466013179,6.354621218722914,1.216352752709735,5
12584,5.354911292611576,6.354621218722914,0.999709926111338,9
12585,5.431803516362728,6.354621218722914,0.9228177023601862,3
12586,5.5468569103042755,6.354621218722914,0.8077643084186388,4
12587,4.927700114515644,6.354621218722914,1.4269211042072705,6
12588,4.943867906428339,6.354621218722914,1.4107533122945757,7
12589,5.126612376698846,6.354621218722914,1.2280088420240682,1
12590,5.038899128802384,6.354621218722914,1.3157220899205306,10
12591,5.65334927111483,5.856227259455358,0.2028779883405285,3
12592,4.8287428328618285,5.856227259455358,1.0274844265935297,10
12593,4.698251704123198,5.856227259455358,1.1579755553321602,7
12594,4.767862562433347,5.856227259455358,1.088364697022011,1
12595,4.801735376896753,5.856227259455358,1.0544918825586054,6
12596,5.035799310190878,5.856227259455358,0.8204279492644799,9
12597,5.625131120750567,5.856227259455358,0.23109613870479073,4
12598,5.211411718424602,5.856227259455358,0.6448155410307566,5
12599,6.1240489610879445,5.856227259455358,-0.26782170163258634,8
12600,5.195025471395276,6.052936217579409,0.8579107461841327,1
12601,5.521101889076606,6.052936217579409,0.5318343285028027,5
12602,5.897373700322024,6.052936217579409,0.15556251725738424,3
12603,5.882309515989815,6.052936217579409,0.17062670158959392,8
12604,5.823838299994654,6.052936217579409,0.22909791758475428,4
12605,5.309249668036227,6.052936217579409,0.7436865495431819,6
12606,5.20178128872591,6.052936217579409,0.8511549288534983,2
12607,5.278589193850659,6.052936217579409,0.7743470237287493,10
12608,5.2454529200985665,6.052936217579409,0.8074832974808421,7
12609,4.9616000788932615,6.431363764158987,1.4697636852657254,6
12610,4.895714763442907,6.431363764158987,1.53564900071608,5
12611,5.274801961001111,6.431363764158987,1.1565618031578762,4
12612,4.891055225768227,6.431363764158987,1.54030853839076,1
12613,4.766838305339887,6.431363764158987,1.6645254588191003,7
12614,5.0500909684365345,6.431363764158987,1.3812727957224524,10
12615,4.951026386801211,6.431363764158987,1.4803373773577757,2
12616,5.216274553896011,6.431363764158987,1.2150892102629758,8
12617,5.125121791256689,6.431363764158987,1.3062419729022983,3
12618,4.983414471599886,3.982723387668545,-1.0006910839313412,1
12619,4.870757945516432,3.982723387668545,-0.8880345578478868,10
12620,4.990696546060234,3.982723387668545,-1.0079731583916893,5
12621,5.088204490607502,3.982723387668545,-1.1054811029389575,6
12622,5.044721815938118,3.982723387668545,-1.0619984282695731,3
12623,4.895016312007095,3.982723387668545,-0.91229292433855,4
12624,4.9481551549536675,3.982723387668545,-0.9654317672851227,9
12625,4.921909634220458,3.982723387668545,-0.939186246551913,8
12626,4.820257542346533,3.982723387668545,-0.837534154677988,7
12627,4.47475383469195,3.4471580313422194,-1.0275958033497306,5
12628,4.601858282467851,3.4471580313422194,-1.1547002511256315,10
12629,4.6354948065440125,3.4471580313422194,-1.188336775201793,6
12630,4.732140223846407,3.4471580313422194,-1.284982192504188,4
12631,4.652784815028588,3.4471580313422194,-1.2056267836863688,2
12632,4.585397088793195,3.4471580313422194,-1.138239057450976,1
12633,4.546259894314838,3.4471580313422194,-1.0991018629726188,8
12634,4.456866958046207,3.4471580313422194,-1.0097089267039872,9
12635,4.042800760965024,3.4471580313422194,-0.5956427296228046,3
12636,5.009996269743943,6.563836918664545,1.5538406489206018,4
12637,4.918427605491576,6.563836918664545,1.6454093131729683,1
12638,4.9995113961901305,6.563836918664545,1.5643255224744141,2
12639,4.963992280430589,6.563836918664545,1.5998446382339555,10
12640,5.0313420322698414,6.563836918664545,1.5324948863947032,3
12641,5.090157368133245,6.563836918664545,1.4736795505312994,8
12642,5.000369505614555,6.563836918664545,1.56346741304999,5
12643,5.049056040656801,6.563836918664545,1.5147808780077439,6
12644,4.9856272364370176,6.563836918664545,1.578209682227527,9
12645,4.469422433320152,2.812913356642856,-1.6565090766772959,10
12646,4.604531034475062,2.812913356642856,-1.7916176778322055,6
12647,4.778980223047806,2.812913356642856,-1.9660668664049497,8
12648,4.336555894457631,2.812913356642856,-1.523642537814775,3
12649,4.38213306617894,2.812913356642856,-1.569219709536084,7
12650,4.28797881368818,2.812913356642856,-1.4750654570453237,4
12651,4.4182189096901165,2.812913356642856,-1.6053055530472604,1
12652,4.575895321728521,2.812913356642856,-1.762981965085665,9
12653,4.495900910010018,2.812913356642856,-1.682987553367162,5
12654,4.500890498005594,3.0791812460476247,-1.4217092519579695,3
12655,4.285688667736135,3.0791812460476247,-1.2065074216885106,7
12656,4.527917942920979,3.0791812460476247,-1.4487366968733544,10
12657,4.445504139076572,3.0791812460476247,-1.3663228930289475,1
12658,4.230132680562751,3.0791812460476247,-1.1509514345151266,4
12659,4.4776413269259185,3.0791812460476247,-1.3984600808782939,9
12660,4.483242646199757,3.0791812460476247,-1.4040614001521328,6
12661,4.2890338701365005,3.0791812460476247,-1.2098526240888758,5
12662,4.584552925242788,3.0791812460476247,-1.505371679195163,2
12663,4.838879080987037,5.556302500767287,0.7174234197802498,7
12664,4.9244458336927215,5.556302500767287,0.6318566670745653,9
12665,5.215682427388259,5.556302500767287,0.34062007337902767,1
12666,5.1051425426088,5.556302500767287,0.4511599581584864,10
12667,5.052395687641622,5.556302500767287,0.5039068131256652,2
12668,5.02321363619966,5.556302500767287,0.5330888645676266,6
12669,5.453681013758208,5.556302500767287,0.10262148700907847,8
12670,4.979269713909482,5.556302500767287,0.5770327868578047,4
12671,4.915099193623199,5.556302500767287,0.6412033071440879,3
12672,4.240878819638733,4.334855689617291,0.09397686997855814,6
12673,4.454697933733204,4.334855689617291,-0.1198422441159126,8
12674,4.483416876003416,4.334855689617291,-0.14856118638612426,2
12675,4.0430257544446455,4.334855689617291,0.2918299351726459,3
12676,3.993665922526072,4.334855689617291,0.3411897670912194,7
12677,3.9133669042902564,4.334855689617291,0.42148878532703504,5
12678,4.296405876192726,4.334855689617291,0.038449813424564994,10
12679,3.8857782947440573,4.334855689617291,0.44907739487323406,4
12680,4.233584238565808,4.334855689617291,0.10127145105148383,1
12681,3.591600218815133,4.698970004336019,1.107369785520886,8
12682,3.483431167767975,4.698970004336019,1.2155388365680437,6
12683,3.001909871848096,4.698970004336019,1.6970601324879229,5
12684,3.415647905424806,4.698970004336019,1.2833220989112126,2
12685,2.823528336378113,4.698970004336019,1.8754416679579058,4
12686,3.262354728182698,4.698970004336019,1.4366152761533209,3
12687,3.198781958176645,4.698970004336019,1.5001880461593737,10
12688,3.192677118154544,4.698970004336019,1.5062928861814746,1
12689,2.9715548680638464,4.698970004336019,1.7274151362721724,7
12690,4.075027000717899,3.187520720836463,-0.8875062798814359,4
12691,4.317295607382335,3.187520720836463,-1.129774886545872,3
12692,4.458119054236718,3.187520720836463,-1.270598333400255,6
12693,4.4975488674612984,3.187520720836463,-1.3100281466248354,8
12694,4.264454699418411,3.187520720836463,-1.0769339785819478,7
12695,4.368030184283533,3.187520720836463,-1.1805094634470703,5
12696,4.603090515127611,3.187520720836463,-1.4155697942911476,2
12697,4.399760544290684,3.187520720836463,-1.212239823454221,1
12698,4.342109987827603,3.187520720836463,-1.1545892669911395,10
12699,4.822276171372834,4.167317334748176,-0.6549588366246581,9
12700,4.799315224541416,4.167317334748176,-0.6319978897932401,5
12701,4.937815335372992,4.167317334748176,-0.7704980006248165,1
12702,5.0915538164625955,4.167317334748176,-0.92423648171442,8
12703,5.066957948306848,4.167317334748176,-0.8996406135586721,6
12704,4.976138062154479,4.167317334748176,-0.8088207274063031,2
12705,5.10310157348497,4.167317334748176,-0.9357842387367947,3
12706,4.882589888208826,4.167317334748176,-0.7152725534606503,7
12707,5.228483117077379,4.167317334748176,-1.0611657823292031,4
12708,3.654994740320197,3.679427896612119,0.02443315629192222,9
12709,3.2712672182948768,3.679427896612119,0.40816067831724245,4
12710,3.800807023184467,3.679427896612119,-0.12137912657234784,10
12711,4.152657051307346,3.679427896612119,-0.4732291546952272,2
12712,3.88240963751309,3.679427896612119,-0.20298174090097065,6
12713,3.4134402768725516,3.679427896612119,0.26598761973956764,3
12714,3.513267064740201,3.679427896612119,0.1661608318719181,5
12715,3.8595194342072285,3.679427896612119,-0.18009153759510932,8
12716,3.6480495319830797,3.679427896612119,0.031378364629039535,7
12717,2.6296198043207544,0.6989700043360189,-1.9306497999847356,3
12718,3.259615829142144,0.6989700043360189,-2.5606458248061252,2
12719,2.63680481705468,0.6989700043360189,-1.9378348127186613,4
12720,1.198569146709214,0.6989700043360189,-0.49959914237319525,5
12721,3.116122543755109,0.6989700043360189,-2.4171525394190905,6
12722,2.417017734790943,0.6989700043360189,-1.7180477304549244,7
12723,3.3698550516950743,0.6989700043360189,-2.6708850473590555,8
12724,3.2442681027535616,0.6989700043360189,-2.545298098417543,1
12725,2.695621058201445,0.6989700043360189,-1.9966510538654263,9
12726,4.655268360647182,4.754883228252168,0.09961486760498595,8
12727,4.912307495328387,4.754883228252168,-0.1574242670762196,9
12728,5.418111837071623,4.754883228252168,-0.6632286088194554,2
12729,5.765714980865819,4.754883228252168,-1.010831752613651,4
12730,5.324450853336549,4.754883228252168,-0.5695676250843809,1
12731,5.359332903818799,4.754883228252168,-0.6044496755666309,10
12732,5.332535494953819,4.754883228252168,-0.5776522667016515,6
12733,5.46548468557427,4.754883228252168,-0.7106014573221024,7
12734,4.449430384268194,4.754883228252168,0.3054528439839741,3
12735,4.70255961084785,2.556302500767288,-2.1462571100805614,8
12736,4.278031341236785,2.556302500767288,-1.7217288404694968,1
12737,4.398588176148313,2.556302500767288,-1.8422856753810248,2
12738,4.364993681967401,2.556302500767288,-1.8086911812001127,10
12739,4.3787084204091276,2.556302500767288,-1.8224059196418394,6
12740,4.040176571394204,2.556302500767288,-1.4838740706269156,4
12741,4.208664568334078,2.556302500767288,-1.65236206756679,5
12742,4.140473171435981,2.556302500767288,-1.5841706706686929,7
12743,4.180059432428687,2.556302500767288,-1.6237569316613985,3
12744,4.753715726065605,5.812913356642856,1.059197630577251,9
12745,4.622150081967058,5.812913356642856,1.1907632746757981,7
12746,4.854415268705823,5.812913356642856,0.9584980879370324,2
12747,5.0466205246038465,5.812913356642856,0.7662928320390092,3
12748,4.8127195398333305,5.812913356642856,1.0001938168095252,6
12749,4.917349009319529,5.812913356642856,0.8955643473233268,10
12750,4.890947626826027,5.812913356642856,0.9219657298168284,4
12751,5.6712027788912165,5.812913356642856,0.1417105777516392,8
12752,4.624396711655992,5.812913356642856,1.1885166449868638,1
12753,6.1240489610879445,5.186815124447454,-0.9372338366404902,8
12754,5.211411718424602,5.186815124447454,-0.024596593977147307,5
12755,5.65334927111483,5.186815124447454,-0.46653414666737536,3
12756,4.767862562433347,5.186815124447454,0.41895256201410724,1
12757,4.8287428328618285,5.186815124447454,0.3580722915856258,10
12758,5.035799310190877,5.186815124447454,0.15101581425657695,9
12759,4.801735376896753,5.186815124447454,0.3850797475507015,6
12760,4.79354152571817,5.186815124447454,0.3932735987292846,2
12761,5.625131120750567,5.186815124447454,-0.43831599630311313,4
12762,5.096139705277968,4.821513528404773,-0.2746261768731948,9
12763,4.965327268339134,4.821513528404773,-0.14381373993436153,7
12764,5.122800119695905,4.821513528404773,-0.30128659129113267,5
12765,5.083176353804953,4.821513528404773,-0.2616628254001805,6
12766,5.347527807521082,4.821513528404773,-0.5260142791163096,8
12767,5.126835416834257,4.821513528404773,-0.30532188842948393,10
12768,5.031744756806011,4.821513528404773,-0.21023122840123865,3
12769,5.027654306034291,4.821513528404773,-0.20614077762951855,1
12770,4.945958470595072,4.821513528404773,-0.12444494219029956,4
12771,5.976810487004257,6.167317334748176,0.19050684774391868,8
12772,5.915078579295649,6.167317334748176,0.2522387554525265,7
12773,6.08540374631032,6.167317334748176,0.0819135884378559,5
12774,6.009095406581437,6.167317334748176,0.1582219281667383,1
12775,6.198462363288551,6.167317334748176,-0.03114502854037582,9
12776,6.117359722200425,6.167317334748176,0.04995761254775033,10
12777,6.111016512550721,6.167317334748176,0.05630082219745436,3
12778,6.033318918938035,6.167317334748176,0.13399841581014016,6
12779,5.749051761056085,6.167317334748176,0.41826557369209016,2
12780,5.4182578997069,5.903089986991944,0.484832087285044,3
12781,5.41485650399657,5.903089986991944,0.4882334829953736,10
12782,5.315849732019735,5.903089986991944,0.5872402549722091,6
12783,5.670294598290681,5.903089986991944,0.2327953887012626,8
12784,5.489703015230229,5.903089986991944,0.4133869717617147,9
12785,5.49011665238339,5.903089986991944,0.41297333460855334,1
12786,5.172092775474062,5.903089986991944,0.7309972115178818,2
12787,5.195335834833357,5.903089986991944,0.7077541521585866,4
12788,5.470607309269741,5.903089986991944,0.43248267772220306,5
12789,6.216749467110016,5.287129620719111,-0.9296198463909047,9
12790,6.0111637318671765,5.287129620719111,-0.7240341111480655,1
12791,5.953791657655647,5.287129620719111,-0.6666620369365361,4
12792,6.0536058520830105,5.287129620719111,-0.7664762313638995,7
12793,5.932824712773054,5.287129620719111,-0.645695092053943,2
12794,6.086495495398805,5.287129620719111,-0.7993658746796939,5
12795,6.107153924261196,5.287129620719111,-0.8200243035420849,3
12796,6.063982173120309,5.287129620719111,-0.7768525524011984,10
12797,6.004149867902093,5.287129620719111,-0.7170202471829823,8
12798,5.478966123832964,5.773069340485962,0.29410321665299755,7
12799,5.632350538501768,5.773069340485962,0.1407188019841934,9
12800,5.568534447916787,5.773069340485962,0.2045348925691748,8
12801,5.600922005521627,5.773069340485962,0.17214733496433432,6
12802,5.568367978776694,5.773069340485962,0.2047013617092679,10
12803,5.299951278209913,5.773069340485962,0.4731180622760487,2
12804,5.515069484171682,5.773069340485962,0.2579998563142798,5
12805,5.411236916557607,5.773069340485962,0.36183242392835435,4
12806,5.471734583688496,5.773069340485962,0.30133475679746535,3
12807,6.031012135509907,5.845098040014257,-0.18591409549564997,8
12808,5.90401476400591,5.845098040014257,-0.058916723991653264,9
12809,5.436614875761037,5.845098040014257,0.4084831642532203,2
12810,5.677661422883384,5.845098040014257,0.167436617130873,4
12811,5.553735349529371,5.845098040014257,0.2913626904848856,7
12812,5.757429106545334,5.845098040014257,0.08766893346892335,10
12813,5.953173853656499,5.845098040014257,-0.10807581364224195,5
12814,5.6542621325656715,5.845098040014257,0.19083590744858547,6
12815,5.597764732541693,5.845098040014257,0.2473333074725641,1
12816,5.171375154758787,4.505149978319906,-0.6662251764388811,8
12817,4.7252935408161045,4.505149978319906,-0.22014356249619826,5
12818,4.726826800305505,4.505149978319906,-0.22167682198559913,6
12819,4.750632083509699,4.505149978319906,-0.24548210518979285,2
12820,4.843903828536862,4.505149978319906,-0.33875385021695603,9
12821,4.539445226630861,4.505149978319906,-0.034295248310955095,7
12822,4.934211057275035,4.505149978319906,-0.42906107895512857,10
12823,4.672204869733322,4.505149978319906,-0.16705489141341534,4
12824,4.779045170774265,4.505149978319906,-0.27389519245435867,3
12825,6.208914718147399,6.889301702506311,0.6803869843589112,7
12826,5.895337163295115,6.889301702506311,0.9939645392111958,5
12827,5.741695158325337,6.889301702506311,1.1476065441809737,9
12828,6.327018663374065,6.889301702506311,0.5622830391322458,6
12829,6.227264426388228,6.889301702506311,0.6620372761180828,1
12830,6.311611961842813,6.889301702506311,0.577689740663498,4
12831,5.772176136649249,6.889301702506311,1.1171255658570614,2
12832,6.197116540017562,6.889301702506311,0.692185162488749,3
12833,6.104701731116033,6.889301702506311,0.7845999713902776,10
12834,6.197686006286179,5.395850376018781,-0.8018356302673979,10
12835,5.715619488035051,5.395850376018781,-0.31976911201627,3
12836,6.212132934583499,5.395850376018781,-0.8162825585647182,7
12837,6.27319535369427,5.395850376018781,-0.8773449776754889,1
12838,5.732163939013026,5.395850376018781,-0.33631356299424553,5
12839,5.460799430209533,5.395850376018781,-0.06494905419075181,8
12840,6.185002595558953,5.395850376018781,-0.7891522195401723,4
12841,5.880672535099358,5.395850376018781,-0.48482215908057746,2
12842,6.300827261201815,5.395850376018781,-0.904976885183034,6
12843,5.749532360931258,6.74154551677621,0.9920131558449521,2
12844,5.9692604442828054,6.74154551677621,0.7722850724934043,10
12845,5.933043910689237,6.74154551677621,0.8085016060869723,1
12846,6.2659680285967285,6.74154551677621,0.4755774881794812,6
12847,6.109305972238722,6.74154551677621,0.6322395445374873,3
12848,5.5903033307826115,6.74154551677621,1.1512421859935982,8
12849,5.881080762304243,6.74154551677621,0.860464754471967,5
12850,5.977697816288836,6.74154551677621,0.763847700487374,4
12851,6.060552759265416,6.74154551677621,0.6809927575107935,7
12852,5.527408475262562,5.698970004336019,0.17156152907345668,4
12853,5.596709058560268,5.698970004336019,0.1022609457757504,3
12854,5.632565103536139,5.698970004336019,0.06640490079987948,1
12855,5.513226061624176,5.698970004336019,0.18574394271184236,10
12856,5.302561156583146,5.698970004336019,0.39640884775287244,5
12857,5.245597449605485,5.698970004336019,0.4533725547305334,9
12858,5.824167012332304,5.698970004336019,-0.12519700799628541,6
12859,5.223467355385921,5.698970004336019,0.47550264895009775,2
12860,5.41649002286342,5.698970004336019,0.2824799814725987,7
12861,2.135503403176738,3.845098040014257,1.7095946368375188,10
12862,2.346462134570352,3.845098040014257,1.498635905443905,4
12863,2.5564544404684337,3.845098040014257,1.2886435995458232,1
12864,2.1944887250938696,3.845098040014257,1.6506093149203873,3
12865,2.0876489891917145,3.845098040014257,1.7574490508225424,9
12866,1.095348526377803,3.845098040014257,2.749749513636454,7
12867,2.6729256977352924,3.845098040014257,1.1721723422789645,8
12868,2.283844418209609,3.845098040014257,1.561253621804648,2
12869,2.0774662610618964,3.845098040014257,1.7676317789523606,6
12870,3.180434879178153,2.8090544272229425,-0.3713804519552104,7
12871,2.8610090033182813,2.8090544272229425,-0.05195457609533882,3
12872,2.8069446668627407,2.8090544272229425,0.002109760360201829,5
12873,3.1510900257302805,2.8090544272229425,-0.342035598507338,8
12874,3.0501279196811777,2.8090544272229425,-0.24107349245823517,1
12875,2.71778063939279,2.8090544272229425,0.09127378783015239,4
12876,2.878441608244678,2.8090544272229425,-0.06938718102173569,9
12877,2.2381183942939846,2.8090544272229425,0.5709360329289579,2
12878,2.7420538048998897,2.8090544272229425,0.06700062232305282,6
12879,2.8550782043117913,2.505149978319906,-0.34992822599188544,1
12880,2.251084138497433,2.505149978319906,0.25406583982247266,5
12881,2.586520453051044,2.505149978319906,-0.08137047473113812,9
12882,3.0593366036262135,2.505149978319906,-0.5541866253063077,8
12883,2.2417428274748334,2.505149978319906,0.2634071508450724,6
12884,2.0938409197521537,2.505149978319906,0.41130905856775213,2
12885,2.1917691859030133,2.505149978319906,0.31338079241689254,10
12886,2.5714503201742303,2.505149978319906,-0.06630034185432443,3
12887,2.4665421062072483,2.505149978319906,0.03860787211265748,4
12888,3.16553253027885,3.4471580313422194,0.2816255010633695,10
12889,2.3514673187219914,3.4471580313422194,1.095690712620228,5
12890,3.5285828502422034,3.4471580313422194,-0.08142481889998399,2
12891,3.047266355026207,3.4471580313422194,0.3998916763160123,8
12892,2.808565292225192,3.4471580313422194,0.6385927391170276,3
12893,3.6167653478779527,3.4471580313422194,-0.16960731653573324,1
12894,3.4719843598638778,3.4471580313422194,-0.024826328521658336,6
12895,3.183193427037002,3.4471580313422194,0.2639646043052175,4
12896,3.412226316535851,3.4471580313422194,0.034931714806368586,7
12897,2.4937647319976564,1.7993405494535817,-0.6944241825440747,7
12898,2.7810780226867733,1.7993405494535817,-0.9817374732331916,9
12899,3.332738065965339,1.7993405494535817,-1.5333975165117573,6
12900,3.407542981304034,1.7993405494535817,-1.6082024318504522,2
12901,2.682043417818538,1.7993405494535817,-0.8827028683649565,10
12902,2.0881019385869553,1.7993405494535817,-0.28876138913337357,5
12903,2.627558067896468,1.7993405494535817,-0.8282175184428864,3
12904,2.8695340182809668,1.7993405494535817,-1.070193468827385,8
12905,3.5722711430501435,1.7993405494535817,-1.7729305935965618,1
12906,3.699169457516083,3.322219294733919,-0.3769501627821641,6
12907,3.7365190043142364,3.322219294733919,-0.41429970958031737,2
12908,3.1102617484625616,3.322219294733919,0.21195754627135743,10
12909,3.1476968905173917,3.322219294733919,0.17452240421652743,5
12910,3.828555096195465,3.322219294733919,-0.506335801461546,1
12911,3.2171859615324316,3.322219294733919,0.10503333320148744,4
12912,3.1016098676228454,3.322219294733919,0.22060942711107367,7
12913,3.3483151146485444,3.322219294733919,-0.026095819914625284,8
12914,3.127990057019987,3.322219294733919,0.19422923771393208,3
12915,3.659377498523675,1.5587085705331658,-2.100668927990509,1
12916,2.464676774585735,1.5587085705331658,-0.9059682040525692,5
12917,3.1331619525106658,1.5587085705331658,-1.5744533819775,7
12918,3.356978961605846,1.5587085705331658,-1.79827039107268,9
12919,3.57413373924692,1.5587085705331658,-2.015425168713754,10
12920,3.908936276487211,1.5587085705331658,-2.3502277059540453,8
12921,3.2667041033191198,1.5587085705331658,-1.707995532785954,3
12922,3.6742092439673635,1.5587085705331658,-2.1155006734341977,6
12923,3.097723067884727,1.5587085705331658,-1.5390144973515612,4
12924,6.174065693337938,5.434568904034199,-0.7394967893037387,10
12925,6.267076583942351,5.434568904034199,-0.8325076799081517,7
12926,5.635565236813566,5.434568904034199,-0.20099633277936668,3
12927,6.136488841215945,5.434568904034199,-0.7019199371817457,1
12928,6.10453404993921,5.434568904034199,-0.6699651459050111,2
12929,6.212563384489535,5.434568904034199,-0.7779944804553356,6
12930,5.680875102547357,5.434568904034199,-0.2463061985131576,4
12931,6.211073081872237,5.434568904034199,-0.7765041778380377,9
12932,5.527543710598203,5.434568904034199,-0.09297480656400392,8
12933,5.533971775868309,5.926856708949693,0.3928849330813833,9
12934,5.5487529760931915,5.926856708949693,0.3781037328565011,8
12935,5.456392218513932,5.926856708949693,0.4704644904357602,6
12936,5.361109417468576,5.926856708949693,0.5657472914811166,7
12937,5.330088940868715,5.926856708949693,0.5967677680809773,2
12938,5.314432916548046,5.926856708949693,0.6124237924016462,1
12939,5.156730415747996,5.926856708949693,0.770126293201697,3
12940,5.123756171446211,5.926856708949693,0.8031005375034814,5
12941,5.013945706718826,5.926856708949693,0.9129110022308664,4
12942,5.88842078558264,5.8750612633917,-0.013359522190939721,4
12943,5.9824650837647,5.8750612633917,-0.10740382037300034,10
12944,5.793346752250919,5.8750612633917,0.0817145111407811,5
12945,6.010677726167363,5.8750612633917,-0.13561646277566286,7
12946,6.159202920220444,5.8750612633917,-0.28414165682874426,9
12947,5.705928058031854,5.8750612633917,0.169133205359846,8
12948,5.846304508453201,5.8750612633917,0.02875675493849883,3
12949,6.007349129923626,5.8750612633917,-0.13228786653192603,6
12950,6.120923072043146,5.8750612633917,-0.2458618086514459,1
12951,6.0351492707595655,6.237040791379191,0.20189152061962545,8
12952,6.357193762988937,6.237040791379191,-0.12015297160974558,10
12953,6.118468688211529,6.237040791379191,0.11857210316766231,4
12954,6.396804728732744,6.237040791379191,-0.15976393735355288,9
12955,6.445344061601029,6.237040791379191,-0.2083032702218377,7
12956,6.093879879548751,6.237040791379191,0.14316091183043955,3
12957,6.263152388217172,6.237040791379191,-0.026111596837981033,2
12958,6.3353128880399465,6.237040791379191,-0.09827209666075554,6
12959,6.349510286902971,6.237040791379191,-0.11246949552378016,1
12960,6.17921595518955,5.990782691803138,-0.1884332633864121,1
12961,5.90768935673075,5.990782691803138,0.08309333507238748,8
12962,6.125826728156295,5.990782691803138,-0.13504403635315754,2
12963,6.141325103823951,5.990782691803138,-0.15054241202081364,10
12964,5.935990399249846,5.990782691803138,0.054792292553291766,4
12965,6.193829181866385,5.990782691803138,-0.20304649006324738,6
12966,5.955684286027225,5.990782691803138,0.035098405775912944,3
12967,6.287701376465613,5.990782691803138,-0.29691868466247495,7
12968,5.959977862171502,5.990782691803138,0.03080482963163611,5
12969,6.090299554756043,6.447158031342219,0.35685847658617664,9
12970,6.110177157269919,6.447158031342219,0.3369808740723004,4
12971,6.1771314777989,6.447158031342219,0.2700265535433193,6
12972,6.2097266583248825,6.447158031342219,0.23743137301733697,7
12973,6.044246172223442,6.447158031342219,0.40291185911877747,1
12974,6.065274973095085,6.447158031342219,0.3818830582471344,5
12975,6.060329572663061,6.447158031342219,0.38682845867915816,10
12976,6.010331571717077,6.447158031342219,0.4368264596251423,2
12977,5.926830946840025,6.447158031342219,0.5203270845021946,8
12978,6.039755109371611,6.2576785748691846,0.2179234654975737,2
12979,6.2142388621242475,6.2576785748691846,0.043439712744937076,6
12980,5.579379191994899,6.2576785748691846,0.6782993828742852,8
12981,5.688895444808701,6.2576785748691846,0.568783130060484,3
12982,6.024713083284636,6.2576785748691846,0.23296549158454827,1
12983,6.091412607611519,6.2576785748691846,0.16626596725766518,10
12984,6.2288810823637855,6.2576785748691846,0.02879749250539909,7
12985,5.756408574329546,6.2576785748691846,0.5012700005396384,5
12986,5.626845218900601,6.2576785748691846,0.6308333559685835,4
12987,6.230564820826506,6.653212513775344,0.4226476929488383,3
12988,6.389263899970474,6.653212513775344,0.2639486138048701,9
12989,6.430002300844969,6.653212513775344,0.22321021293037457,2
12990,6.488346746500611,6.653212513775344,0.16486576727473334,8
12991,6.4053274339584325,6.653212513775344,0.24788507981691144,5
12992,6.45697894423101,6.653212513775344,0.1962335695443338,10
12993,6.390503033633341,6.653212513775344,0.2627094801420027,4
12994,6.756350533647103,6.653212513775344,-0.10313801987175886,7
12995,6.398707939994859,6.653212513775344,0.2545045737804852,1
12996,6.290633366885939,6.2552725051033065,-0.03536086178263265,10
12997,6.322353657717924,6.2552725051033065,-0.06708115261461778,6
12998,6.337774183634901,6.2552725051033065,-0.08250167853159418,3
12999,6.58052885964453,6.2552725051033065,-0.3252563545412235,5
13000,6.245702785297237,6.2552725051033065,0.009569719806069799,1
13001,6.564572874817594,6.2552725051033065,-0.309300369714288,7
13002,6.337817598258465,6.2552725051033065,-0.08254509315515879,9
13003,6.315275486930392,6.2552725051033065,-0.0600029818270853,2
13004,6.124465339351966,6.2552725051033065,0.13080716575134055,4
13005,6.559846006506279,6.531478917042255,-0.028367089464023998,3
13006,6.7701332195425845,6.531478917042255,-0.23865430250032915,8
13007,6.357988283632925,6.531478917042255,0.17349063340933046,2
13008,6.58935902546227,6.531478917042255,-0.05788010842001423,7
13009,6.594597542867116,6.531478917042255,-0.06311862582486061,4
13010,6.271553150994018,6.531478917042255,0.25992576604823725,1
13011,6.306574396790277,6.531478917042255,0.22490452025197794,6
13012,6.478289389369256,6.531478917042255,0.053189527672999226,5
13013,6.274598391867992,6.531478917042255,0.25688052517426296,10
13014,4.667422555224394,3.3010299956639813,-1.3663925595604125,8
13015,4.59782055485265,3.3010299956639813,-1.2967905591886684,3
13016,4.736702189242304,3.3010299956639813,-1.4356721935783225,5
13017,4.975592717969581,3.3010299956639813,-1.6745627223056,9
13018,5.392971837727399,3.3010299956639813,-2.0919418420634175,2
13019,5.17147290746259,3.3010299956639813,-1.8704429117986088,10
13020,5.364370261091602,3.3010299956639813,-2.0633402654276205,4
13021,5.235358111373078,3.3010299956639813,-1.9343281157090964,1
13022,5.26553130712422,3.3010299956639813,-1.9645013114602383,6
13023,5.963033790049354,5.301029995663981,-0.6620037943853729,9
13024,5.624888944809487,5.301029995663981,-0.3238589491455057,2
13025,5.472461071109821,5.301029995663981,-0.1714310754458399,3
13026,5.6154885823950025,5.301029995663981,-0.31445858673102123,1
13027,5.865932624707033,5.301029995663981,-0.5649026290430514,7
13028,5.558728645534958,5.301029995663981,-0.257698649870977,8
13029,5.6404465263602335,5.301029995663981,-0.3394165306962522,5
13030,5.638513905600668,5.301029995663981,-0.33748390993668664,4
13031,5.844282920941867,5.301029995663981,-0.5432529252778862,10
13032,5.951805349820383,6.230448921378274,0.27864357155789143,5
13033,6.125449178738692,6.230448921378274,0.10499974263958212,10
13034,6.225511140283473,6.230448921378274,0.004937781094801252,9
13035,5.924349581990741,6.230448921378274,0.30609933938753286,8
13036,6.201672466933717,6.230448921378274,0.02877645444455723,6
13037,5.896352590498331,6.230448921378274,0.3340963308799427,4
13038,5.939116114517362,6.230448921378274,0.291332806860912,3
13039,6.209214407374666,6.230448921378274,0.021234514003608318,7
13040,6.053344275848429,6.230448921378274,0.1771046455298455,2
13041,6.012372246583444,6.340444114840119,0.328071868256675,1
13042,5.946272109298119,6.340444114840119,0.3941720055420008,4
13043,6.192519377353209,6.340444114840119,0.14792473748691037,7
13044,5.954537602059491,6.340444114840119,0.38590651278062804,5
13045,6.287219553064578,6.340444114840119,0.0532245617755418,6
13046,6.0995026997330895,6.340444114840119,0.24094141510702993,10
13047,6.085248817067851,6.340444114840119,0.2551952977722687,2
13048,6.151917780895343,6.340444114840119,0.18852633394477625,9
13049,5.936266067321681,6.340444114840119,0.404178047518438,8
13050,5.831325136858004,6.3979400086720375,0.5666148718140338,1
13051,5.937998468846105,6.3979400086720375,0.4599415398259321,10
13052,5.866658116558468,6.3979400086720375,0.5312818921135696,2
13053,6.117487141832345,6.3979400086720375,0.28045286683969284,9
13054,5.812486471471731,6.3979400086720375,0.5854535372003067,4
13055,5.818595291852863,6.3979400086720375,0.5793447168191745,3
13056,5.847326808647345,6.3979400086720375,0.5506132000246922,5
13057,5.818712231261686,6.3979400086720375,0.5792277774103516,8
13058,6.035005985592185,6.3979400086720375,0.3629340230798528,7
13059,5.7830139096451605,4.346744054604849,-1.4362698550403117,2
13060,5.815583659499408,4.346744054604849,-1.4688396048945593,1
13061,5.724754649502104,4.346744054604849,-1.3780105948972556,3
13062,5.725293794032564,4.346744054604849,-1.378549739427715,8
13063,6.120198347366504,4.346744054604849,-1.773454292761655,9
13064,5.837994953108726,4.346744054604849,-1.4912508985038775,5
13065,6.044872875105115,4.346744054604849,-1.6981288205002665,7
13066,5.75266889264804,4.346744054604849,-1.405924838043191,4
13067,5.813330186584652,4.346744054604849,-1.4665861319798035,6
13068,6.013940417418959,6.079181246047625,0.06524082862866631,6
13069,6.126661705021273,6.079181246047625,-0.04748045897364772,7
13070,5.959635037641467,6.079181246047625,0.11954620840615782,1
13071,5.962827627704584,6.079181246047625,0.11635361834304092,10
13072,5.945361680604674,6.079181246047625,0.13381956544295104,2
13073,6.17593675164568,6.079181246047625,-0.0967555055980549,9
13074,5.9665554917974655,6.079181246047625,0.11262575425015964,8
13075,5.9662994401536675,6.079181246047625,0.11288180589395758,3
13076,5.919457846363711,6.079181246047625,0.15972339968391402,4
13077,5.928130188814269,6.301029995663981,0.3728998068497127,3
13078,5.360027211074558,6.301029995663981,0.9410027845894229,7
13079,5.153423476790872,6.301029995663981,1.1476065188731095,1
13080,5.439794400165226,6.301029995663981,0.861235595498755,10
13081,5.845842725837317,6.301029995663981,0.4551872698266646,8
13082,5.4953635820017235,6.301029995663981,0.8056664136622578,6
13083,5.231298836347874,6.301029995663981,1.069731159316107,2
13084,5.5757837827282275,6.301029995663981,0.7252462129357538,9
13085,6.088237500730934,6.301029995663981,0.21279249493304686,4
13086,5.108599416314537,6.623249290397901,1.5146498740833634,10
13087,4.8999707809377195,6.623249290397901,1.7232785094601812,2
13088,5.9123514521096805,6.623249290397901,0.7108978382882203,3
13089,5.180630291347063,6.623249290397901,1.442618999050838,6
13090,4.829121115877921,6.623249290397901,1.7941281745199795,1
13091,5.750720206032347,6.623249290397901,0.8725290843655538,4
13092,4.974305513223221,6.623249290397901,1.6489437771746802,7
13093,5.4457459925016884,6.623249290397901,1.1775032978962123,5
13094,5.322239748233177,6.623249290397901,1.3010095421647234,9
13095,5.631367752210008,6.531478917042255,0.9001111648322473,2
13096,6.069760450499838,6.531478917042255,0.46171846654241744,3
13097,5.943500580566432,6.531478917042255,0.5879783364758238,5
13098,5.875078289607633,6.531478917042255,0.6564006274346221,9
13099,5.7528071864624835,6.531478917042255,0.7786717305797719,7
13100,5.753061834469757,6.531478917042255,0.7784170825724983,10
13101,5.818070823284569,6.531478917042255,0.7134080937576863,6
13102,5.60302861373753,6.531478917042255,0.9284503033047251,1
13103,5.999656042501322,6.531478917042255,0.531822874540933,8
13104,5.480831222379419,4.352182518111363,-1.1286487042680564,10
13105,5.522672395924464,4.352182518111363,-1.1704898778131012,4
13106,5.314008171544304,4.352182518111363,-0.9618256534329417,2
13107,5.586390820892492,4.352182518111363,-1.2342083027811297,6
13108,5.277733951909541,4.352182518111363,-0.9255514337981783,1
13109,5.451679754443256,4.352182518111363,-1.0994972363318931,5
13110,5.5232433651853965,4.352182518111363,-1.1710608470740338,7
13111,5.3791263350374,4.352182518111363,-1.0269438169260372,3
13112,5.6067278472819355,4.352182518111363,-1.2545453291705728,9
13113,5.659493272790902,6.1702617153949575,0.5107684426040553,2
13114,5.809211700278275,6.1702617153949575,0.36105001511668267,10
13115,5.640654824622786,6.1702617153949575,0.5296068907721718,1
13116,6.0439077261644725,6.1702617153949575,0.12635398923048502,4
13117,6.0715304521942866,6.1702617153949575,0.09873126320067094,3
13118,5.981834098039003,6.1702617153949575,0.1884276173559547,8
13119,6.020287190458703,6.1702617153949575,0.14997452493625474,9
13120,5.9556694187569885,6.1702617153949575,0.21459229663796897,5
13121,5.842082196106037,6.1702617153949575,0.32817951928892075,7
13122,5.825529408102893,6.531478917042255,0.7059495089393621,2
13123,5.642493939027267,6.531478917042255,0.8889849780149888,4
13124,5.684550376024936,6.531478917042255,0.8469285410173191,5
13125,6.001024189091727,6.531478917042255,0.5304547279505281,9
13126,5.936333281458869,6.531478917042255,0.5951456355833864,10
13127,6.073386605771225,6.531478917042255,0.45809231127103,7
13128,5.607089850537534,6.531478917042255,0.9243890665047214,3
13129,5.789695512264281,6.531478917042255,0.7417834047779746,1
13130,6.0853067550599205,6.531478917042255,0.4461721619823349,6
13131,5.729854780251805,6.358886204405869,0.6290314241540642,7
13132,5.9050910281640965,6.358886204405869,0.4537951762417727,4
13133,5.64472541448531,6.358886204405869,0.7141607899205589,2
13134,5.775672327239881,6.358886204405869,0.5832138771659885,3
13135,6.031081126699643,6.358886204405869,0.327805077706226,5
13136,5.823123052940969,6.358886204405869,0.5357631514649004,6
13137,6.110820674949004,6.358886204405869,0.24806552945686544,8
13138,5.667204486445689,6.358886204405869,0.6916817179601802,1
13139,5.944628386239549,6.358886204405869,0.41425781816632057,9
13140,5.6859071482828725,4.314288660947498,-1.3716184873353745,6
13141,5.460451955153243,4.314288660947498,-1.1461632942057447,1
13142,5.640694225476708,4.314288660947498,-1.3264055645292103,4
13143,5.644531311916949,4.314288660947498,-1.330242650969451,8
13144,5.6203031548713716,4.314288660947498,-1.3060144939238736,10
13145,5.67503525491087,4.314288660947498,-1.3607465939633716,5
13146,5.533581935167597,4.314288660947498,-1.2192932742200995,3
13147,5.478493003913551,4.314288660947498,-1.1642043429660527,2
13148,5.654197005251912,4.314288660947498,-1.3399083443044137,7
13149,5.6237851277523525,6.176091259055681,0.5523061313033288,1
13150,5.9496297903596185,6.176091259055681,0.22646146869606287,5
13151,5.876447007867448,6.176091259055681,0.29964425118823357,10
13152,5.939404505591855,6.176091259055681,0.23668675346382617,7
13153,6.1608066383912945,6.176091259055681,0.01528462066438685,3
13154,5.902031759370636,6.176091259055681,0.2740594996850456,4
13155,5.929230934103871,6.176091259055681,0.2468603249518102,9
13156,5.966317383825623,6.176091259055681,0.20977387523005842,6
13157,5.755536799278965,6.176091259055681,0.42055445977671635,2
13158,6.13711549940686,6.091315159697223,-0.04580033970963715,3
13159,5.91613156587938,6.091315159697223,0.17518359381784343,5
13160,6.006345732513545,6.091315159697223,0.08496942718367784,9
13161,6.052591396153013,6.091315159697223,0.038723763544210144,2
13162,6.264504935507156,6.091315159697223,-0.17318977580993256,10
13163,6.091785347045668,6.091315159697223,-0.0004701873484451724,8
13164,5.966723356749332,6.091315159697223,0.12459180294789096,1
13165,6.224610817347985,6.091315159697223,-0.1332956576507618,6
13166,6.387484781190119,6.091315159697223,-0.29616962149289616,7
13167,6.727302625626353,6.286456469746983,-0.44084615587937037,6
13168,6.393926008436199,6.286456469746983,-0.10746953868921594,5
13169,6.459338713583978,6.286456469746983,-0.17288224383699546,3
13170,6.47558186332321,6.286456469746983,-0.18912539357622737,9
13171,6.200271842535415,6.286456469746983,0.08618462721156828,4
13172,6.2301302279059465,6.286456469746983,0.056326241841036406,8
13173,6.702837717767087,6.286456469746983,-0.41638124802010434,7
13174,6.738444255963179,6.286456469746983,-0.45198778621619606,10
13175,6.601382212712077,6.286456469746983,-0.31492574296509446,2
13176,6.333887826209221,6.913813852383717,0.5799260261744958,7
13177,6.009660987193339,6.913813852383717,0.9041528651903779,2
13178,5.947272958698885,6.913813852383717,0.9665408936848321,9
13179,5.997160279176046,6.913813852383717,0.9166535732076708,3
13180,5.909865367891921,6.913813852383717,1.0039484844917954,1
13181,6.195307542714423,6.913813852383717,0.7185063096692934,10
13182,6.090139877135887,6.913813852383717,0.8236739752478295,6
13183,5.79351910264822,6.913813852383717,1.1202947497354971,5
13184,5.92973869093801,6.913813852383717,0.9840751614457064,8
13185,5.3843740611974855,5.433321711630784,0.048947650433298406,1
13186,5.268970947131768,5.433321711630784,0.16435076449901587,3
13187,5.353072523021116,5.433321711630784,0.08024918860966768,8
13188,5.291982674582593,5.433321711630784,0.14133903704819062,5
13189,5.674547219037538,5.433321711630784,-0.24122550740675397,6
13190,5.8432847831601356,5.433321711630784,-0.40996307152935163,10
13191,5.803902574232024,5.433321711630784,-0.3705808626012397,7
13192,5.812352446688679,5.433321711630784,-0.37903073505789475,4
13193,5.5630611062334125,5.433321711630784,-0.12973939460262862,9
13194,6.183036827293477,6.308991029000164,0.12595420170668703,10
13195,6.22092391492016,6.308991029000164,0.08806711408000378,1
13196,6.309075144149639,6.308991029000164,-8.411514947503917e-05,6
13197,6.281143024404625,6.308991029000164,0.02784800459553871,9
13198,6.319756980979393,6.308991029000164,-0.010765951979228916,2
13199,6.444735693978793,6.308991029000164,-0.13574466497862936,7
13200,6.165218179919808,6.308991029000164,0.1437728490803556,3
13201,6.021117236195766,6.308991029000164,0.2878737928043975,4
13202,6.135011379919445,6.308991029000164,0.17397964908071906,8
13203,5.0340427429176104,5.361727836017593,0.3276850930999826,4
13204,4.966382525125358,5.361727836017593,0.39534531089223535,1
13205,4.929924981069722,5.361727836017593,0.43180285494787096,5
13206,5.032193551659326,5.361727836017593,0.32953428435826737,3
13207,4.703446878200899,5.361727836017593,0.6582809578166939,10
13208,4.949790118757927,5.361727836017593,0.4119377172596659,7
13209,5.040056430777217,5.361727836017593,0.32167140524037574,9
13210,5.240201950485083,5.361727836017593,0.12152588553250965,8
13211,5.23643966606456,5.361727836017593,0.12528816995303327,6
13212,4.50466211752661,4.095518042323151,-0.40914407520345897,2
13213,4.513817195763217,4.095518042323151,-0.4182991534400653,1
13214,4.1545375256098795,4.095518042323151,-0.059019483286728125,7
13215,4.21854690161572,4.095518042323151,-0.12302885929256835,9
13216,4.509506613066936,4.095518042323151,-0.4139885707437845,8
13217,4.267192060093705,4.095518042323151,-0.17167401777055336,10
13218,4.078725821749749,4.095518042323151,0.016792220573402794,4
13219,4.559040700747201,4.095518042323151,-0.4635226584240497,6
13220,4.103991331535049,4.095518042323151,-0.008473289211897495,3
13221,5.618835826813437,6.544068044350276,0.9252322175368386,6
13222,5.378011783282282,6.544068044350276,1.166056261067994,2
13223,5.487117494991259,6.544068044350276,1.0569505493590166,5
13224,5.462883600630837,6.544068044350276,1.0811844437194384,1
13225,5.198846550375385,6.544068044350276,1.3452214939748908,10
13226,5.535490824746078,6.544068044350276,1.0085772196041978,4
13227,5.7894581844679065,6.544068044350276,0.7546098598823692,8
13228,5.657548403212913,6.544068044350276,0.8865196411373626,9
13229,5.852313635081487,6.544068044350276,0.6917544092687891,3
13230,5.891348512780595,6.57978359661681,0.6884350838362154,6
13231,5.516581363978716,6.57978359661681,1.063202232638094,10
13232,5.8630479067840655,6.57978359661681,0.7167356898327446,9
13233,5.592567762077807,6.57978359661681,0.9872158345390032,2
13234,5.368856304895381,6.57978359661681,1.210927291721429,3
13235,5.34598647703838,6.57978359661681,1.2337971195784299,1
13236,5.792014580117978,6.57978359661681,0.7877690164988325,5
13237,3.884075116496257,6.57978359661681,2.6957084801205533,8
13238,3.9090024226813935,6.57978359661681,2.6707811739354166,4
13239,2.866978204477442,2.6972293427597176,-0.16974886171772452,7
13240,4.442144183852255,2.6972293427597176,-1.7449148410925375,6
13241,2.986447848627214,2.6972293427597176,-0.2892185058674963,2
13242,2.52309266580864,2.6972293427597176,0.1741366769510777,5
13243,1.7165600766304134,2.6972293427597176,0.9806692661293042,8
13244,2.3765006278281366,2.6972293427597176,0.32072871493158095,4
13245,3.072770629490728,2.6972293427597176,-0.3755412867310106,10
13246,2.706474313021694,2.6972293427597176,-0.009244970261976349,3
13247,2.9712247629327124,2.6972293427597176,-0.27399542017299483,1
13248,5.276129950926486,4.746322765089953,-0.5298071858365327,8
13249,5.615152894320254,4.746322765089953,-0.8688301292303011,7
13250,5.995724100949306,4.746322765089953,-1.2494013358593525,9
13251,4.777327670131026,4.746322765089953,-0.03100490504107256,4
13252,5.861700505602353,4.746322765089953,-1.1153777405123995,2
13253,5.688754402082667,4.746322765089953,-0.9424316369927137,1
13254,5.851841916587197,4.746322765089953,-1.1055191514972433,10
13255,6.046499416502903,4.746322765089953,-1.3001766514129498,6
13256,6.218710103450407,4.746322765089953,-1.4723873383604538,3
13257,5.855928164176074,6.291391053078407,0.4354628889023333,7
13258,5.893545396919653,6.291391053078407,0.3978456561587542,2
13259,5.704115652526925,6.291391053078407,0.5872754005514826,8
13260,6.193963791542619,6.291391053078407,0.09742726153578829,3
13261,6.200225009177605,6.291391053078407,0.09116604390080241,5
13262,6.014119301553404,6.291391053078407,0.27727175152500383,10
13263,5.810066142010243,6.291391053078407,0.4813249110681648,1
13264,6.094680879969717,6.291391053078407,0.19671017310869043,6
13265,6.018491346671538,6.291391053078407,0.27289970640686967,9
13266,5.925711791395967,6.747411807886423,0.821700016490456,1
13267,5.7394716094041325,6.747411807886423,1.0079401984822907,8
13268,5.839074923297519,6.747411807886423,0.9083368845889037,3
13269,6.151535599583863,6.747411807886423,0.5958762083025597,6
13270,5.950191794283188,6.747411807886423,0.7972200136032352,5
13271,5.705784825937864,6.747411807886423,1.0416269819485588,4
13272,6.06127496953711,6.747411807886423,0.6861368383493129,7
13273,5.960246824366382,6.747411807886423,0.7871649835200412,2
13274,5.936021650259305,6.747411807886423,0.8113901576271179,10
13275,6.006354142159092,6.491361693834273,0.4850075516751815,4
13276,6.247541466047788,6.491361693834273,0.24382022778648516,6
13277,6.040674534190082,6.491361693834273,0.4506871596441915,3
13278,6.186086700810409,6.491361693834273,0.30527499302386385,9
13279,6.018584910191328,6.491361693834273,0.47277678364294484,8
13280,6.2083364080036665,6.491361693834273,0.2830252858306066,7
13281,5.914252613015565,6.491361693834273,0.5771090808187083,5
13282,6.021337074635565,6.491361693834273,0.47002461919870786,2
13283,6.029432496517566,6.491361693834273,0.46192919731670745,10
13284,6.065508569861021,6.113943352306837,0.048434782445816005,3
13285,6.0733668312396,6.113943352306837,0.04057652106723708,8
13286,5.981169651502442,6.113943352306837,0.1327737008043952,10
13287,5.995521636098924,6.113943352306837,0.11842171620791309,4
13288,6.076477885143836,6.113943352306837,0.03746546716300081,5
13289,6.066475991051404,6.113943352306837,0.04746736125543283,2
13290,6.166058791134265,6.113943352306837,-0.052115438827428306,7
13291,6.176047046875904,6.113943352306837,-0.062103694569066725,9
13292,6.060345358309714,6.113943352306837,0.05359799399712273,1
13293,4.951026386801211,6.096910013008056,1.145883626206845,2
13294,5.0500909684365345,6.096910013008056,1.0468190445715218,10
13295,4.896676879490669,6.096910013008056,1.2002331335173873,9
13296,4.895714763442906,6.096910013008056,1.2011952495651501,5
13297,4.891055225768229,6.096910013008056,1.2058547872398275,1
13298,5.274801961001111,6.096910013008056,0.8221080520069455,4
13299,5.125121791256689,6.096910013008056,0.9717882217513676,3
13300,5.216274553896011,6.096910013008056,0.8806354591120451,8
13301,4.766838305339887,6.096910013008056,1.3300717076681696,7
13302,4.038073690640111,3.804820678721162,-0.23325301191894932,8
13303,3.7519693138403034,3.804820678721162,0.0528513648808584,4
13304,4.256471545134781,3.804820678721162,-0.4516508664136194,9
13305,5.163537010772776,3.804820678721162,-1.3587163320516145,3
13306,3.7803195900217537,3.804820678721162,0.024501088699408147,6
13307,3.79224336535234,3.804820678721162,0.01257731336882184,7
13308,3.246240510219936,3.804820678721162,0.5585801685012259,2
13309,3.540901443114796,3.804820678721162,0.263919235606366,1
13310,4.276641402476493,3.804820678721162,-0.4718207237553309,5
13311,5.028393102596583,5.079181246047625,0.05078814345104199,6
13312,4.632568754913022,5.079181246047625,0.4466124911346032,1
13313,4.895068076292984,5.079181246047625,0.18411316975464143,9
13314,4.81697381486814,5.079181246047625,0.2622074311794851,5
13315,4.418566676526695,5.079181246047625,0.6606145695209298,10
13316,5.485427885032876,5.079181246047625,-0.4062466389852508,3
13317,4.913951785628691,5.079181246047625,0.16522946041893416,4
13318,4.925331705079576,5.079181246047625,0.15384954096804915,8
13319,4.736378919907123,5.079181246047625,0.342802326140502,2
13320,2.887475951152726,2.220108088040055,-0.6673678631126712,1
13321,2.832201984785381,2.220108088040055,-0.6120938967453262,5
13322,3.3823541823452685,2.220108088040055,-1.1622460943052135,3
13323,3.2252235573810366,2.220108088040055,-1.0051154693409816,4
13324,3.0257488679867137,2.220108088040055,-0.8056407799466587,9
13325,2.629073219747899,2.220108088040055,-0.408965131707844,10
13326,3.0327305844723913,2.220108088040055,-0.8126224964323363,7
13327,2.464943320212494,2.220108088040055,-0.2448352321724392,8
13328,2.732318728205813,2.220108088040055,-0.5122106401657578,2
13329,5.200573819971349,4.850646235183066,-0.3499275847882828,2
13330,5.333340967848792,4.850646235183066,-0.4826947326657258,4
13331,5.467294771621461,4.850646235183066,-0.6166485364383947,7
13332,5.3047628899565735,4.850646235183066,-0.4541166547735074,8
13333,5.15373410853719,4.850646235183066,-0.3030878733541238,6
13334,5.321717148674862,4.850646235183066,-0.4710709134917961,1
13335,5.34629140906891,4.850646235183066,-0.49564517388584406,5
13336,5.510131430684133,4.850646235183066,-0.659485195501067,3
13337,5.1529011906092865,4.850646235183066,-0.3022549554262204,10
13338,5.803049050019083,6.045322978786658,0.2422739287675748,5
13339,5.9564441378551995,6.045322978786658,0.08887884093145804,9
13340,5.667772391303775,6.045322978786658,0.37755058748288217,2
13341,5.918513379627407,6.045322978786658,0.12680959915925083,7
13342,5.8421401463426585,6.045322978786658,0.20318283244399904,6
13343,5.871792788499859,6.045322978786658,0.17353019028679828,4
13344,5.666106201773748,6.045322978786658,0.37921677701290957,8
13345,5.871626091975763,6.045322978786658,0.17369688681089457,3
13346,5.741149275404929,6.045322978786658,0.30417370338172844,1
13347,6.056575377482632,5.791690649020118,-0.26488472846251465,3
13348,6.1692947607966735,5.791690649020118,-0.37760411177655584,4
13349,5.91643079096744,5.791690649020118,-0.12474014194732241,8
13350,6.082219832635756,5.791690649020118,-0.2905291836156385,9
13351,5.861041710648824,5.791690649020118,-0.06935106162870674,6
13352,5.809317687697852,5.791690649020118,-0.017627038677733964,10
13353,5.856079378099731,5.791690649020118,-0.06438872907961368,2
13354,5.914154599657175,5.791690649020118,-0.12246395063705773,1
13355,5.995044676703944,5.791690649020118,-0.20335402768382593,7
13356,5.709478803812175,5.155609283678915,-0.5538695201332597,1
13357,5.712741532247949,5.155609283678915,-0.557132248569034,4
13358,5.803971351706056,5.155609283678915,-0.6483620680271409,3
13359,5.42919983086424,5.155609283678915,-0.27359054718532505,8
13360,5.771904207153454,5.155609283678915,-0.6162949234745385,9
13361,5.692833251759656,5.155609283678915,-0.5372239680807409,5
13362,5.5648777967253364,5.155609283678915,-0.4092685130464213,6
13363,5.657801203691851,5.155609283678915,-0.5021919200129359,10
13364,5.680662732202726,5.155609283678915,-0.5250534485238108,2
13365,4.879484708150945,5.690196080028514,0.8107113718775691,5
13366,4.785741538683842,5.690196080028514,0.9044545413446716,4
13367,5.075536338848572,5.690196080028514,0.6146597411799419,3
13368,4.93672025144295,5.690196080028514,0.7534758285855636,8
13369,5.040383778916384,5.690196080028514,0.6498123011121297,7
13370,5.131394665285014,5.690196080028514,0.5588014147434999,9
13371,4.9304515315642305,5.690196080028514,0.7597445484642833,2
13372,5.062946844677168,5.690196080028514,0.6272492353513455,6
13373,5.006839343448782,5.690196080028514,0.6833567365797322,1
13374,5.164199200447268,5.000867721531227,-0.1633314789160405,3
13375,5.025267517526385,5.000867721531227,-0.024399795995157625,10
13376,4.991089822625111,5.000867721531227,0.009777898906116356,2
13377,5.130151760071173,5.000867721531227,-0.12928403853994563,8
13378,5.219136020343098,5.000867721531227,-0.2182682988118705,7
13379,5.162703119589099,5.000867721531227,-0.16183539805787195,5
13380,5.236615243443613,5.000867721531227,-0.23574752191238613,4
13381,5.324023625661655,5.000867721531227,-0.32315590413042816,9
13382,5.113414854784241,5.000867721531227,-0.11254713325301413,6
13383,6.023343868818318,6.806179973983888,0.7828361051655701,3
13384,6.116366375849962,6.806179973983888,0.6898135981339264,1
13385,5.959650604061627,6.806179973983888,0.8465293699222611,7
13386,5.846380499926563,6.806179973983888,0.9597994740573252,6
13387,6.195707426493314,6.806179973983888,0.6104725474905743,9
13388,6.1939737152133585,6.806179973983888,0.6122062587705299,4
13389,5.948889576006402,6.806179973983888,0.8572903979774864,8
13390,5.8162258016408375,6.806179973983888,0.9899541723430509,10
13391,5.906733266547487,6.806179973983888,0.8994467074364012,2
13392,5.5839783654482025,6.041392685158225,0.4574143197100229,4
13393,5.914303948582391,6.041392685158225,0.12708873657583464,7
13394,5.690255362006897,6.041392685158225,0.3511373231513284,2
13395,5.701970502287232,6.041392685158225,0.3394221828709938,10
13396,5.774869966628717,6.041392685158225,0.26652271852950804,3
13397,5.8330178128961725,6.041392685158225,0.20837487226205287,6
13398,5.7874179289460015,6.041392685158225,0.2539747562122239,9
13399,5.72475646211899,6.041392685158225,0.316636223039235,5
13400,5.666500352507775,6.041392685158225,0.3748923326504503,1
13401,5.385607687184456,5.656960182742849,0.2713524955583928,9
13402,5.241645304965418,5.656960182742849,0.4153148777774307,1
13403,5.141584005096779,5.656960182742849,0.5153761776460701,2
13404,5.250848329982632,5.656960182742849,0.4061118527602172,7
13405,5.213938804385447,5.656960182742849,0.4430213783574022,5
13406,5.259452945304117,5.656960182742849,0.39750723743873184,3
13407,5.322697339981086,5.656960182742849,0.3342628427617633,8
13408,5.291775858131472,5.656960182742849,0.36518432461137706,6
13409,4.912662694092777,5.656960182742849,0.744297488650072,10
13410,5.510131430684132,6.355068206348851,0.8449367756647188,3
13411,5.333340967848792,6.355068206348851,1.021727238500059,4
13412,5.200573819971349,6.355068206348851,1.1544943863775021,2
13413,5.3047628899565735,6.355068206348851,1.0503053163922775,8
13414,5.321717148674862,6.355068206348851,1.0333510576739888,1
13415,5.64108814797232,6.355068206348851,0.7139800583765314,9
13416,5.15373410853719,6.355068206348851,1.2013340978116611,6
13417,5.152901190609287,6.355068206348851,1.2021670157395636,10
13418,5.467294771621461,6.355068206348851,0.8877734347273902,7
13419,6.174457593241961,6.324282455297693,0.1498248620557323,1
13420,6.293065231390153,6.324282455297693,0.031217223907540337,4
13421,6.154109208386292,6.324282455297693,0.1701732469114008,7
13422,5.911375357828183,6.324282455297693,0.4129070974695104,2
13423,6.130783189455847,6.324282455297693,0.1934992658418464,5
13424,6.177015530341415,6.324282455297693,0.1472669249562779,10
13425,6.011089365755365,6.324282455297693,0.3131930895423283,8
13426,6.168200431744325,6.324282455297693,0.15608202355336775,6
13427,6.106782188701291,6.324282455297693,0.2175002665964021,3
13428,5.362182593744938,5.944482672150168,0.5823000784052299,1
13429,5.426516537884685,5.944482672150168,0.5179661342654835,10
13430,5.581350586433162,5.944482672150168,0.36313208571700617,8
13431,5.273812315264293,5.944482672150168,0.670670356885875,7
13432,5.260729857603977,5.944482672150168,0.6837528145461915,4
13433,5.497030137458211,5.944482672150168,0.44745253469195756,6
13434,5.4908211100823605,5.944482672150168,0.4536615620678077,3
13435,5.352484254878229,5.944482672150168,0.591998417271939,5
13436,5.160488414689547,5.944482672150168,0.7839942574606216,2
13437,6.153506854949908,6.3979400086720375,0.24443315372212915,10
13438,6.165159852995843,6.3979400086720375,0.2327801556761946,4
13439,6.24528677837696,6.3979400086720375,0.15265323029507716,6
13440,6.024039093636267,6.3979400086720375,0.3739009150357706,9
13441,5.95564248658714,6.3979400086720375,0.4422975220848979,8
13442,6.048412014291156,6.3979400086720375,0.3495279943808818,3
13443,5.969789471424538,6.3979400086720375,0.4281505372474994,2
13444,5.979676477901786,6.3979400086720375,0.41826353077025136,5
13445,6.248952171695511,6.3979400086720375,0.1489878369765263,7
13446,6.134455056355267,6.1702617153949575,0.03580665903969038,10
13447,6.389860290949573,6.1702617153949575,-0.21959857555461593,5
13448,6.0852253814035,6.1702617153949575,0.08503633399145727,8
13449,6.017833563154526,6.1702617153949575,0.15242815224043138,2
13450,6.169998776679498,6.1702617153949575,0.00026293871545934877,6
13451,6.27151334591288,6.1702617153949575,-0.10125163051792274,7
13452,6.162679371904117,6.1702617153949575,0.007582343490840415,1
13453,6.128030025206236,6.1702617153949575,0.042231690188721416,3
13454,6.010788180760757,6.1702617153949575,0.15947353463420022,9
13455,5.205094768225613,4.413634997198556,-0.791459771027057,8
13456,5.389729784313725,4.413634997198556,-0.9760947871151693,3
13457,5.473234281072557,4.413634997198556,-1.0595992838740012,1
13458,5.4571410924201915,4.413634997198556,-1.0435060952216357,7
13459,5.232361215434361,4.413634997198556,-0.8187262182358053,9
13460,5.259288228624453,4.413634997198556,-0.8456532314258975,4
13461,5.3769366665925515,4.413634997198556,-0.9633016693939958,5
13462,5.602838448098182,4.413634997198556,-1.189203450899626,6
13463,5.326210666068065,4.413634997198556,-0.9125756688695095,2
13464,5.926959088446315,5.949390006644912,0.022430918198597105,8
13465,5.825402979682566,5.949390006644912,0.12398702696234665,9
13466,5.9628001818317005,5.949390006644912,-0.01341017518678811,4
13467,6.101774774448196,5.949390006644912,-0.1523847678032837,6
13468,6.116007783637991,5.949390006644912,-0.16661777699307834,7
13469,5.877599238776238,5.949390006644912,0.07179076786867444,1
13470,5.901351267075732,5.949390006644912,0.048038739569180144,2
13471,6.076092583656,5.949390006644912,-0.12670257701108767,10
13472,5.998933546364739,5.949390006644912,-0.049543539719826946,3
13473,5.971051152629053,6.056904851336473,0.0858536987074201,2
13474,5.956509438473146,6.056904851336473,0.10039541286332643,1
13475,6.015194660419039,6.056904851336473,0.041710190917434,4
13476,6.085072769353756,6.056904851336473,-0.028167918017283355,10
13477,6.131145274162532,6.056904851336473,-0.07424042282605914,6
13478,6.000332957580542,6.056904851336473,0.056571893755930525,8
13479,6.040959580935846,6.056904851336473,0.015945270400626654,3
13480,6.1715361075445445,6.056904851336473,-0.1146312562080718,7
13481,5.942164991768479,6.056904851336473,0.11473985956799382,5
13482,5.442558858680379,5.072984744627931,-0.36957411405244844,9
13483,5.285416335354167,5.072984744627931,-0.2124315907262364,3
13484,5.349643938217153,5.072984744627931,-0.2766591935892224,5
13485,5.556546610178502,5.072984744627931,-0.48356186555057157,1
13486,5.354293587262121,5.072984744627931,-0.2813088426341901,8
13487,5.456430744185208,5.072984744627931,-0.383445999557277,2
13488,5.69603297091157,5.072984744627931,-0.6230482262836388,6
13489,5.560888491706074,5.072984744627931,-0.48790374707814355,10
13490,5.601945008574347,5.072984744627931,-0.5289602639464164,7
13491,6.124911974361838,5.697229342759718,-0.4276826316021207,2
13492,5.661843833617966,5.697229342759718,0.03538550914175165,8
13493,5.964640922576661,5.697229342759718,-0.26741157981694297,9
13494,5.8181516779365,5.697229342759718,-0.12092233517678252,3
13495,5.689421300910773,5.697229342759718,0.007808041848944569,4
13496,6.260490160101504,5.697229342759718,-0.5632608173417868,1
13497,6.3338848649331725,5.697229342759718,-0.6366555221734549,7
13498,5.997010544553554,5.697229342759718,-0.29978120179383616,6
13499,5.795417610761497,5.697229342759718,-0.09818826800177938,5
13500,5.741940504113734,5.698970004336019,-0.04297049977771561,4
13501,5.792209874797266,5.698970004336019,-0.0932398704612476,7
13502,5.693484360009703,5.698970004336019,0.0054856443263160415,2
13503,5.787406583546886,5.698970004336019,-0.08843657921086745,1
13504,5.509144949104313,5.698970004336019,0.18982505523170534,5
13505,5.51553701390473,5.698970004336019,0.1834329904312888,3
13506,5.711485284100384,5.698970004336019,-0.012515279764365062,9
13507,6.026474091904086,5.698970004336019,-0.3275040875680668,8
13508,5.740251273787487,5.698970004336019,-0.04128126945146793,6
13509,5.981793722831746,6.664547962246547,0.682754239414801,3
13510,5.899378206360952,6.664547962246547,0.7651697558855952,9
13511,5.913702065342924,6.664547962246547,0.7508458969036234,6
13512,5.847008385861712,6.664547962246547,0.817539576384835,5
13513,5.9357634194783255,6.664547962246547,0.7287845427682216,7
13514,5.797747343055552,6.664547962246547,0.8668006191909949,10
13515,5.871870252067762,6.664547962246547,0.7926777101787854,1
13516,6.151649810144989,6.664547962246547,0.5128981521015579,8
13517,5.850619989746833,6.664547962246547,0.8139279724997142,4
13518,6.1226184069353,6.937016107464814,0.814397700529514,6
13519,6.227356146905974,6.937016107464814,0.7096599605588398,5
13520,6.366910797064958,6.937016107464814,0.5701053103998559,7
13521,6.301753302645361,6.937016107464814,0.6352628048194529,8
13522,6.231325936820678,6.937016107464814,0.7056901706441359,3
13523,6.22792263848922,6.937016107464814,0.7090934689755937,1
13524,6.167035209456331,6.937016107464814,0.769980898008483,2
13525,6.175194751342608,6.937016107464814,0.7618213561222058,10
13526,6.314644810733538,6.937016107464814,0.6223712967312762,4
13527,6.172781436776024,7.531478917042255,1.3586974802662315,1
13528,6.2200333644700745,7.531478917042255,1.3114455525721809,3
13529,6.180567037977684,7.531478917042255,1.3509118790645713,9
13530,6.145432297443143,7.531478917042255,1.3860466195991128,6
13531,6.152474370125356,7.531478917042255,1.3790045469168994,2
13532,6.239003104170567,7.531478917042255,1.2924758128716887,5
13533,6.178227308474219,7.531478917042255,1.3532516085680362,10
13534,6.454347608031699,7.531478917042255,1.0771313090105563,4
13535,6.361461398996261,7.531478917042255,1.1700175180459942,8
13536,6.003957120883404,6.240798771117332,0.23684165023392723,4
13537,6.150277959416845,6.240798771117332,0.09052081170048698,6
13538,6.139637382266346,6.240798771117332,0.10116138885098547,2
13539,5.786860449015914,6.240798771117332,0.4539383221014175,8
13540,5.9834706639670605,6.240798771117332,0.2573281071502711,5
13541,6.379720408391953,6.240798771117332,-0.13892163727462137,7
13542,6.1455369941039075,6.240798771117332,0.09526177701342409,10
13543,6.145934304907849,6.240798771117332,0.09486446620948286,9
13544,6.25987242926683,6.240798771117332,-0.01907365814949813,1
13545,6.452493270944765,6.012837224705172,-0.43965604623959287,4
13546,6.553997606486395,6.012837224705172,-0.5411603817812232,7
13547,6.70662507280275,6.012837224705172,-0.6937878480975783,10
13548,6.391944414202833,6.012837224705172,-0.3791071894976614,8
13549,6.8910524377729,6.012837224705172,-0.8782152130677279,5
13550,6.671349989426442,6.012837224705172,-0.6585127647212703,1
13551,6.629933999962369,6.012837224705172,-0.6170967752571972,2
13552,6.503154252504258,6.012837224705172,-0.4903170277990858,3
13553,6.4785171585716155,6.012837224705172,-0.46567993386644346,6
13554,6.081686750097431,6.44870631990508,0.36701956980764905,5
13555,6.188024016965073,6.44870631990508,0.2606823029400065,1
13556,6.156952089824961,6.44870631990508,0.2917542300801186,2
13557,6.114126430937755,6.44870631990508,0.3345798889673244,3
13558,6.124071227679772,6.44870631990508,0.32463509222530806,6
13559,6.156810648081125,6.44870631990508,0.2918956718239549,9
13560,6.3136494412535376,6.44870631990508,0.13505687865154226,7
13561,5.9850879293218755,6.44870631990508,0.4636183905832043,8
13562,6.120094019147394,6.44870631990508,0.328612300757686,10
13563,5.765731929446198,6.580468783951002,0.8147368545048037,2
13564,5.822198478053114,6.580468783951002,0.7582703058978879,6
13565,5.4502213223497735,6.580468783951002,1.1302474616012281,8
13566,5.689385893303093,6.580468783951002,0.8910828906479082,3
13567,5.888666919588212,6.580468783951002,0.6918018643627892,1
13568,5.705940194487417,6.580468783951002,0.8745285894635844,4
13569,5.779906363711492,6.580468783951002,0.8005624202395101,10
13570,5.679831852758963,6.580468783951002,0.9006369311920386,9
13571,6.009853826818774,6.580468783951002,0.5706149571322277,7
13572,6.048470781512834,5.778151250383644,-0.27031953112919016,6
13573,6.057000169059109,5.778151250383644,-0.27884891867546546,2
13574,6.081660064358071,5.778151250383644,-0.3035088139744273,8
13575,6.041771459333692,5.778151250383644,-0.2636202089500479,3
13576,6.321833707899125,5.778151250383644,-0.543682457515481,4
13577,6.039191522772609,5.778151250383644,-0.2610402723889651,5
13578,6.170543756982475,5.778151250383644,-0.3923925065988314,1
13579,6.112736418473434,5.778151250383644,-0.3345851680897898,9
13580,6.231628566410423,5.778151250383644,-0.4534773160267793,7
13581,6.023659240620168,5.732393759822968,-0.2912654807971995,8
13582,6.27886155790311,5.732393759822968,-0.5464677980801422,10
13583,6.256289250390391,5.732393759822968,-0.5238954905674227,2
13584,6.128713949459619,5.732393759822968,-0.3963201896366506,4
13585,6.216887967800713,5.732393759822968,-0.484494207977745,6
13586,6.4147895464343785,5.732393759822968,-0.6823957866114103,7
13587,6.280441963504824,5.732393759822968,-0.5480482036818559,1
13588,6.159209703551261,5.732393759822968,-0.42681594372829323,3
13589,6.229173783720587,5.732393759822968,-0.4967800238976192,9
13590,5.834866212041123,4.954242509439325,-0.880623702601798,2
13591,5.536486530356079,4.954242509439325,-0.5822440209167539,5
13592,5.826867019545717,4.954242509439325,-0.8726245101063919,7
13593,5.859376612094541,4.954242509439325,-0.9051341026552162,1
13594,5.406572820694363,4.954242509439325,-0.45233031125503764,8
13595,5.666341756953955,4.954242509439325,-0.7120992475146295,3
13596,5.704312263053733,4.954242509439325,-0.7500697536144081,10
13597,5.84788402728162,4.954242509439325,-0.893641517842295,9
13598,5.68635160428573,4.954242509439325,-0.7321090948464049,6
13599,5.904450477622057,6.857332496431268,0.9528820188092109,4
13600,6.120094019147394,6.857332496431268,0.7372384772838743,10
13601,6.081686750097431,6.857332496431268,0.7756457463338373,5
13602,6.188024016965073,6.857332496431268,0.6693084794661948,1
13603,6.3136494412535376,6.857332496431268,0.5436830551777305,7
13604,6.114126430937755,6.857332496431268,0.7432060654935126,3
13605,6.156952089824961,6.857332496431268,0.7003804066063068,2
13606,5.9850879293218755,6.857332496431268,0.8722445671093926,8
13607,6.156810648081125,6.857332496431268,0.7005218483501432,9
13608,6.224929295150268,5.308393649976259,-0.916535645174009,1
13609,6.084468618645773,5.308393649976259,-0.7760749686695139,6
13610,6.019157039030582,5.308393649976259,-0.710763389054323,5
13611,6.061313590657701,5.308393649976259,-0.7529199406814415,3
13612,6.105778636752138,5.308393649976259,-0.7973849867758789,9
13613,6.336844983582522,5.308393649976259,-1.028451333606263,7
13614,6.134613511950357,5.308393649976259,-0.8262198619740975,10
13615,5.918298033319426,5.308393649976259,-0.6099043833431672,8
13616,5.861910085593779,5.308393649976259,-0.55351643561752,4
13617,5.884133980845733,6.277090960334402,0.3929569794886687,8
13618,5.891227694893568,6.277090960334402,0.3858632654408334,3
13619,5.67303733321418,6.277090960334402,0.6040536271202219,5
13620,6.077216811552796,6.277090960334402,0.19987414878160603,4
13621,5.834646702857324,6.277090960334402,0.44244425747707794,1
13622,5.906927008606157,6.277090960334402,0.37016395172824446,7
13623,5.583321307359914,6.277090960334402,0.6937696529744874,9
13624,5.738503842019814,6.277090960334402,0.538587118314588,2
13625,5.760390135359008,6.277090960334402,0.5167008249753939,6
13626,6.047643710525337,5.857332496431268,-0.19031121409406904,1
13627,5.973345339166085,5.857332496431268,-0.1160128427348166,5
13628,5.970399868720215,5.857332496431268,-0.11306737228894725,9
13629,6.124488018040181,5.857332496431268,-0.2671555216089132,4
13630,6.0190739341718364,5.857332496431268,-0.16174143774056837,6
13631,6.170332043626559,5.857332496431268,-0.3129995471952913,3
13632,6.251825878483992,5.857332496431268,-0.39449338205272433,8
13633,6.031247186930675,5.857332496431268,-0.1739146904994069,10
13634,6.037043656520379,5.857332496431268,-0.17971116008911103,2
13635,5.5266250433972655,5.0,-0.5266250433972655,3
13636,5.567772294097065,5.0,-0.5677722940970646,1
13637,5.713945239682636,5.0,-0.7139452396826362,6
13638,5.5525675249749495,5.0,-0.5525675249749495,4
13639,5.574870338716923,5.0,-0.5748703387169227,8
13640,5.6842783908717145,5.0,-0.6842783908717145,9
13641,5.583572644803759,5.0,-0.583572644803759,2
13642,5.624789601223511,5.0,-0.6247896012235108,5
13643,5.81278339159443,5.0,-0.8127833915944302,7
13644,5.365027629418714,5.301029995663981,-0.06399763375473277,6
13645,5.367144190832074,5.301029995663981,-0.06611419516809303,8
13646,5.359189306862906,5.301029995663981,-0.058159311198925145,10
13647,5.500235629642273,5.301029995663981,-0.19920563397829216,3
13648,5.3546182776299425,5.301029995663981,-0.053588281965961215,2
13649,5.509495089340264,5.301029995663981,-0.20846509367628308,9
13650,5.462636278175981,5.301029995663981,-0.1616062825119995,4
13651,5.449560686791394,5.301029995663981,-0.14853069112741313,5
13652,5.621204534011923,5.301029995663981,-0.32017453834794196,1
13653,3.8233449245970603,4.123851640967086,0.30050671637002546,1
13654,3.5750976683407947,4.123851640967086,0.5487539726262911,10
13655,3.4437853349526195,4.123851640967086,0.6800663060144663,7
13656,3.482185604032877,4.123851640967086,0.6416660369342089,4
13657,3.700706593369711,4.123851640967086,0.4231450475973748,6
13658,3.9508444282006168,4.123851640967086,0.17300721276646902,3
13659,3.7530112789195575,4.123851640967086,0.37084036204752824,8
13660,3.7427860728021884,4.123851640967086,0.38106556816489734,5
13661,3.4858027392050777,4.123851640967086,0.6380489017620081,9
13662,5.5136595861282816,4.505149978319906,-1.0085096078083753,4
13663,5.658168043911049,4.505149978319906,-1.1530180655911426,5
13664,5.5272293886944555,4.505149978319906,-1.0220794103745492,10
13665,5.664639990294491,4.505149978319906,-1.1594900119745848,9
13666,5.525441006252072,4.505149978319906,-1.0202910279321653,1
13667,5.572490133073112,4.505149978319906,-1.0673401547532055,3
13668,5.530369277449293,4.505149978319906,-1.025219299129387,8
13669,5.660172516950603,4.505149978319906,-1.1550225386306971,7
13670,5.499489735583757,4.505149978319906,-0.9943397572638508,2
13671,5.47888545739332,6.32221929473392,0.8433338373406007,4
13672,5.5101318408823445,6.32221929473392,0.8120874538515759,1
13673,5.606701035350925,6.32221929473392,0.7155182593829954,3
13674,5.6511080323927905,6.32221929473392,0.6711112623411299,6
13675,5.668858742060425,6.32221929473392,0.6533605526734956,9
13676,5.438159249963131,6.32221929473392,0.8840600447707896,8
13677,5.553274439201409,6.32221929473392,0.7689448555325118,7
13678,5.455281740375841,6.32221929473392,0.8669375543580795,10
13679,5.327686949817367,6.32221929473392,0.9945323449165535,2
13680,5.650971546691056,4.505149978319906,-1.14582156837115,4
13681,5.695719058051678,4.505149978319906,-1.1905690797317714,1
13682,5.647109115864116,4.505149978319906,-1.1419591375442097,10
13683,5.9130571244834575,4.505149978319906,-1.4079071461635513,6
13684,5.759978475755864,4.505149978319906,-1.254828497435958,7
13685,5.66264533243596,4.505149978319906,-1.1574953541160538,9
13686,5.737509641289967,4.505149978319906,-1.2323596629700608,8
13687,5.71085318706599,4.505149978319906,-1.2057032087460842,2
13688,5.701500760938868,4.505149978319906,-1.1963507826189614,5
13689,5.77150202791536,4.568201724066995,-1.2033003038483647,8
13690,5.6978482042051395,4.568201724066995,-1.1296464801381445,4
13691,5.769043399238244,4.568201724066995,-1.2008416751712492,10
13692,5.7359234073529155,4.568201724066995,-1.1677216832859205,3
13693,5.891510883578511,4.568201724066995,-1.323309159511516,7
13694,6.024416221620364,4.568201724066995,-1.4562144975533693,6
13695,5.822490980256775,4.568201724066995,-1.2542892561897796,9
13696,5.812307746289126,4.568201724066995,-1.2441060222221312,5
13697,5.831559649387228,4.568201724066995,-1.263357925320233,2
13698,4.120740856402625,4.900367128656471,0.7796262722538465,2
13699,4.333935911128754,4.900367128656471,0.5664312175277173,6
13700,4.324493610154534,4.900367128656471,0.575873518501937,8
13701,4.173078505451976,4.900367128656471,0.7272886232044957,10
13702,4.235884995810629,4.900367128656471,0.6644821328458423,1
13703,4.045453499209025,4.900367128656471,0.854913629447446,7
13704,4.04947475296427,4.900367128656471,0.8508923756922018,4
13705,4.216150283873685,4.900367128656471,0.6842168447827861,5
13706,4.200323205424235,4.900367128656471,0.7000439232322364,9
13707,5.8478966437696185,5.477121254719663,-0.3707753890499559,6
13708,5.5771709471440865,5.477121254719663,-0.10004969242442385,1
13709,5.549041000516928,5.477121254719663,-0.07191974579726512,4
13710,5.712266271394507,5.477121254719663,-0.23514501667484478,7
13711,5.525793012915288,5.477121254719663,-0.04867175819562508,2
13712,5.607268306333064,5.477121254719663,-0.13014705161340157,5
13713,5.621332133680512,5.477121254719663,-0.14421087896084916,9
13714,5.518699923383797,5.477121254719663,-0.04157866866413418,3
13715,5.64357457357336,5.477121254719663,-0.16645331885369696,10
13716,5.345565601447703,6.041392685158225,0.6958270837105225,7
13717,5.514732685767378,6.041392685158225,0.526659999390847,8
13718,5.436369797235502,6.041392685158225,0.6050228879227237,5
13719,5.355251500585748,6.041392685158225,0.6861411845724774,1
13720,5.472644676671367,6.041392685158225,0.5687480084868586,4
13721,5.387951543187524,6.041392685158225,0.6534411419707018,6
13722,5.202411858599196,6.041392685158225,0.8389808265590295,2
13723,5.401880255069302,6.041392685158225,0.6395124300889234,9
13724,5.342909800343002,6.041392685158225,0.6984828848152231,10
13725,5.930145855549247,6.496791315700042,0.5666454601507951,1
13726,5.842710444682615,6.496791315700042,0.6540808710174275,3
13727,5.995679659526744,6.496791315700042,0.5011116561732978,10
13728,5.87610298586332,6.496791315700042,0.6206883298367218,2
13729,5.98365192112739,6.496791315700042,0.5131393945726517,8
13730,6.159853776807544,6.496791315700042,0.33693753889249844,6
13731,5.850190686301549,6.496791315700042,0.6466006293984927,4
13732,6.071649563029135,6.496791315700042,0.4251417526709069,7
13733,5.963750084077537,6.496791315700042,0.533041231622505,5
13734,5.3366454081839425,4.486713775982485,-0.8499316322014572,2
13735,5.456392988566563,4.486713775982485,-0.9696792125840776,4
13736,5.135163583633579,4.486713775982485,-0.6484498076510938,1
13737,5.528640363099897,4.486713775982485,-1.0419265871174117,6
13738,5.0480249358708065,4.486713775982485,-0.5613111598883211,10
13739,5.327399744246553,4.486713775982485,-0.8406859682640677,9
13740,5.454193761765906,4.486713775982485,-0.9674799857834211,3
13741,5.443955607552621,4.486713775982485,-0.9572418315701361,8
13742,5.35459315618544,4.486713775982485,-0.8678793802029547,5
13743,5.693890235900716,5.0,-0.6938902359007164,7
13744,5.440056914108128,5.0,-0.4400569141081281,2
13745,5.563999970965253,5.0,-0.563999970965253,10
13746,5.559059221231529,5.0,-0.5590592212315286,1
13747,5.68615288959918,5.0,-0.68615288959918,3
13748,5.557299361241262,5.0,-0.5572993612412622,6
13749,5.545563085685644,5.0,-0.5455630856856439,5
13750,5.56255993989321,5.0,-0.5625599398932097,9
13751,5.70535887929796,5.0,-0.7053588792979602,4
13752,5.775239806134288,6.32221929473392,0.5469794885996322,7
13753,5.64433957378913,6.32221929473392,0.67787972094479,1
13754,5.63906723630909,6.32221929473392,0.6831520584248301,9
13755,5.581147354972354,6.32221929473392,0.7410719397615662,3
13756,5.507898602769678,6.32221929473392,0.8143206919642427,2
13757,5.548406907910658,6.32221929473392,0.7738123868232627,5
13758,5.734186451745519,6.32221929473392,0.588032842988401,4
13759,5.706969582409564,6.32221929473392,0.6152497123243563,6
13760,5.62831354153871,6.32221929473392,0.6939057531952102,8
13761,5.37707275652396,4.685741738602264,-0.691331017921696,1
13762,5.538381782450543,4.685741738602264,-0.8526400438482789,3
13763,5.379211663235906,4.685741738602264,-0.693469924633642,5
13764,4.273413493274151,4.685741738602264,0.41232824532811296,6
13765,5.329104797187164,4.685741738602264,-0.6433630585849004,7
13766,5.188923082319011,4.685741738602264,-0.5031813437167472,9
13767,5.034896128921388,4.685741738602264,-0.3491543903191241,2
13768,5.085429133503977,4.685741738602264,-0.39968739490171323,10
13769,5.240283775413025,4.685741738602264,-0.5545420368107612,4
13770,5.437904848318327,6.504701881045554,1.0667970327272265,2
13771,5.657180970995309,6.504701881045554,0.8475209100502443,3
13772,5.671970466720607,6.504701881045554,0.8327314143249467,1
13773,5.593232160972591,6.504701881045554,0.9114697200729625,10
13774,5.759425906726382,6.504701881045554,0.7452759743191715,4
13775,5.7598929583716725,6.504701881045554,0.7448089226738812,5
13776,5.589884630853765,6.504701881045554,0.9148172501917884,7
13777,5.541275562279519,6.504701881045554,0.963426318766035,6
13778,5.695853528971765,6.504701881045554,0.808848352073789,8
13779,4.040176571394204,2.146128035678238,-1.8940485357159655,4
13780,4.278031341236785,2.146128035678238,-2.131903305558547,1
13781,4.3787084204091276,2.146128035678238,-2.2325803847308894,6
13782,4.364993681967401,2.146128035678238,-2.2188656462891627,10
13783,4.2463933241588885,2.146128035678238,-2.1002652884806503,9
13784,4.70255961084785,2.146128035678238,-2.5564315751696114,8
13785,4.180059432428687,2.146128035678238,-2.0339313967504484,3
13786,4.208664568334078,2.146128035678238,-2.06253653265584,5
13787,4.140473171435981,2.146128035678238,-1.9943451357577429,7
13788,3.588702281039055,1.4471580313422192,-2.141544249696836,2
13789,2.731247911474746,1.4471580313422192,-1.284089880132527,5
13790,3.571420127703129,1.4471580313422192,-2.1242620963609102,1
13791,3.023861999263217,1.4471580313422192,-1.576703967920998,7
13792,2.9899554739091796,1.4471580313422192,-1.5427974425669604,3
13793,3.1099892326839735,1.4471580313422192,-1.6628312013417543,10
13794,3.2036274909436733,1.4471580313422192,-1.756469459601454,8
13795,3.576216035672092,1.4471580313422192,-2.129058004329873,6
13796,3.2914136171442485,1.4471580313422192,-1.8442555858020293,9
13797,3.093976508742933,3.113943352306837,0.01996684356390377,10
13798,2.804823124610664,3.113943352306837,0.3091202276961731,5
13799,3.243260968410796,3.113943352306837,-0.12931761610395887,8
13800,3.644097769917042,3.113943352306837,-0.5301544176102051,2
13801,2.9986167675279174,3.113943352306837,0.11532658477891955,4
13802,3.3541824357263974,3.113943352306837,-0.24023908341956046,6
13803,3.546849521550317,3.113943352306837,-0.43290616924348013,1
13804,3.0798388009465314,3.113943352306837,0.034104551360305546,3
13805,2.9189839080657802,3.113943352306837,0.1949594442410567,7
13806,3.7884326678398446,4.826074802700826,1.0376421348609814,10
13807,3.923181234749641,4.826074802700826,0.9028935679511849,1
13808,3.6850329652348104,4.826074802700826,1.1410418374660156,3
13809,4.049538472006271,4.826074802700826,0.7765363306945554,2
13810,3.772494791353318,4.826074802700826,1.053580011347508,9
13811,3.468539873493406,4.826074802700826,1.3575349292074201,5
13812,3.4242669993048307,4.826074802700826,1.4018078033959953,4
13813,3.9964728974992165,4.826074802700826,0.8296019052016095,6
13814,4.066918688054656,4.826074802700826,0.7591561146461698,8
13815,5.777910379940573,4.247973266361806,-1.5299371135787663,6
13816,5.629051541037894,4.247973266361806,-1.3810782746760877,4
13817,5.223088492830686,4.247973266361806,-0.9751152264688798,5
13818,5.908651236720284,4.247973266361806,-1.6606779703584778,7
13819,5.360948630408642,4.247973266361806,-1.1129753640468358,3
13820,5.4433579135971275,4.247973266361806,-1.1953846472353211,1
13821,5.566013226449054,4.247973266361806,-1.3180399600872477,2
13822,5.249300771831611,4.247973266361806,-1.0013275054698045,8
13823,5.397762717049573,4.247973266361806,-1.1497894506877664,9
13824,4.016408389941813,5.0,0.9835916100581867,10
13825,3.7837000400879446,5.0,1.2162999599120554,3
13826,4.3339929580496275,5.0,0.6660070419503725,1
13827,4.528588422883508,5.0,0.4714115771164922,6
13828,4.462914480846135,5.0,0.537085519153865,2
13829,4.0526165576758535,5.0,0.9473834423241465,8
13830,4.038766679149011,5.0,0.9612333208509893,9
13831,3.869084331836723,5.0,1.130915668163277,4
13832,4.037326862093069,5.0,0.9626731379069309,5
13833,4.997883659055574,5.653212513775344,0.6553288547197695,7
13834,4.977465567730596,5.653212513775344,0.6757469460447476,10
13835,5.052478050029507,5.653212513775344,0.6007344637458374,1
13836,4.97636239593362,5.653212513775344,0.6768501178417239,4
13837,5.069873253497062,5.653212513775344,0.5833392602782821,5
13838,4.884471039023562,5.653212513775344,0.7687414747517822,2
13839,5.159784446331671,5.653212513775344,0.4934280674436726,6
13840,4.9301204181517795,5.653212513775344,0.7230920956235645,9
13841,5.097473947753559,5.653212513775344,0.5557385660217848,8
13842,6.014314694201097,5.653212513775344,-0.36110218042575326,8
13843,6.181267311204969,5.653212513775344,-0.5280547974296255,3
13844,6.373767332461105,5.653212513775344,-0.7205548186857609,6
13845,6.211675761569379,5.653212513775344,-0.5584632477940348,5
13846,6.161353322104022,5.653212513775344,-0.5081408083286778,4
13847,6.165801722373376,5.653212513775344,-0.5125892085980324,10
13848,6.15138008768123,5.653212513775344,-0.49816757390588595,2
13849,6.23984504952527,5.653212513775344,-0.586632535749926,7
13850,6.186623203169855,5.653212513775344,-0.5334106893945112,1
13851,5.582664007132505,6.204119982655925,0.6214559755234204,5
13852,5.554736778966654,6.204119982655925,0.649383203689271,2
13853,5.781244376196484,6.204119982655925,0.4228756064594412,6
13854,5.560266134623213,6.204119982655925,0.6438538480327116,10
13855,5.6564813798697555,6.204119982655925,0.5476386027861695,7
13856,5.393212951214423,6.204119982655925,0.8109070314415021,1
13857,5.658835861587745,6.204119982655925,0.54528412106818,3
13858,5.304617554201314,6.204119982655925,0.8995024284546114,8
13859,5.5218946432365765,6.204119982655925,0.6822253394193485,9
13860,5.994395139734828,6.079181246047625,0.08478610631279704,6
13861,5.728485706824926,6.079181246047625,0.35069553922269936,7
13862,5.739040819824148,6.079181246047625,0.34014042622347684,5
13863,5.568934693563014,6.079181246047625,0.5102465524846114,4
13864,5.586873407015498,6.079181246047625,0.4923078390321267,8
13865,5.7799860573088795,6.079181246047625,0.2991951887387456,2
13866,5.816642691484817,6.079181246047625,0.2625385545628083,10
13867,6.022197424149811,6.079181246047625,0.05698382189781448,9
13868,5.766670843136332,6.079181246047625,0.3125104029112933,3
13869,5.903421250080447,6.3979400086720375,0.49451875859159067,8
13870,6.126936735280492,6.3979400086720375,0.2710032733915453,2
13871,6.2958300211170135,6.3979400086720375,0.10210998755502398,6
13872,6.06607633169256,6.3979400086720375,0.33186367697947716,3
13873,6.136159707465759,6.3979400086720375,0.2617803012062785,10
13874,6.229067841637272,6.3979400086720375,0.16887216703476593,9
13875,5.989456224514771,6.3979400086720375,0.4084837841572666,5
13876,6.176497144610499,6.3979400086720375,0.22144286406153846,1
13877,6.147030864181851,6.3979400086720375,0.2509091444901861,7
13878,5.326241724459284,5.223755453657241,-0.10248627080204287,8
13879,5.390314607005943,5.223755453657241,-0.16655915334870208,2
13880,5.894144901667976,5.223755453657241,-0.6703894480107344,9
13881,5.560240206555995,5.223755453657241,-0.33648475289875357,7
13882,5.504530805164626,5.223755453657241,-0.2807753515073843,10
13883,5.655589052633725,5.223755453657241,-0.43183359897648366,5
13884,5.523857842683606,5.223755453657241,-0.30010238902636477,4
13885,5.505829696247192,5.223755453657241,-0.2820742425899505,1
13886,5.668479018861845,5.223755453657241,-0.44472356520460377,6
13887,5.906249649160252,5.079181246047625,-0.8270684031126265,5
13888,5.802908361260508,5.079181246047625,-0.723727115212883,4
13889,5.980523253755942,5.079181246047625,-0.9013420077083172,7
13890,5.834805516127674,5.079181246047625,-0.7556242700800491,8
13891,5.898947336496297,5.079181246047625,-0.8197660904486721,3
13892,5.9449591820289385,5.079181246047625,-0.8657779359813134,1
13893,5.947087560578888,5.079181246047625,-0.8679063145312629,2
13894,5.927246461922011,5.079181246047625,-0.848065215874386,10
13895,6.141128638004871,5.079181246047625,-1.0619473919572462,6
13896,5.989456224514771,6.778151250383644,0.788695025868873,5
13897,6.147030864181851,6.778151250383644,0.6311203862017924,7
13898,6.06607633169256,6.778151250383644,0.7120749186910835,3
13899,6.176497144610499,6.778151250383644,0.6016541057731448,1
13900,6.136159707465759,6.778151250383644,0.6419915429178848,10
13901,6.229067841637272,6.778151250383644,0.5490834087463723,9
13902,6.2958300211170135,6.778151250383644,0.48232122926663035,6
13903,6.126936735280492,6.778151250383644,0.6512145151031516,2
13904,5.903421250080447,6.778151250383644,0.874730000303197,8
13905,5.53525058443791,5.585460729508501,0.05021014507059096,9
13906,5.328795516761368,5.585460729508501,0.2566652127471327,7
13907,5.354648814727681,5.585460729508501,0.23081191478082008,10
13908,5.563396065230923,5.585460729508501,0.02206466427757814,6
13909,5.309736941612958,5.585460729508501,0.27572378789554275,5
13910,5.320571745163609,5.585460729508501,0.26488898434489183,4
13911,5.35517270631261,5.585460729508501,0.23028802319589126,3
13912,5.369594880951291,5.585460729508501,0.21586584855721025,8
13913,5.300413870313604,5.585460729508501,0.2850468591948969,2
13914,5.989774316020736,5.845098040014257,-0.14467627600647948,8
13915,6.047060423200032,5.845098040014257,-0.20196238318577464,3
13916,6.082991483394765,5.845098040014257,-0.237893443380508,5
13917,6.327165149379737,5.845098040014257,-0.48206710936548003,6
13918,6.148211854977591,5.845098040014257,-0.3031138149633339,1
13919,6.218823753174591,5.845098040014257,-0.37372571316033376,10
13920,6.273995591342151,5.845098040014257,-0.42889755132789364,9
13921,6.091246665221433,5.845098040014257,-0.2461486252071765,2
13922,5.919006408294633,5.845098040014257,-0.07390836828037628,4
13923,5.650912888756832,5.934498451243568,0.2835855624867367,3
13924,5.648687578321055,5.934498451243568,0.2858108729225135,4
13925,5.735582220372545,5.934498451243568,0.19891623087102328,2
13926,5.742363345337925,5.934498451243568,0.19213510590564375,1
13927,5.869829084833762,5.934498451243568,0.06466936640980592,10
13928,6.029695740112658,5.934498451243568,-0.09519728886908929,9
13929,5.9431761270787895,5.934498451243568,-0.008677675835221166,6
13930,5.757684957012329,5.934498451243568,0.17681349423123915,5
13931,5.864326344499124,5.934498451243568,0.07017210674444474,7
13932,5.947087560578888,5.771587480881255,-0.17550007969763293,2
13933,6.125651847961459,5.771587480881255,-0.3540643670802037,9
13934,6.141128638004871,5.771587480881255,-0.36954115712361624,6
13935,5.906249649160252,5.771587480881255,-0.13466216827899657,5
13936,5.9449591820289385,5.771587480881255,-0.1733717011476834,1
13937,5.898947336496297,5.771587480881255,-0.12735985561504215,3
13938,5.980523253755942,5.771587480881255,-0.20893577287468723,7
13939,5.802908361260508,5.771587480881255,-0.03132088037925307,4
13940,5.927246461922011,5.771587480881255,-0.15565898104075604,10
13941,5.900017517089445,6.653212513775344,0.7531949966858988,9
13942,5.793920627868067,6.653212513775344,0.8592918859072771,5
13943,5.85272400287037,6.653212513775344,0.800488510904974,3
13944,5.522532833681468,6.653212513775344,1.130679680093876,10
13945,5.640680203310974,6.653212513775344,1.01253231046437,8
13946,5.5841595669978625,6.653212513775344,1.0690529467774814,6
13947,5.5373143716654125,6.653212513775344,1.1158981421099314,2
13948,5.8727200680711,6.653212513775344,0.7804924457042439,4
13949,5.631031931781768,6.653212513775344,1.0221805819935756,7
13950,5.612703104797103,5.903089986991944,0.29038688219484055,9
13951,5.685670772821763,5.903089986991944,0.21741921417018073,6
13952,5.4881993861983025,5.903089986991944,0.41489060079364126,10
13953,5.460546187733503,5.903089986991944,0.44254379925844045,2
13954,5.494057213022164,5.903089986991944,0.40903277396977966,8
13955,5.521083632240623,5.903089986991944,0.3820063547513204,1
13956,5.458515401762669,5.903089986991944,0.44457458522927507,4
13957,5.514299473985154,5.903089986991944,0.38879051300679013,5
13958,5.520862541772455,5.903089986991944,0.38222744521948915,3
13959,5.816642691484817,4.927370363039024,-0.8892723284457924,10
13960,5.7799860573088795,4.927370363039024,-0.8526156942698551,2
13961,5.568934693563014,4.927370363039024,-0.6415643305239893,4
13962,5.586873407015498,4.927370363039024,-0.659503043976474,8
13963,6.022197424149809,4.927370363039024,-1.0948270611107844,9
13964,5.994395139734828,4.927370363039024,-1.0670247766958036,6
13965,5.766670843136332,4.927370363039024,-0.8393004800973074,3
13966,5.825513263525842,4.927370363039024,-0.8981429004868176,1
13967,5.728485706824926,4.927370363039024,-0.8011153437859013,7
13968,4.837357977806406,4.826074802700826,-0.011283175105580412,4
13969,5.9492542547870855,4.826074802700826,-1.1231794520862595,6
13970,5.324933530578441,4.826074802700826,-0.4988587278776153,1
13971,4.971565195923972,4.826074802700826,-0.14549039322314616,3
13972,5.130191364482547,4.826074802700826,-0.3041165617817212,5
13973,5.064989634446564,4.826074802700826,-0.23891483174573835,8
13974,5.218937359880081,4.826074802700826,-0.3928625571792548,2
13975,6.12556027666049,4.826074802700826,-1.2994854739596642,9
13976,5.7314083393080395,4.826074802700826,-0.9053335366072135,10
13977,5.130016252654432,5.002166061756507,-0.1278501908979246,1
13978,5.035856949016779,5.002166061756507,-0.033690887260271474,3
13979,5.038424514121917,5.002166061756507,-0.036258452365409255,5
13980,5.404379711047097,5.002166061756507,-0.4022136492905899,10
13981,5.530506379570759,5.002166061756507,-0.5283403178142514,7
13982,5.105894794623456,5.002166061756507,-0.10372873286694873,2
13983,5.679660016553211,5.002166061756507,-0.677493954796704,6
13984,5.277134708360213,5.002166061756507,-0.274968646603706,8
13985,5.004750196306459,5.002166061756507,-0.0025841345499513224,4
13986,6.051753888802986,6.662757831681574,0.6110039428785887,4
13987,6.170019462665055,6.662757831681574,0.4927383690165197,8
13988,5.991417204282633,6.662757831681574,0.6713406273989415,9
13989,5.456712852293283,6.662757831681574,1.2060449793882917,3
13990,6.174659998260108,6.662757831681574,0.48809783342146673,6
13991,5.996669556956439,6.662757831681574,0.6660882747251353,1
13992,6.264051581074121,6.662757831681574,0.3987062506074537,7
13993,6.094436718531429,6.662757831681574,0.5683211131501453,10
13994,5.974509879553874,6.662757831681574,0.6882479521277007,5
13995,5.931787387809012,6.071882007306125,0.14009461949711266,2
13996,6.0378112131670045,6.071882007306125,0.03407079413912051,10
13997,5.870673339080742,6.071882007306125,0.20120866822538286,4
13998,5.978055301691128,6.071882007306125,0.09382670561499662,1
13999,6.045204846519353,6.071882007306125,0.026677160786771736,9
14000,5.9758461906154405,6.071882007306125,0.0960358166906845,8
14001,6.175813784520891,6.071882007306125,-0.10393177721476565,6
14002,5.6134286546221155,6.071882007306125,0.45845335268400955,3
14003,5.97044550656133,6.071882007306125,0.1014365007447946,5
14004,3.9836298309840275,2.6766936096248664,-1.306936221359161,4
14005,4.615873564972877,2.6766936096248664,-1.9391799553480107,2
14006,4.304656339820672,2.6766936096248664,-1.6279627301958053,8
14007,4.898647022263133,2.6766936096248664,-2.2219534126382667,6
14008,4.6664504211179905,2.6766936096248664,-1.9897568114931241,10
14009,3.5888906210342255,2.6766936096248664,-0.9121970114093592,5
14010,3.8308612455473137,2.6766936096248664,-1.1541676359224473,3
14011,4.778627040533939,2.6766936096248664,-2.1019334309090727,1
14012,4.331702391444816,2.6766936096248664,-1.6550087818199497,9
14013,5.542348283615619,4.184691430817598,-1.3576568527980202,4
14014,5.176688106826802,4.184691430817598,-0.9919966760092036,10
14015,5.358983005661629,4.184691430817598,-1.1742915748440304,6
14016,5.211126456357265,4.184691430817598,-1.0264350255396666,1
14017,5.250676721413172,4.184691430817598,-1.0659852905955738,7
14018,5.168414825587281,4.184691430817598,-0.9837233947696822,3
14019,5.380250069393393,4.184691430817598,-1.1955586385757941,5
14020,5.274041862636516,4.184691430817598,-1.089350431818918,8
14021,5.193749193236637,4.184691430817598,-1.0090577624190384,9
14022,5.7296324802314595,4.933993163831242,-0.7956393164002176,8
14023,5.522445179684578,4.933993163831242,-0.5884520158533357,7
14024,5.501682780411456,4.933993163831242,-0.5676896165802141,9
14025,5.379420010265117,4.933993163831242,-0.4454268464338753,2
14026,5.378137806408808,4.933993163831242,-0.4441446425775659,4
14027,5.493688674079416,4.933993163831242,-0.559695510248174,6
14028,5.488363663133222,4.933993163831242,-0.5543704993019798,10
14029,5.370754770139101,4.933993163831242,-0.43676160630785876,1
14030,5.595820044381909,4.933993163831242,-0.6618268805506666,3
14031,5.207431309766772,5.3979400086720375,0.19050869890526556,2
14032,5.331169177772121,5.3979400086720375,0.06677083089991687,5
14033,5.251967490403095,5.3979400086720375,0.14597251826894286,3
14034,5.210774887866967,5.3979400086720375,0.1871651208050702,6
14035,5.211193648591096,5.3979400086720375,0.18674636008094136,10
14036,5.079723013543498,5.3979400086720375,0.3182169951285392,7
14037,5.481872157945481,5.3979400086720375,-0.08393214927344328,8
14038,5.375905124815392,5.3979400086720375,0.022034883856645315,4
14039,5.327718879111769,5.3979400086720375,0.07022112956026838,9
14040,5.5980366696212,6.57978359661681,0.9817469269956103,3
14041,5.445098036806338,6.57978359661681,1.134685559810472,10
14042,5.724445312116469,6.57978359661681,0.8553382845003412,6
14043,5.55988693537975,6.57978359661681,1.01989666123706,7
14044,5.716220317059087,6.57978359661681,0.8635632795577228,8
14045,5.470539657664649,6.57978359661681,1.1092439389521616,9
14046,5.403974759963713,6.57978359661681,1.175808836653097,2
14047,5.467765286085987,6.57978359661681,1.1120183105308232,1
14048,5.592524551660084,6.57978359661681,0.9872590449567262,4
14049,5.995744605484886,6.0,0.004255394515113586,6
14050,5.662889792611545,6.0,0.3371102073884549,9
14051,5.631988029538938,6.0,0.3680119704610618,1
14052,5.571630307645474,6.0,0.4283696923545257,8
14053,5.851976989130718,6.0,0.1480230108692817,7
14054,5.913354114445686,6.0,0.08664588555431418,2
14055,5.344917961673094,6.0,0.6550820383269063,5
14056,5.3762561427989946,6.0,0.6237438572010054,4
14057,6.068277966379166,6.0,-0.06827796637916617,10
14058,4.287274141906466,4.469365398766434,0.18209125685996774,8
14059,4.748659022968915,4.469365398766434,-0.27929362420248083,10
14060,4.5417102902762805,4.469365398766434,-0.07234489150984658,2
14061,4.13214991874656,4.469365398766434,0.3372154800198741,5
14062,4.725137407570026,4.469365398766434,-0.25577200880359197,9
14063,4.725781804089352,4.469365398766434,-0.2564164053229181,7
14064,4.633564457288742,4.469365398766434,-0.16419905852230787,1
14065,4.63132323856685,4.469365398766434,-0.161957839800416,6
14066,3.9554766766077525,4.469365398766434,0.5138887221586814,4
14067,5.079772668693669,4.252853030979893,-0.8269196377137753,6
14068,5.12343724015072,4.252853030979893,-0.8705842091708265,1
14069,5.177606689955757,4.252853030979893,-0.924753658975864,10
14070,5.1400478859797,4.252853030979893,-0.887194854999807,2
14071,5.130379624878453,4.252853030979893,-0.8775265938985592,3
14072,4.819333381986006,4.252853030979893,-0.5664803510061125,5
14073,5.201265850407622,4.252853030979893,-0.9484128194277286,7
14074,5.001568198341719,4.252853030979893,-0.7487151673618255,4
14075,5.071995973565857,4.252853030979893,-0.8191429425859633,8
14076,5.640711148785768,6.041392685158225,0.4006815363724572,10
14077,5.741955831921971,6.041392685158225,0.29943685323625413,6
14078,5.6172119598834005,6.041392685158225,0.42418072527482487,7
14079,6.021062536932259,6.041392685158225,0.020330148225966127,8
14080,5.873608840157176,6.041392685158225,0.1677838450010496,5
14081,5.597604860175472,6.041392685158225,0.4437878249827536,2
14082,5.956822040380101,6.041392685158225,0.08457064477812448,4
14083,5.6407194333531425,6.041392685158225,0.40067325180508284,1
14084,5.625192231589295,6.041392685158225,0.41620045356893076,9
14085,5.528110834092897,5.079181246047625,-0.4489295880452717,8
14086,4.899178417070928,5.079181246047625,0.18000282897669706,5
14087,5.279947533119903,5.079181246047625,-0.20076628707227773,10
14088,5.352423377510016,5.079181246047625,-0.27324213146239096,2
14089,5.322697687453649,5.079181246047625,-0.24351644140602424,9
14090,5.176973644523857,5.079181246047625,-0.09779239847623167,3
14091,5.360838057849557,5.079181246047625,-0.28165681180193225,1
14092,5.315641445238222,5.079181246047625,-0.23646019919059658,7
14093,5.366375390230044,5.079181246047625,-0.2871941441824193,4
14094,5.466858642498282,6.491361693834273,1.0245030513359907,1
14095,5.851203654646154,6.491361693834273,0.640158039188119,4
14096,5.506773265008056,6.491361693834273,0.9845884288262168,7
14097,5.488055087075698,6.491361693834273,1.0033066067585752,10
14098,6.000987390250621,6.491361693834273,0.4903743035836525,8
14099,5.962489930618443,6.491361693834273,0.5288717632158297,3
14100,5.789409961388394,6.491361693834273,0.7019517324458793,5
14101,5.507597032047083,6.491361693834273,0.9837646617871902,2
14102,5.67744260324383,6.491361693834273,0.813919090590443,6
14103,5.488055087075698,6.278753600952829,0.790698513877131,10
14104,5.507597032047083,6.278753600952829,0.771156568905746,2
14105,5.962489930618443,6.278753600952829,0.3162636703343855,3
14106,5.466858642498282,6.278753600952829,0.8118949584545465,1
14107,5.506773265008056,6.278753600952829,0.7719803359447726,7
14108,5.67744260324383,6.278753600952829,0.6013109977089988,6
14109,6.000987390250621,6.278753600952829,0.2777662107022083,8
14110,5.789409961388394,6.278753600952829,0.48934363956443505,5
14111,5.426235274150544,6.278753600952829,0.8525183268022847,9
14112,4.730355451182256,3.892651033877301,-0.8377044173049555,10
14113,4.691006830458896,3.892651033877301,-0.7983557965815953,1
14114,4.482478735163467,3.892651033877301,-0.5898277012861666,9
14115,4.1769324985160265,3.892651033877301,-0.2842814646387257,8
14116,3.946814860279827,3.892651033877301,-0.05416382640252637,3
14117,4.630689624574054,3.892651033877301,-0.7380385906967533,2
14118,3.7865440005602884,3.892651033877301,0.10610703331701243,4
14119,3.749987648891494,3.892651033877301,0.142663384985807,5
14120,4.5740160920251745,3.892651033877301,-0.6813650581478736,7
14121,4.712379398037411,5.079181246047625,0.36680184801021376,2
14122,4.882123875129499,5.079181246047625,0.19705737091812647,4
14123,4.791250304265686,5.079181246047625,0.2879309417819389,1
14124,4.804540234297332,5.079181246047625,0.2746410117502931,10
14125,5.004170136361535,5.079181246047625,0.07501110968609037,6
14126,4.96636456765568,5.079181246047625,0.11281667839194487,8
14127,4.791038004799453,5.079181246047625,0.28814324124817237,5
14128,4.754229041117512,5.079181246047625,0.32495220493011345,9
14129,4.759772758208149,5.079181246047625,0.3194084878394765,7
14130,4.916477905257456,4.787743771646467,-0.1287341336109895,5
14131,4.8787961454154445,4.787743771646467,-0.0910523737689779,3
14132,5.06700097399805,4.787743771646467,-0.2792572023515838,4
14133,4.948044612408761,4.787743771646467,-0.16030084076229478,1
14134,4.87743167771231,4.787743771646467,-0.08968790606584331,9
14135,4.745187712492296,4.787743771646467,0.04255605915417071,10
14136,4.902038766271274,4.787743771646467,-0.11429499462480752,2
14137,5.161374676956951,4.787743771646467,-0.3736309053104847,6
14138,5.209684908751922,4.787743771646467,-0.42194113710545533,8
14139,4.7523889664031875,5.575187844927661,0.8227988785244733,5
14140,5.032719987147295,5.575187844927661,0.5424678577803661,3
14141,5.227744455432025,5.575187844927661,0.3474433894956359,6
14142,5.15260309389522,5.575187844927661,0.4225847510324412,1
14143,5.238114734871539,5.575187844927661,0.3370731100561217,8
14144,5.086777100794996,5.575187844927661,0.48841074413266483,2
14145,5.0990313726675085,5.575187844927661,0.47615647226015234,7
14146,5.133740211842082,5.575187844927661,0.44144763308557877,10
14147,5.097808804965806,5.575187844927661,0.47737903996185516,9
14148,5.722529358334285,4.56157836830096,-1.1609509900333244,5
14149,5.69329783553564,4.56157836830096,-1.1317194672346798,9
14150,5.6664962778822145,4.56157836830096,-1.1049179095812542,2
14151,5.812164943502434,4.56157836830096,-1.2505865752014733,4
14152,5.612734224106692,4.56157836830096,-1.0511558558057317,7
14153,5.7283709347047465,4.56157836830096,-1.1667925664037861,8
14154,5.664648480927382,4.56157836830096,-1.1030701126264217,10
14155,5.742351735082344,4.56157836830096,-1.1807733667813833,6
14156,5.299810108270011,4.56157836830096,-0.7382317399690503,3
14157,4.799406818024673,7.133858125203335,2.3344513071786617,2
14158,5.173726791472341,7.133858125203335,1.9601313337309936,4
14159,5.0837889829536556,7.133858125203335,2.0500691422496793,5
14160,5.2727246780994745,7.133858125203335,1.8611334471038603,8
14161,5.235145464169365,7.133858125203335,1.8987126610339695,3
14162,4.847985554251104,7.133858125203335,2.2858725709522307,10
14163,5.001989908098245,7.133858125203335,2.1318682171050902,6
14164,4.77228994413743,7.133858125203335,2.3615681810659046,1
14165,4.663373235476325,7.133858125203335,2.47048488972701,9
14166,4.755067512963184,5.221674997070769,0.4666074841075849,6
14167,4.864768498997505,5.221674997070769,0.3569064980732639,2
14168,4.552280838662469,5.221674997070769,0.6693941584083003,10
14169,4.869915846953686,5.221674997070769,0.3517591501170836,4
14170,4.577699012270342,5.221674997070769,0.6439759848004272,3
14171,4.768102087476745,5.221674997070769,0.4535729095940244,1
14172,4.349916687872589,5.221674997070769,0.8717583091981806,5
14173,4.729373110877192,5.221674997070769,0.4923018861935775,9
14174,4.945859981099492,5.221674997070769,0.27581501597127733,8
14175,5.463570285422731,4.239049093140191,-1.2245211922825394,4
14176,5.511871479996329,4.239049093140191,-1.272822386856138,5
14177,5.505095993618213,4.239049093140191,-1.2660469004780222,2
14178,5.616238871185739,4.239049093140191,-1.3771897780455475,7
14179,5.649920668014976,4.239049093140191,-1.4108715748747844,8
14180,5.740291036535189,4.239049093140191,-1.501241943394998,6
14181,5.7954404864681415,4.239049093140191,-1.5563913933279503,3
14182,5.2704069517903465,4.239049093140191,-1.0313578586501553,9
14183,5.5238364058624425,4.239049093140191,-1.2847873127222513,10
14184,5.116928141014915,3.964730921053629,-1.1521972199612862,9
14185,4.638362420246961,3.964730921053629,-0.6736314991933319,5
14186,5.000831556084291,3.964730921053629,-1.0361006350306625,3
14187,5.083785776711168,3.964730921053629,-1.1190548556575393,4
14188,5.21000773355054,3.964730921053629,-1.2452768124969116,7
14189,4.939219187531557,3.964730921053629,-0.9744882664779282,10
14190,5.265518899818262,3.964730921053629,-1.300787978764633,8
14191,5.346697218986377,3.964730921053629,-1.3819662979327485,6
14192,5.191236922123287,3.964730921053629,-1.2265060010696582,2
14193,3.903145874717492,3.6972293427597176,-0.20591653195777448,6
14194,3.2643671559699894,3.6972293427597176,0.4328621867897282,5
14195,3.8584363616278456,3.6972293427597176,-0.16120701886812805,1
14196,3.6596315429247634,3.6972293427597176,0.03759779983495415,8
14197,3.1407491569164576,3.6972293427597176,0.55648018584326,3
14198,3.1618245795080617,3.6972293427597176,0.5354047632516559,4
14199,3.662580767701461,3.6972293427597176,0.0346485750582568,10
14200,3.6950618458539966,3.6972293427597176,0.0021674969057210447,7
14201,3.3305901692973254,3.6972293427597176,0.36663917346239216,9
14202,4.391961646810126,5.041392685158225,0.6494310383480997,3
14203,4.41303035570779,5.041392685158225,0.628362329450435,9
14204,4.910978027769567,5.041392685158225,0.1304146573886582,2
14205,4.768465644459797,5.041392685158225,0.27292704069842877,1
14206,4.750782248350383,5.041392685158225,0.2906104368078424,10
14207,4.534046839249099,5.041392685158225,0.5073458459091267,5
14208,4.9945587782647,5.041392685158225,0.04683390689352507,6
14209,4.782789287965669,5.041392685158225,0.2586033971925561,8
14210,4.751380584644816,5.041392685158225,0.2900121005134091,7
14211,5.441573792092526,6.0,0.5584262079074742,7
14212,5.3576464742965335,6.0,0.6423535257034665,1
14213,5.386237480060681,6.0,0.6137625199393186,10
14214,5.260906240304787,6.0,0.739093759695213,2
14215,5.535390878555438,6.0,0.46460912144456223,3
14216,5.702990492451556,6.0,0.29700950754844424,8
14217,5.614669151944122,6.0,0.3853308480558777,4
14218,5.248487540296755,6.0,0.7515124597032452,5
14219,5.380167244769541,6.0,0.6198327552304592,6
14220,6.838804371973472,5.442479769064448,-1.396324602909024,5
14221,6.575812271070631,5.442479769064448,-1.1333325020061826,8
14222,6.2249310711268935,5.442479769064448,-0.7824513020624453,7
14223,6.108343886201846,5.442479769064448,-0.6658641171373976,1
14224,6.199334827204548,5.442479769064448,-0.7568550581400997,10
14225,6.310151462544611,5.442479769064448,-0.8676716934801627,6
14226,6.116108822697234,5.442479769064448,-0.6736290536327862,2
14227,6.756864922277162,5.442479769064448,-1.3143851532127142,3
14228,6.528308367900222,5.442479769064448,-1.085828598835774,4
14229,6.108343886201846,7.397940008672037,1.2895961224701908,1
14230,6.575812271070631,7.397940008672037,0.8221277376014058,8
14231,6.838804371973473,7.397940008672037,0.5591356366985636,5
14232,6.756864922277162,7.397940008672037,0.6410750863948742,3
14233,6.310151462544611,7.397940008672037,1.0877885461274257,6
14234,6.116108822697236,7.397940008672037,1.2818311859748004,2
14235,6.199334827204548,7.397940008672037,1.1986051814674887,10
14236,6.358557821564722,7.397940008672037,1.0393821871073143,9
14237,6.2249310711268935,7.397940008672037,1.1730089375451431,7
14238,5.137443335677893,6.690196080028514,1.552752744350621,5
14239,5.483364786390065,6.690196080028514,1.2068312936384489,6
14240,5.4296000050158195,6.690196080028514,1.2605960750126943,1
14241,5.444261454728286,6.690196080028514,1.2459346253002277,9
14242,5.485787109733815,6.690196080028514,1.2044089702946987,7
14243,5.562579534183895,6.690196080028514,1.127616545844619,10
14244,5.340129280981478,6.690196080028514,1.3500667990470356,2
14245,5.5982119487283475,6.690196080028514,1.0919841313001664,4
14246,5.646943965938299,6.690196080028514,1.0432521140902145,8
14247,6.133294626847401,6.079181246047625,-0.05411338079977579,5
14248,5.938586476767385,6.079181246047625,0.1405947692802405,8
14249,5.6224695450962034,6.079181246047625,0.45671170095142166,1
14250,5.621675201293397,6.079181246047625,0.4575060447542283,2
14251,5.759299810517246,6.079181246047625,0.3198814355303794,10
14252,6.137251329687382,6.079181246047625,-0.058070083639757186,3
14253,6.056561256663916,6.079181246047625,0.022619989383708905,4
14254,5.653668431702155,6.079181246047625,0.4255128143454705,7
14255,5.856664685833617,6.079181246047625,0.22251656021400823,6
14256,4.880437717793802,4.064457989226918,-0.8159797285668837,4
14257,4.879146605866251,4.064457989226918,-0.8146886166393328,2
14258,4.341141089327303,4.064457989226918,-0.2766831001003851,6
14259,5.170403146349306,4.064457989226918,-1.1059451571223882,1
14260,5.058441422421553,4.064457989226918,-0.9939834331946349,8
14261,4.854121273772703,4.064457989226918,-0.7896632845457852,3
14262,5.073840124620781,4.064457989226918,-1.0093821353938628,7
14263,4.782567956966674,4.064457989226918,-0.718109967739756,5
14264,4.899338764067486,4.064457989226918,-0.8348807748405678,9
14265,4.419683926687587,3.686636269262293,-0.7330476574252942,8
14266,3.9754132644728633,3.686636269262293,-0.2887769952105703,5
14267,4.694226377050247,3.686636269262293,-1.0075901077879537,9
14268,4.092583057723427,3.686636269262293,-0.4059467884611343,3
14269,4.655757549326646,3.686636269262293,-0.9691212800643529,1
14270,4.658019370653032,3.686636269262293,-0.9713831013907392,2
14271,4.618299429791972,3.686636269262293,-0.9316631605296792,7
14272,4.849440375581878,3.686636269262293,-1.162804106319585,6
14273,4.555993340081108,3.686636269262293,-0.8693570708188152,10
14274,5.718888864206399,5.168939213835978,-0.5499496503704204,8
14275,5.714072848076962,5.168939213835978,-0.545133634240984,4
14276,5.1780269332792574,5.168939213835978,-0.00908771944327924,7
14277,5.3211804624183205,5.168939213835978,-0.15224124858234234,1
14278,5.460041500263287,5.168939213835978,-0.29110228642730895,3
14279,5.321466390003574,5.168939213835978,-0.15252717616759615,9
14280,5.304681731869258,5.168939213835978,-0.13574251803327986,6
14281,5.154225721991527,5.168939213835978,0.014713491844450921,2
14282,5.470417354296775,5.168939213835978,-0.30147814046079713,5
14283,5.875768963763766,6.079181246047625,0.20341228228385955,10
14284,6.033253056779865,6.079181246047625,0.045928189267760544,6
14285,5.800363870153327,6.079181246047625,0.278817375894298,3
14286,5.903775362366099,6.079181246047625,0.17540588368152576,1
14287,5.874977591921019,6.079181246047625,0.2042036541266059,7
14288,6.239631387178869,6.079181246047625,-0.16045014113124356,4
14289,6.145851282044759,6.079181246047625,-0.0666700359971335,5
14290,5.818175203069674,6.079181246047625,0.26100604297795105,2
14291,6.273181472665405,6.079181246047625,-0.1940002266177796,8
14292,4.402770697671027,5.32221929473392,0.9194485970628934,6
14293,4.095707691570477,5.32221929473392,1.226511603163443,4
14294,4.06171059414223,5.32221929473392,1.2605087005916902,9
14295,4.394318965297943,5.32221929473392,0.9279003294359773,2
14296,5.259692009832235,5.32221929473392,0.06252728490168558,8
14297,4.213451110738441,5.32221929473392,1.1087681839954797,7
14298,3.824427044497933,5.32221929473392,1.4977922502359875,5
14299,4.4123010663615,5.32221929473392,0.9099182283724208,10
14300,4.356260133619623,5.32221929473392,0.9659591611142977,1
14301,4.888088934336174,4.895201474778894,0.007112540442719251,4
14302,4.84772709871984,4.895201474778894,0.04747437605905347,7
14303,4.58596745075982,4.895201474778894,0.30923402401907385,5
14304,5.00209169602541,4.895201474778894,-0.10689022124651615,1
14305,4.704739290513385,4.895201474778894,0.19046218426550876,9
14306,4.915662889483245,4.895201474778894,-0.020461414704350922,2
14307,4.630124931744849,4.895201474778894,0.26507654303404493,10
14308,5.15591763673211,4.895201474778894,-0.26071616195321656,6
14309,4.386999032033142,4.895201474778894,0.5082024427457519,3
14310,5.884133980845733,6.079181246047625,0.1950472652018922,8
14311,5.906927008606157,6.079181246047625,0.17225423744146795,7
14312,6.077216811552796,6.079181246047625,0.0019644344948295256,4
14313,5.834646702857324,6.079181246047625,0.24453454319030143,1
14314,5.583321307359914,6.079181246047625,0.49585993868771094,9
14315,5.738503842019814,6.079181246047625,0.34067740402781155,2
14316,5.760390135359008,6.079181246047625,0.31879111068861743,6
14317,5.755213519146552,6.079181246047625,0.3239677269010732,10
14318,5.891227694893568,6.079181246047625,0.18795355115405687,3
14319,4.811136336116488,5.648360010980932,0.8372236748644442,2
14320,4.799663609618755,5.648360010980932,0.8486964013621767,5
14321,4.764306802313553,5.648360010980932,0.8840532086673791,9
14322,4.872031185824691,5.648360010980932,0.7763288251562406,10
14323,5.103488476091245,5.648360010980932,0.5448715348896869,8
14324,4.908303221325487,5.648360010980932,0.7400567896554451,3
14325,5.060025976184751,5.648360010980932,0.5883340347961807,6
14326,4.893022980483701,5.648360010980932,0.7553370304972313,4
14327,4.937916486185831,5.648360010980932,0.7104435247951013,1
14328,5.4182506892847755,4.473924693416158,-0.9443259958686179,3
14329,5.594297857246884,4.473924693416158,-1.1203731638307266,8
14330,5.389674758986858,4.473924693416158,-0.9157500655707,4
14331,4.735993545059327,4.473924693416158,-0.2620688516431695,7
14332,5.355815457550585,4.473924693416158,-0.8818907641344271,5
14333,5.134734356677135,4.473924693416158,-0.6608096632609772,10
14334,5.20062730315001,4.473924693416158,-0.7267026097338523,9
14335,5.14085158036251,4.473924693416158,-0.666926886946352,2
14336,5.249422013833369,4.473924693416158,-0.7754973204172115,1
14337,5.430376786367521,5.931966114728173,0.5015893283606516,10
14338,5.350477174290777,5.931966114728173,0.5814889404373957,1
14339,5.250093058831683,5.931966114728173,0.6818730558964896,2
14340,5.335425132186365,5.931966114728173,0.596540982541808,9
14341,5.3884786173404695,5.931966114728173,0.5434874973877033,7
14342,5.428570322323461,5.931966114728173,0.5033957924047119,6
14343,5.306788654144058,5.931966114728173,0.6251774605841147,5
14344,5.629924795889241,5.931966114728173,0.30204131883893215,8
14345,5.396702376939923,5.931966114728173,0.5352637377882496,3
14346,5.523975481855882,4.93981866282138,-0.5841568190345026,7
14347,5.48473387540695,4.93981866282138,-0.5449152125855701,5
14348,5.666411346553086,4.93981866282138,-0.726592683731706,6
14349,5.47136481916173,4.93981866282138,-0.5315461563403501,10
14350,5.40687586550272,4.93981866282138,-0.46705720268133977,9
14351,5.4450011715029145,4.93981866282138,-0.5051825086815347,2
14352,5.325549849113299,4.93981866282138,-0.3857311862919195,3
14353,5.467092192816598,4.93981866282138,-0.5272735299952185,4
14354,5.445217124720477,4.93981866282138,-0.5053984618990972,1
14355,5.068323900821938,5.732393759822968,0.6640698590010299,9
14356,5.228335874025836,5.732393759822968,0.5040578857971321,6
14357,4.752308583320913,5.732393759822968,0.9800851765020555,5
14358,5.16500458782275,5.732393759822968,0.567389172000218,1
14359,5.052027661978371,5.732393759822968,0.6803660978445976,2
14360,5.160418206485815,5.732393759822968,0.5719755533371531,10
14361,5.287083290777633,5.732393759822968,0.4453104690453351,8
14362,4.993585239485928,5.732393759822968,0.7388085203370398,3
14363,5.160345392650668,5.732393759822968,0.5720483671723002,7
14364,4.778627040533939,3.3010299956639813,-1.4775970448699578,1
14365,3.9836298309840275,3.3010299956639813,-0.6825998353200462,4
14366,4.6664504211179905,3.3010299956639813,-1.3654204254540092,10
14367,3.5888906210342255,3.3010299956639813,-0.28786062537024426,5
14368,4.331702391444816,3.3010299956639813,-1.0306723957808348,9
14369,4.304656339820672,3.3010299956639813,-1.0036263441566904,8
14370,4.898647022263133,3.3010299956639813,-1.5976170265991518,6
14371,3.8308612455473137,3.3010299956639813,-0.5298312498833324,3
14372,4.5410804477047195,3.3010299956639813,-1.2400504520407383,7
14373,5.146993949847492,4.57978359661681,-0.5672103532306823,2
14374,5.412154489323151,4.57978359661681,-0.8323708927063409,6
14375,5.22614553840041,4.57978359661681,-0.6463619417836002,9
14376,5.175512777582054,4.57978359661681,-0.5957291809652441,10
14377,4.844873073689388,4.57978359661681,-0.2650894770725776,3
14378,5.065613923018052,4.57978359661681,-0.485830326401242,5
14379,5.147274559084651,4.57978359661681,-0.5674909624678408,7
14380,4.87825705414873,4.57978359661681,-0.29847345753191945,1
14381,4.8511323282298005,4.57978359661681,-0.27134873161299033,4
14382,6.35977651843211,6.57978359661681,0.22000707818470033,9
14383,6.324491853176349,6.57978359661681,0.2552917434404609,10
14384,6.3019380715919,6.57978359661681,0.2778455250249099,3
14385,6.541325953670351,6.57978359661681,0.038457642946458925,7
14386,6.202214356253158,6.57978359661681,0.3775692403636519,2
14387,6.067247025740676,6.57978359661681,0.5125365708761338,4
14388,6.2122302521367105,6.57978359661681,0.3675533444800996,8
14389,6.209531147484675,6.57978359661681,0.37025244913213484,5
14390,6.30846245214469,6.57978359661681,0.27132114447211997,6
14391,5.89726584465523,7.19942604159399,1.3021601969387602,2
14392,5.943195597190495,7.19942604159399,1.2562304444034957,10
14393,5.84996164971543,7.19942604159399,1.34946439187856,4
14394,5.889971058654612,7.19942604159399,1.3094549829393785,5
14395,6.037537282061539,7.19942604159399,1.1618887595324514,3
14396,5.8122569654617156,7.19942604159399,1.3871690761322748,1
14397,6.10464360857918,7.19942604159399,1.0947824330148102,7
14398,6.111846178421828,7.19942604159399,1.087579863172162,6
14399,6.008540627695265,7.19942604159399,1.1908854138987257,9
14400,6.0034414810698715,6.795880017344075,0.7924385362742035,2
14401,6.242624007183269,6.795880017344075,0.5532560101608057,10
14402,5.970716911971051,6.795880017344075,0.825163105373024,3
14403,6.231535067162917,6.795880017344075,0.5643449501811579,6
14404,5.7542595033929365,6.795880017344075,1.0416205139511385,8
14405,6.298210804880227,6.795880017344075,0.49766921246384754,7
14406,6.142986458115516,6.795880017344075,0.6528935592285592,1
14407,6.0948316748820615,6.795880017344075,0.7010483424620135,5
14408,6.065135219320086,6.795880017344075,0.7307447980239887,4
14409,3.495268446469015,4.0,0.5047315535309851,9
14410,3.675158224872811,4.0,0.3248417751271888,7
14411,2.896983944154182,4.0,1.103016055845818,3
14412,3.786904139296372,4.0,0.21309586070362796,10
14413,3.0131373679551863,4.0,0.9868626320448137,4
14414,3.395671663883515,4.0,0.6043283361164851,2
14415,3.2200504218294417,4.0,0.7799495781705583,5
14416,3.1843798722148464,4.0,0.8156201277851536,1
14417,4.334527777555393,4.0,-0.334527777555393,6
14418,5.633702016205846,5.532384880503846,-0.10131713570199974,10
14419,5.542293919477638,5.532384880503846,-0.009909038973791695,1
14420,5.705850842256681,5.532384880503846,-0.1734659617528349,7
14421,5.8173208663631595,5.532384880503846,-0.28493598585931323,3
14422,5.828020371882131,5.532384880503846,-0.2956354913782846,8
14423,5.6831755091264915,5.532384880503846,-0.15079062862264525,4
14424,5.716162546414027,5.532384880503846,-0.1837776659101804,6
14425,5.586664210016328,5.532384880503846,-0.05427932951248149,9
14426,5.559766460336042,5.532384880503846,-0.02738157983219569,2
14427,6.191573330565048,6.32221929473392,0.1306459641688722,3
14428,5.911082800959342,6.32221929473392,0.4111364937745785,8
14429,5.858460578979519,6.32221929473392,0.463758715754401,4
14430,6.189591347892715,6.32221929473392,0.1326279468412057,7
14431,6.129159473396959,6.32221929473392,0.19305982133696098,9
14432,5.982889114137768,6.32221929473392,0.3393301805961526,1
14433,6.081073455238104,6.32221929473392,0.24114583949581636,2
14434,6.108152687825563,6.32221929473392,0.21406660690835722,5
14435,6.225397060499476,6.32221929473392,0.09682223423444469,6
14436,5.962663611282672,6.176091259055681,0.2134276477730097,1
14437,6.105183358022806,6.176091259055681,0.07090790103287503,10
14438,6.243425164047017,6.176091259055681,-0.06733390499133574,6
14439,6.256335719915825,6.176091259055681,-0.08024446086014336,3
14440,6.107615449469551,6.176091259055681,0.06847580958612998,2
14441,6.079663276129689,6.176091259055681,0.09642798292599242,5
14442,6.171568457993453,6.176091259055681,0.004522801062228687,7
14443,6.019355602534826,6.176091259055681,0.15673565652085575,4
14444,6.120020413062591,6.176091259055681,0.05607084599309076,9
14445,6.072425414381754,5.311965660368366,-0.7604597540133877,9
14446,5.637803067983992,5.311965660368366,-0.32583740761562563,1
14447,5.943213178239808,5.311965660368366,-0.6312475178714418,7
14448,5.91859842366049,5.311965660368366,-0.606632763292124,6
14449,5.82445431835764,5.311965660368366,-0.512488657989274,4
14450,5.74096991016765,5.311965660368366,-0.4290042497992843,10
14451,5.80444423147597,5.311965660368366,-0.49247857110760407,2
14452,5.613896513935813,5.311965660368366,-0.30193085356744653,3
14453,5.725603603345843,5.311965660368366,-0.413637942977477,8
14454,5.482570181711329,5.338456493604605,-0.14411368810672354,8
14455,5.693006842324063,5.338456493604605,-0.35455034871945834,1
14456,5.958355543940522,5.338456493604605,-0.619899050335917,4
14457,5.843831501058939,5.338456493604605,-0.505375007454334,10
14458,6.098882757130789,5.338456493604605,-0.7604262635261838,5
14459,6.131667976493674,5.338456493604605,-0.7932114828890686,9
14460,5.992937054690837,5.338456493604605,-0.6544805610862321,7
14461,5.730800890758231,5.338456493604605,-0.392344397153626,2
14462,5.5233527013521915,5.338456493604605,-0.18489620774758642,3
14463,5.994707946377992,5.489958479424835,-0.5047494669531574,9
14464,6.040121154591197,5.489958479424835,-0.5501626751663622,5
14465,5.781135221005389,5.489958479424835,-0.2911767415805544,1
14466,6.112512568613554,5.489958479424835,-0.6225540891887196,8
14467,5.921601942654832,5.489958479424835,-0.4316434632299977,10
14468,6.013128854304331,5.489958479424835,-0.5231703748794967,4
14469,6.2297293508515725,5.489958479424835,-0.7397708714267379,3
14470,5.9095756639035395,5.489958479424835,-0.4196171844787049,2
14471,6.0230770419971025,5.489958479424835,-0.5331185625722679,7
14472,5.819430802775441,5.205096047578484,-0.6143347551969569,3
14473,5.623262656624306,5.205096047578484,-0.41816660904582115,1
14474,5.385002363990465,5.205096047578484,-0.17990631641198096,8
14475,6.109132849791025,5.205096047578484,-0.9040368022125405,6
14476,5.457370277711463,5.205096047578484,-0.25227423013297834,4
14477,6.092265534804616,5.205096047578484,-0.8871694872261315,7
14478,5.862461387271547,5.205096047578484,-0.6573653396930625,2
14479,5.812000494877831,5.205096047578484,-0.606904447299347,10
14480,5.7603283060895265,5.205096047578484,-0.5552322585110421,9
14481,5.934927313977208,6.531478917042255,0.5965516030650475,4
14482,5.853791067692758,6.531478917042255,0.6776878493494971,8
14483,6.012570791217851,6.531478917042255,0.5189081258244039,9
14484,5.83327024209196,6.531478917042255,0.6982086749502949,6
14485,6.048127298160519,6.531478917042255,0.48335161888173594,7
14486,6.02562175101674,6.531478917042255,0.5058571660255158,10
14487,5.745195507698742,6.531478917042255,0.7862834093435129,1
14488,6.097330074229717,6.531478917042255,0.4341488428125384,3
14489,5.97322112741167,6.531478917042255,0.5582577896305851,5
14490,5.390754711570797,6.079181246047625,0.6884265344768279,8
14491,5.601553613106139,6.079181246047625,0.4776276329414859,3
14492,5.442364132354767,6.079181246047625,0.6368171136928584,9
14493,5.298789580194142,6.079181246047625,0.7803916658534833,4
14494,5.545701748961192,6.079181246047625,0.5334794970864332,7
14495,5.65045449474028,6.079181246047625,0.4287267513073454,6
14496,5.435241786891742,6.079181246047625,0.6439394591558827,10
14497,5.449510493219976,6.079181246047625,0.6296707528276491,5
14498,5.394746053386146,6.079181246047625,0.6844351926614793,2
14499,5.061582412544509,4.301029995663981,-0.760552416880528,7
14500,5.150123494080801,4.301029995663981,-0.8490934984168197,2
14501,5.337039155289264,4.301029995663981,-1.0360091596252827,6
14502,5.051790272473213,4.301029995663981,-0.7507602768092321,9
14503,5.026401097184465,4.301029995663981,-0.7253711015204836,1
14504,4.779645295723276,4.301029995663981,-0.4786153000592943,8
14505,5.12672734093494,4.301029995663981,-0.8256973452709584,5
14506,5.1078295200541195,4.301029995663981,-0.8067995243901382,3
14507,5.138715388869334,4.301029995663981,-0.8376853932053532,10
14508,6.2242189593369615,5.491361693834273,-0.7328572655026884,8
14509,5.969844936892484,5.491361693834273,-0.47848324305821066,1
14510,6.027694974293904,5.491361693834273,-0.5363332804596306,2
14511,6.152505098049322,5.491361693834273,-0.661143404215049,9
14512,6.214026793772105,5.491361693834273,-0.7226650999378323,5
14513,6.280496358926874,5.491361693834273,-0.7891346650926012,7
14514,5.922480329793443,5.491361693834273,-0.4311186359591703,4
14515,6.154964522956802,5.491361693834273,-0.6636028291225289,10
14516,6.219408630697565,5.491361693834273,-0.7280469368632918,6
14517,6.0757674765418,6.0,-0.07576747654179972,5
14518,6.004640416196083,6.0,-0.00464041619608313,4
14519,6.032572885740557,6.0,-0.03257288574055739,2
14520,6.042785241849036,6.0,-0.042785241849036204,10
14521,6.172462839934138,6.0,-0.1724628399341377,3
14522,6.067128685092219,6.0,-0.06712868509221881,6
14523,6.179487992911788,6.0,-0.1794879929117883,7
14524,5.916124427073309,6.0,0.0838755729266909,8
14525,6.075462983448293,6.0,-0.07546298344829339,1
14526,6.120198113134209,6.185542154854375,0.0653440417201665,5
14527,6.0879300269526375,6.185542154854375,0.0976121279017379,3
14528,5.9340838102955535,6.185542154854375,0.2514583445588219,10
14529,5.797152774205282,6.185542154854375,0.3883893806490937,1
14530,6.000467501356908,6.185542154854375,0.185074653497467,6
14531,6.084309710044453,6.185542154854375,0.10123244480992266,9
14532,6.11335734692742,6.185542154854375,0.07218480792695559,4
14533,6.093986515567194,6.185542154854375,0.09155563928718102,7
14534,5.8293982159282525,6.185542154854375,0.35614393892612295,2
14535,5.611387425079983,5.301029995663981,-0.3103574294160021,7
14536,5.626917524640748,5.301029995663981,-0.3258875289767671,5
14537,5.375198617589937,5.301029995663981,-0.07416862192595541,8
14538,5.625618655782274,5.301029995663981,-0.3245886601182928,10
14539,5.744044236425544,5.301029995663981,-0.4430142407615625,9
14540,5.528819225256786,5.301029995663981,-0.2277892295928048,2
14541,5.680110845655302,5.301029995663981,-0.37908084999132097,6
14542,5.430594719182855,5.301029995663981,-0.1295647235188735,1
14543,5.53178530002004,5.301029995663981,-0.23075530435605884,3
14544,6.3452146160025755,6.079181246047625,-0.2660333699549504,1
14545,6.418540841242837,6.079181246047625,-0.3393595951952122,10
14546,6.498598910020992,6.079181246047625,-0.4194176639733671,7
14547,6.4848610151271995,6.079181246047625,-0.40567976907957437,5
14548,6.519100881855577,6.079181246047625,-0.4399196358079518,9
14549,6.379367742700743,6.079181246047625,-0.3001864966531178,8
14550,6.411515535489315,6.079181246047625,-0.33233428944168963,4
14551,6.516982103190467,6.079181246047625,-0.4378008571428422,6
14552,6.38923131824784,6.079181246047625,-0.3100500722002151,2
14553,6.026502469218648,4.892372907398436,-1.1341295618202114,10
14554,5.918377726608257,4.892372907398436,-1.0260048192098203,5
14555,5.785832342429156,4.892372907398436,-0.8934594350307199,1
14556,5.522451361413404,4.892372907398436,-0.630078454014968,8
14557,6.105658683248838,4.892372907398436,-1.2132857758504016,7
14558,5.911785228213801,4.892372907398436,-1.0194123208153645,2
14559,5.788244446570796,4.892372907398436,-0.8958715391723597,3
14560,6.059928725084011,4.892372907398436,-1.1675558176855745,6
14561,5.799367093776198,4.892372907398436,-0.9069941863777613,4
14562,5.81966481463602,6.176091259055681,0.356426444419661,4
14563,5.7846213115886345,6.176091259055681,0.3914699474670469,8
14564,6.003920097486593,6.176091259055681,0.1721711615690884,7
14565,5.8737952107823554,6.176091259055681,0.3022960482733259,2
14566,6.0720048741243735,6.176091259055681,0.10408638493130784,3
14567,6.015315290583643,6.176091259055681,0.16077596847203868,9
14568,5.947488125381253,6.176091259055681,0.22860313367442853,10
14569,6.097826966770073,6.176091259055681,0.07826429228560805,5
14570,5.99145649762698,6.176091259055681,0.1846347614287014,6
14571,4.890947626826027,6.491361693834273,1.6004140670082458,4
14572,4.662822594888261,6.491361693834273,1.8285390989460124,5
14573,5.6712027788912165,6.491361693834273,0.8201589149430566,8
14574,4.8127195398333305,6.491361693834273,1.6786421540009426,6
14575,4.622150081967058,6.491361693834273,1.8692116118672155,7
14576,4.854415268705823,6.491361693834273,1.6369464251284498,2
14577,4.917349009319529,6.491361693834273,1.5740126845147442,10
14578,4.753715726065605,6.491361693834273,1.7376459677686684,9
14579,5.0466205246038465,6.491361693834273,1.4447411692304266,3
14580,4.13811735792188,3.556302500767288,-0.5818148571545918,2
14581,3.762599978237974,3.556302500767288,-0.20629747747068583,10
14582,3.578976683334655,3.556302500767288,-0.022674182567366863,3
14583,3.936871565950131,3.556302500767288,-0.38056906518284306,8
14584,3.201051269641377,3.556302500767288,0.3552512311259113,5
14585,3.7162683136234334,3.556302500767288,-0.1599658128561452,9
14586,3.923045208247124,3.556302500767288,-0.36674270747983595,6
14587,3.5203496782365393,3.556302500767288,0.03595282253074883,7
14588,3.34874705602719,3.556302500767288,0.20755544474009824,4
14589,5.030816179176207,4.089905111439398,-0.9409110677368089,8
14590,5.384205289665704,4.089905111439398,-1.2943001782263064,10
14591,5.095518338125538,4.089905111439398,-1.0056132266861395,3
14592,5.542639083514886,4.089905111439398,-1.452733972075488,6
14593,5.216170947869772,4.089905111439398,-1.126265836430374,1
14594,5.196130319467696,4.089905111439398,-1.106225208028298,4
14595,5.266165884288752,4.089905111439398,-1.1762607728493544,9
14596,5.2696517159891325,4.089905111439398,-1.1797466045497345,5
14597,5.3565548226544335,4.089905111439398,-1.2666497112150354,2
14598,3.5280162970632047,4.653212513775344,1.1251962167121392,4
14599,3.446035594234815,4.653212513775344,1.207176919540529,8
14600,3.9062024659029904,4.653212513775344,0.7470100478723536,9
14601,4.148787528950172,4.653212513775344,0.5044249848251718,7
14602,3.9621004886508526,4.653212513775344,0.6911120251244913,2
14603,3.5100854600350107,4.653212513775344,1.1431270537403333,5
14604,4.628496999988501,4.653212513775344,0.02471551378684289,6
14605,4.1999892404521555,4.653212513775344,0.45322327332318846,10
14606,3.6374486119761493,4.653212513775344,1.0157639017991946,3
14607,6.06534286520075,5.221022805204841,-0.8443200599959093,2
14608,6.091452005669995,5.221022805204841,-0.8704292004651535,5
14609,6.179100423630966,5.221022805204841,-0.9580776184261248,6
14610,6.1641765482076005,5.221022805204841,-0.9431537430027594,10
14611,6.1637446718788444,5.221022805204841,-0.9427218666740034,9
14612,6.081884087530424,5.221022805204841,-0.8608612823255832,3
14613,6.004064107208576,5.221022805204841,-0.7830413020037348,1
14614,5.877264589268316,5.221022805204841,-0.6562417840634751,8
14615,5.841813772120026,5.221022805204841,-0.6207909669151848,4
14616,5.836210960688633,5.698970004336019,-0.13724095635261424,2
14617,5.967291648612669,5.698970004336019,-0.26832164427665006,6
14618,5.703702534314841,5.698970004336019,-0.004732529978822342,1
14619,5.541468143791896,5.698970004336019,0.15750186054412296,8
14620,5.661556858992247,5.698970004336019,0.0374131453437716,4
14621,5.984462677345431,5.698970004336019,-0.2854926730094123,5
14622,5.917101317501241,5.698970004336019,-0.21813131316522227,9
14623,5.892503517040755,5.698970004336019,-0.19353351270473595,10
14624,5.927502252683404,5.698970004336019,-0.22853224834738484,3
14625,7.015143566884228,7.342422680822207,0.3272791139379789,8
14626,6.989249157831334,7.342422680822207,0.3531735229908728,5
14627,6.839191467920989,7.342422680822207,0.503231212901218,1
14628,7.156559929677303,7.342422680822207,0.1858627511449038,9
14629,6.921644935066618,7.342422680822207,0.420777745755589,6
14630,6.774711849470614,7.342422680822207,0.5677108313515928,2
14631,7.144542567301892,7.342422680822207,0.19788011352031454,3
14632,7.0231688139614645,7.342422680822207,0.3192538668607421,7
14633,7.0979348283966885,7.342422680822207,0.24448785242551807,4
14634,6.016859041251929,6.176091259055681,0.15923221780375219,10
14635,6.044255869275582,6.176091259055681,0.13183538978009945,4
14636,6.167028662978551,6.176091259055681,0.009062596077130003,6
14637,6.0506049550027035,6.176091259055681,0.1254863040529779,5
14638,6.008701699114188,6.176091259055681,0.16738955994149318,3
14639,5.931232013923407,6.176091259055681,0.24485924513227442,7
14640,5.951616339969238,6.176091259055681,0.22447491908644324,2
14641,6.1043327193705865,6.176091259055681,0.07175853968509482,9
14642,6.109712223141782,6.176091259055681,0.06637903591389893,1
14643,6.641320091527664,6.414973347970818,-0.2263467435568458,2
14644,6.841018892633298,6.414973347970818,-0.4260455446624798,4
14645,6.755037842549609,6.414973347970818,-0.3400644945787912,7
14646,6.953507916265677,6.414973347970818,-0.5385345682948586,3
14647,6.849146337400742,6.414973347970818,-0.434172989429924,5
14648,6.575546186217404,6.414973347970818,-0.16057283824658608,10
14649,6.743486497666276,6.414973347970818,-0.32851314969545786,8
14650,6.645171988252463,6.414973347970818,-0.23019864028164516,6
14651,7.045174247799554,6.414973347970818,-0.6302008998287354,9
14652,6.87230922942528,6.977723605288848,0.1054143758635675,3
14653,6.9238903466569885,6.977723605288848,0.05383325863185906,9
14654,6.8426088911313645,6.977723605288848,0.1351147141574831,4
14655,6.650199821976843,6.977723605288848,0.3275237833120048,2
14656,6.811779464177732,6.977723605288848,0.16594414111111533,7
14657,6.772780517496456,6.977723605288848,0.20494308779239123,6
14658,6.756889392863561,6.977723605288848,0.22083421242528622,5
14659,6.727423529963096,6.977723605288848,0.25030007532575205,1
14660,6.630454155105306,6.977723605288848,0.34726945018354183,10
