idx,y_pred,y_true,residual,fold
0,3.938786445003083,5.698970004336019,1.7601835593329356,6
1,3.3220294991460575,3.049218022670181,-0.27281147647587645,9
2,3.3411693679411885,2.903089986991944,-0.43807938094924426,5
3,5.1848608210776375,2.9542425094393248,-2.2306183116383127,5
4,6.289504259005395,3.90848501887865,-2.381019240126745,8
5,4.604605338400586,3.322219294733919,-1.282386043666667,5
6,4.985488985134177,5.301029995663981,0.3155410105298042,5
7,5.278938891793042,4.086359830674748,-1.1925790611182938,7
8,5.189941130044337,6.035709837827862,0.8457687077835248,9
9,5.0170591514732585,5.954242509439325,0.9371833579660667,6
10,5.604396257359469,3.949390006644913,-1.6550062507145564,4
11,4.257206549036016,5.742725131304698,1.485518582268682,7
12,3.9047451784291156,3.661812685537261,-0.2429324928918546,5
13,4.709241607871802,3.505149978319906,-1.2040916295518964,10
14,4.025614050564928,5.0948203803548,1.0692063297898713,10
15,4.4180036271845475,3.397940008672037,-1.0200636185125105,2
16,4.659240065427255,3.832508912706236,-0.826731152721019,8
17,5.064517395857162,5.6020599913279625,0.5375425954708009,8
18,4.110957058774472,5.238046103128795,1.1270890443543227,3
19,3.7455217101924005,3.0791812460476247,-0.6663404641447759,8
20,3.5849941747032745,3.823474229170301,0.23848005446702647,10
21,4.475288906784509,3.838849090737255,-0.6364398160472535,10
22,4.584957055024506,3.505149978319906,-1.0798070767046002,8
23,4.711921091290289,6.041392685158225,1.329471593867936,1
24,5.313344882580784,3.8813846567705728,-1.4319602258102115,5
25,4.9913998852124895,5.576341350205793,0.5849414649933031,5
26,5.884635230108852,6.823539433656859,0.9389042035480069,9
27,6.4599475385675404,6.3979400086720375,-0.062007529895502955,5
28,6.395941483209,6.707570176097937,0.31162869288893713,7
29,6.544680435873646,6.3979400086720375,-0.14674042720160863,1
30,6.06109209335499,6.558708570533166,0.4976164771781759,1
31,5.635644910799112,6.107549129744687,0.4719042189455749,3
32,6.104936957500492,4.193681029541281,-1.9112559279592105,1
33,6.416653148029484,5.929418925714293,-0.4872342223151911,6
34,6.357667622145891,6.531478917042255,0.17381129489636393,10
35,6.131585799699759,6.414973347970818,0.28338754827105905,8
36,6.26003333037013,6.372912002970106,0.11287867259997597,7
37,6.381868035239541,6.384890796530554,0.0030227612910129764,9
38,4.385582769038623,6.325843928293292,1.9402611592546686,7
39,6.38015920724324,7.0,0.6198407927567597,5
40,6.398502329724457,6.8750612633917,0.4765589336672429,10
41,6.067247025740676,6.835056101720117,0.7678090759794403,4
42,6.1882871223544615,7.079181246047625,0.8908941236931636,6
43,5.217233797725116,4.072984744627931,-1.1442490530971856,2
44,6.223727238016081,5.113943352306837,-1.109783885709244,2
45,4.194773400529778,5.096910013008056,0.9021366124782784,5
46,5.274041862636516,5.342422680822207,0.0683808181856902,8
47,5.922591891902888,6.2405492482826,0.31795735637971223,5
48,4.117214857022902,5.278753600952829,1.1615387439299267,4
49,6.01868111008263,6.2552725051033065,0.2365913950206764,1
50,5.436174553690359,5.023540521554854,-0.41263403213550465,8
51,5.535561240165453,6.313867220369153,0.7783059802037,1
52,5.9258448694922885,6.361727836017593,0.43588296652530456,6
53,6.180676435535622,6.6020599913279625,0.42138355579234066,9
54,5.626356187140656,6.649334858712142,1.0229786715714857,3
55,6.056966652530685,6.041392685158225,-0.015573967372459308,5
56,5.404820797278972,5.901294817165567,0.49647401988659556,2
57,5.130393391112061,6.447158031342219,1.3167646402301587,7
58,5.935164002012817,4.681241237375588,-1.2539227646372293,3
59,5.610913229173724,5.81504617606463,0.20413294689090655,1
60,5.771899700782271,4.992818520066679,-0.7790811807155915,6
61,4.697772638515365,3.204119982655925,-1.4936526558594396,7
62,5.937788553927161,6.8750612633917,0.9372727094645388,6
63,6.560773118821569,6.8909795969896885,0.33020647816811977,2
64,6.144103943346149,6.0,-0.14410394334614907,10
65,4.697882046633271,4.5003737143533735,-0.19750833227989784,1
66,5.615482484724295,6.3979400086720375,0.7824575239477429,5
67,6.167035209456331,6.447158031342219,0.28012282188588866,2
68,5.493688674079416,7.267171728403014,1.7734830543235978,6
69,5.732198967347426,5.045714058940868,-0.6864849084065572,1
70,4.73632192979982,6.230448921378274,1.4941269915784545,1
71,6.222413475207911,4.127104798364807,-2.0953086768431035,6
72,5.784658441803373,6.0,0.21534155819662715,5
73,6.579693170232323,5.715167357848458,-0.8645258123838655,1
74,6.167853619635134,6.024046225131059,-0.14380739450407543,6
75,1.323912121643512,3.645422269349092,2.32151014770558,7
76,4.666101028193664,3.146128035678238,-1.5199729925154255,1
77,1.5548034537331008,2.8750612633917,1.3202578096585993,6
78,3.8225728083292614,3.3010299956639813,-0.5215428126652801,2
79,4.1036268446276365,3.3138672203691533,-0.7897596242584832,7
80,5.123052471966276,5.905795880367869,0.7827434084015925,6
81,4.661727573909275,2.6989700043360187,-1.962757569573256,3
82,3.446776888339054,4.146128035678238,0.699351147339184,6
83,2.651899912814485,3.2430380486862944,0.5911381358718093,4
84,3.5027304174163936,2.6532125137753435,-0.8495179036410501,6
85,3.8722365149551092,2.1089031276673134,-1.7633333872877959,5
86,3.8866530508365904,3.7781512503836434,-0.108501800452947,3
87,3.937073000314336,3.3010299956639813,-0.6360430046503547,10
88,4.371797968923861,3.0,-1.371797968923861,4
89,4.85961286897734,4.431363764158987,-0.4282491048183532,7
90,4.707833748781619,4.423245873936808,-0.28458787484481096,7
91,4.435531130054739,4.431363764158987,-0.004167365895751729,10
92,4.0385700132104985,5.544068044350276,1.5054980311397772,6
93,3.9046288084715326,3.0,-0.9046288084715326,8
94,5.525760850458632,3.1583624920952498,-2.3673983583633826,6
95,3.5750976683407947,2.740362689494244,-0.8347349788465506,10
96,3.4321225646451845,3.6232492903979,0.1911267257527154,4
97,6.260056815043469,5.375092713083399,-0.8849641019600698,6
98,6.3844964001178495,6.361727836017593,-0.022768564100256405,10
99,6.01868111008263,6.409933123331294,0.3912520132486641,1
100,6.505446301314558,6.477121254719663,-0.028325046594895653,2
101,6.238923716354714,7.021189299069938,0.7822655827152243,2
102,5.565416449556837,3.413299764081252,-2.152116685475585,6
103,5.659686028193281,4.260071387985075,-1.3996146402082061,9
104,6.437494364892049,6.0,-0.43749436489204907,6
105,6.269982717613893,6.740362689494244,0.47037997188035074,6
106,6.272838147028232,6.099231615080882,-0.17360653194735054,5
107,6.11494990135827,6.431363764158987,0.3164138628007169,2
108,6.47785237612621,4.6464037262230695,-1.8314486499031402,7
109,6.2019188216178485,6.142702245737616,-0.05921657588023255,1
110,6.285414769021708,6.431363764158987,0.145948995137279,6
111,5.88349292881914,6.19258417809083,0.30909124927168996,3
112,6.157230395200266,6.238046103128795,0.08081570792852943,9
113,6.1551364400907635,6.950851458888547,0.7957150187977833,3
114,6.402763397406299,4.819543935541868,-1.5832194618644309,7
115,6.143311122499447,4.716504163773217,-1.42680695872623,2
116,6.018584910191328,6.612783856719736,0.5941989465284081,8
117,6.247448296672368,5.7160033436348,-0.5314449530375676,6
118,6.2085400567447655,6.3979400086720375,0.189399951927272,6
119,6.0129745398155725,6.077258863692948,0.06428432387737537,8
120,6.062396950686748,6.614897216033135,0.5525002653463877,5
121,5.441918430903162,5.00902574208691,-0.43289268881625187,10
122,5.6205758222879565,5.37383114507383,-0.24674467721412618,9
123,5.671909350695152,6.477121254719663,0.8052119040245103,1
124,5.91118798877609,4.862250674597925,-1.0489373141781657,1
125,5.761252739240363,6.466867620354109,0.7056148811137462,6
126,6.301526863087701,5.188084373714938,-1.1134424893727628,4
127,6.212112586151158,6.079181246047625,-0.13293134010353302,8
128,5.970607015833102,6.146128035678238,0.17552101984513602,2
129,6.181657086285095,5.326335860928752,-0.8553212253563434,4
130,5.693510561503697,6.768638101247615,1.0751275397439182,10
131,6.098709890504466,5.48572142648158,-0.6129884640228864,4
132,6.247174432628694,5.507072896756503,-0.7401015358721912,6
133,6.2808397740669575,5.08361010516231,-1.1972296689046473,7
134,6.00313618686928,6.156851901070011,0.1537157142007315,10
135,6.562612330318794,5.676693609624866,-0.8859187206939279,1
136,6.796522169616272,7.252853030979893,0.45633086136362166,5
137,6.618776401911474,6.301029995663981,-0.31774640624749306,6
138,6.438443723426656,6.477121254719663,0.03867753129300677,5
139,5.9568746604393885,6.361727836017593,0.40485317557820455,5
140,5.7987577311381555,6.079181246047625,0.2804235149094696,4
141,5.642684994194054,4.396199347095736,-1.2464856470983179,2
142,5.937412177461905,6.14705767102836,0.20964549356645534,4
143,6.186086700810408,5.195456833628169,-0.9906298671822391,9
144,6.379720408391953,5.643551368562945,-0.7361690398290079,7
145,5.988765991541575,6.016197353512439,0.027431361970863932,6
146,5.483534700995483,6.079181246047625,0.5956465450521424,9
147,5.8335700280993334,6.146128035678238,0.31255800757890473,4
148,5.403974759963713,6.0,0.5960252400362869,2
149,5.496667525802548,4.113943352306837,-1.3827241734957108,8
150,6.099192259556861,6.577491799837225,0.47829954028036425,9
151,6.659755151819355,5.472756449317212,-1.1869987025021427,9
152,6.486423141024145,6.334453751150931,-0.15196938987321396,9
153,6.3864768090667745,7.276921132065774,0.8904443229989996,8
154,6.655624411393375,4.819543935541868,-1.8360804758515066,8
155,7.117014946891607,7.483587296968894,0.36657235007728683,4
156,7.1438696361089,8.041392685158225,0.8975230490493251,4
157,6.935849116273721,7.477121254719663,0.541272138445942,8
158,6.930333244670139,6.479393896404411,-0.45093934826572823,4
159,6.966896834760787,7.477121254719663,0.5102244199588757,8
160,6.531005429479891,6.320146286111054,-0.21085914336883693,9
161,6.508199252052505,6.3979400086720375,-0.11025924338046789,10
162,6.335290781719385,6.113943352306837,-0.22134742941254792,1
163,6.356120350480372,6.201397124320452,-0.15472322615991985,2
164,6.459781268957577,6.986771734266245,0.5269904653086686,4
165,6.323596531549245,6.474216264076255,0.15061973252701044,6
166,6.385215803743956,6.004136436761356,-0.3810793669826005,10
167,6.325325044617915,6.477121254719663,0.1517962101017476,5
168,6.080515232936021,6.434888120867316,0.3543728879312953,1
169,6.751383925379289,8.122543524068755,1.3711595986894656,7
170,6.231251915838384,6.281033367247727,0.04978145140934309,2
171,6.038832506115839,5.953421399681036,-0.08541110643480287,5
172,5.838299649812291,6.518513939877887,0.6802142900655959,7
173,6.440918066176819,6.556423121371285,0.11550505519446652,1
174,6.411134034378367,6.348304863048161,-0.06282917133020671,3
175,-2.7554473107742066,1.954242509439325,4.709689820213532,2
176,0.6743081454189271,2.6020599913279625,1.9277518459090355,7
177,2.793129522274127,1.3010299956639813,-1.4920995266101458,7
178,1.4982076721322959,1.9549175537349588,0.4567098816026629,4
179,3.2588012636103656,2.0,-1.2588012636103656,4
180,3.4108299524460346,2.146128035678238,-1.2647019167677964,8
181,3.983394060739505,3.164352855784437,-0.8190412049550679,4
182,4.045781090244875,1.390935107103379,-2.654845983141496,6
183,4.248234310799938,2.9552065375419416,-1.2930277732579962,6
184,3.5416592292109996,3.562292864456474,0.02063363524547457,2
185,2.2668155033885484,1.9268567089496924,-0.339958794438856,1
186,3.9251685924500173,1.146128035678238,-2.779040556771779,9
187,4.3824184462496,2.8512583487190755,-1.5311600975305248,10
188,3.1738617738266024,2.0,-1.1738617738266024,4
189,5.378386079234503,3.539452491549461,-1.8389335876850423,10
190,2.3554626637037015,1.380211241711606,-0.9752514219920956,8
191,2.4811013248045426,2.273232834043045,-0.2078684907614976,7
192,2.6227373174934745,2.57978359661681,-0.04295372087666438,2
193,2.2138369669594327,0.6334684555795865,-1.580368511379846,5
194,4.641997465253671,6.079181246047625,1.437183780793954,6
195,4.887067961509149,5.023951707423388,0.1368837459142389,4
196,4.357665987462308,6.2322335211147335,1.8745675336524252,3
197,4.846150649901974,3.247973266361807,-1.598177383540167,9
198,4.7354031111402115,6.302547372487486,1.5671442613472744,2
199,5.154838791476805,4.598571663482141,-0.5562671279946638,2
200,4.954609843837589,4.812913356642856,-0.14169648719473305,10
201,4.255670494736649,3.562292864456474,-0.6933776302801751,10
202,5.492740143626995,6.806179973983888,1.3134398303568933,9
203,4.690786388967365,5.782472624166286,1.091686235198921,2
204,5.369283527491531,6.054957596012407,0.6856740685208766,6
205,4.851106506288962,6.15124723746237,1.3001407311734088,10
206,5.403653938505302,3.9036325160842376,-1.5000214224210646,10
207,4.1777228127032195,6.501059262217751,2.3233364495145317,9
208,4.576321477331588,4.892762234615817,0.31644075728422916,3
209,5.557333013175799,7.068185861746161,1.5108528485703623,4
210,4.086649826659438,3.4800069429571505,-0.6066428837022877,3
211,5.168664571170681,4.336459733848529,-0.832204837322152,5
212,6.021802089811785,5.0,-1.0218020898117848,2
213,5.8924800698128115,6.0,0.10751993018718853,5
214,2.8061421649259324,5.445604203273597,2.639462038347665,4
215,1.7605417299615969,1.7781512503836436,0.017609520422046776,5
216,3.9940804282717877,2.400537989391946,-1.5935424388798416,10
217,3.887043166058595,3.0,-0.8870431660585951,8
218,5.0641243081370435,3.653212513775344,-1.4109117943616996,3
219,4.922481099440635,5.0,0.07751890055936528,9
220,5.552890526260746,5.14921911265538,-0.40367141360536607,2
221,2.90023037802624,4.101747073946366,1.2015166959201258,3
222,6.395168713533802,6.2552725051033065,-0.13989620843049533,5
223,5.3930371875585985,6.361727836017593,0.9686906484589946,6
224,6.169072649799319,6.421603926869831,0.2525312770705117,5
225,6.3936045027232025,6.176091259055681,-0.21751324366752112,9
226,6.297772795094208,6.113943352306837,-0.18382944278737146,2
227,6.1647749107571626,6.313867220369153,0.14909230961199071,5
228,6.095767991770258,6.544068044350276,0.44830005258001737,6
229,5.9902728360896065,5.993876914941211,0.0036040788516045197,9
230,6.252405851891774,6.544068044350276,0.2916621924585021,10
231,6.0998151456045475,6.187520720836463,0.08770557523191513,2
232,5.91613156587938,6.526985068559996,0.6108535026806159,5
233,6.314398850580254,6.1003705451175625,-0.21402830546269147,3
234,4.7708580892314645,5.806179973983888,1.035321884752424,7
235,5.903792247555757,5.093421685162235,-0.8103705623935227,6
236,5.832696293874603,3.963787827345555,-1.868908466529048,3
237,5.32742060522782,6.0751453270538525,0.7477247218260326,1
238,6.68154275719944,7.146128035678238,0.4645852784787978,6
239,6.363592097624242,4.792391689498253,-1.5712004081259892,1
240,6.459347276848188,6.863322860120456,0.4039755832722678,1
241,6.295839244511293,6.531478917042255,0.2356396725309624,10
242,6.142282363663548,4.472024697700282,-1.6702576659632662,5
243,5.876105926509347,5.315970345456917,-0.56013558105243,4
244,6.25280599654222,6.266114049531676,0.01330805298945581,1
245,3.9391901827013314,3.397940008672037,-0.5412501740292943,8
246,6.313013104093736,6.109915863023793,-0.2030972410699432,9
247,6.490613218953424,6.539076098792776,0.04846287983935227,1
248,6.726063734200608,6.342817314635733,-0.38324641956487504,6
249,4.113320777097715,2.0791812460476247,-2.0341395310500903,6
250,5.501235571893985,5.202352067809752,-0.29888350408423303,6
251,6.3228511436517785,6.409764104266346,0.08691296061456733,1
252,6.094681101679266,6.477121254719663,0.38244015304039625,10
253,6.390118076526884,6.137926673293154,-0.2521914032337298,9
254,6.314398850580254,6.45071087814692,0.1363120275666656,3
255,6.100361087193496,6.60422605308447,0.5038649658909735,6
256,6.170143712619073,6.187520720836463,0.017377008217390078,5
257,6.139444605752281,6.278753600952829,0.13930899520054751,8
258,6.233101100136959,6.518513939877887,0.28541283974092835,5
259,6.372873112895639,4.342422680822207,-2.0304504320734322,2
260,6.5444129240740665,5.651762447380111,-0.8926504766939551,5
261,6.091871227611339,6.301969226865995,0.2100979992546561,1
262,7.2312650390031985,6.903089986991944,-0.32817505201125474,9
263,6.308257495886978,5.983175072037813,-0.32508242384916475,8
264,6.214278538690505,6.587710965018911,0.37343242632840656,7
265,6.371032987833691,6.5843312243675305,0.2132982365338396,3
266,5.6550839276329254,5.229425847920695,-0.42565807971223,2
267,5.961814735581163,6.136720567156407,0.1749058315752441,6
268,6.123233692440183,5.0,-1.1232336924401833,8
269,6.0877068319185605,6.531478917042255,0.4437720851236948,10
270,5.833041470328659,4.292256071356476,-1.540785398972183,1
271,6.438805043183789,6.371067862271736,-0.0677371809120535,1
272,6.127425568038075,6.305351369446623,0.17792580140854852,5
273,6.130644976338058,6.477121254719663,0.3464762783816049,5
274,6.288599605005306,6.894105511777515,0.6055059067722093,2
275,6.224383847559814,6.477121254719663,0.2527374071598487,1
276,5.825746273847462,6.530839778616521,0.7050935047690592,10
277,6.2475304564017025,6.3979400086720375,0.15040955227033503,3
278,6.1871260220761615,5.681241237375588,-0.5058847847005739,7
279,6.338740095639239,6.173186268412274,-0.1655538272269652,9
280,6.222733734520556,6.5910646070265,0.3683308725059442,6
281,6.3401597004885195,7.074450718954592,0.7342910184660729,6
282,6.039797660246987,6.486487153065907,0.44668949281892,4
283,6.674755559129825,6.505149978319906,-0.16960558080991905,9
284,6.225673755860609,5.549003262025788,-0.6766704938348216,7
285,6.2254026194572365,6.190331698170292,-0.03507092128694467,3
286,6.223988274147297,6.196728722623287,-0.027259551524010384,3
287,6.1499852304086025,4.968482948553935,-1.1815022818546677,3
288,5.919673681907507,6.568201724066995,0.6485280421594881,10
289,5.818774824965685,4.913813852383717,-0.9049609725819687,2
290,6.104068727298522,6.207580514765431,0.10351178746690959,4
291,6.181477196337634,6.225309281725863,0.043832085388229025,4
292,5.9822024170059365,6.491361693834273,0.5091592768283366,3
293,5.7730424769264905,6.209515014542631,0.43647253761614024,9
294,6.203127834781236,6.230448921378274,0.02732108659703769,4
295,6.340536561500905,6.361727836017593,0.021191274516688452,10
296,6.179938413968489,5.089905111439398,-1.0900333025290907,4
297,6.261190235850474,6.426511261364575,0.16532102551410066,1
298,5.801987108426113,6.095029796648452,0.29304268822233936,1
299,6.507337281282595,6.223080397831155,-0.28425688345144007,5
300,6.362015741394675,6.456366033129043,0.09435029173436771,1
301,5.599441028367268,5.802773725291976,0.2033326969247078,8
302,5.837442542118635,6.3979400086720375,0.5604974665534028,6
303,5.840166402230807,5.603642280263075,-0.2365241219677321,2
304,6.087053813212575,6.20682587603185,0.11977206281927533,8
305,5.632440359988643,6.342422680822207,0.7099823208335634,6
306,5.3730615617527615,6.301029995663981,0.9279684339112197,2
307,5.799024164139959,6.505149978319906,0.7061258141799476,6
308,5.958979912840914,6.176091259055681,0.21711134621476713,4
309,5.905820667617788,7.1003705451175625,1.1945498774997745,2
310,5.606430381034414,5.836197480778925,0.22976709974451115,3
311,5.240874282351793,6.054708787938054,0.8138345055862608,5
312,6.079784460976463,6.477121254719663,0.3973367937431993,4
313,5.9664498759583795,6.133644275865875,0.16719439990749585,8
314,5.741495580154606,6.32221929473392,0.5807237145793147,5
315,5.8131905669472586,5.880813592280791,0.06762302533353282,10
316,5.286542221446506,6.477121254719663,1.1905790332731563,2
317,5.827668773223135,4.6020599913279625,-1.2256087818951729,9
318,5.7343710732455895,6.02530586526477,0.29093479201918093,5
319,5.484572199390141,5.477121254719663,-0.007450944670478243,5
320,5.782338609313467,6.505149978319906,0.7228113690064388,8
321,5.741495580154606,6.812913356642856,1.07141777648825,5
322,5.453501047876978,5.17897694729317,-0.2745241005838084,3
323,5.6477805118469915,5.365487984890899,-0.2822925269560921,4
324,5.416055448023675,6.15839265038712,0.7423372023634451,1
325,5.8039557817392256,4.477121254719663,-1.326834527019563,5
326,6.1836725198981375,4.453624073591451,-1.7300484463066867,4
327,6.3164502897315105,6.086359830674748,-0.23009045905676206,3
328,6.2227221511885995,6.086359830674748,-0.1363623205138511,4
329,6.100497925170975,6.319314304090512,0.21881637891953698,7
330,6.183605659417863,6.477121254719663,0.29351559530179916,10
331,6.094398413889381,6.374198257929082,0.27979984403970093,1
332,5.750602329152054,6.3979400086720375,0.6473376795199837,1
333,5.529231936965415,5.187520720836463,-0.34171121612895217,4
334,5.710311018968713,5.528916700277655,-0.1813943186910576,6
335,5.860149679619028,6.568201724066995,0.7080520444479665,8
336,5.809207029895632,5.0,-0.8092070298956324,5
337,5.0549062194353995,6.079181246047625,1.0242750266122256,10
338,5.700556079192958,4.814913181275074,-0.8856428979178839,7
339,5.450275818720767,5.08170727009735,-0.3685685486234176,1
340,5.646724723220033,6.384711742938283,0.7379870197182496,8
341,5.80731099135576,6.342422680822207,0.5351116894664463,4
342,6.263610391390687,5.671172842715083,-0.5924375486756039,1
343,5.791908490565739,6.278753600952829,0.48684511038708944,10
344,5.805556085650034,6.284656282788515,0.4791001971384814,1
345,6.04362550500217,6.3560258571931225,0.3124003521909522,9
346,5.422689126483016,5.671172842715083,0.24848371623206678,4
347,6.168553510690443,6.477121254719663,0.3085677440292196,7
348,6.0427336706675305,5.0,-1.0427336706675305,4
349,5.858152725163985,5.852174904420303,-0.0059778207436824715,5
350,4.77030474556652,5.3979400086720375,0.6276352631055175,1
351,6.071524351049106,6.139879086401237,0.06835473535213055,2
352,6.214857212313687,6.273487409697184,0.05863019738349706,1
353,6.153365756446863,6.320623955053538,0.16725819860667457,1
354,5.939714898739472,6.6020599913279625,0.6623450925884908,3
355,6.352105733764469,6.337459261290656,-0.0146464724738129,4
356,6.192697738293704,6.301029995663981,0.10833225737027696,8
357,6.395749236034948,6.3979400086720375,0.002190772637089111,7
358,6.134479496861493,6.45484486000851,0.32036536314701713,3
359,6.863383103526503,8.146128035678238,1.2827449321517355,6
360,5.91512261485538,4.5820633629117085,-1.3330592519436717,4
361,5.947552105141693,6.272305844402086,0.32475373926039364,1
362,6.632311025229303,5.728256359248493,-0.9040546659808095,5
363,5.984321986777352,5.71717102683231,-0.2671509599450417,3
364,5.835017569842199,6.049218022670182,0.21420045282798306,5
365,5.2283727079919915,6.396199347095736,1.1678266391037448,3
366,6.309192000652684,5.550228353055094,-0.7589636475975894,2
367,6.383712554359747,5.575072325713813,-0.8086402286459338,3
368,5.872314460231759,6.100025730107863,0.2277112698761039,5
369,5.7514882015832125,4.860338006570994,-0.8911501950122185,8
370,6.9234743626072195,6.489958479424835,-0.4335158831823849,4
371,5.864045043506312,6.3979400086720375,0.5338949651657252,1
372,5.8107631788143115,6.3560258571931225,0.545262678378811,7
373,5.527264556741765,4.705863712283919,-0.8214008444578464,6
374,5.798285071055565,4.833147111912785,-0.9651379591427798,3
375,5.997763334864016,6.182671386675478,0.18490805181146275,4
376,6.035069835949741,6.262023704606317,0.22695386865657685,5
377,5.761234246578921,6.408239965311849,0.6470057187329283,4
378,6.263784843810165,6.5910646070265,0.32727976321633534,10
379,6.173987806650621,5.876217840591642,-0.2977699660589792,10
380,5.205550676625638,6.1041455505540085,0.8985948739283707,3
381,5.914259512196235,4.630122642859312,-1.2841368693369235,1
382,5.838665435606625,6.5910646070265,0.7523991714198752,2
383,6.06595439576368,5.978180516937414,-0.0877738788262663,2
384,6.210517315707983,6.32221929473392,0.1117019790259377,9
385,6.090619247523516,6.100025730107863,0.009406482584346954,10
386,6.19727804948083,5.675778341674085,-0.5214997078067451,7
387,6.236091814098008,6.0,-0.23609181409800772,10
388,5.936881243956495,6.431363764158987,0.4944825202024923,6
389,6.445900977664489,6.1525940779274695,-0.2933068997370194,7
390,6.436424383264486,6.732393759822968,0.29596937655848254,4
391,5.303521733672772,4.491361693834273,-0.8121600398384992,10
392,4.694374404205704,4.77901897191487,0.08464456770916584,10
393,5.292412749701242,6.556302500767287,1.2638897510660447,5
394,4.931339962205865,4.850033257689769,-0.08130670451609578,1
395,6.222758691250397,6.278753600952829,0.055994909702431706,7
396,6.403139924357952,6.4623979978989565,0.05925807354100421,7
397,6.125449178738692,6.399154333958217,0.2737051552195249,10
398,5.694523466912936,6.3979400086720375,0.7034165417591014,2
399,5.853256656279013,5.880813592280791,0.027556936001778,8
400,6.306740317703679,5.892094602690481,-0.41464571501319814,9
401,5.89966414138837,5.7160033436348,-0.18366079775356958,10
402,5.854526652624846,6.696836730575163,0.8423100779503176,9
403,5.99583928560992,5.530481449815745,-0.4653578357941752,9
404,5.4812950470081345,6.465828815357437,0.9845337683493023,6
405,5.525912473817339,6.5910646070265,1.0651521332091614,1
406,6.166372149742423,6.919078092376074,0.7527059426336509,10
407,5.91643079096744,6.301029995663981,0.3845992046965412,8
408,5.873433775286161,6.380211241711606,0.5067774664254454,2
409,6.218917370081239,6.204119982655925,-0.01479738742531378,5
410,6.053798065168974,6.301029995663981,0.24723193049500747,4
411,5.917700246806422,6.073105874968971,0.15540562816254866,1
412,5.242871997707358,6.2552725051033065,1.0124005073959488,7
413,6.039156401861285,6.32221929473392,0.28306289287263553,2
414,6.136517783715599,5.866287339084195,-0.27023044463140344,1
415,5.970776815771921,6.318063334962762,0.34728651919084097,2
416,5.970776815771921,6.368100851709351,0.39732403593743015,2
417,5.997180120512874,6.378397900948138,0.38121778043526433,7
418,5.3325913333671116,6.326130956710794,0.9935396233436826,10
419,5.713687695629898,4.354108439147401,-1.3595792564824967,4
420,5.927573000988442,6.396722278503773,0.4691492775153314,1
421,6.256629632332417,5.619093330626742,-0.6375363017056745,6
422,4.931339962205865,3.6989700043360174,-1.2323699578698473,1
423,5.547801832599172,5.766784515497859,0.2189826828986874,3
424,5.989456224514771,6.474755154291798,0.48529892977702715,5
425,5.8184132696173245,5.643452676486188,-0.17496059313113665,2
426,6.130811116753721,6.453318340047038,0.32250722329331705,1
427,5.899989920911352,4.764176132390331,-1.1358137885210216,1
428,5.772103441040841,6.227115082589125,0.45501164154828455,3
429,5.794341468361388,6.039255443806487,0.2449139754450993,1
430,5.760364424011271,6.079181246047625,0.31881682203635453,4
431,5.911082800959342,6.387211800313731,0.4761289993543887,8
432,6.071145635489017,5.575072325713813,-0.4960733097752046,1
433,5.816251206151296,6.539076098792776,0.72282489264148,1
434,5.8657567415728575,6.008600171761918,0.14284343018906043,6
435,5.96102914991921,6.113943352306837,0.15291420238762665,4
436,6.340502547139186,6.222456336679247,-0.1180462104599389,6
437,6.450400834257353,5.276461804173244,-1.1739390300841093,9
438,6.044916333490144,6.301029995663981,0.2561136621738376,2
439,6.185002595558953,5.275103949569196,-0.9098986459897569,4
440,5.383882628072927,6.884795363948981,1.500912735876054,5
441,6.702912733464438,6.849419413796899,0.14650668033246106,9
442,6.579956287349245,6.7979596437371965,0.21800335638795154,5
443,6.245316569114703,7.505149978319906,1.2598334092052035,8
444,6.420145320491758,6.517723594833735,0.09757827434197708,7
445,6.137581354495128,6.6349808000512285,0.49739944555610016,6
446,6.3019554079958215,6.6452748593294935,0.3433194513336719,6
447,5.587589918360976,6.270678836144707,0.6830889177837305,4
448,6.391918816021301,6.024895960107485,-0.3670228559138158,6
449,6.348568107918446,7.385606273598312,1.0370381656798662,6
450,6.701851938128596,6.284453294010853,-0.41739864411774263,3
451,6.256046088132764,6.501059262217751,0.24501317408498746,2
452,6.192765336298286,6.501059262217751,0.3082939259194655,9
453,6.195776985782687,6.7160033436348,0.5202263578521134,2
454,6.405239944620872,6.3979400086720375,-0.007299935948834602,7
455,6.2832185039841955,6.2716557723522754,-0.011562731631920009,10
456,6.328026698038015,6.269512944217916,-0.05851375382009927,7
457,5.8170557631731805,6.32221929473392,0.5051635315607399,6
458,6.410150348548394,5.337459261290656,-1.0726910872577387,4
459,6.130017302735998,6.755874855672492,0.6258575529364947,10
460,6.255869579991738,6.596047007545439,0.3401774275537015,7
461,6.287686156872486,6.372912002970106,0.08522584609761985,4
462,6.30044592601756,4.484299839346786,-1.8161460866707744,3
463,6.387806727696567,6.227886704613674,-0.15992002308289344,9
464,5.645595482277045,6.477121254719663,0.8315257724426175,1
465,5.7414296748671285,6.079181246047625,0.3377515711804966,6
466,5.987036185923611,6.3979400086720375,0.4109038227484261,10
467,5.49745595778096,4.742725131304698,-0.754730826476262,5
468,6.391833487476842,6.278753600952829,-0.11307988652401324,4
469,6.302874078939263,6.380211241711606,0.07733716277234315,9
470,6.31651461010947,5.4446692309385245,-0.8718453791709457,8
471,6.136142681809454,6.43695733066945,0.30081464885999587,2
472,6.4002890368984415,6.063145637106638,-0.3371433997918034,9
473,6.171570347385752,6.442479769064448,0.270909421678696,8
474,6.157758678444284,6.645324001562293,0.4875653231180088,10
475,6.246224153681372,5.373500477967874,-0.8727236757134982,7
476,5.911567750605463,6.477121254719663,0.5655535041141997,8
477,6.193590796135868,5.283301228703549,-0.9102895674323186,4
478,5.095078448664546,6.176091259055681,1.081012810391135,1
479,5.9478370749427505,6.57978359661681,0.6319465216740596,1
480,6.07766138307315,5.845098040014257,-0.23256334305889315,6
481,5.069783650633842,5.62797998982998,0.5581963391961375,2
482,5.773431060550387,6.146128035678238,0.3726969751278508,2
483,5.2238462067197275,6.528736777724652,1.3048905710049246,1
484,5.969643314690763,6.32221929473392,0.3525759800431576,10
485,6.42317462698584,6.184691430817598,-0.2384831961682412,3
486,6.038023171831395,6.6020599913279625,0.5640368194965673,2
487,6.048273294676062,5.900312496983727,-0.1479607976923356,8
488,5.94382714092528,6.108226656374929,0.1643995154496487,9
489,6.176272118279255,6.385606273598312,0.2093341553190573,8
490,5.745647175163412,6.585460729508501,0.8398135543450893,2
491,5.927830104515581,6.271841606536499,0.34401150202091735,7
492,6.108402137391592,6.401572845676446,0.2931707082848538,10
493,4.697963403357397,3.724275869600789,-0.9736875337566078,1
494,5.006139717870477,6.176091259055681,1.1699515411852044,2
495,4.133720002685637,6.176091259055681,2.0423712563700445,3
496,6.215590356941416,6.301029995663981,0.08543963872256555,8
497,6.234567649280877,5.04688519083771,-1.1876824584431676,2
498,6.313913559399255,6.068185861746161,-0.245727697653094,7
499,5.924675172418478,6.181843587944773,0.2571684155262943,7
500,6.11012924485522,6.32221929473392,0.21209004987870017,4
501,6.332413080040218,6.855525212731306,0.5231121326910886,7
502,5.821154344497393,6.342422680822207,0.5212683363248134,10
503,6.233101100136959,6.447158031342219,0.2140569312052607,5
504,6.405239944620872,6.491361693834273,0.08612174921340099,7
505,6.0136813918555285,6.32221929473392,0.3085379028783919,5
506,6.115181709048967,7.0,0.8848182909510331,1
507,6.258254627226008,6.357934847000454,0.09968021977444597,6
508,6.377314815693467,6.309757882316366,-0.06755693337710067,10
509,6.2062649018069544,5.751510050270041,-0.4547548515369133,9
510,5.676477643158255,6.290034611362518,0.6135569682042634,10
511,6.267098672651444,6.301029995663981,0.03393132301253754,8
512,6.468223525259197,6.073351702386901,-0.39487182287229583,8
513,6.226517628580446,6.057099097526547,-0.16941853105389892,1
514,6.102071871228744,6.186278103445368,0.0842062322166246,4
515,6.2245253545670325,6.301029995663981,0.07650464109694877,8
516,6.375204074911039,6.477555332198981,0.1023512572879417,4
517,5.82640755446545,5.99563519459755,0.16922764013209957,8
518,5.75851195330605,6.204119982655925,0.4456080293498754,1
519,6.052156307103446,6.089905111439398,0.03774880433595218,6
520,5.964096920871646,5.043755126968679,-0.920341793902967,10
521,4.697157694905495,6.394451680826216,1.6972939859207212,8
522,4.2329793640436755,3.397940008672037,-0.8350393553716384,1
523,5.8664358565233234,6.491361693834273,0.6249258373109496,5
524,5.913580544213812,5.078094150406411,-0.8354863938074013,9
525,5.905320192621677,5.12057393120585,-0.7847462614158278,5
526,4.821876866235712,5.548757828573704,0.7268809623379919,2
527,5.268596630666137,5.752048447819439,0.483451817153302,3
528,5.251516386823289,5.698970004336019,0.44745361751273016,3
529,5.678533695429312,5.008600171761918,-0.6699335236673942,2
530,5.766426980299462,6.0,0.2335730197005379,3
531,5.895010039082357,4.534026106056135,-1.3609839330262217,5
532,5.6995387549036725,6.164352855784437,0.4648141008807647,1
533,6.142252329885374,6.552668216112194,0.41041588622681946,5
534,5.6170083934755715,6.423245873936808,0.8062374804612364,2
535,5.756177705042093,6.079181246047625,0.32300354100553186,3
536,5.927539361888798,6.9084850188786495,0.9809456569898511,5
537,6.372046051688828,6.913283901760418,0.5412378500715898,8
538,6.321043318859557,6.079181246047625,-0.24186207281193184,1
539,6.522312135608883,6.657055852857104,0.1347437172482211,7
540,5.763229749420644,4.615097451301758,-1.1481322981188855,9
541,5.707313002529895,6.962369335670021,1.2550563331401268,6
542,6.379743408463823,6.57978359661681,0.20004018815298696,5
543,5.9020010057876595,5.959041392321094,0.05704038653343435,2
544,5.659135113482005,6.079181246047625,0.42004613256561996,1
545,6.06260095119099,6.857332496431268,0.7947315452402783,6
546,6.185927135300941,7.012837224705172,0.8269100894042314,8
547,5.649847611739598,5.950364854376123,0.30051724263652524,5
548,6.621413529306004,7.727541257028556,1.1061277277225523,3
549,6.86573017390269,7.176091259055681,0.31036108515299166,5
550,7.110359166728841,5.939758797292041,-1.1706003694368006,9
551,6.958835265254912,6.592176757395867,-0.36665850785904475,1
552,4.838913811786594,5.136720567156407,0.2978067553698125,2
553,4.790340748539129,6.200303182981585,1.4099624344424564,5
554,5.010261740544963,5.892094602690481,0.8818328621455178,2
555,7.95272770548169,6.826074802700826,-1.1266529027808643,3
556,6.629410515168148,6.919078092376074,0.2896675772079256,9
557,6.541345341236558,5.8750612633917,-0.6662840778448578,7
558,5.707350661465866,5.176091259055681,-0.5312594024101847,5
559,6.629913946389201,6.644044492814749,0.014130546425548118,8
560,3.033297769320861,2.7781512503836434,-0.2551465189372175,1
561,4.9821540755908185,6.079181246047625,1.0970271704568066,3
562,3.821573825948842,3.0791812460476247,-0.7423925799012174,10
563,5.484269352561024,6.283301228703549,0.799031876142525,10
564,4.856924996536429,6.2878017299302265,1.4308767333937977,10
565,6.49986071306916,5.536937022704674,-0.9629236903644864,10
566,5.489547217350501,6.301029995663981,0.8114827783134801,2
567,6.186096057524322,6.472902651803664,0.28680659427934163,3
568,5.779318615608453,5.0,-0.7793186156084531,7
569,6.036588672473219,6.531478917042255,0.49489024456903596,8
570,5.2201448462604985,6.033423755486949,0.813278909226451,2
571,5.32523839751999,3.662757831681574,-1.662480565838416,4
572,5.631799030181326,6.260548372636979,0.6287493424556532,5
573,6.0911633171339075,5.301029995663981,-0.7901333214699262,5
574,6.054906334384172,6.176091259055681,0.12118492467150954,8
575,5.39286668937294,5.4996870826184034,0.10682039324546366,2
576,5.295407218414809,5.295127085252191,-0.00028013316261787935,1
577,5.604595567342644,5.301029995663981,-0.3035655716786625,9
578,5.386280723470846,3.911690158753861,-1.4745905647169852,4
579,6.053085098529464,6.324282455297693,0.2711973567682291,5
580,5.394271461730383,5.72029163965499,0.32602017792460725,8
581,5.709137128793135,6.3670482644844935,0.6579111356913581,5
582,5.682677503848446,7.204119982655925,1.5214424788074794,2
583,6.97980006969676,6.012837224705172,-0.9669628449915884,4
584,5.625131120750567,5.176091259055681,-0.4490398616948861,4
585,5.897373700322024,6.278982116865443,0.38160841654341837,3
586,4.523380129057766,6.17897694729317,1.655596818235404,9
587,4.750478882690694,4.329194415088451,-0.42128446760224314,7
588,4.79354152571817,6.002166061756507,1.2086245360383376,2
589,6.622082919788398,6.489395921727129,-0.13268699806126882,4
590,4.779144913733676,5.0,0.2208550862663241,3
591,5.162208196155911,5.0,-0.16220819615591076,1
592,5.455281740375841,4.698970004336019,-0.7563117360398222,10
593,5.404375990472874,5.294466226161593,-0.10990976431128097,7
594,6.098882757130789,5.477121254719663,-0.6217615024111263,5
595,6.093986515567194,6.1264561134318045,0.03246959786461012,7
596,5.705784825937864,5.0,-0.7057848259378643,4
597,5.315121437410481,4.02816441942447,-1.286957017986011,4
598,6.193548234087376,7.079181246047625,0.8856330119602491,4
599,5.770611794468025,6.018650576891155,0.24803878242313004,2
600,5.936021650259305,7.049218022670182,1.1131963724108767,10
601,5.491997278789521,6.556302500767287,1.064305221977766,1
602,5.950851013373012,7.176091259055681,1.2252402456826692,4
603,5.536766267022581,5.615539749308947,0.07877348228636638,6
604,6.217991984485636,7.017450729510536,0.7994587450249,7
605,5.373220391859361,3.838849090737255,-1.5343713011221056,5
606,6.000987390250621,6.278753600952829,0.2777662107022083,8
607,5.9095756639035395,7.079181246047625,1.1696055821440856,2
608,5.465122506704568,5.181843587944773,-0.2832789187597955,9
609,4.8698103423988774,5.181843587944773,0.3120332455458952,6
610,5.100512318605813,4.340444114840119,-0.7600682037656936,2
611,4.727805746400884,3.403120521175818,-1.3246852252250663,2
612,5.217387533249052,4.991226075692495,-0.22616145755655648,10
613,6.452254074658076,6.342422680822207,-0.10983139383586948,4
614,5.0299990530222285,5.447158031342219,0.41715897831999094,3
615,6.144824276934947,6.741151598851785,0.5963273219168386,4
616,5.352042675170041,6.350248018334163,0.9982053431641225,7
617,6.080798737801756,6.361727836017593,0.2809290982158368,2
618,5.644435148500346,4.176091259055681,-1.4683438894446645,4
619,5.160575878044762,5.507855871695831,0.3472799936510693,2
620,6.140307622760225,6.732393759822968,0.5920861370627435,2
621,5.839074923297519,4.130333768495007,-1.708741154802512,3
622,6.056966652530685,6.290034611362518,0.23306795883183362,5
623,6.254897755289838,6.204119982655925,-0.050777772633913365,9
624,5.914252613015565,6.954242509439325,1.0399898964237604,5
625,6.10053609071096,7.079181246047625,0.9786451553366655,8
626,5.756808768708343,6.698970004336019,0.9421612356276761,3
627,6.299197965592824,6.4623979978989565,0.16320003230613267,9
628,6.175580688536808,6.698970004336019,0.5233893157992107,1
629,5.824301625494366,6.334453751150931,0.5101521256565649,3
630,6.060163561649537,5.045322978786658,-1.0148405828628793,5
631,5.882721086588566,6.544068044350276,0.6613469577617099,1
632,6.150783287914137,6.6020599913279625,0.45127670341382586,9
633,7.077931881818733,7.589949601325708,0.512017719506975,8
634,5.904079634064875,6.942504106168081,1.0384244721032063,1
635,6.054906334384172,6.43569150818434,0.3807851738001684,8
636,5.705784825937864,7.079181246047625,1.3733964201097608,4
637,6.2430192044889985,6.838723190031372,0.5957039855423734,3
638,5.950191794283188,6.365487984890899,0.4152961906077115,5
639,6.052620729622253,4.880813592280791,-1.171807137341462,9
640,6.176047046875904,4.752355804153501,-1.4236912427224029,9
641,5.457680330776934,6.823545953567112,1.365865622790178,9
642,5.527878493254502,6.12057393120585,0.5926954379513472,10
643,5.233184619181176,6.0,0.7668153808188238,2
644,6.032717669989773,6.119317224092021,0.08659955410224818,6
645,5.811317645137046,5.903089986991944,0.09177234185489791,9
646,6.219742315489425,6.69284691927723,0.47310460378780483,10
647,6.1632641599346725,6.672097857935717,0.5088336980010446,10
648,5.56751426689593,6.980911937776844,1.4133976708809133,9
649,5.670365573089893,7.1003705451175625,1.4300049720276693,5
650,5.368018451110751,7.176091259055681,1.8080728079449306,4
651,5.867862667346039,6.612783856719736,0.7449211893736978,1
652,5.996969451917923,6.886490725172482,0.8895212732545597,7
653,4.132912918208765,3.4727564493172123,-0.6601564688915529,8
654,6.471145808200332,6.812913356642856,0.34176754844252333,3
655,6.199840457344158,7.0,0.8001595426558419,8
656,5.575573576068599,5.477121254719663,-0.09845232134893678,8
657,5.847452561880145,6.161368002234975,0.31391544035483054,7
658,5.834805516127674,6.3979400086720375,0.5631344925443633,8
659,5.426235274150544,7.041392685158225,1.6151574110076812,9
660,5.9095756639035395,6.861534410859038,0.9519587469554986,2
661,5.950191794283188,4.740362689494244,-1.2098291047889438,5
662,5.824968788473912,4.698970004336019,-1.1259987841378933,7
663,5.437122341606343,6.113943352306837,0.6768210107004942,9
664,5.4468034057456105,5.7160033436348,0.26919993788918983,1
665,6.207671617456612,6.431363764158987,0.22369214670237536,5
666,6.369455575662438,6.414973347970818,0.04551777230838017,6
667,6.359106097303958,6.146128035678238,-0.2129780616257202,7
668,5.606430381034414,6.531478917042255,0.9250485360078411,3
669,5.917700246806422,5.447158031342219,-0.47054221546420294,1
670,6.124771149028365,6.361727836017593,0.23695668698922834,4
671,5.475113225721262,4.778151250383644,-0.6969619753376177,7
672,5.272839379329977,4.31722734917642,-0.9556120301535564,1
673,5.753028882107288,6.079181246047625,0.326152363940337,6
674,5.378141580599002,5.954242509439325,0.5761009288403232,3
675,5.35630627145862,5.484769477716173,0.12846320625755325,7
676,5.521801867033047,6.045322978786658,0.5235211117536105,6
677,4.6774135969148585,4.1476763242410986,-0.5297372726737599,4
678,5.43364467682126,6.3979400086720375,0.9642953318507779,3
679,5.745195507698742,6.556302500767287,0.8111069930685444,1
680,6.1098445143453315,6.079181246047625,-0.03066326829770638,1
681,5.075075290915389,6.079181246047625,1.0041059551322364,9
682,5.560985373071645,6.079181246047625,0.5181958729759799,4
683,5.325422743502078,5.775464809345739,0.450042065843661,10
684,5.3003373607844635,6.1068026275996505,0.806465266815187,8
685,6.107944620643361,5.681241237375588,-0.4267033832677738,8
686,6.033653485410941,5.444825199509748,-0.5888282859011928,10
687,6.129498806996509,6.301897717195208,0.1723989101986998,9
688,5.813137804383329,6.0,0.18686219561667095,6
689,5.866581962970465,6.018284308426531,0.15170234545606576,8
690,5.9746559545290605,5.949877704036875,-0.024778250492185627,7
691,6.24970402264561,6.0,-0.2497040226456102,5
692,5.972637389998834,6.161368002234975,0.1887306122361414,3
693,6.0982072750855485,5.049218022670182,-1.0489892524153666,4
694,5.990791072751637,6.011993114659257,0.021202041907619318,1
695,6.170882559619745,6.315970345456917,0.1450877858371724,6
696,6.3864768090667745,6.418301291319746,0.03182448225297119,8
697,6.507737561186804,6.301029995663981,-0.206707565522823,7
698,5.5649025018115506,6.079181246047625,0.5142787442360746,9
699,6.208598120279669,6.544068044350276,0.3354699240706065,10
700,6.537169608895029,6.176091259055681,-0.3610783498393477,3
701,6.142416938103227,6.342422680822207,0.20000574271897964,2
702,6.132839387509107,6.57978359661681,0.44694420910770294,10
703,6.034585020142743,6.0,-0.03458502014274334,8
704,6.037317041099409,6.313593064521326,0.27627602342191704,2
705,6.290987175282927,6.079181246047625,-0.21180592923530206,2
706,6.24962902428745,5.623249290397901,-0.6263797338895492,2
707,5.879192357006554,6.033423755486949,0.15423139848039558,2
708,5.920573412733027,6.6020599913279625,0.6814865785949351,6
709,5.8405548150498365,6.36005731412298,0.5195024990731438,9
710,6.065508569861021,6.26142703676955,0.19591846690852943,3
711,6.136153864689859,6.124634624019139,-0.011519240670719633,4
712,6.060345358309714,6.363611979892144,0.3032666215824298,1
713,6.212373599087916,5.707570176097937,-0.5048034229899789,7
714,6.079254122360449,6.32221929473392,0.24296517237347182,2
715,5.7830935932768455,6.600972895686748,0.8178793024099029,4
716,5.828026539061473,5.9954289654317074,0.16740242637023428,6
717,6.160841143488759,6.193124598354461,0.032283454865702055,7
718,6.204566823379395,5.45075702813707,-0.7538097952423248,5
719,5.983117296066129,6.283301228703549,0.30018393263742027,10
720,5.980687136987935,4.380211241711606,-1.600475895276329,1
721,6.241933457116908,6.230448921378274,-0.011484535738634172,5
722,5.895567676878795,6.278753600952829,0.3831859240740343,2
723,5.336618440452371,5.599883072073688,0.2632646316213165,7
724,5.0781065802225225,4.153204900084284,-0.9249016801382384,3
725,5.3346125885004065,7.498310553789601,2.1636979652891943,10
726,6.496415410581463,6.357934847000454,-0.1384805635810089,8
727,5.815605440111659,4.963787827345556,-0.8518176127661032,4
728,6.209756964447435,6.220108088040055,0.010351123592619693,7
729,5.542529137625871,7.4954055631461936,1.9528764255203228,10
730,5.51281026752713,6.096910013008056,0.584099745480926,2
731,6.16433206734354,5.149834696715785,-1.0144973706277547,7
732,6.148627944532647,6.0,-0.14862794453264705,7
733,6.0538533679488085,5.939808685806208,-0.11404468214260088,6
734,6.361099076078628,5.888179493918325,-0.47291958216030316,7
735,6.27115281927686,6.060697840353612,-0.2104549789232486,7
736,6.001383864120453,5.814394112097142,-0.1869897520233108,3
737,6.160475780936881,6.060932673519882,-0.09954310741699945,6
738,6.082578300257617,6.167317334748176,0.08473903449055875,7
739,6.739321607427974,6.298853076409706,-0.44046853101826766,7
740,5.858152658289522,6.079181246047625,0.22102858775810308,8
741,5.861481575655849,5.663700925389648,-0.19778065026620073,2
742,5.15492012172233,6.004321373782642,0.8494012520603125,10
743,5.704990032477894,6.222716471147583,0.5177264386696896,2
744,5.875666143183745,6.079181246047625,0.20351510286388041,3
745,5.468524465585321,5.786751422145561,0.31822695656024,4
746,6.305024439362586,6.176091259055681,-0.12893318030690448,6
747,6.245963965710642,6.079181246047625,-0.16678271966301672,10
748,6.181086329669523,5.995196291597179,-0.18589003807234405,9
749,6.1332180380627115,6.079181246047625,-0.05403679201508638,9
750,6.1178028547449355,6.0,-0.11780285474493546,7
751,5.988656668261002,6.015359755409214,0.026703087148212568,9
752,5.704255989681177,5.5301996982030825,-0.17405629147809432,4
753,5.8183653249008715,6.0,0.18163467509912845,7
754,5.598794834383423,6.330413773349191,0.7316189389657684,1
755,6.090068802483547,5.607455023214668,-0.4826137792688785,3
756,6.110858217143063,6.103461622094705,-0.007396595048358101,3
757,5.47712953881835,6.024731889655249,0.5476023508368995,1
758,5.89073480027214,4.711807229041191,-1.1789275712309495,8
759,5.894958487109291,5.824054205231849,-0.07090428187744191,2
760,5.616434984004877,6.301029995663981,0.6845950116591046,7
761,6.115107596193831,6.188647295999718,0.07353969980588637,8
762,5.923592582604728,6.977723605288848,1.0541310226841194,6
763,5.983210059287214,6.0,0.016789940712786056,10
764,6.12848698407198,4.103803720955957,-2.0246832631160228,4
765,5.988569123934053,6.720572720364261,0.7320035964302081,2
766,5.967262413220516,6.103803720955957,0.13654130773544093,10
767,5.933848453867056,6.0,0.06615154613294383,2
768,6.013034247806618,6.0,-0.013034247806618104,8
769,6.026847251107536,5.342422680822207,-0.6844245702853291,10
770,5.487512270359716,6.079181246047625,0.5916689756879094,6
771,6.193829181866385,6.278753600952829,0.08492441908644377,6
772,6.17650292521264,6.414973347970818,0.2384704227581782,1
773,5.863864451976936,5.77451696572855,-0.08934748624838651,8
774,5.719256732538185,6.377124042346456,0.657867309808271,4
775,5.981169651502442,5.93801909747621,-0.0431505540262318,10
776,5.505574380463946,6.0,0.49442561953605413,10
777,5.6133291498567015,6.332236415491443,0.7189072656347415,5
778,4.88696919644883,6.176091259055681,1.2891220626068511,6
779,5.896375015458384,6.165244326125311,0.2688693106669273,10
780,7.263600058189577,6.969415912353981,-0.2941841458355956,5
781,5.863293283661543,6.447158031342219,0.5838647476806766,1
782,5.928092785986246,6.72916478969277,0.8010720037065235,2
783,6.564413002584949,6.3979400086720375,-0.1664729939129117,7
784,6.373339885648478,6.4269989587565375,0.05365907310805973,8
785,6.276521389991896,4.778151250383644,-1.4983701396082525,5
786,5.933480336813217,6.380211241711606,0.4467309048983896,1
787,5.819942238542212,6.3979400086720375,0.5779977701298256,2
788,5.75074192584663,3.556302500767288,-2.194439425079342,6
789,5.931702222444431,6.633468455579586,0.7017662331351548,8
790,6.024397179730143,6.243038048686294,0.2186408689561512,8
791,5.981596352406622,6.187520720836463,0.20592436842984085,10
792,5.3237634686941835,6.176091259055681,0.8523277903614979,1
793,5.951243355494699,4.770852011642144,-1.1803913438525555,5
794,6.076652592528996,6.3979400086720375,0.3212874161430417,10
795,5.848092620478997,6.419955748489758,0.5718631280107607,9
796,6.128679005769453,6.819543935541868,0.690864929772415,6
797,5.895880680377359,5.128399268717806,-0.7674814116595527,9
798,5.8760770752247655,4.948070481518941,-0.9280065937058248,1
799,5.9385103661392735,6.4679039465228,0.5293935803835268,6
800,6.625358369001058,6.284656282788515,-0.3407020862125423,9
801,5.393555397411912,6.556302500767287,1.1627471033553745,8
802,5.709478803812175,4.858537197569639,-0.8509416062425359,1
803,5.596674725054057,5.230448921378274,-0.36622580367578284,2
804,5.4826028331254095,4.728028954420519,-0.7545738787048908,10
805,5.607931591975857,4.0,-1.6079315919758574,10
806,5.687462858122077,6.049218022670182,0.3617551645481045,2
807,5.802902377884077,4.826074802700826,-0.9768275751832514,3
808,4.506852465463999,5.760422483423212,1.2535700179592126,4
809,4.498040930394791,4.041392685158225,-0.45664824523656566,2
810,5.291712275078518,5.00987563371216,-0.28183664136635755,5
811,5.641356110172433,5.02938377768521,-0.6119723324872233,5
812,5.057387465532465,5.544811911757776,0.4874244462253108,4
813,5.30046454590988,5.041392685158225,-0.25907186075165445,4
814,5.44819509726682,5.61066016308988,0.16246506582305997,7
815,4.861979072299658,5.045322978786658,0.18334390648699994,10
816,4.691427613745919,4.0178677189635055,-0.6735598947824135,3
817,4.199069099236373,5.96189547366785,1.7628263744314774,2
818,3.6137180154663926,4.022428371185487,0.40871035571909475,4
819,5.441367427643831,4.468347330412158,-0.9730200972316734,3
820,5.8127771063593165,5.748188027006201,-0.06458907935311586,3
821,4.846150649901974,4.389095173354185,-0.45705547654778833,9
822,5.0732184292285085,4.17897694729317,-0.8942414819353388,8
823,5.752875951729175,5.781036938621132,0.02816098689195723,7
824,5.034286909111811,4.0,-1.0342869091118114,6
825,5.926048873646041,4.812913356642856,-1.113135517003185,7
826,5.219489127309505,5.68930885912362,0.4698197318141144,6
827,5.657789399350688,5.851258348719076,0.19346894936838854,8
828,5.153266176384787,5.189209489582306,0.03594331319751909,7
829,5.366849986922767,4.049218022670182,-1.3176319642525849,3
830,5.656886177999019,4.7160033436348,-0.9408828343642188,8
831,4.364428451917252,6.763427993562937,2.3989995416456846,10
832,5.540448433395441,3.832508912706236,-1.7079395206892047,2
833,5.729391588865664,5.079181246047625,-0.6502103428180392,8
834,4.506852465463999,3.4771212547196626,-1.0297312107443366,4
835,4.930674661852087,5.285557309007774,0.3548826471556872,9
836,5.3143901891888055,6.2552725051033065,0.940882315914501,2
837,5.651137632457817,4.845098040014257,-0.8060395924435602,8
838,5.11996379391249,6.079181246047625,0.9592174521351353,5
839,4.433526774935493,4.4048337166199385,-0.028693058315554687,2
840,5.810445589694415,4.79982283099332,-1.0106227587010945,10
841,5.093447857058973,6.698970004336019,1.6055221472770453,2
842,4.919320216405118,3.494154594018443,-1.4251656223866749,5
843,5.423681409086489,6.079181246047625,0.6554998369611358,1
844,5.966211423756343,4.017033339298781,-1.9491780844575626,1
845,5.148604357459526,4.544068044350276,-0.60453631310925,3
846,4.8823734674091055,3.342422680822206,-1.5399507865868993,2
847,3.3159339769485308,4.1027766148834415,0.7868426379349107,5
848,4.766427175558923,3.9190780923760737,-0.8473490831828494,7
849,5.816789928591676,6.0,0.18321007140832357,6
850,5.509980730042534,5.7363965022766426,0.22641577223410891,7
851,5.417372583587942,4.562173863364649,-0.8551987202232931,8
852,5.563056023740624,4.445604203273597,-1.1174518204670267,6
853,5.331802857165356,5.477121254719663,0.14531839755430642,8
854,5.4571708421040155,5.064457989226918,-0.39271285287709734,9
855,5.377298791832047,7.176091259055681,1.7987924672236346,5
856,5.670406461786033,6.041392685158225,0.3709862233721921,10
857,6.166438193016701,5.541579243946581,-0.62485894907012,3
858,5.296026564640452,4.994317152669637,-0.30170941197081547,6
859,5.6778318633288505,5.079181246047625,-0.5986506172812254,4
860,4.629761685760262,4.54282542695918,-0.08693625880108247,10
861,5.306141462832527,6.477121254719663,1.1709797918871354,2
862,5.397068224954379,5.571708831808688,0.17464060685430915,6
863,5.900971490241692,6.633468455579586,0.7324969653378943,10
864,6.1470878988821624,6.363047594521094,0.21595969563893114,3
865,4.22553878263865,4.212187604403958,-0.013351178234692007,5
866,5.196324997194277,4.972619339059624,-0.22370565813465326,8
867,4.298112987795218,6.079181246047625,1.7810682582524073,1
868,4.39943748286363,5.073791642808014,0.6743541599443841,7
869,5.600922005521627,4.704853744566289,-0.8960682609553388,6
870,4.703446878200899,5.518513939877887,0.815067061676988,10
871,4.405977996066499,4.953663063747091,0.5476850676805922,10
872,6.009853826818774,4.792391689498253,-1.2174621373205214,7
873,4.894634534328619,4.117271295655764,-0.7773632386728542,3
874,5.159571792597444,6.3979400086720375,1.2383682160745932,2
875,4.38213306617894,4.568201724066995,0.18606865788805482,7
876,5.09934838880354,4.357172257723033,-0.7421761310805062,8
877,5.53525058443791,5.089905111439398,-0.445345472998512,9
878,4.804540234297332,4.683947130751513,-0.12059310354581942,10
879,5.298789580194142,5.903089986991944,0.604300406797802,4
880,5.282607039926186,5.390122251506701,0.10751521158051425,9
881,5.797093574581554,5.477121254719663,-0.31997231986189156,6
882,6.047445406489149,6.4623979978989565,0.4149525914098078,7
883,5.884862309663301,4.76789761601809,-1.116964693645211,9
884,3.8554720494424015,4.743509764728429,0.888037715286027,7
885,3.686606929914239,4.643452676486188,0.9568457465719487,7
886,5.355457765076281,5.811709026696192,0.4562512616199115,2
887,5.247020282135386,4.887054378050957,-0.3599659040844294,5
888,5.008586880292069,3.857332496431269,-1.1512543838607998,5
889,3.3711258866678704,3.792391689498254,0.4212658028303835,5
890,4.03928219371497,3.763427993562937,-0.27585420015203344,7
891,3.9193080638184026,3.544068044350276,-0.37524001946812646,10
892,4.314650742518943,3.9242792860618816,-0.39037145645706106,2
893,5.617010377311867,6.3979400086720375,0.7809296313601708,2
894,4.2473409956448895,4.382017042574868,0.1346760469299788,7
895,5.20067508319061,6.079181246047625,0.8785061628570148,8
896,5.502748915211725,5.658011396657113,0.155262481445388,9
897,4.695657794750683,3.8790958795000727,-0.8165619152506101,10
898,5.097174132658904,6.079181246047625,0.9820071133887209,6
899,4.692428572801462,4.495544337546448,-0.19688423525501353,6
900,4.294977937271038,6.102135154272175,1.8071572170011372,3
901,4.207890802681216,5.176091259055681,0.9682004563744657,5
902,4.838760583061187,3.462397997898956,-1.3763625851622305,8
903,5.413851896659703,6.049218022670182,0.6353661260104788,3
904,4.458151788983404,4.303196057420489,-0.1549557315629153,2
905,4.349679989964111,3.6989700043360174,-0.6507099856280933,3
906,5.316852783987899,4.817565369559781,-0.4992874144281183,1
907,4.879787800809093,5.505149978319906,0.6253621775108131,2
908,4.4674915128805335,4.3979400086720375,-0.06955150420849598,7
909,5.397096999740452,4.721810615212546,-0.6752863845279053,1
910,3.935473974443259,4.505149978319906,0.5696760038766473,5
911,4.075652787707986,3.2380461031287955,-0.8376066845791903,8
912,4.492181862199206,4.5910646070265,0.09888274482729464,7
913,4.012871735463379,4.8221680793680175,0.8092963439046388,9
914,5.306436877290697,3.230448921378274,-2.0759879559124226,1
915,4.587484966067085,2.6020599913279625,-1.9854249747391224,5
916,4.3163318916038955,3.008600171761917,-1.3077317198419784,4
917,5.951616339969238,5.949390006644912,-0.0022263333243257577,2
918,3.981405599954607,6.778151250383644,2.796745650429037,3
919,6.560472004475726,7.0,0.4395279955242737,7
920,6.199562994665393,5.331589240955137,-0.8679737537102561,8
921,4.750953806346255,5.176091259055681,0.4251374527094267,4
922,6.468973372693773,6.170555058521209,-0.29841831417256426,7
923,5.745320324222475,6.146128035678238,0.4008077114557631,5
924,6.482697654321378,5.982271233039568,-0.5004264212818104,7
925,5.718286574868841,6.209246848753374,0.49096027388453223,5
926,6.131794972658351,5.750045312011768,-0.3817496606465838,1
927,6.158489522764367,5.401055725771844,-0.7574337969925233,8
928,6.444197462949526,6.419129307741976,-0.025068155207550014,9
929,6.19988031573748,6.380211241711606,0.18033092597412637,10
930,6.335172878688096,6.505149978319906,0.16997709963181062,3
931,5.86024615368469,6.204119982655925,0.3438738289712351,4
932,5.718286574868841,4.939019776448666,-0.7792667984201751,5
933,5.655268575588185,4.79309160017658,-0.8621769754116047,7
934,5.433687573652306,6.32221929473392,0.8885317210816144,7
935,6.267343247168023,6.382017042574868,0.11467379540684508,8
936,6.042774406614774,6.366982975977851,0.3242085693630763,2
937,5.928029609147305,6.176091259055681,0.24806164990837676,5
938,5.853882428258597,6.535863520712453,0.6819810924538556,4
939,5.650595112835516,5.924279286061882,0.27368417322636596,5
940,5.985029465508948,6.062205808819713,0.07717634331076528,3
941,6.286155560153635,6.0,-0.2861555601536354,5
942,6.14943556649866,6.12057393120585,-0.028861635292810384,3
943,5.122800119695905,4.66661156841903,-0.45618855127687574,5
944,6.202960722946974,7.0178677189635055,0.8149069960165312,1
945,5.953574961481704,6.079181246047625,0.12560628456592138,7
946,5.773855305572166,6.567144045195657,0.7932887396234909,1
947,6.118206876113253,5.414973347970818,-0.7032335281424347,7
948,6.196495481044185,6.021189299069938,-0.1753061819742463,3
949,5.840576119428195,6.517195897949974,0.6766197785217791,3
950,5.930145855549247,5.934498451243568,0.004352595694321337,1
951,5.664090125554392,6.32221929473392,0.6581291691795288,9
952,5.8032285204466545,6.301029995663981,0.49780147521732676,7
953,5.549955080461894,6.531478917042255,0.9815238365803616,7
954,6.085998692134572,6.003115717099806,-0.0828829750347655,9
955,5.604428383001407,6.3979400086720375,0.7935116256706305,10
956,3.7501960405333374,3.9242792860618816,0.17408324552854415,9
957,4.988860319941884,4.597826770377936,-0.3910335495639483,10
958,5.15699899502699,3.42845877351558,-1.7285402215114103,7
959,6.008350614195212,6.4623979978989565,0.4540473837037444,8
960,6.125846438904821,6.898664858722267,0.7728184198174457,10
961,5.144218785008521,5.847276448275631,0.70305766326711,8
962,5.508408676143785,5.44178936653435,-0.0666193096094343,2
963,5.844444558667215,4.530839778616521,-1.313604780050694,6
964,5.772594822882971,6.607455023214668,0.8348602003316969,4
965,6.024295522894123,4.440909082065217,-1.5833864408289058,3
966,5.959307001233875,5.596597095626461,-0.36270990560741456,6
967,5.3748501119600895,4.275080898456858,-1.0997692135032313,7
968,5.550028598753897,5.110589710299249,-0.4394388884546485,1
969,6.108437393827519,5.041392685158225,-1.067044708669294,7
970,5.945601456718126,7.0,1.0543985432818737,7
971,6.097380959966787,5.998808399880894,-0.0985725600858931,8
972,5.855871522661537,7.602059991327962,1.7461884686664249,9
973,6.242044855693745,5.653212513775344,-0.5888323419184012,6
974,5.155421392381368,5.0,-0.15542139238136787,5
975,5.5280266362653405,4.661812685537261,-0.8662139507280795,10
976,5.933842128112341,6.7160033436348,0.7821612155224598,6
977,6.0760861850926675,6.939519252618618,0.8634330675259507,7
978,5.343956589751999,4.249027052547187,-1.0949295372048118,5
979,3.1625686603203955,1.6334684555795864,-1.529100204740809,4
980,3.027995092727107,2.182300499593339,-0.8456945931337683,8
981,5.682436879383248,4.008600171761918,-1.67383670762133,9
982,5.81173603284288,5.400710636773232,-0.4110253960696486,4
983,5.811506493694824,6.078819183098848,0.2673126894040241,4
984,6.038646347727892,4.736149402104994,-1.3024969456228979,6
985,5.611151327993733,6.0,0.38884867200626694,3
986,5.20590157149683,4.821840927200454,-0.3840606442963761,6
987,5.210969866807842,5.648360010980932,0.4373901441730901,3
988,5.9734780888086965,6.3979400086720375,0.42446191986334103,6
989,5.983940279424001,7.217483944213907,1.2335436647899058,3
990,5.725870056268627,5.050147658020303,-0.6757223982483236,6
991,4.970836484867798,3.959041392321093,-1.0117950925467047,8
992,5.287319071570194,6.477121254719663,1.1898021831494683,8
993,6.594597542867116,7.544068044350276,0.9494705014831597,4
994,5.03478158044012,6.079181246047625,1.0443996656075054,1
995,5.0220634376120055,6.146128035678238,1.1240645980662327,10
996,4.771688827598185,5.146128035678238,0.3744392080800534,8
997,6.161114460344561,5.534026106056135,-0.6270883542884258,3
998,6.041771459333692,7.434568904034199,1.3927974447005074,3
999,5.24585674697871,5.826074802700826,0.5802180557221162,5
1000,5.593187846928465,6.401400540781544,0.8082126938530791,7
1001,5.220146538546023,6.079181246047625,0.8590347075016025,4
1002,5.837695252192133,5.021189299069938,-0.8165059531221948,8
1003,5.238114734871539,5.604118006192035,0.3660032713204959,8
1004,5.679347701882171,4.124504224834283,-1.5548434770478883,3
1005,4.8943585189604315,3.5575072019056577,-1.3368513170547738,4
1006,4.253468903629795,2.9542425094393248,-1.29922639419047,5
1007,3.9739979037325583,3.942008053022313,-0.03198985071024518,4
1008,5.7986273667574775,3.5118833609788744,-2.286744005778603,8
1009,5.954346429377973,6.621974524899735,0.6676280955217617,3
1010,6.190834404267417,5.423360578084977,-0.7674738261824396,5
1011,5.883801592169612,5.6776069527204935,-0.20619463944911853,8
1012,6.294038528655418,6.0,-0.2940385286554177,9
1013,5.91144730901371,6.146128035678238,0.23468072666452855,1
1014,6.145084061127155,6.161846959528519,0.016762898401363913,9
1015,6.089638394397477,6.079181246047625,-0.010457148349852119,8
1016,3.9423830335396848,3.103803720955957,-0.838579312583728,10
1017,6.178173396805724,7.244277120801843,1.0661037239961182,10
1018,6.10841496860825,7.08278537031645,0.9743704017081996,5
1019,6.324728452547141,6.133538908370218,-0.19118954417692358,8
1020,5.848245597768039,6.778151250383644,0.9299056526156049,10
1021,6.178173396805724,7.57978359661681,1.4016101998110857,10
1022,6.199219071239568,5.27415784926368,-0.9250612219758887,1
1023,4.657939682551953,5.342422680822207,0.684482998270254,2
1024,4.979165506084225,5.826074802700826,0.8469092966166007,7
1025,5.169791899928337,4.359835482339888,-0.8099564175884488,10
1026,6.367968850227983,6.763427993562937,0.39545914333495347,6
1027,5.429385720137111,5.832508912706237,0.4031231925691259,2
1028,4.91768476229714,3.871164132802949,-1.0465206294941907,10
1029,5.522203862342747,5.426023015689876,-0.09618084665287085,2
1030,6.9648913230597165,8.229681842317676,1.2647905192579598,6
1031,7.747919812653182,8.229681842317676,0.48176202966449466,5
1032,7.1365040908747,8.414973347970818,1.278469257096118,7
1033,4.4305221682842655,4.515343893088381,0.0848217248041152,6
1034,2.036598107336971,1.6989700043360187,-0.33762810300095225,1
1035,4.544618691329224,4.431363764158987,-0.113254927170237,4
1036,5.296302992845948,5.406540180433956,0.11023718758800793,6
1037,5.61055781284305,6.400365273349939,0.7898074605068892,7
1038,5.35964078439654,6.301029995663981,0.9413892112674409,10
1039,4.859603688174668,4.845098040014257,-0.014505648160411333,8
1040,5.211493184255637,3.845098040014257,-1.3663951442413804,3
1041,4.328268925374094,4.845098040014257,0.5168291146401627,7
1042,5.045964583463228,6.707570176097937,1.661605592634709,7
1043,3.5272509777417236,6.386677283960838,2.859426306219114,1
1044,5.650992906982464,5.664641975556125,0.013649068573661438,10
1045,5.655016080391774,4.342225229360791,-1.3127908510309831,9
1046,4.983687998659309,5.672097857935717,0.6884098592764083,2
1047,3.4670346343839875,3.083502619830268,-0.3835320145537193,6
1048,3.991034865804061,3.3014640731433,-0.6895707926607608,7
1049,6.077060741705726,5.987634987448437,-0.08942575425728894,4
1050,6.16695252405959,6.506505032404872,0.3395525083452826,7
1051,6.0245487100444715,6.068185861746161,0.0436371517016898,10
1052,5.784238347675424,5.509202522331103,-0.2750358253443208,6
1053,6.117101145768949,5.673020907128897,-0.4440802386400522,1
1054,5.791687948713607,5.892094602690481,0.10040665397687398,2
1055,6.047105030291287,5.673020907128897,-0.37408412316239037,5
1056,5.569288539700733,6.207095540419218,0.6378070007184844,10
1057,6.123995156809348,4.176091259055681,-1.9479038977536662,6
1058,6.27990201957088,5.146128035678238,-1.1337739838926417,6
1059,5.757450492142563,6.533517862016968,0.7760673698744052,9
1060,5.825687284685887,4.4623979978989565,-1.3632892867869302,9
1061,5.916304719950843,5.0,-0.9163047199508432,4
1062,6.256907642308062,6.152288344383057,-0.10461929792500513,8
1063,6.139629862777437,5.238522812218293,-0.9011070505591441,6
1064,5.936023197685223,5.639486489268586,-0.29653670841663704,10
1065,6.209756964447435,5.672097857935717,-0.5376591065117182,7
1066,6.088488352910058,6.176091259055681,0.08760290614562294,7
1067,5.618718838675233,5.774838005983815,0.15611916730858244,3
1068,5.537893668405938,4.681241237375588,-0.8566524310303505,2
1069,5.541375109079112,4.017033339298781,-1.5243417697803316,8
1070,5.321828201701762,6.123165370902919,0.8013371692011573,8
1071,5.859015445892189,6.835500327867319,0.9764848819751295,10
1072,5.778525046670029,6.078819183098848,0.3002941364288194,8
1073,4.973770981902648,3.633468455579586,-1.340302526323062,3
1074,5.813170432064371,6.278753600952829,0.4655831688884575,1
1075,6.109058678546586,3.819872821950546,-2.28918585659604,7
1076,5.815556848119299,6.32221929473392,0.5066624466146212,10
1077,5.672385938948353,5.737272176535544,0.06488623758719125,8
1078,5.71401239773914,3.886490725172482,-1.8275216725666579,2
1079,4.799315224541416,5.797267540830717,0.9979523162893011,5
1080,5.833017812896174,5.371067862271736,-0.46194995062443844,6
1081,5.400929831306136,5.647715410691554,0.24678557938541879,8
1082,5.5238364058624425,4.872738827472669,-0.6510975783897734,10
1083,5.991746600785169,7.332438459915605,1.3406918591304358,5
1084,4.17075563355567,3.096910013008056,-1.0738456205476141,3
1085,6.340879391788939,5.146128035678238,-1.194751356110701,4
1086,5.542529137625871,7.4271224218663345,1.8845932842404638,10
1087,5.611151327993733,5.0,-0.6111513279937331,3
1088,6.196429235819361,7.860936620700094,1.664507384880733,3
1089,5.489361818425405,5.174931593528442,-0.31443022489696304,4
1090,6.977345500316634,8.09642333059527,1.119077830278636,4
1091,6.331003247640354,6.021189299069938,-0.3098139485704161,4
1092,5.465315901435588,5.729326809646861,0.26401090821127315,8
1093,5.454193761765906,5.346352974450639,-0.10784078731526758,3
1094,5.783375577951188,5.149527013754348,-0.6338485641968399,7
1095,4.939219187531557,5.2552725051033065,0.3160533175717495,10
1096,5.9464922516275545,6.176091259055681,0.2295990074281269,6
1097,1.8167994493996145,5.301029995663981,3.484230546264367,1
1098,2.386188618611864,2.6989700043360187,0.3127813857241546,7
1099,0.8598247701721177,3.0791812460476247,2.219356475875507,8
1100,3.666198796043163,2.615529223637133,-1.0506695724060302,4
1101,4.486584132772524,2.650501794878367,-1.8360823378941573,5
1102,4.933804659661424,2.630427875025024,-2.3033767846363995,2
1103,4.507669291359483,3.556302500767288,-0.951366790592195,5
1104,2.0094033576604824,2.9912260756924947,0.9818227180320123,10
1105,3.3032819607557995,2.9474337218870508,-0.3558482388687487,7
1106,3.838214216803427,3.4885507165004443,-0.34966350030298265,1
1107,3.9354315628174827,3.510545010206612,-0.4248865526108707,2
1108,3.903145874717492,2.419955748489758,-1.483190126227734,6
1109,5.215903993133169,5.278753600952829,0.06284960781965943,9
1110,5.552913588264063,6.004321373782642,0.45140778551857963,6
1111,5.210969866807842,6.176091259055681,0.9651213922478394,3
1112,4.9289121898786785,5.008600171761918,0.07968798188323944,5
1113,6.034256435155494,5.819543935541868,-0.2147124996136256,5
1114,5.763412941585041,5.600972895686748,-0.16244004589829242,6
1115,5.871970734908694,6.4623979978989565,0.5904272629902625,8
1116,3.2689731002713986,2.886490725172482,-0.3824823750989168,7
1117,6.075998999038256,6.3979400086720375,0.3219410096337816,6
1118,5.682677503848446,6.3979400086720375,0.7152625048235919,2
1119,6.156648885408148,6.246498580795801,0.08984969538765242,8
1120,6.159698858365469,5.286613631657004,-0.873085226708465,3
1121,5.892604043532868,6.079181246047625,0.18657720251475673,5
1122,5.2565616701262305,3.886490725172482,-1.3700709449537487,9
1123,5.43302758823486,5.698970004336019,0.26594241610115876,10
1124,5.9703328373677484,5.704150516839799,-0.26618232052794966,3
1125,6.306498349015908,5.260071387985075,-1.046426961030833,4
1126,6.178508651589271,5.738066714777469,-0.4404419368118022,10
1127,6.2161831597969135,6.146128035678238,-0.07005512411867532,8
1128,5.449760140127608,4.477121254719663,-0.9726388854079451,4
1129,5.937289122357115,6.278753600952829,0.3414644785957135,10
1130,6.158249156936972,6.365487984890899,0.207238827953927,10
1131,6.226909717607104,6.447158031342219,0.220248313735115,4
1132,6.022543091124962,6.0,-0.022543091124961556,3
1133,5.83846725322212,6.3979400086720375,0.5594727554499173,1
1134,5.196607529020411,5.938919812244772,0.7423122832243614,7
1135,5.997197057578113,5.484299839346786,-0.512897218231327,9
1136,6.102034224554463,7.301029995663981,1.1989957711095185,9
1137,6.009091867238784,5.954242509439325,-0.05484935779945843,7
1138,5.705358879297958,6.6020599913279625,0.8967011120300041,4
1139,6.402634185758369,6.972202838379064,0.5695686526206956,8
1140,5.517870699137624,6.301029995663981,0.7831592965263576,5
1141,5.948691672939581,6.248267603534647,0.2995759305950667,8
1142,6.050000755603454,6.380211241711606,0.33021048610815207,3
1143,6.201140255588515,6.301029995663981,0.09988974007546592,9
1144,6.075654055149786,6.32221929473392,0.24656523958413423,3
1145,6.182064646656433,6.380211241711606,0.1981465950551735,2
1146,5.96158633479561,6.380211241711606,0.41862490691599596,4
1147,6.239731322965522,5.603198520676098,-0.6365328022894241,9
1148,6.1752938563767765,6.32221929473392,0.1469254383571439,8
1149,6.06431822868465,6.017033339298781,-0.04728488938586928,1
1150,6.203682416519535,6.197831693328903,-0.005850723190632401,8
1151,5.945887724860372,6.171480722621874,0.22559299776150255,1
1152,6.206637560781174,7.105510184769974,0.8988726239888001,10
1153,5.759970866188836,6.373095987078727,0.6131251208898911,9
1154,5.538433817516332,5.419955748489758,-0.11847806902657432,10
1155,5.687337539075461,6.332438459915605,0.6451009208401439,2
1156,5.912199260318761,6.079181246047625,0.1669819857288637,1
1157,6.089374239325524,5.124830149413859,-0.9645440899116648,3
1158,5.79414916475933,6.486146996806573,0.6919978320472433,9
1159,6.60636956894376,6.174931593528442,-0.43143797541531725,4
1160,6.700734393070163,5.886490725172482,-0.8142436678976805,6
1161,6.028766984875499,5.725911632295048,-0.30285535258045027,3
1162,6.565078372691618,5.413132050434872,-1.1519463222567454,10
1163,6.575417236373735,7.292256071356476,0.7168388349827417,3
1164,6.469054709484697,6.698970004336019,0.22991529485132212,2
1165,6.259112459000274,7.519827993775719,1.2607155347754446,5
1166,7.1151881289400185,7.188037055006895,0.0728489260668761,8
1167,6.567442031217863,8.071882007306126,1.5044399760882632,2
1168,6.427139586036339,5.982271233039568,-0.44486835299677097,3
1169,6.701582810529634,6.973127853599698,0.27154504307006455,2
1170,6.419929911656852,6.077731179652392,-0.3421987320044604,5
1171,6.815377946624053,6.3979400086720375,-0.4174379379520152,9
1172,6.833840584261562,7.294466226161593,0.4606256419000312,7
1173,6.950046541952502,7.333648756514701,0.3836022145621989,4
1174,6.460739411696074,7.793755472155577,1.333016060459503,2
1175,6.664751432315795,6.087071205906535,-0.5776802264092593,1
1176,6.471145808200332,6.0,-0.47114580820033236,3
1177,6.771565198519602,6.544068044350276,-0.2274971541693267,6
1178,6.793910502136986,7.845098040014257,1.0511875378772713,6
1179,6.206171572541564,7.301029995663981,1.0948584231224174,1
1180,5.98794777747239,6.975431808509263,0.9874840310368729,10
1181,6.817747526846458,6.184691430817598,-0.6330560960288594,4
1182,5.964247372655811,6.281033367247727,0.3167859945919158,4
1183,6.79691959697075,5.012837224705172,-1.784082372265578,9
1184,6.4671969987079505,7.735997884091794,1.2688008853838433,10
1185,6.7504123699433425,5.301029995663981,-1.4493823742793612,3
1186,6.832003230532107,6.618633737597086,-0.21336949293502094,9
1187,6.620171099362851,7.665017825412472,1.044846726049621,1
1188,6.793605878577496,6.361727836017593,-0.43187804255990336,6
1189,6.71543098631883,6.886490725172482,0.17105973885365255,7
1190,6.363164986340452,7.477121254719663,1.1139562683792104,8
1191,6.457175036474896,6.079181246047625,-0.3779937904272712,5
1192,6.581455452012633,6.744918542441353,0.16346309042872065,7
1193,6.460739411696074,5.2455126678141495,-1.2152267438819244,2
1194,6.601504112941647,6.698970004336019,0.09746589139437134,9
1195,6.239606354275247,7.174234304941022,0.9346279506657753,8
1196,6.434532462081719,6.047140468477217,-0.3873919936045018,5
1197,6.161353322104022,5.628388930050312,-0.5329643920537102,4
1198,6.108343886201846,7.204119982655925,1.0957760964540793,1
1199,6.776563143385043,6.900312496983727,0.12374935359868378,8
1200,4.416433458195685,6.0,1.5835665418043154,2
1201,4.981138005672877,4.041392685158225,-0.9397453205146515,3
1202,6.6661085060517875,5.352240420182231,-1.3138680858695562,2
1203,6.223967826965383,6.0,-0.2239678269653833,4
1204,6.402431608660846,6.3807537708039,-0.021677837856945992,2
1205,5.31073441005711,6.07700432679335,0.7662699167362401,3
1206,5.980171896163164,6.252124552505644,0.27195265634248056,1
1207,6.039696905348627,6.006037954997317,-0.0336589503513105,9
1208,5.949547402753615,5.913018683747961,-0.036528719005654686,5
1209,5.993978506996139,5.742725131304698,-0.2512533756914408,6
1210,6.218390915315884,4.845098040014257,-1.373292875301627,7
1211,6.401384076049915,5.857030798272624,-0.544353277777291,7
1212,5.435630668083025,6.078094150406411,0.6424634823233859,3
1213,6.215851703658514,6.382233234970556,0.1663815313120418,8
1214,6.07615458383201,6.093421685162235,0.017267101330224577,6
1215,5.94079930099067,5.78625439578978,-0.15454490520088981,10
1216,5.805844984886245,5.963787827345556,0.15794284245931056,6
1217,5.988444133327579,6.093421685162235,0.10497755183465607,6
1218,5.683872943401808,4.88309335857569,-0.8007795848261186,9
1219,5.815406405596594,5.123851640967086,-0.6915547646295082,3
1220,5.719669573108952,6.176091259055681,0.4564216859467294,3
1221,5.123224287306802,3.3010299956639813,-1.8221942916428207,6
1222,6.04775759946789,6.392978186542541,0.34522058707465053,5
1223,6.293533039710404,6.463445031770428,0.16991199206002428,1
1224,6.077677894598855,5.0,-1.077677894598855,9
1225,5.753278357461742,6.544068044350276,0.7907896868885338,4
1226,6.047222513515977,6.75427186868346,0.7070493551674835,2
1227,6.0690967676766086,6.152288344383057,0.08319157670644817,6
1228,5.521908754744818,6.079181246047625,0.5572724913028075,3
1229,5.733501678617903,6.544068044350276,0.810566365732373,2
1230,5.987192625891325,5.850033257689769,-0.13715936820155594,1
1231,5.996421919651661,5.187520720836463,-0.8089011988151986,1
1232,6.116035739255433,6.432327792261604,0.3162920530061708,2
1233,6.320144167053304,6.776701183988411,0.45655701693510764,3
1234,6.182840847990742,5.02938377768521,-1.1534570703055325,4
1235,5.633932295850048,6.360404054729939,0.7264717588798906,6
1236,5.876159765372747,6.176091259055681,0.2999314936829345,6
1237,5.775239806134288,5.787318756624548,0.012078950490259643,7
1238,5.562579534183895,3.89209460269048,-1.670484931493415,10
1239,4.47619423065829,4.096910013008056,-0.379284217650234,6
1240,3.6842087182820835,3.404833716619938,-0.27937500166214546,4
1241,5.331189962445935,5.816506437046357,0.48531647460042215,10
1242,5.477052353327216,4.968482948553935,-0.5085694047732812,7
1243,4.084576096910681,3.833147111912785,-0.25142898499789545,8
1244,5.281489029098088,6.146128035678238,0.8646390065801501,3
1245,3.7718115262880114,4.008600171761918,0.23678864547390654,4
1246,5.277876178492241,4.0,-1.2778761784922414,5
1247,5.0932491014588335,4.089905111439398,-1.0033439900194354,3
1248,5.767273409099539,3.770852011642144,-1.9964213974573948,9
1249,4.243053589027876,3.6020599913279625,-0.6409935976999135,3
1250,3.570008216145744,3.869231719730976,0.29922350358523175,9
1251,3.4099274881225727,3.206825876031849,-0.20310161209072364,3
1252,4.065748472643419,3.589949601325708,-0.4757988713177106,5
1253,4.375752293746061,2.903089986991944,-1.4726623067541165,7
1254,4.439580775944904,4.167317334748176,-0.27226344119672863,9
1255,4.028742859264797,4.035829825252828,0.0070869659880310465,3
1256,6.068629970355484,6.024046225131059,-0.044583745224424653,9
1257,4.938082950338694,5.247973266361806,0.3098903160231128,9
1258,5.421167166139077,6.491361693834273,1.0701945276951959,8
1259,6.373699642301267,4.833147111912785,-1.5405525303884815,3
1260,5.732752646778147,6.334453751150931,0.6017011043727836,1
1261,6.42435086217664,7.708420900134713,1.284070037958073,6
1262,6.055056752381166,4.698970004336019,-1.356086748045147,1
1263,5.6224695450962034,6.32221929473392,0.699749749637717,1
1264,5.503936140378332,6.2812606870550125,0.7773245466766809,10
1265,6.382499750608123,6.230448921378274,-0.15205082922984925,8
1266,5.964347473458669,5.0,-0.9643474734586688,9
1267,6.07328627130355,4.26150077319828,-1.8117854981052695,10
1268,6.196784548771973,7.077222510411053,0.8804379616390801,8
1269,6.272846778611836,7.05865374157237,0.7858069629605344,3
1270,4.59585565830162,5.0,0.4041443416983803,3
1271,4.457255629344068,3.709269960975831,-0.7479856683682375,3
1272,4.914076206113745,3.431363764158988,-1.4827124419547575,7
1273,4.287571068009933,5.0,0.7124289319900674,3
1274,5.648516970295394,6.079181246047625,0.430664275752231,2
1275,4.793190723452999,3.770852011642144,-1.0223387118108551,10
1276,5.7973821202033715,6.383653821462558,0.5862717012591867,1
1277,6.047676715848209,6.281941933440825,0.23426521759261565,2
1278,4.982051763170857,4.152288344383057,-0.8297634187878007,8
1279,4.189810138218303,6.176091259055681,1.9862811208373783,4
1280,5.483474524290776,4.195899652409234,-1.2875748718815423,2
1281,3.9915867359171573,3.3010299956639813,-0.690556740253176,5
1282,5.843722743234834,6.079181246047625,0.2354585028127909,9
1283,5.133527736916356,5.311753861055754,0.17822612413939787,4
1284,4.799075491822134,5.041392685158225,0.24231719333609103,8
1285,5.492674364029995,4.41161970596323,-1.0810546580667646,3
1286,5.9935410912380025,4.249198357391113,-1.7443427338468895,1
1287,5.69508514552138,5.17897694729317,-0.5161081982282099,6
1288,3.303386587799414,6.119915410257991,2.8165288224585767,6
1289,4.32447278974079,6.0,1.6755272102592098,6
1290,5.543460646170466,3.824125833916549,-1.719334812253917,3
1291,4.869867766025709,3.740362689494244,-1.1295050765314647,9
1292,5.219075657554906,3.146128035678238,-2.0729476218766676,5
1293,6.154046246317743,5.380211241711606,-0.7738350046061369,4
1294,5.423190280892652,5.271841606536499,-0.15134867435615362,10
1295,6.2806715864933516,5.365487984890899,-0.9151836016024522,3
1296,6.809343455200503,6.778874472002739,-0.030468983197764032,6
1297,6.241154662108293,5.880813592280791,-0.360341069827502,10
1298,6.246584259332814,6.3979400086720375,0.15135574933922324,2
1299,5.870585422902215,6.377563035549853,0.5069776126476384,3
1300,6.165971345214241,5.518513939877887,-0.647457405336354,9
1301,6.115107596193831,4.698970004336019,-1.4161375918578125,8
1302,6.1424047895645275,5.949390006644912,-0.19301478291961516,5
1303,6.425390778460181,6.247924190766308,-0.17746658769387302,4
1304,5.685969583226597,7.602059991327962,1.9160904081013648,2
1305,6.146612993040513,5.553883026643875,-0.5927299663966386,6
1306,6.102034224554463,6.278753600952829,0.1767193763983661,9
1307,6.716674064731296,6.445311461756064,-0.2713626029752323,3
1308,6.043926088027096,5.622214022966295,-0.4217120650608006,3
1309,6.014094034238041,6.201397124320452,0.18730309008241086,6
1310,5.2543089820533835,6.176091259055681,0.9217822770022979,6
1311,6.00044846132939,5.927370363039024,-0.07307809829036582,6
1312,5.71512235808761,6.079181246047625,0.36405888796001484,2
1313,6.1515634880917,6.2405492482826,0.08898576019090054,1
1314,6.075601984038115,5.891147030448771,-0.18445495358934405,5
1315,5.605443164553398,6.0,0.39455683544660225,6
1316,6.055031190081553,5.847572659142112,-0.20745853093944078,5
1317,5.935668915911553,5.931966114728173,-0.003702801183380622,4
1318,5.759425906726382,5.146778989307833,-0.6126469174185489,4
1319,5.949830924962199,5.079181246047625,-0.8706496789145737,4
1320,5.016964647482405,5.021189299069938,0.004224651587533046,3
1321,5.47213794718819,6.0,0.5278620528118099,9
1322,5.630612553901186,6.008600171761918,0.37798761786073154,6
1323,6.066807527539773,6.220108088040055,0.1533005605002824,1
1324,6.002983288760014,6.214843848047698,0.21186055928768432,3
1325,5.9684805338422064,6.113943352306837,0.1454628184646305,8
1326,5.791560228771868,6.257051875069349,0.4654916462974814,9
1327,5.4621214744104725,5.2552725051033065,-0.206848969307166,9
1328,6.239020493866973,6.041392685158225,-0.19762780870874774,6
1329,6.38036692012401,6.6020599913279625,0.2216930712039522,4
1330,6.184269119483368,4.986771734266245,-1.1974973852171225,8
1331,6.01573177221129,6.08278537031645,0.06705359810515965,6
1332,5.92817175120229,5.181843587944773,-0.7463281632575169,10
1333,6.2173887398087295,5.687261346243506,-0.5301273935652233,1
1334,6.1507166405074525,6.2455126678141495,0.094796027306697,6
1335,5.5958211535198386,6.776327733563306,1.1805065800434678,2
1336,5.957754291321009,6.056904851336473,0.09915056001546407,3
1337,5.983283626586933,6.113943352306837,0.13065972571990425,10
1338,6.040563512147239,6.441176499941076,0.4006129877938367,1
1339,5.894041820897777,5.332438459915605,-0.561603360982172,2
1340,5.888278817711171,5.710117365111817,-0.17816145259935467,2
1341,6.026527555999778,6.008600171761918,-0.017927384237860444,4
1342,6.275818364710657,5.552668216112194,-0.7231501485984637,4
1343,5.073080329455479,5.093421685162235,0.02034135570675577,2
1344,5.925971355271303,4.6020599913279625,-1.3239113639433402,4
1345,6.1723070367893715,5.895422546039408,-0.27688449074996324,4
1346,6.721320809444128,6.100752969451338,-0.6205678399927903,6
1347,5.896231330541272,6.0,0.10376866945872809,2
1348,5.964603429632911,5.788875115775417,-0.1757283138574941,2
1349,6.007081547488602,6.176091259055681,0.169009711567079,9
1350,5.7773659878086345,5.193124598354461,-0.5842413894541734,1
1351,5.838870034091333,5.051923916046107,-0.7869461180452264,9
1352,6.1716706461691855,5.756636108245848,-0.41503453792333733,8
1353,5.774729861443621,6.431363764158987,0.6566339027153658,6
1354,5.658635490973979,6.0,0.3413645090260209,9
1355,5.745124273329057,5.599883072073688,-0.1452412012553692,2
1356,5.973067590120826,5.716837723299524,-0.2562298668213021,4
1357,5.864240588682501,5.812913356642856,-0.051327232039644954,8
1358,6.2803620630044295,7.929418925714293,1.6490568627098634,8
1359,6.092411393014882,5.862727528317975,-0.2296838646969075,9
1360,5.274482682096719,5.079181246047625,-0.19530143604909433,7
1361,5.602056490175298,5.278753600952829,-0.32330288922246897,8
1362,5.932224326543073,6.017033339298781,0.08480901275570751,3
1363,6.004464958307998,5.176091259055681,-0.8283736992523165,10
1364,5.6586502415892985,6.079181246047625,0.4205310044583266,3
1365,6.241331036325637,6.079181246047625,-0.16214979027801224,6
1366,5.506643805876759,5.121559844187501,-0.38508396168925785,5
1367,5.770341669362842,4.912275210498812,-0.8580664588640294,10
1368,5.697598701589041,6.218272853571447,0.5206741519824059,3
1369,5.522778132057497,5.700617195682057,0.17783906362455948,10
1370,6.008447369732975,6.924279286061882,0.9158319163289068,3
1371,5.9304229576121905,6.134495855834674,0.2040728982224831,9
1372,5.9778589972310066,6.509202522331103,0.5313435251000964,9
1373,5.956561667061075,6.590507462008583,0.6339457949475085,3
1374,6.011181765731329,5.758911892397974,-0.25226987333335504,9
1375,5.813476672326039,6.079181246047625,0.2657045737215862,8
1376,5.771464008829425,6.7626785637274365,0.9912145548980114,7
1377,5.664382816873044,5.86391737695786,0.19953456008481663,1
1378,6.112643728942395,5.342422680822207,-0.7702210481201881,1
1379,5.487469662965056,6.033423755486949,0.5459540925218933,1
1380,5.462702174655634,5.518513939877887,0.05581176522225295,3
1381,5.877193402817937,7.041392685158225,1.164199282340288,4
1382,5.7855470814692564,4.678518379040114,-1.107028702429142,9
1383,5.299645762016236,6.066773037085025,0.7671272750687894,9
1384,5.775996573854659,5.899820502427096,0.1238239285724374,7
1385,5.154225721991527,7.429752280002408,2.2755265580108803,2
1386,5.1144409079024715,6.612783856719736,1.4983429488172648,4
1387,6.289629796506877,6.503790683057181,0.21416088655030396,3
1388,6.696322194693547,5.240798771117332,-1.4555234235762153,3
1389,6.137790184327296,5.968482948553935,-0.1693072357733616,2
1390,6.1668021029823,6.05307844348342,-0.11372365949887975,10
1391,5.159577303812238,6.008600171761918,0.8490228679496798,3
1392,5.979001279446825,4.954242509439325,-1.0247587700074998,1
1393,6.324940147047973,6.770115294787102,0.44517514773912925,9
1394,6.867610228518546,6.418301291319746,-0.4493089371988006,7
1395,6.282779179477919,7.0220157398177205,0.7392365603398012,5
1396,2.750436288380502,1.9242792860618816,-0.8261570023186202,10
1397,4.510930397096689,4.550228353055094,0.03929795595840524,9
1398,5.080116958094421,6.354621218722914,1.2745042606284933,8
1399,4.79354152571817,5.856227259455358,1.0626857337371884,2
1400,5.426471688723807,6.052936217579409,0.6264645288556014,9
1401,4.896676879490669,6.431363764158987,1.534686884668318,9
1402,4.978706328296819,3.982723387668545,-0.9959829406282741,2
1403,4.800051990241323,3.4471580313422194,-1.3528939588991031,7
1404,4.867411289655239,6.563836918664545,1.6964256290093056,7
1405,4.522737480656479,2.812913356642856,-1.7098241240136232,2
1406,4.970836484867798,3.0791812460476247,-1.891655238820173,8
1407,4.854819837945618,5.556302500767287,0.701482662821669,5
1408,4.114562957052675,4.334855689617291,0.22029273256461668,9
1409,3.0369388031293707,4.698970004336019,1.662031201206648,9
1410,4.452116034575643,3.187520720836463,-1.2645953137391799,9
1411,5.125757596543205,4.167317334748176,-0.9584402617950296,10
1412,3.838214216803427,3.679427896612119,-0.15878632019130778,1
1413,3.369218231138327,0.6989700043360189,-2.6702482268023084,10
1414,4.667301065464662,4.754883228252168,0.08758216278750552,5
1415,4.2463933241588885,2.556302500767288,-1.6900908233916003,9
1416,4.662822594888261,5.812913356642856,1.150090761754595,5
1417,4.698251704123197,5.186815124447454,0.48856342032425726,7
1418,5.002230355022374,4.821513528404773,-0.18071682661760136,2
1419,5.852400853313131,6.167317334748176,0.3149164814350449,4
1420,5.350986156722247,5.903089986991944,0.5521038302696963,7
1421,6.153520622974823,5.287129620719111,-0.8663910022557122,6
1422,5.465598507492873,5.773069340485962,0.3074708329930891,1
1423,5.925032287454587,5.845098040014257,-0.07993424744033018,3
1424,4.797911054112539,4.505149978319906,-0.2927610757926331,1
1425,5.008494665341243,6.889301702506311,1.8808070371650674,8
1426,6.142278346394659,5.395850376018781,-0.746427970375878,9
1427,5.884862309663301,6.74154551677621,0.8566832071129085,9
1428,4.888144509483785,5.698970004336019,0.8108254948522333,8
1429,-0.5075130488173565,3.845098040014257,4.352611088831614,5
1430,3.625478277988764,2.8090544272229425,-0.8164238507658217,10
1431,1.991594821018545,2.505149978319906,0.5135551573013608,7
1432,3.066160265795563,3.4471580313422194,0.38099776554665654,9
1433,2.8640422186456465,1.7993405494535817,-1.0647016691920648,4
1434,3.3348989674488614,3.322219294733919,-0.012679672714942303,9
1435,3.7810920235421284,1.5587085705331658,-2.2223834530089626,2
1436,5.781537930394357,5.434568904034199,-0.34696902636015814,5
1437,5.4217771603965,5.926856708949693,0.5050795485531925,10
1438,5.987238102742765,5.8750612633917,-0.11217683935106493,2
1439,6.159605475533991,6.237040791379191,0.07743531584520014,5
1440,6.256371697737957,5.990782691803138,-0.26558900593481916,9
1441,5.9471144890836225,6.447158031342219,0.5000435422585969,3
1442,6.0999752818087485,6.2576785748691846,0.15770329306043607,9
1443,6.362255549834324,6.653212513775344,0.2909569639410199,6
1444,6.170352759282259,6.2552725051033065,0.08491974582104778,8
1445,6.233536610809694,6.531478917042255,0.297942306232561,9
1446,5.343422272519978,3.3010299956639813,-2.0423922768559963,7
1447,5.86180423090432,5.301029995663981,-0.5607742352403386,6
1448,6.052539865787434,6.230448921378274,0.17790905559084003,1
1449,5.783263694534339,6.340444114840119,0.5571804203057802,3
1450,6.0735960928819415,6.3979400086720375,0.324343915790096,6
1451,6.066586308987142,4.346744054604849,-1.7198422543822929,10
1452,5.981590674520269,6.079181246047625,0.0975905715273564,5
1453,5.749543891517028,6.301029995663981,0.551486104146953,5
1454,5.769693217035093,6.623249290397901,0.8535560733628076,8
1455,6.176719285537366,6.531478917042255,0.35475963150488976,4
1456,5.578988618201815,4.352182518111363,-1.2268061000904522,8
1457,5.821597202581455,6.1702617153949575,0.3486645128135022,6
1458,5.590358734503188,6.531478917042255,0.9411201825390672,8
1459,5.7476399497643635,6.358886204405869,0.6112462546415056,10
1460,5.73099869935911,4.314288660947498,-1.4167100384116118,9
1461,5.973084821877825,6.176091259055681,0.20300643717785594,8
1462,6.107694247813818,6.091315159697223,-0.01637908811659461,4
1463,6.57049907060482,6.286456469746983,-0.2840426008578367,1
1464,6.015790526971986,6.913813852383717,0.8980233254117307,4
1465,5.542287688788231,5.433321711630784,-0.10896597715744694,2
1466,5.694181668430602,6.308991029000164,0.6148093605695619,5
1467,4.944662265712956,5.361727836017593,0.4170655703046373,2
1468,4.2606508051604495,4.095518042323151,-0.16513276283729805,5
1469,5.354749911550717,6.544068044350276,1.189318132799559,7
1470,4.954770000644671,6.57978359661681,1.6250135959721392,7
1471,3.112130806522505,2.6972293427597176,-0.41490146376278725,9
1472,6.161125228807301,4.746322765089953,-1.414802463717348,5
1473,5.045215841637019,6.291391053078407,1.246175211441388,4
1474,6.052620729622253,6.747411807886423,0.6947910782641697,9
1475,6.0420538660531555,6.491361693834273,0.44930782778111755,1
1476,6.1800477790189765,6.113943352306837,-0.06610442671213956,6
1477,4.9616000788932615,6.096910013008056,1.1353099341147947,6
1478,2.7536382093854646,3.804820678721162,1.0511824693356973,10
1479,4.934493935864331,5.079181246047625,0.1446873101832944,7
1480,3.615244317354112,2.220108088040055,-1.395136229314057,6
1481,5.64108814797232,4.850646235183066,-0.7904419127892535,9
1482,5.647083181332522,6.045322978786658,0.39823979745413585,10
1483,6.061959190547578,5.791690649020118,-0.27026854152745994,5
1484,5.907279639491272,5.155609283678915,-0.7516703558123572,7
1485,4.991666664528851,5.690196080028514,0.6985294154996629,10
1486,5.072693018235599,5.000867721531227,-0.07182529670437177,1
1487,6.086603985082136,6.806179973983888,0.7195759889017523,5
1488,5.576360706298355,6.041392685158225,0.46503197885987024,8
1489,5.271400650113425,5.656960182742849,0.3855595326294239,4
1490,5.34629140906891,6.355068206348851,1.0087767972799409,5
1491,5.785721984607979,6.324282455297693,0.5385604706897142,9
1492,5.075610971542333,5.944482672150168,0.8688717006078353,9
1493,6.169091144397839,6.3979400086720375,0.22884886427419815,1
1494,6.193724876942585,6.1702617153949575,-0.023463161547627287,4
1495,5.56457271778783,4.413634997198556,-1.1509377205892743,10
1496,5.849409013739504,5.949390006644912,0.09998099290540807,5
1497,5.953745012671946,6.056904851336473,0.10315983866452694,9
1498,5.546974807848101,5.072984744627931,-0.4739900632201701,4
1499,6.13175835435604,5.697229342759718,-0.4345290115963225,10
1500,5.646452114849246,5.698970004336019,0.05251788948677305,10
1501,5.855847868204892,6.664547962246547,0.8087000940416553,2
1502,6.141757672551807,6.937016107464814,0.7952584349130065,9
1503,6.351279744729021,7.531478917042255,1.1801991723132348,7
1504,6.163059200234823,6.240798771117332,0.0777395708825086,3
1505,6.8795694077184715,6.012837224705172,-0.8667321830132995,9
1506,5.904450477622057,6.44870631990508,0.5442558422830226,4
1507,5.513848221613043,6.580468783951002,1.0666205623379588,5
1508,6.03166257593348,5.778151250383644,-0.25351132554983646,10
1509,6.2097167372430375,5.732393759822968,-0.47732297742006935,5
1510,5.897207266597605,4.954242509439325,-0.94296475715828,4
1511,6.124071227679772,6.857332496431268,0.7332612687514963,6
1512,6.16046925400233,5.308393649976259,-0.8520756040260711,2
1513,5.755213519146552,6.277090960334402,0.5218774411878497,10
1514,6.2509069353548234,5.857332496431268,-0.39357443892355537,7
1515,5.692096775197473,5.0,-0.6920967751974727,10
1516,5.263494071874512,5.301029995663981,0.03753592378946902,7
1517,3.6391463261350814,4.123851640967086,0.4847053148320044,2
1518,5.747917243246064,4.505149978319906,-1.242767264926158,6
1519,5.638183862964088,6.32221929473392,0.6840354317698321,5
1520,5.641952478665777,4.505149978319906,-1.1368025003458708,3
1521,5.797841969128349,4.568201724066995,-1.2296402450613542,1
1522,4.334348835089786,4.900367128656471,0.5660182935666853,3
1523,5.731618451444116,5.477121254719663,-0.25449719672445337,8
1524,5.380860316168213,6.041392685158225,0.6605323689900127,3
1525,5.924510688800898,6.496791315700042,0.5722806268991443,9
1526,5.430458735426586,4.486713775982485,-0.9437449594441008,7
1527,5.641093095364978,5.0,-0.6410930953649778,8
1528,5.753899927383195,6.32221929473392,0.5683193673507256,10
1529,5.572207663793987,4.685741738602264,-0.8864659251917226,8
1530,5.577801377654381,6.504701881045554,0.926900503391173,9
1531,4.398588176148313,2.146128035678238,-2.252460140470075,2
1532,3.1883476040331957,1.4471580313422192,-1.7411895726909765,4
1533,3.245609503157931,3.113943352306837,-0.1316661508510939,9
1534,3.593360807190397,4.826074802700826,1.2327139955104292,7
1535,5.862701495673237,4.247973266361806,-1.6147282293114307,10
1536,4.237438051847322,5.0,0.762561948152678,7
1537,5.024813382637612,5.653212513775344,0.6283991311377317,3
1538,6.203182806193504,5.653212513775344,-0.54997029241816,9
1539,5.324323218578711,6.204119982655925,0.8797967640772137,4
1540,5.825513263525842,6.079181246047625,0.25366798252178313,1
1541,5.9040634820654585,6.3979400086720375,0.493876526606579,4
1542,5.681640275059706,5.223755453657241,-0.4578848214024651,3
1543,6.125651847961459,5.079181246047625,-1.0464706019138337,9
1544,5.9040634820654585,6.778151250383644,0.8740877683181854,4
1545,5.321058757774178,5.585460729508501,0.26440197173432267,1
1546,6.270934411051235,5.845098040014257,-0.42583637103697836,7
1547,5.623693825467142,5.934498451243568,0.3108046257764263,8
1548,5.834805516127674,5.771587480881255,-0.06321803524641911,8
1549,5.597746089012373,6.653212513775344,1.0554664247629706,1
1550,5.436290427010851,5.903089986991944,0.46679955998109257,7
1551,5.739040819824148,4.927370363039024,-0.8116704567851238,5
1552,5.850585734738232,4.826074802700826,-1.0245109320374057,7
1553,5.671333776440366,5.002166061756507,-0.6691677146838586,9
1554,5.8763120423839315,6.662757831681574,0.7864457892976429,2
1555,6.205175194583423,6.071882007306125,-0.13329318727729778,7
1556,4.5410804477047195,2.6766936096248664,-1.8643868380798532,7
1557,5.585492357137012,4.184691430817598,-1.4008009263194134,2
1558,5.62900689428336,4.933993163831242,-0.6950137304521178,5
1559,5.398087533679938,5.3979400086720375,-0.00014752500790038425,1
1560,5.651487965069029,6.57978359661681,0.9282956315477815,5
1561,3.4273721580754444,6.0,2.5726278419245556,3
1562,4.378234109862229,4.469365398766434,0.0911312889042053,3
1563,5.257165867228624,4.252853030979893,-1.0043128362487304,9
1564,5.772103441040841,6.041392685158225,0.26928924411738464,3
1565,5.2920682276426705,5.079181246047625,-0.21288698159504538,6
1566,5.426235274150544,6.491361693834273,1.065126419683729,9
1567,5.851203654646154,6.278753600952829,0.42754994630667476,4
1568,4.915108670751706,3.892651033877301,-1.022457636874405,6
1569,4.694180606359442,5.079181246047625,0.3850006396881831,3
1570,4.896528129317516,4.787743771646467,-0.10878435767104921,7
1571,5.049897436561362,5.575187844927661,0.525290408366299,4
1572,5.879297015084223,4.56157836830096,-1.3177186467832627,1
1573,4.487756962193298,7.133858125203335,2.6461011630100373,7
1574,4.597539538856641,5.221674997070769,0.6241354582141279,7
1575,5.454360986774008,4.239049093140191,-1.2153118936338165,1
1576,5.032713031817588,3.964730921053629,-1.067982110763959,1
1577,3.875488398839332,3.6972293427597176,-0.17825905607961445,2
1578,4.230798906884838,5.041392685158225,0.810593778273387,4
1579,5.391705890696086,6.0,0.6082941093039143,9
1580,6.358557821564722,5.442479769064448,-0.9160780525002741,9
1581,6.528308367900222,7.397940008672037,0.8696316407718143,4
1582,5.1488804366476835,6.690196080028514,1.5413156433808304,3
1583,5.591939488249019,6.079181246047625,0.4872417577986061,9
1584,4.931668054702728,4.064457989226918,-0.8672100654758097,10
1585,4.349808125674067,3.686636269262293,-0.6631718564117741,4
1586,5.37858303997424,5.168939213835978,-0.2096438261382616,10
1587,5.565383484154169,6.079181246047625,0.5137977618934562,9
1588,4.073742933276933,5.32221929473392,1.2484763614569871,3
1589,4.927445545303284,4.895201474778894,-0.03224407052439027,8
1590,5.67303733321418,6.079181246047625,0.4061439128334454,5
1591,4.813604964122011,5.648360010980932,0.8347550468589207,7
1592,5.144549661464137,4.473924693416158,-0.6706249680479797,6
1593,5.56718106428413,5.931966114728173,0.3647850504440431,4
1594,5.759339601080136,4.93981866282138,-0.8195209382587558,8
1595,5.138195447795322,5.732393759822968,0.594198312027646,4
1596,4.615873564972878,3.3010299956639813,-1.3148435693088967,2
1597,4.402860693948485,4.57978359661681,0.17692290266832522,8
1598,6.216915959725897,6.57978359661681,0.36286763689091295,1
1599,5.80554826999563,7.19942604159399,1.3938777715983601,8
1600,6.278020735756862,6.795880017344075,0.5178592815872127,9
1601,2.655443183804447,4.0,1.3445568161955528,8
1602,5.6108608271747,5.532384880503846,-0.07847594667085378,5
1603,6.0933093141553885,6.32221929473392,0.22890998057853196,10
1604,6.20258555648971,6.176091259055681,-0.02649429743402898,8
1605,5.942728588269149,5.311965660368366,-0.6307629279007827,5
1606,5.889045316148351,5.338456493604605,-0.5505888225437463,6
1607,6.057417077789501,5.489958479424835,-0.5674585983646665,6
1608,5.802150385214024,5.205096047578484,-0.59705433763554,5
1609,5.838938752242869,6.531478917042255,0.6925401647993867,2
1610,5.219418848373197,6.079181246047625,0.8597623976744284,1
1611,5.155807526923268,4.301029995663981,-0.8547775312592867,4
1612,6.270899473427882,5.491361693834273,-0.7795377795936087,3
1613,6.232865671322606,6.0,-0.23286567132260583,9
1614,6.025971206537521,6.185542154854375,0.1595709483168548,8
1615,5.541035820802175,5.301029995663981,-0.24000582513819335,4
1616,6.758371933145608,6.079181246047625,-0.6791906870979831,3
1617,6.0709266089970475,4.892372907398436,-1.1785537015986112,9
1618,5.821124412333825,6.176091259055681,0.3549668467218563,1
1619,4.624396711655992,6.491361693834273,1.8669649821782812,1
1620,3.9238617199023103,3.556302500767288,-0.3675592191350221,1
1621,5.41285279247317,4.089905111439398,-1.3229476810337717,7
1622,3.9619724207589138,4.653212513775344,0.6912400930164302,1
1623,6.344230695416932,5.221022805204841,-1.1232078902120906,7
1624,5.957556641835447,5.698970004336019,-0.25858663749942856,7
1625,6.742113872567459,7.342422680822207,0.6003088082547476,10
1626,5.826268589289856,6.176091259055681,0.34982266976582554,8
1627,6.782253865439257,6.414973347970818,-0.3672805174684388,1
1628,6.746596987707024,6.977723605288848,0.23112661758182362,8
