idx,y_pred,y_true,residual,fold
0,5.498661622997712,5.698970004336019,0.20030838133830642,1
1,5.498899811069113,5.698970004336019,0.20007019326690578,10
2,5.498786251039946,5.698970004336019,0.20018375329607263,9
3,5.498966736725585,5.698970004336019,0.20000326761043397,8
4,5.4990614191886955,5.698970004336019,0.19990858514732324,7
5,5.499028489921926,5.698970004336019,0.19994151441409258,5
6,5.4990960953685075,5.698970004336019,0.19987390896751123,4
7,5.498758955329115,5.698970004336019,0.20021104900690379,3
8,5.498743389060577,5.698970004336019,0.20022661527544194,2
9,3.2493301320920973,3.049218022670181,-0.20011210942191626,10
10,3.2492359184736967,3.049218022670181,-0.2000178958035157,8
11,3.1033651000153846,3.049218022670181,-0.05414707734520352,7
12,3.531784272756992,3.049218022670181,-0.4825662500868111,5
13,3.2494118900991027,3.049218022670181,-0.20019386742892165,4
14,3.2491592466520816,3.049218022670181,-0.1999412239819005,3
15,3.249253526590877,3.049218022670181,-0.20003550392069602,2
16,3.24949820184569,3.049218022670181,-0.2002801791755089,6
17,3.1059034976162105,3.049218022670181,-0.05668547494602949,1
18,3.1033651000153846,2.903089986991944,-0.20027511302344037,7
19,3.1059034976162105,2.903089986991944,-0.20281351062426634,1
20,3.2493301320920973,2.903089986991944,-0.3462401451001531,10
21,3.2492359184736967,2.903089986991944,-0.34614593148175254,8
22,3.2494118900991027,2.903089986991944,-0.3463219031071585,4
23,3.103530107846257,2.903089986991944,-0.20044012085431273,9
24,3.2491592466520816,2.903089986991944,-0.34606925966013735,3
25,3.24949820184569,2.903089986991944,-0.34640821485374573,6
26,3.249253526590877,2.903089986991944,-0.34616353959893287,2
27,4.034931592005515,2.9542425094393248,-1.0806890825661903,1
28,4.183751155080944,2.9542425094393248,-1.2295086456416189,8
29,4.071947608959288,2.9542425094393248,-1.1177050995199633,6
30,4.217707546906424,2.9542425094393248,-1.2634650374670993,10
31,3.9383563984228527,2.9542425094393248,-0.9841138889835279,9
32,4.185117683977117,2.9542425094393248,-1.230875174537792,2
33,4.318090615871256,2.9542425094393248,-1.3638481064319312,3
34,3.9180872365849932,2.9542425094393248,-0.9638447271456685,7
35,4.172711024263916,2.9542425094393248,-1.218468514824591,4
36,4.682144173940694,3.90848501887865,-0.773659155062044,9
37,4.909707404775963,3.90848501887865,-1.001222385897313,3
38,4.634022259521143,3.90848501887865,-0.7255372406424931,7
39,4.782480570531892,3.90848501887865,-0.8739955516532416,5
40,4.652348140319997,3.90848501887865,-0.7438631214413474,2
41,4.82374871181164,3.90848501887865,-0.91526369293299,10
42,4.664312866703888,3.90848501887865,-0.755827847825238,1
43,4.6635246379286945,3.90848501887865,-0.7550396190500446,4
44,4.889571498296496,3.90848501887865,-0.9810864794178458,6
45,3.5223016928590414,3.322219294733919,-0.2000823981251223,6
46,3.5222020856185097,3.322219294733919,-0.1999827908845906,8
47,3.5224987199949074,3.322219294733919,-0.2002794252609883,3
48,3.5225049787177536,3.322219294733919,-0.2002856839838345,1
49,3.5225108047392433,3.322219294733919,-0.2002915100053242,7
50,3.5222760868247094,3.322219294733919,-0.2000567920907903,10
51,3.522457497647218,3.322219294733919,-0.20023820291329875,4
52,3.5225437059549916,3.322219294733919,-0.20032441122107247,9
53,3.522487704196725,3.322219294733919,-0.20026840946280577,2
54,5.501290020217143,5.301029995663981,-0.2002600245531614,6
55,5.500958486951973,5.301029995663981,-0.1999284912879915,7
56,5.501124624155409,5.301029995663981,-0.20009462849142778,3
57,5.501341934523007,5.301029995663981,-0.20031193885902532,10
58,5.501075108424145,5.301029995663981,-0.20004511276016412,8
59,5.500830010297848,5.301029995663981,-0.19980001463386632,9
60,5.50077066781583,5.301029995663981,-0.1997406721518491,2
61,5.500648920098477,5.301029995663981,-0.19961892443449614,4
62,5.501243901368908,5.301029995663981,-0.2002139057049268,1
63,5.113166040076678,4.086359830674748,-1.0268062094019292,2
64,5.2369872996690106,4.086359830674748,-1.1506274689942622,10
65,5.169218313424195,4.086359830674748,-1.0828584827494465,1
66,5.155831098843356,4.086359830674748,-1.0694712681686074,4
67,5.31965029587333,4.086359830674748,-1.2332904651985812,5
68,5.252761317715977,4.086359830674748,-1.1664014870412283,3
69,4.598052547230642,4.086359830674748,-0.5116927165558938,9
70,5.199121925900429,4.086359830674748,-1.1127620952256807,8
71,5.438808669788273,4.086359830674748,-1.3524488391135243,6
72,5.852478597658751,6.035709837827862,0.1832312401691114,7
73,5.835540732056967,6.035709837827862,0.20016910577089497,2
74,5.835978431148952,6.035709837827862,0.19973140667890998,5
75,5.835786867062117,6.035709837827862,0.19992297076574506,8
76,5.8359839391948976,6.035709837827862,0.19972589863296442,1
77,5.835828354773795,6.035709837827862,0.1998814830540674,4
78,5.8359398560351385,6.035709837827862,0.19976998179272343,10
79,5.835774238989167,6.035709837827862,0.19993559883869505,3
80,5.835830674058566,6.035709837827862,0.19987916376929604,6
81,5.144316474816632,5.954242509439325,0.8099260346226931,1
82,5.426218568954751,5.954242509439325,0.5280239404845739,4
83,5.463942413569424,5.954242509439325,0.49030009586990086,5
84,5.368932659539342,5.954242509439325,0.5853098498999829,3
85,5.342086076434497,5.954242509439325,0.6121564330048281,2
86,5.324828552346858,5.954242509439325,0.6294139570924671,8
87,5.043928406211546,5.954242509439325,0.9103141032277788,9
88,5.36444658315492,5.954242509439325,0.5897959262844052,10
89,5.118370919912194,5.954242509439325,0.8358715895271311,7
90,5.624190110447431,3.949390006644913,-1.6748001038025184,6
91,5.810668092982715,3.949390006644913,-1.8612780863378018,8
92,5.575718179229526,3.949390006644913,-1.6263281725846128,9
93,5.891610548519152,3.949390006644913,-1.942220541874239,5
94,5.652447763640391,3.949390006644913,-1.7030577569954786,7
95,5.657457489135297,3.949390006644913,-1.7080674824903839,1
96,5.824463871371329,3.949390006644913,-1.8750738647264158,10
97,5.867238608031963,3.949390006644913,-1.9178486013870502,3
98,5.829226086838095,3.949390006644913,-1.8798360801931824,2
99,5.37608782259092,5.742725131304698,0.366637308713778,9
100,5.357176433734501,5.742725131304698,0.38554869757019716,1
101,5.388892956894284,5.742725131304698,0.3538321744104138,4
102,5.542818676655999,5.742725131304698,0.1999064546486986,10
103,5.513384767851168,5.742725131304698,0.22934036345353004,3
104,5.523313177940173,5.742725131304698,0.21941195336452513,8
105,5.542666541985103,5.742725131304698,0.2000585893195952,5
106,5.5425573675993585,5.742725131304698,0.2001677637053394,6
107,5.191487601787063,5.742725131304698,0.5512375295176346,2
108,3.8616001432424003,3.661812685537261,-0.19978745770513928,7
109,4.219914486823974,3.661812685537261,-0.5581018012867132,6
110,4.443473367287805,3.661812685537261,-0.7816606817505436,3
111,4.319906576165989,3.661812685537261,-0.6580938906287281,8
112,4.443406333388285,3.661812685537261,-0.7815936478510244,10
113,4.41683974025705,3.661812685537261,-0.7550270547197888,4
114,4.092220844690574,3.661812685537261,-0.43040815915331265,2
115,4.216009690797013,3.661812685537261,-0.554197005259752,1
116,4.208522022401806,3.661812685537261,-0.546709336864545,9
117,4.758338580452712,3.505149978319906,-1.253188602132806,3
118,4.705958902325798,3.505149978319906,-1.2008089240058921,2
119,4.5296930795192925,3.505149978319906,-1.0245431011993866,9
120,4.738463931170185,3.505149978319906,-1.233313952850279,6
121,4.426476456407967,3.505149978319906,-0.9213264780880608,7
122,4.7586331350873365,3.505149978319906,-1.2534831567674307,4
123,4.748577983865459,3.505149978319906,-1.2434280055455535,8
124,4.8273033298797206,3.505149978319906,-1.3221533515598147,5
125,4.55358665904027,3.505149978319906,-1.0484366807203638,1
126,5.156897978654643,5.0948203803548,-0.06207759829984383,8
127,4.895086927278997,5.0948203803548,0.1997334530758028,9
128,5.19713784877425,5.0948203803548,-0.10231746841945011,2
129,5.139156693782863,5.0948203803548,-0.044336313428063434,1
130,5.144386863824875,5.0948203803548,-0.049566483470075084,4
131,5.209082108784319,5.0948203803548,-0.11426172842951932,3
132,5.1204929417545815,5.0948203803548,-0.025672561399781912,6
133,5.294782351038909,5.0948203803548,-0.19996197068410915,5
134,4.8946624562768575,5.0948203803548,0.20015792407794208,7
135,4.088370194406313,3.397940008672037,-0.6904301857342756,1
136,4.077050736067752,3.397940008672037,-0.6791107273957153,4
137,3.9820095607096913,3.397940008672037,-0.5840695520376542,10
138,4.05448467175397,3.397940008672037,-0.6565446630819332,5
139,3.900376687942834,3.397940008672037,-0.5024366792707968,9
140,4.092777558311041,3.397940008672037,-0.6948375496390038,8
141,4.035626306966463,3.397940008672037,-0.6376862982944256,7
142,4.111873423849165,3.397940008672037,-0.7139334151771277,6
143,4.008172758128989,3.397940008672037,-0.6102327494569519,3
144,4.358103911771206,3.832508912706236,-0.5255949990649698,3
145,4.37835748936082,3.832508912706236,-0.5458485766545835,10
146,4.220803660982273,3.832508912706236,-0.38829474827603727,9
147,4.169763603126034,3.832508912706236,-0.33725469041979794,7
148,4.336492603066467,3.832508912706236,-0.5039836903602306,1
149,4.407974980752342,3.832508912706236,-0.5754660680461057,2
150,4.405378504254262,3.832508912706236,-0.572869591548026,5
151,4.361770299619303,3.832508912706236,-0.5292613869130665,4
152,4.779164299567689,3.832508912706236,-0.9466553868614525,6
153,5.401929392735498,5.6020599913279625,0.20013059859246418,2
154,5.402316825179575,5.6020599913279625,0.19974316614838727,7
155,5.402371601293447,5.6020599913279625,0.19968839003451588,5
156,5.4021414894710205,5.6020599913279625,0.19991850185694204,4
157,5.402364033886315,5.6020599913279625,0.19969595744164792,9
158,5.038501396554766,5.6020599913279625,0.5635585947731965,3
159,5.402224431240106,5.6020599913279625,0.1998355600878563,10
160,5.402255509205455,5.6020599913279625,0.19980448212250757,6
161,5.395029963124792,5.6020599913279625,0.20703002820317007,1
162,5.037980281611018,5.238046103128795,0.20006582151777685,5
163,5.004623050854452,5.238046103128795,0.23342305227434323,9
164,4.956317146686179,5.238046103128795,0.281728956442616,10
165,4.854834874250263,5.238046103128795,0.3832112288785323,1
166,4.656526498048861,5.238046103128795,0.5815196050799338,8
167,4.935075701262695,5.238046103128795,0.3029704018660997,2
168,5.038022892146759,5.238046103128795,0.20002321098203613,7
169,4.6619904107892305,5.238046103128795,0.5760556923395646,6
170,5.037833418356368,5.238046103128795,0.20021268477242682,4
171,3.549599851327376,3.0791812460476247,-0.4704186052797512,9
172,3.6692829939324216,3.0791812460476247,-0.590101747884797,2
173,3.669483766238684,3.0791812460476247,-0.5903025201910594,3
174,3.6693955646725525,3.0791812460476247,-0.5902143186249278,5
175,3.6695343091264547,3.0791812460476247,-0.5903530630788301,4
176,3.669050593308544,3.0791812460476247,-0.5898693472609193,6
177,3.668856439900905,3.0791812460476247,-0.5896751938532803,10
178,3.6695704271245395,3.0791812460476247,-0.5903891810769148,1
179,3.6696552149962742,3.0791812460476247,-0.5904739689486496,7
180,3.434931305658424,3.823474229170301,0.3885429235118769,1
181,3.560380174604131,3.823474229170301,0.26309405456616997,5
182,3.515406947613325,3.823474229170301,0.3080672815569758,4
183,3.4069932520607744,3.823474229170301,0.4164809771095266,9
184,3.498884175400505,3.823474229170301,0.3245900537697959,2
185,3.4600131428077576,3.823474229170301,0.3634610863625434,6
186,3.471705434122328,3.823474229170301,0.3517687950479731,7
187,3.6235034655771945,3.823474229170301,0.1999707635931065,8
188,3.623230090682089,3.823474229170301,0.2002441384882121,3
189,5.139192902300207,3.838849090737255,-1.3003438115629522,5
190,4.898191794498938,3.838849090737255,-1.0593427037616832,2
191,5.025192503014269,3.838849090737255,-1.1863434122770138,8
192,4.242019764758812,3.838849090737255,-0.4031706740215566,9
193,4.791022409543854,3.838849090737255,-0.9521733188065986,1
194,4.855327806680757,3.838849090737255,-1.0164787159435016,7
195,5.026418736463439,3.838849090737255,-1.187569645726184,6
196,5.046969890835507,3.838849090737255,-1.2081208000982522,3
197,4.943183140735412,3.838849090737255,-1.1043340499981569,4
198,3.705016534903791,3.505149978319906,-0.1998665565838853,1
199,3.705189420399761,3.505149978319906,-0.20003944207985525,3
200,3.705149474082186,3.505149978319906,-0.19999949576228016,6
201,3.7054212730003306,3.505149978319906,-0.20027129468042482,4
202,3.705528304225986,3.505149978319906,-0.20037832590608007,2
203,3.7050439262322516,3.505149978319906,-0.19989394791234583,9
204,3.7049055910920297,3.505149978319906,-0.19975561277212384,10
205,3.7048159421284854,3.505149978319906,-0.1996659638085796,7
206,3.7055218940550887,3.505149978319906,-0.20037191573518287,5
207,5.841613577516812,6.041392685158225,0.1997791076414135,2
208,5.841446759239681,6.041392685158225,0.1999459259185441,9
209,5.841446527384487,6.041392685158225,0.1999461577737387,10
210,5.84160138617364,6.041392685158225,0.19979129898458492,3
211,5.841525771004904,6.041392685158225,0.19986691415332114,4
212,5.8418228163756005,6.041392685158225,0.19956986878262484,7
213,5.841377690111997,6.041392685158225,0.200014995046228,6
214,5.841292559862301,6.041392685158225,0.2001001252959247,5
215,5.841242908766212,6.041392685158225,0.20014977639201348,8
216,5.00961223987511,3.8813846567705728,-1.128227583104537,1
217,5.198583568461971,3.8813846567705728,-1.3171989116913982,3
218,5.135135294375486,3.8813846567705728,-1.253750637604913,6
219,4.948833334158698,3.8813846567705728,-1.0674486773881249,9
220,4.921701189096754,3.8813846567705728,-1.0403165323261812,7
221,5.238326930415312,3.8813846567705728,-1.356942273644739,8
222,5.121498912292084,3.8813846567705728,-1.2401142555215117,2
223,5.22965967685589,3.8813846567705728,-1.3482750200853175,10
224,5.187088916839314,3.8813846567705728,-1.3057042600687412,4
225,5.220948434294047,5.576341350205793,0.3553929159117457,8
226,5.192290382365455,5.576341350205793,0.3840509678403379,3
227,4.95716902266468,5.576341350205793,0.6191723275411123,7
228,5.186981358630607,5.576341350205793,0.3893599915751853,6
229,5.186020204519511,5.576341350205793,0.39032114568628185,4
230,5.025122595318414,5.576341350205793,0.5512187548873788,1
231,4.909539434401222,5.576341350205793,0.6668019158045704,9
232,5.220973451736394,5.576341350205793,0.35536789846939865,10
233,5.195466112078479,5.576341350205793,0.38087523812731394,2
234,6.623755642942847,6.823539433656859,0.19978379071401253,7
235,6.623755115260535,6.823539433656859,0.1997843183963237,8
236,6.623795985945362,6.823539433656859,0.199743447711497,2
237,6.623872938190104,6.823539433656859,0.1996664954667553,10
238,6.623968012096779,6.823539433656859,0.1995714215600799,4
239,6.623605239812666,6.823539433656859,0.19993419384419298,1
240,6.623185725963371,6.823539433656859,0.20035370769348848,6
241,6.623748283262284,6.823539433656859,0.1997911503945753,3
242,6.623798772914696,6.823539433656859,0.19974066074216346,5
243,6.198423501688754,6.3979400086720375,0.19951650698328383,6
244,6.197983991513659,6.3979400086720375,0.19995601715837807,9
245,6.198131112790869,6.3979400086720375,0.19980889588116835,4
246,6.198160786191336,6.3979400086720375,0.1997792224807018,10
247,6.197506730362054,6.3979400086720375,0.20043327830998336,8
248,6.197859591907401,6.3979400086720375,0.20008041676463684,2
249,6.198182702796053,6.3979400086720375,0.19975730587598406,3
250,6.1979567118764916,6.3979400086720375,0.19998329679554594,1
251,6.1975068613243725,6.3979400086720375,0.20043314734766504,7
252,6.507859380741483,6.707570176097937,0.19971079535645408,3
253,6.507456356037198,6.707570176097937,0.2001138200607384,8
254,6.5074890342151095,6.707570176097937,0.20008114188282722,6
255,6.507547090388295,6.707570176097937,0.2000230857096419,9
256,6.507593412671398,6.707570176097937,0.19997676342653836,5
257,6.507447391034929,6.707570176097937,0.20012278506300785,10
258,6.50773936707438,6.707570176097937,0.199830809023557,2
259,6.5074506229077675,6.707570176097937,0.20011955319016916,4
260,6.507272705672764,6.707570176097937,0.20029747042517254,1
261,6.403606895200564,6.3979400086720375,-0.00566688652852676,4
262,6.36472097054813,6.3979400086720375,0.033219038123907474,9
263,6.198250429976444,6.3979400086720375,0.1996895786955939,7
264,6.379569227774804,6.3979400086720375,0.018370780897233097,6
265,6.209588547665234,6.3979400086720375,0.18835146100680333,5
266,6.326051272043922,6.3979400086720375,0.07188873662811535,10
267,6.258823150162872,6.3979400086720375,0.13911685850916555,8
268,6.349583394234322,6.3979400086720375,0.048356614437715884,2
269,6.3434444098737846,6.3979400086720375,0.05449559879825294,3
270,6.307533423077901,6.558708570533166,0.2511751474552648,4
271,6.3074798091430075,6.558708570533166,0.25122876139015826,9
272,6.3588445328788685,6.558708570533166,0.19986403765429728,3
273,6.3074428691136655,6.558708570533166,0.25126570141950033,7
274,6.307454299450363,6.558708570533166,0.25125427108280274,5
275,6.307535858071956,6.558708570533166,0.25117271246120954,2
276,6.308070759642621,6.558708570533166,0.25063781089054515,10
277,6.30729355691922,6.558708570533166,0.25141501361394614,8
278,6.307560163554373,6.558708570533166,0.2511484069787926,6
279,6.3074428691136655,6.107549129744687,-0.1998937393689788,7
280,6.3074798091430075,6.107549129744687,-0.19993067939832088,9
281,6.307533423077901,6.107549129744687,-0.19998429333321432,4
282,6.307454299450363,6.107549129744687,-0.1999051697056764,5
283,6.30729355691922,6.107549129744687,-0.199744427174533,8
284,5.907489455759468,6.107549129744687,0.2000596739852183,1
285,6.308070759642621,6.107549129744687,-0.20052162989793398,10
286,6.307560163554373,6.107549129744687,-0.20001103380968654,6
287,6.307535858071956,6.107549129744687,-0.1999867283272696,2
288,4.393895400032628,4.193681029541281,-0.20021437049134683,2
289,4.393967829733157,4.193681029541281,-0.2002868001918756,7
290,4.39332633180037,4.193681029541281,-0.19964530225908916,10
291,4.394139442865818,4.193681029541281,-0.20045841332453662,8
292,4.393817720606721,4.193681029541281,-0.20013669106544008,4
293,4.394004919190406,4.193681029541281,-0.20032388964912506,3
294,4.393839879498662,4.193681029541281,-0.20015884995738098,9
295,4.393492831589334,4.193681029541281,-0.19981180204805238,6
296,4.39381122037931,4.193681029541281,-0.20013019083802863,5
297,5.7297431667924,5.929418925714293,0.1996757589218925,5
298,5.7296906574953255,5.929418925714293,0.1997282682189674,4
299,5.729457544266465,5.929418925714293,0.19996138144782805,9
300,5.729470880369009,5.929418925714293,0.199948045345284,2
301,5.729825128088371,5.929418925714293,0.1995937976259219,10
302,5.729208812869619,5.929418925714293,0.20021011284467427,7
303,5.729391706064366,5.929418925714293,0.2000272196499271,8
304,5.729284711451732,5.929418925714293,0.20013421426256084,1
305,5.7295058101075025,5.929418925714293,0.19991311560679037,3
306,6.33139161696735,6.531478917042255,0.20008730007490527,2
307,6.331873526575144,6.531478917042255,0.19960539046711112,9
308,6.331271587405919,6.531478917042255,0.2002073296363367,8
309,6.331448081045453,6.531478917042255,0.20003083599680238,6
310,6.331498912726413,6.531478917042255,0.19998000431584195,4
311,6.331639033236021,6.531478917042255,0.1998398838062343,5
312,6.331882747090217,6.531478917042255,0.19959616995203877,3
313,6.331487660444017,6.531478917042255,0.19999125659823846,1
314,6.331886653972754,6.531478917042255,0.19959226306950129,7
315,6.215375745572401,6.414973347970818,0.19959760239841717,3
316,6.2148864715442675,6.414973347970818,0.20008687642655065,7
317,6.215475098115985,6.414973347970818,0.199498249854833,4
318,6.214887176054409,6.414973347970818,0.20008617191640887,2
319,6.215332904168543,6.414973347970818,0.1996404438022754,6
320,6.215359975355156,6.414973347970818,0.19961337261566214,9
321,6.21467058915815,6.414973347970818,0.20030275881266846,1
322,6.214935753717681,6.414973347970818,0.20003759425313739,10
323,6.215208782890996,6.414973347970818,0.1997645650798221,5
324,6.173057777730708,6.372912002970106,0.199854225239398,3
325,6.172921133251526,6.372912002970106,0.19999086971858038,8
326,6.173201143938598,6.372912002970106,0.19971085903150865,1
327,6.17279443256122,6.372912002970106,0.200117570408886,5
328,6.173017392917935,6.372912002970106,0.19989461005217102,10
329,6.172881180322638,6.372912002970106,0.2000308226474683,6
330,6.173015348273077,6.372912002970106,0.19989665469702889,2
331,6.173013248736362,6.372912002970106,0.19989875423374404,9
332,6.173042260001956,6.372912002970106,0.19986974296815063,4
333,6.184965512110692,6.384890796530554,0.19992528441986224,5
334,6.185040520089165,6.384890796530554,0.19985027644138853,2
335,6.185102282926112,6.384890796530554,0.1997885136044415,3
336,6.184917801270832,6.384890796530554,0.19997299525972156,10
337,6.18519588508886,6.384890796530554,0.1996949114416937,7
338,6.18458602288568,6.384890796530554,0.20030477364487353,6
339,6.184846126970479,6.384890796530554,0.20004466956007505,8
340,6.185256596641884,6.384890796530554,0.1996341998886697,1
341,6.184944466284863,6.384890796530554,0.19994633024569097,4
342,6.125500211926514,6.325843928293292,0.2003437163667776,4
343,6.125583798046158,6.325843928293292,0.20026013024713407,6
344,6.125946951160426,6.325843928293292,0.19989697713286603,10
345,6.125427152382446,6.325843928293292,0.2004167759108455,3
346,6.1259580820484025,6.325843928293292,0.19988584624488936,2
347,6.1258301971899165,6.325843928293292,0.2000137311033754,8
348,6.125998088739478,6.325843928293292,0.19984583955381385,1
349,6.125742491901099,6.325843928293292,0.2001014363921927,5
350,6.126157079839623,6.325843928293292,0.1996868484536689,9
351,6.939918595048299,7.0,0.06008140495170089,4
352,7.200351095336624,7.0,-0.20035109533662432,2
353,7.20012825801396,7.0,-0.20012825801395984,8
354,7.200183576391893,7.0,-0.20018357639189333,9
355,6.80000345467161,7.0,0.19999654532839006,1
356,7.185499144323292,7.0,-0.18549914432329206,3
357,7.176209010131409,7.0,-0.17620901013140866,10
358,6.9385435433068885,7.0,0.061456456693111505,7
359,6.884431275944861,7.0,0.11556872405513907,6
360,6.675187291892096,6.8750612633917,0.1998739714996045,8
361,6.675467111957117,6.8750612633917,0.19959415143458337,6
362,6.675038417401988,6.8750612633917,0.20002284598971176,3
363,6.6745982722537835,6.8750612633917,0.20046299113791655,7
364,6.674732653961405,6.8750612633917,0.2003286094302954,9
365,6.674974988674403,6.8750612633917,0.20008627471729667,5
366,6.674937959404725,6.8750612633917,0.20012330398697475,2
367,6.675294935955257,6.8750612633917,0.19976632743644274,4
368,6.732478160217258,6.8750612633917,0.14258310317444245,1
369,6.635149712777966,6.835056101720117,0.19990638894215085,6
370,6.634920365591682,6.835056101720117,0.20013573612843416,8
371,6.634760538028936,6.835056101720117,0.2002955636911805,10
372,6.77956968857233,6.835056101720117,0.05548641314778635,7
373,6.634927620820083,6.835056101720117,0.20012848090003388,3
374,6.635201005295635,6.835056101720117,0.19985509642448118,1
375,6.635057429823085,6.835056101720117,0.19999867189703124,2
376,6.635224488587749,6.835056101720117,0.19983161313236764,5
377,6.634597318894645,6.835056101720117,0.20045878282547136,9
378,6.879449314440724,7.079181246047625,0.19973193160690084,4
379,6.879391741410707,7.079181246047625,0.19978950463691802,9
380,6.8787274475023255,7.079181246047625,0.20045379854529966,7
381,6.879155539107085,7.079181246047625,0.20002570694054,8
382,6.879049503686633,7.079181246047625,0.20013174236099207,2
383,6.879031473066854,7.079181246047625,0.20014977298077152,1
384,6.879046222182732,7.079181246047625,0.20013502386489268,10
385,6.879311541066172,7.079181246047625,0.1998697049814533,5
386,6.879339543142412,7.079181246047625,0.1998417029052133,3
387,4.272804287057595,4.072984744627931,-0.1998195424296645,1
388,4.273072403676418,4.072984744627931,-0.2000876590484868,10
389,4.272807945982907,4.072984744627931,-0.19982320135497655,7
390,4.273094861253168,4.072984744627931,-0.20011011662523703,4
391,4.273061534698901,4.072984744627931,-0.20007679007097057,9
392,4.273205231840979,4.072984744627931,-0.20022048721304841,3
393,4.273058933796934,4.072984744627931,-0.200074189169003,5
394,4.272890193745409,4.072984744627931,-0.19990544911747854,6
395,4.2733809865027625,4.072984744627931,-0.20039624187483174,8
396,5.314046358231694,5.113943352306837,-0.2001030059248574,3
397,5.3142566984226205,5.113943352306837,-0.20031334611578355,8
398,5.313825980883528,5.113943352306837,-0.1998826285766908,7
399,5.313786513883618,5.113943352306837,-0.19984316157678084,5
400,5.313819670809525,5.113943352306837,-0.19987631850268794,6
401,5.3139728482440445,5.113943352306837,-0.20002949593720754,10
402,5.313790631538649,5.113943352306837,-0.199847279231812,1
403,5.314206994210506,5.113943352306837,-0.2002636419036694,9
404,5.31431479445162,5.113943352306837,-0.20037144214478264,4
405,4.89658072109765,5.096910013008056,0.20032929191040605,9
406,4.89697210672326,5.096910013008056,0.1999379062847959,4
407,5.274749861075636,5.096910013008056,-0.17783984806757935,2
408,4.949409230076766,5.096910013008056,0.14750078293129043,10
409,4.896581858129149,5.096910013008056,0.20032815487890687,7
410,4.896629779153169,5.096910013008056,0.2002802338548868,1
411,4.897051570844251,5.096910013008056,0.199858442163805,6
412,4.896600673693977,5.096910013008056,0.2003093393140789,3
413,4.89724222775722,5.096910013008056,0.19966778525083662,8
414,5.14239663227486,5.342422680822207,0.20002604854734685,10
415,5.1426295859434505,5.342422680822207,0.19979309487875607,1
416,5.1423594417012914,5.342422680822207,0.20006323912091517,9
417,5.142493817338677,5.342422680822207,0.1999288634835299,6
418,5.14264927804515,5.342422680822207,0.19977340277705657,5
419,5.142595536197659,5.342422680822207,0.19982714462454787,4
420,5.142379655146761,5.342422680822207,0.20004302567544574,3
421,5.142764010458915,5.342422680822207,0.19965867036329144,7
422,5.46978440961252,5.342422680822207,-0.12736172879031304,2
423,6.040502074060132,6.2405492482826,0.2000471742224681,3
424,6.040483302864331,6.2405492482826,0.2000659454182694,9
425,6.040928946275797,6.2405492482826,0.19962030200680303,6
426,6.040690467914076,6.2405492482826,0.19985878036852434,10
427,6.040895336935395,6.2405492482826,0.19965391134720534,8
428,6.212851050238076,6.2405492482826,0.02769819804452478,4
429,6.0408551190186515,6.2405492482826,0.19969412926394892,2
430,6.040445945000405,6.2405492482826,0.20010330328219528,1
431,6.040746468342789,6.2405492482826,0.19980277993981144,7
432,4.948356319039515,5.278753600952829,0.33039728191331363,10
433,4.746211814260163,5.278753600952829,0.5325417866926658,9
434,4.9270433838450955,5.278753600952829,0.3517102171077333,7
435,4.733892183987503,5.278753600952829,0.5448614169653254,2
436,4.987409081386293,5.278753600952829,0.29134451956653606,3
437,4.781244634813402,5.278753600952829,0.49750896613942697,6
438,4.792175947934642,5.278753600952829,0.4865776530181867,8
439,5.022436786425789,5.278753600952829,0.2563168145270396,5
440,4.809269607631245,5.278753600952829,0.4694839933215835,1
441,6.209640962748017,6.2552725051033065,0.04563154235528977,7
442,6.210082160411026,6.2552725051033065,0.04519034469228078,3
443,6.209903436522537,6.2552725051033065,0.0453690685807695,6
444,6.209727178374838,6.2552725051033065,0.04554532672846889,5
445,6.209749807947146,6.2552725051033065,0.04552269715616042,9
446,6.210011837079187,6.2552725051033065,0.04526066802411943,8
447,6.210027405558256,6.2552725051033065,0.04524509954505085,2
448,6.209922989968668,6.2552725051033065,0.04534951513463881,10
449,6.209669923169704,6.2552725051033065,0.04560258193360234,4
450,4.86681198756771,5.023540521554854,0.15672853398714448,6
451,4.877132856076756,5.023540521554854,0.14640766547809836,2
452,4.964179311383639,5.023540521554854,0.05936121017121465,7
453,4.992273915905521,5.023540521554854,0.031266605649332924,5
454,4.823800987312813,5.023540521554854,0.19973953424204094,1
455,4.888645390049435,5.023540521554854,0.1348951315054192,4
456,4.977872208927593,5.023540521554854,0.04566831262726101,9
457,4.824110785255437,5.023540521554854,0.1994297362994173,3
458,4.857763870731623,5.023540521554854,0.165776650823231,10
459,6.113823210811006,6.313867220369153,0.20004400955814727,9
460,6.113548073608951,6.313867220369153,0.20031914676020257,8
461,6.1141243191489805,6.313867220369153,0.1997429012201728,2
462,6.1138731482402076,6.313867220369153,0.1999940721289457,4
463,6.113623893218238,6.313867220369153,0.20024332715091564,5
464,6.11372532870098,6.313867220369153,0.20014189166817342,6
465,6.113713129657859,6.313867220369153,0.20015409071129397,10
466,6.113806763730722,6.313867220369153,0.20006045663843164,7
467,6.114272452158439,6.313867220369153,0.19959476821071398,3
468,6.161830583280522,6.361727836017593,0.19989725273707126,2
469,6.162077609860914,6.361727836017593,0.19965022615667927,8
470,6.16195567230268,6.361727836017593,0.19977216371491302,3
471,6.161945129668318,6.361727836017593,0.19978270634927497,10
472,6.16208368444058,6.361727836017593,0.19964415157701332,4
473,6.161630664296505,6.361727836017593,0.20009717172108843,1
474,6.161420504598436,6.361727836017593,0.20030733141915746,5
475,6.161720667728293,6.361727836017593,0.2000071682893001,9
476,6.161475401080207,6.361727836017593,0.20025243493738643,7
477,6.1233788313282345,6.6020599913279625,0.47868115999972805,2
478,6.132427085170118,6.6020599913279625,0.4696329061578446,1
479,6.402079026336102,6.6020599913279625,0.1999809649918607,5
480,6.089913510023668,6.6020599913279625,0.5121464813042946,4
481,6.241295709162172,6.6020599913279625,0.3607642821657908,7
482,6.18100613278646,6.6020599913279625,0.42105385854150246,10
483,6.116825336242879,6.6020599913279625,0.48523465508508323,6
484,6.089877219228617,6.6020599913279625,0.5121827720993455,8
485,6.174388640515648,6.6020599913279625,0.42767135081231444,3
486,6.44944761214258,6.649334858712142,0.19988724656956158,6
487,6.449691585331188,6.649334858712142,0.19964327338095433,9
488,6.449334824722798,6.649334858712142,0.20000003398934396,5
489,6.449641012984547,6.649334858712142,0.19969384572759452,1
490,6.449623278231631,6.649334858712142,0.19971158048051052,2
491,6.449579938009187,6.649334858712142,0.1997549207029552,8
492,6.449467725485981,6.649334858712142,0.199867133226161,10
493,6.449592053228978,6.649334858712142,0.19974280548316425,7
494,6.4495365521918755,6.649334858712142,0.19979830652026642,4
495,6.18100613278646,6.041392685158225,-0.1396134476282347,10
496,6.241295709162172,6.041392685158225,-0.19990302400394633,7
497,6.089877219228617,6.041392685158225,-0.04848453407039166,8
498,6.132427085170118,6.041392685158225,-0.09103440001189256,1
499,6.116825336242879,6.041392685158225,-0.07543265108465391,6
500,6.174388640515648,6.041392685158225,-0.1329959553574227,3
501,6.089913510023668,6.041392685158225,-0.04852082486544251,4
502,6.090371484269896,6.041392685158225,-0.04897879911167102,9
503,6.1233788313282345,6.041392685158225,-0.0819861461700091,2
504,5.701243794126135,5.901294817165567,0.2000510230394319,8
505,5.665566521928968,5.901294817165567,0.23572829523659955,6
506,5.701168146125184,5.901294817165567,0.20012667104038329,1
507,5.701118515880373,5.901294817165567,0.20017630128519404,4
508,5.700934999451576,5.901294817165567,0.20035981771399136,3
509,5.701095957887731,5.901294817165567,0.20019885927783587,5
510,5.682127294564358,5.901294817165567,0.21916752260120909,9
511,5.701128466644494,5.901294817165567,0.2001663505210729,7
512,5.701020594318351,5.901294817165567,0.20027422284721652,10
513,5.141803102157171,6.447158031342219,1.3053549291850484,3
514,5.086933105494046,6.447158031342219,1.3602249258481738,6
515,5.087045379128243,6.447158031342219,1.3601126522139761,9
516,5.087396268564664,6.447158031342219,1.3597617627775556,4
517,5.086788221502298,6.447158031342219,1.3603698098399217,1
518,6.246920096288694,6.447158031342219,0.20023793505352572,5
519,5.086969825972134,6.447158031342219,1.3601882053700853,2
520,5.086769337894952,6.447158031342219,1.360388693447267,10
521,5.087068304405138,6.447158031342219,1.3600897269370815,8
522,5.4159279435595,4.681241237375588,-0.7346867061839122,4
523,5.298870572105118,4.681241237375588,-0.6176293347295303,7
524,5.458321308442722,4.681241237375588,-0.7770800710671342,10
525,5.298757220862656,4.681241237375588,-0.6175159834870687,2
526,5.351330545431909,4.681241237375588,-0.6700893080563217,1
527,5.3708334915441815,4.681241237375588,-0.6895922541685939,9
528,5.29534173218494,4.681241237375588,-0.6141004948093522,6
529,5.365551760756572,4.681241237375588,-0.6843105233809847,8
530,5.332919006041276,4.681241237375588,-0.6516777686656887,5
531,6.014844094550722,5.81504617606463,-0.19979791848609185,10
532,6.014870493967467,5.81504617606463,-0.19982431790283695,8
533,6.015029175909156,5.81504617606463,-0.19998299984452572,9
534,6.014972972615963,5.81504617606463,-0.19992679655133294,7
535,6.014786033191964,5.81504617606463,-0.19973985712733366,6
536,6.015174760349069,5.81504617606463,-0.20012858428443892,4
537,6.014896619913749,5.81504617606463,-0.19985044384911888,3
538,5.615069463406195,5.81504617606463,0.19997671265843486,5
539,6.014811454654787,5.81504617606463,-0.19976527859015647,2
540,5.080744012805769,4.992818520066679,-0.08792549273908978,4
541,5.041123308369535,4.992818520066679,-0.04830478830285578,7
542,5.117915159771921,4.992818520066679,-0.12509663970524176,3
543,5.193048926204919,4.992818520066679,-0.20023040613823984,10
544,5.034335102278769,4.992818520066679,-0.04151658221208976,9
545,5.13691817859614,4.992818520066679,-0.14409965852946094,5
546,5.023051559784493,4.992818520066679,-0.03023303971781388,2
547,4.816568666782887,4.992818520066679,0.1762498532837924,1
548,5.021782675482939,4.992818520066679,-0.02896415541625963,8
549,3.403938529827266,3.204119982655925,-0.19981854717134118,3
550,3.404188358286364,3.204119982655925,-0.2000683756304391,1
551,3.404119037751447,3.204119982655925,-0.19999905509552196,9
552,3.404083024345119,3.204119982655925,-0.19996304168919377,2
553,3.4043165578636407,3.204119982655925,-0.20019657520771572,4
554,3.4037034467333944,3.204119982655925,-0.1995834640774694,5
555,3.4040629581109285,3.204119982655925,-0.1999429754550035,10
556,3.4038816469001243,3.204119982655925,-0.19976166424419928,8
557,3.403958905022346,3.204119982655925,-0.1998389223664212,6
558,6.019476924775481,6.8750612633917,0.855584338616219,8
559,6.019427970908262,6.8750612633917,0.8556332924834384,1
560,6.019249430922845,6.8750612633917,0.8558118324688548,3
561,6.019585639605792,6.8750612633917,0.8554756237859085,10
562,6.1617165920968535,6.8750612633917,0.7133446712948466,5
563,6.019540890028228,6.8750612633917,0.855520373363472,7
564,6.019710557512868,6.8750612633917,0.8553507058788323,2
565,6.019486216229085,6.8750612633917,0.8555750471626151,9
566,6.01938923319765,6.8750612633917,0.8556720301940501,4
567,6.540979597034248,6.8909795969896885,0.3499999999554406,8
568,6.621242424591167,6.8909795969896885,0.26973717239852135,5
569,6.648244877542688,6.8909795969896885,0.2427347194470002,4
570,6.56277148407936,6.8909795969896885,0.32820811291032825,9
571,6.691004958359528,6.8909795969896885,0.1999746386301604,6
572,6.539393464748662,6.8909795969896885,0.3515861322410263,7
573,6.604323149473722,6.8909795969896885,0.2866564475159663,1
574,6.677141904569284,6.8909795969896885,0.2138376924204044,3
575,6.624572105821683,6.8909795969896885,0.2664074911680059,10
576,5.7998891337293985,6.0,0.20011086627060148,1
577,6.040966351357839,6.0,-0.04096635135783888,4
578,5.79986355486168,6.0,0.20013644513831963,2
579,5.800153721851035,6.0,0.19984627814896516,7
580,5.8559663144974525,6.0,0.14403368550254747,3
581,5.7999100489536195,6.0,0.2000899510463805,8
582,5.799703866340976,6.0,0.2002961336590241,6
583,5.851753969791278,6.0,0.14824603020872207,5
584,5.800266264528837,6.0,0.19973373547116324,9
585,4.500046254208641,4.5003737143533735,0.0003274601447325054,5
586,4.419131839609132,4.5003737143533735,0.08124187474424183,4
587,4.396508524034287,4.5003737143533735,0.10386519031908659,9
588,4.465213068738949,4.5003737143533735,0.035160645614424446,2
589,4.306013149146435,4.5003737143533735,0.19436056520693867,6
590,4.356722024083461,4.5003737143533735,0.14365169026991254,10
591,4.300730688205839,4.5003737143533735,0.19964302614753482,3
592,4.300042610393593,4.5003737143533735,0.2003311039597806,7
593,4.367947934086329,4.5003737143533735,0.13242578026704432,8
594,6.197798889124417,6.3979400086720375,0.20014111954762015,8
595,6.197533624890682,6.3979400086720375,0.20040638378135522,10
596,6.198016385983866,6.3979400086720375,0.19992362268817132,4
597,6.1982808294447445,6.3979400086720375,0.19965917922729304,1
598,6.198092169142869,6.3979400086720375,0.19984783952916807,7
599,6.197914687011346,6.3979400086720375,0.2000253216606911,9
600,6.1982585698965735,6.3979400086720375,0.19968143877546396,2
601,6.197813943199961,6.3979400086720375,0.20012606547207668,6
602,6.198052379422805,6.3979400086720375,0.19988762924923265,3
603,6.7369518073975785,6.447158031342219,-0.28979377605535905,1
604,6.737215380945078,6.447158031342219,-0.29005734960285867,6
605,6.736819780249061,6.447158031342219,-0.28966174890684115,3
606,6.737249085443285,6.447158031342219,-0.2900910541010653,4
607,6.646986926838769,6.447158031342219,-0.19982889549654992,7
608,6.736658373611554,6.447158031342219,-0.28950034226933496,5
609,6.73679379855315,6.447158031342219,-0.2896357672109309,10
610,6.647503265027268,6.447158031342219,-0.20034523368504864,9
611,6.736720047268484,6.447158031342219,-0.28956201592626485,8
612,5.55486778498801,7.267171728403014,1.7123039434150034,1
613,5.260852763009264,7.267171728403014,2.00631896539375,2
614,5.59364343980931,7.267171728403014,1.6735282885937037,8
615,5.525466608803009,7.267171728403014,1.741705119600005,3
616,5.548499478231516,7.267171728403014,1.7186722501714975,9
617,5.47589029017052,7.267171728403014,1.7912814382324935,7
618,5.564525916319576,7.267171728403014,1.7026458120834373,4
619,5.7842005997345165,7.267171728403014,1.4829711286684972,10
620,7.066756017063844,7.267171728403014,0.20041571133916936,5
621,5.245697247659061,5.045714058940868,-0.19998318871819265,3
622,5.245773871634552,5.045714058940868,-0.20005981269368345,7
623,5.245789682817137,5.045714058940868,-0.20007562387626887,2
624,5.245923947825335,5.045714058940868,-0.20020988888446656,6
625,5.246099663260567,5.045714058940868,-0.20038560431969898,10
626,5.245793316008802,5.045714058940868,-0.20007925706793372,8
627,5.245523254087059,5.045714058940868,-0.1998091951461909,5
628,5.245816186548638,5.045714058940868,-0.2001021276077699,4
629,5.246032619832985,5.045714058940868,-0.20031856089211697,9
630,6.43059237653088,6.230448921378274,-0.200143455152606,5
631,6.430423669336035,6.230448921378274,-0.1999747479577607,2
632,6.430499558416038,6.230448921378274,-0.20005063703776393,3
633,6.430400137556944,6.230448921378274,-0.19995121617867007,8
634,6.430565367063355,6.230448921378274,-0.20011644568508125,4
635,6.4309449073799545,6.230448921378274,-0.2004959860016804,10
636,6.430169213450708,6.230448921378274,-0.1997202920724339,7
637,6.03083753383724,6.230448921378274,0.1996113875410339,9
638,6.03047698031348,6.230448921378274,0.19997194106479377,6
639,4.327248795579154,4.127104798364807,-0.2001439972143464,3
640,4.327026397632532,4.127104798364807,-0.19992159926772501,7
641,4.327418962881911,4.127104798364807,-0.2003141645171036,10
642,4.326826874532754,4.127104798364807,-0.19972207616794702,8
643,4.3273428771335105,4.127104798364807,-0.20023807876870325,2
644,4.327358237715718,4.127104798364807,-0.20025343935091033,4
645,4.327182581465092,4.127104798364807,-0.20007778310028446,9
646,4.326696212722436,4.127104798364807,-0.19959141435762895,1
647,4.327203563578454,4.127104798364807,-0.20009876521364678,5
648,5.835208910401853,6.0,0.1647910895981468,7
649,5.8001546107037605,6.0,0.19984538929623952,10
650,5.799826087267584,6.0,0.20017391273241625,2
651,5.799853871488703,6.0,0.20014612851129687,1
652,5.800323487493914,6.0,0.19967651250608576,3
653,5.799943387813909,6.0,0.20005661218609117,8
654,5.8000007222739685,6.0,0.19999927772603154,6
655,5.80025275122398,6.0,0.19974724877601968,4
656,5.800154571245862,6.0,0.1998454287541378,9
657,5.915302291307328,5.715167357848458,-0.20013493345887046,7
658,5.915247673594127,5.715167357848458,-0.20008031574566942,10
659,5.915525729646666,5.715167357848458,-0.2003583717982087,3
660,5.915486225756971,5.715167357848458,-0.20031886790851328,8
661,5.915490696671921,5.715167357848458,-0.20032333882346354,9
662,5.915526344062968,5.715167357848458,-0.20035898621451054,6
663,5.915485990523951,5.715167357848458,-0.20031863267549355,2
664,5.915104195650167,5.715167357848458,-0.199936837801709,4
665,5.915212371316195,5.715167357848458,-0.2000450134677374,5
666,5.824221102760522,6.024046225131059,0.1998251223705365,9
667,5.864667676728266,6.024046225131059,0.15937854840279275,7
668,5.823892434020088,6.024046225131059,0.20015379111097076,2
669,5.824146679192621,6.024046225131059,0.19989954593843784,8
670,5.823977354011455,6.024046225131059,0.20006887111960392,4
671,5.82429018097755,6.024046225131059,0.19975604415350912,5
672,5.823961240332767,6.024046225131059,0.20008498479829218,3
673,5.824104393832217,6.024046225131059,0.19994183129884213,10
674,5.85175117429465,6.024046225131059,0.17229505083640895,1
675,3.0748940307829877,3.645422269349092,0.5705282385661041,4
676,3.0751307737608378,3.645422269349092,0.5702914955882541,5
677,3.0750134862592127,3.645422269349092,0.5704087830898792,9
678,3.0753397946159673,3.645422269349092,0.5700824747331246,10
679,3.0750368587776302,3.645422269349092,0.5703854105714616,3
680,3.2603184349929513,3.645422269349092,0.3851038343561406,6
681,3.0749542403404666,3.645422269349092,0.5704680290086253,1
682,3.0753592788450717,3.645422269349092,0.5700629905040202,8
683,3.0749103503434054,3.645422269349092,0.5705119190056864,2
684,3.4523241030975904,3.146128035678238,-0.30619606741935224,9
685,3.3954824719229073,3.146128035678238,-0.24935443624466913,3
686,3.34638460446134,3.146128035678238,-0.20025656878310194,6
687,3.3464833684066,3.146128035678238,-0.2003553327283618,10
688,3.416961244541238,3.146128035678238,-0.2708332088629999,7
689,3.34625489990467,3.146128035678238,-0.20012686422643178,4
690,3.3464967110462216,3.146128035678238,-0.20036867536798342,5
691,3.464932357200509,3.146128035678238,-0.3188043215222707,2
692,3.4308371470657355,3.146128035678238,-0.2847091113874973,8
693,3.0748940307829877,2.8750612633917,-0.19983276739128764,4
694,3.0749103503434054,2.8750612633917,-0.19984908695170533,2
695,3.0751307737608378,2.8750612633917,-0.20006951036913767,5
696,3.0753592788450717,2.8750612633917,-0.20029801545337156,8
697,2.6748837399070333,2.8750612633917,0.20017752348466678,7
698,3.0750368587776302,2.8750612633917,-0.19997559538593013,3
699,3.0749542403404666,2.8750612633917,-0.1998929769487665,1
700,3.0750134862592127,2.8750612633917,-0.19995222286751257,9
701,3.0753397946159673,2.8750612633917,-0.2002785312242672,10
702,3.501071459738339,3.3010299956639813,-0.20004146407435774,7
703,3.5012096448632177,3.3010299956639813,-0.20017964919923648,3
704,3.501319764103224,3.3010299956639813,-0.20028976843924262,4
705,3.501151625266633,3.3010299956639813,-0.20012162960265156,9
706,3.5010368703640333,3.3010299956639813,-0.20000687470005207,8
707,3.501250484105323,3.3010299956639813,-0.20022048844134188,10
708,3.5009474555558366,3.3010299956639813,-0.1999174598918554,5
709,3.5011665605517197,3.3010299956639813,-0.20013656488773846,6
710,3.501251024651548,3.3010299956639813,-0.20022102898756655,1
711,3.513950270066912,3.3138672203691533,-0.20008304969775859,1
712,3.5142185454187747,3.3138672203691533,-0.2003513250496214,9
713,3.513708924316755,3.3138672203691533,-0.1998417039476017,10
714,3.5139215889488282,3.3138672203691533,-0.20005436857967496,4
715,3.5139186294915783,3.3138672203691533,-0.20005140912242503,6
716,3.514367259050618,3.3138672203691533,-0.2005000386814646,5
717,3.5141396584013873,3.3138672203691533,-0.20027243803223405,2
718,3.5138926976530236,3.3138672203691533,-0.20002547728387032,8
719,3.5143196863544084,3.3138672203691533,-0.20045246598525512,3
720,4.768380731954016,5.905795880367869,1.1374151484138526,4
721,4.840025056979684,5.905795880367869,1.0657708233881849,10
722,4.94629901763998,5.905795880367869,0.9594968627278888,8
723,4.86249563490156,5.905795880367869,1.043300245466309,7
724,4.849598260765182,5.905795880367869,1.0561976196026865,9
725,4.758930781046198,5.905795880367869,1.146865099321671,2
726,4.875766623078156,5.905795880367869,1.030029257289713,3
727,4.834909425540465,5.905795880367869,1.070886454827404,1
728,4.9389712080632595,5.905795880367869,0.9668246723046092,5
729,3.3564294909036607,2.6989700043360187,-0.657459486567642,8
730,2.898921280342892,2.6989700043360187,-0.19995127600687335,4
731,3.0564906563093563,2.6989700043360187,-0.3575206519733376,6
732,3.313043127611871,2.6989700043360187,-0.6140731232758521,5
733,3.2889765169466187,2.6989700043360187,-0.5900065126106,10
734,3.2599901245733416,2.6989700043360187,-0.5610201202373228,1
735,3.342085117378774,2.6989700043360187,-0.643115113042755,9
736,3.3320672285276816,2.6989700043360187,-0.6330972241916628,2
737,3.220341171780486,2.6989700043360187,-0.5213711674444674,7
738,3.9464636391705707,4.146128035678238,0.19966439650766743,4
739,3.945885176259373,4.146128035678238,0.20024285941886522,5
740,3.94623504603147,4.146128035678238,0.19989298964676827,1
741,3.946287112885458,4.146128035678238,0.19984092279277998,8
742,3.945812557792185,4.146128035678238,0.2003154778860532,7
743,3.946423028421104,4.146128035678238,0.19970500725713425,9
744,3.945686600391154,4.146128035678238,0.20044143528708425,10
745,3.9459246945241317,4.146128035678238,0.20020334115410643,3
746,3.9463529524437897,4.146128035678238,0.19977508323444848,2
747,3.3637281993948065,3.2430380486862944,-0.12069015070851208,6
748,3.436637105498454,3.2430380486862944,-0.19359905681215972,7
749,3.259905615889899,3.2430380486862944,-0.016867567203604494,2
750,3.443314511943724,3.2430380486862944,-0.20027646325742943,8
751,3.414424264927515,3.2430380486862944,-0.17138621624122052,3
752,3.230355608911018,3.2430380486862944,0.0126824397752765,10
753,3.3913180542891004,3.2430380486862944,-0.14828000560280596,1
754,3.36152628326905,3.2430380486862944,-0.11848823458275559,9
755,3.4430983569862543,3.2430380486862944,-0.2000603082999599,5
756,2.8534437137682276,2.6532125137753435,-0.20023119999288408,3
757,2.8530653742561736,2.6532125137753435,-0.19985286048083006,10
758,2.8530218544206374,2.6532125137753435,-0.19980934064529388,8
759,2.853422579546034,2.6532125137753435,-0.20021006577069045,9
760,2.853207786595022,2.6532125137753435,-0.19999527281967833,1
761,2.85332086315776,2.6532125137753435,-0.2001083493824165,4
762,2.8528305518287094,2.6532125137753435,-0.19961803805336586,7
763,2.853013531314376,2.6532125137753435,-0.19980101753903234,5
764,2.8529332696776826,2.6532125137753435,-0.19972075590233906,2
765,3.2972260992928284,2.1089031276673134,-1.188322971625515,8
766,3.5576066404190034,2.1089031276673134,-1.44870351275169,3
767,3.2969512576186073,2.1089031276673134,-1.188048129951294,7
768,3.2970859727630906,2.1089031276673134,-1.1881828450957772,10
769,3.296941800443598,2.1089031276673134,-1.1880386727762846,9
770,3.2969071186193943,2.1089031276673134,-1.188003990952081,6
771,3.2969998407422096,2.1089031276673134,-1.1880967130748963,2
772,3.2968545828243867,2.1089031276673134,-1.1879514551570733,4
773,3.2967925917953242,2.1089031276673134,-1.1878894641280109,1
774,3.57821125628638,3.7781512503836434,0.19993999409726326,1
775,3.5783603588512567,3.7781512503836434,0.19979089153238672,6
776,3.578218721259839,3.7781512503836434,0.19993252912380433,4
777,3.5778379862069034,3.7781512503836434,0.20031326417674,2
778,3.5783325447525214,3.7781512503836434,0.19981870563112203,8
779,3.578280770418063,3.7781512503836434,0.19987047996558038,7
780,3.978390725382808,3.7781512503836434,-0.20023947499916472,10
781,3.5782482992158475,3.7781512503836434,0.19990295116779588,5
782,3.577877972354701,3.7781512503836434,0.20027327802894224,9
783,3.578280770418063,3.3010299956639813,-0.2772507747540818,7
784,3.578218721259839,3.3010299956639813,-0.27718872559585783,4
785,3.5783603588512567,3.3010299956639813,-0.27733036318727544,6
786,3.5778379862069034,3.3010299956639813,-0.27680799054292216,2
787,3.5782482992158475,3.3010299956639813,-0.2772183035518663,5
788,3.500998611987243,3.3010299956639813,-0.1999686163232619,3
789,3.57821125628638,3.3010299956639813,-0.2771812606223989,1
790,3.577877972354701,3.3010299956639813,-0.2768479766907199,9
791,3.5783325447525214,3.3010299956639813,-0.27730254908854013,8
792,3.6541243693175396,3.0,-0.6541243693175396,3
793,3.6579710338981672,3.0,-0.6579710338981672,2
794,3.7237665499773835,3.0,-0.7237665499773835,10
795,3.657976597652065,3.0,-0.6579765976520648,9
796,3.6408427961904857,3.0,-0.6408427961904857,8
797,3.489336208252708,3.0,-0.4893362082527082,6
798,3.613501471881645,3.0,-0.6135014718816452,7
799,3.6528976971985676,3.0,-0.6528976971985676,1
800,3.6649687937480397,3.0,-0.6649687937480397,5
801,4.631046400584816,4.431363764158987,-0.1996826364258295,2
802,4.631424083756971,4.431363764158987,-0.2000603195979842,1
803,4.63137725287023,4.431363764158987,-0.20001348871124325,6
804,4.631420184176841,4.431363764158987,-0.2000564200178543,4
805,4.631464279878082,4.431363764158987,-0.20010051571909493,8
806,4.631160190367066,4.431363764158987,-0.1997964262080787,3
807,4.631572705817729,4.431363764158987,-0.20020894165874203,10
808,4.631224891129514,4.431363764158987,-0.19986112697052683,5
809,4.631215733923087,4.431363764158987,-0.1998519697640999,9
810,4.222804526648798,4.423245873936808,0.20044134728800955,6
811,4.223166841915113,4.423245873936808,0.2000790320216952,4
812,4.223247591500783,4.423245873936808,0.1999982824360247,3
813,4.222875515293994,4.423245873936808,0.2003703586428136,1
814,4.36714508043403,4.423245873936808,0.05610079350277797,8
815,4.280744468099023,4.423245873936808,0.14250140583778492,9
816,4.608411208718871,4.423245873936808,-0.18516533478206298,10
817,4.223604917101503,4.423245873936808,0.1996409568353048,5
818,4.2229829794372895,4.423245873936808,0.2002628944995184,2
819,4.167947095241953,4.431363764158987,0.2634166689170341,6
820,4.231214881415452,4.431363764158987,0.2001488827435347,7
821,4.2311290125977274,4.431363764158987,0.20023475156125947,3
822,4.231107374842065,4.431363764158987,0.20025638931692225,1
823,4.21624222503428,4.431363764158987,0.21512153912470655,2
824,4.231210003231155,4.431363764158987,0.2001537609278321,5
825,4.231146692125101,4.431363764158987,0.20021707203388583,9
826,4.231344764719354,4.431363764158987,0.2000189994396333,8
827,4.2310383683372885,4.431363764158987,0.2003253958216984,4
828,4.114717625460667,5.544068044350276,1.4293504188896087,8
829,4.134205181556007,5.544068044350276,1.4098628627942684,5
830,4.045943500658135,5.544068044350276,1.4981245436921409,4
831,4.106279934324677,5.544068044350276,1.4377881100255987,1
832,4.074907288498409,5.544068044350276,1.469160755851867,2
833,4.109452651885691,5.544068044350276,1.4346153924645844,7
834,4.114904195725169,5.544068044350276,1.429163848625107,3
835,4.066770884823634,5.544068044350276,1.4772971595266418,9
836,4.193881771259126,5.544068044350276,1.3501862730911496,10
837,3.1999502425655355,3.0,-0.1999502425655355,6
838,3.199719067795348,3.0,-0.19971906779534798,4
839,3.3719729645444003,3.0,-0.3719729645444003,2
840,3.320850620227511,3.0,-0.3208506202275112,1
841,3.1995919336994207,3.0,-0.19959193369942074,10
842,3.2626585536456454,3.0,-0.2626585536456454,3
843,3.3540244624794573,3.0,-0.3540244624794573,9
844,3.1999348400145724,3.0,-0.1999348400145724,7
845,3.3151776856870714,3.0,-0.3151776856870714,5
846,3.3582589819657316,3.1583624920952498,-0.1998964898704818,2
847,3.4943218133604614,3.1583624920952498,-0.33595932126521166,10
848,3.358013795198148,3.1583624920952498,-0.19965130310289814,3
849,3.3584699175921195,3.1583624920952498,-0.20010742549686977,9
850,3.358055547974274,3.1583624920952498,-0.19969305587902442,4
851,3.358350301737689,3.1583624920952498,-0.199987809642439,8
852,3.3582880155870205,3.1583624920952498,-0.19992552349177073,7
853,3.358277764168647,3.1583624920952498,-0.19991527207339743,1
854,3.3587538336011047,3.1583624920952498,-0.20039134150585491,5
855,3.860118142861109,2.740362689494244,-1.119755453366865,5
856,3.878659974854309,2.740362689494244,-1.138297285360065,8
857,3.7237162381488096,2.740362689494244,-0.9833535486545655,2
858,3.8215201257605003,2.740362689494244,-1.0811574362662562,7
859,3.771886540417241,2.740362689494244,-1.031523850922997,4
860,3.858653657758227,2.740362689494244,-1.1182909682639828,1
861,3.7270303046840647,2.740362689494244,-0.9866676151898206,6
862,3.831156613256857,2.740362689494244,-1.0907939237626127,3
863,3.8138313384135274,2.740362689494244,-1.0734686489192833,9
864,3.8234785097888504,3.6232492903979,-0.2002292193909505,2
865,3.823444405080009,3.6232492903979,-0.20019511468210904,7
866,3.8234334700978936,3.6232492903979,-0.2001841796999937,10
867,3.823224981611058,3.6232492903979,-0.19997569121315806,1
868,3.8232131983460658,3.6232492903979,-0.19996390794816588,3
869,3.8232610385389147,3.6232492903979,-0.20001174814101486,6
870,3.82333779627694,3.6232492903979,-0.20008850587904004,9
871,3.823063699473355,3.6232492903979,-0.19981440907545522,5
872,3.8233305730139637,3.6232492903979,-0.20008128261606384,8
873,5.5749879912353695,5.375092713083399,-0.1998952781519705,3
874,5.575189736476315,5.375092713083399,-0.20009702339291646,2
875,5.575252461921181,5.375092713083399,-0.2001597488377822,8
876,5.575079970199192,5.375092713083399,-0.1999872571157928,9
877,5.5752046170126235,5.375092713083399,-0.2001119039292245,10
878,5.57487387016077,5.375092713083399,-0.19978115707737132,7
879,5.57507532905614,5.375092713083399,-0.1999826159727407,5
880,5.575411174525787,5.375092713083399,-0.20031846144238763,1
881,5.574884050495485,5.375092713083399,-0.1997913374120861,4
882,6.295829305698167,6.361727836017593,0.06589853031942638,4
883,6.260176987853298,6.361727836017593,0.10155084816429483,5
884,6.298066920980813,6.361727836017593,0.06366091503678017,1
885,6.282255104248393,6.361727836017593,0.07947273176919989,2
886,6.249638664233249,6.361727836017593,0.11208917178434419,3
887,6.329387749090566,6.361727836017593,0.032340086927026945,6
888,6.265419497443312,6.361727836017593,0.09630833857428112,9
889,6.1615205574110785,6.361727836017593,0.20020727860651455,7
890,6.241931678582424,6.361727836017593,0.11979615743516892,8
891,6.209922989968668,6.409933123331294,0.20001013336262652,10
892,6.210011837079187,6.409933123331294,0.19992128625210714,8
893,6.210082160411026,6.409933123331294,0.1998509629202685,3
894,6.209903436522537,6.409933123331294,0.2000296868087572,6
895,6.209640962748017,6.409933123331294,0.20029216058327748,7
896,6.209669923169704,6.409933123331294,0.20026320016159005,4
897,6.209749807947146,6.409933123331294,0.20018331538414813,9
898,6.209727178374838,6.409933123331294,0.2002059449564566,5
899,6.210027405558256,6.409933123331294,0.19990571777303856,2
900,6.677127798328567,6.477121254719663,-0.20000654360890469,10
901,6.677041585428623,6.477121254719663,-0.19992033070896031,7
902,6.677170883073414,6.477121254719663,-0.20004962835375117,1
903,6.676840811712512,6.477121254719663,-0.19971955699284916,4
904,6.677008446719052,6.477121254719663,-0.1998871919993892,3
905,6.677045072492558,6.477121254719663,-0.1999238177728957,9
906,6.4301900894714406,6.477121254719663,0.04693116524822205,8
907,6.677143282498242,6.477121254719663,-0.20002202777857914,5
908,6.677538371511887,6.477121254719663,-0.20041711679222463,6
909,6.820952430949292,7.021189299069938,0.2002368681206459,3
910,6.821466911870923,7.021189299069938,0.19972238719901547,8
911,6.82132240542862,7.021189299069938,0.19986689364131838,5
912,6.820815504353247,7.021189299069938,0.20037379471669148,4
913,6.820999278044248,7.021189299069938,0.2001900210256906,10
914,6.821351622873825,7.021189299069938,0.19983767619611292,9
915,6.8210302722073,7.021189299069938,0.20015902686263853,6
916,6.821168099212142,7.021189299069938,0.20002119985779654,7
917,6.821638045121396,7.021189299069938,0.19955125394854267,1
918,3.6129111441776933,3.413299764081252,-0.19961138009644142,9
919,3.6131265183870305,3.413299764081252,-0.19982675430577856,5
920,3.6135348449074387,3.413299764081252,-0.2002350808261868,4
921,3.6133509216332067,3.413299764081252,-0.2000511575519548,8
922,3.612798935750769,3.413299764081252,-0.19949917166951714,7
923,3.613221540433427,3.413299764081252,-0.19992177635217523,10
924,3.6136481255077078,3.413299764081252,-0.20034836142645585,1
925,3.6132963388412556,3.413299764081252,-0.19999657476000365,3
926,3.6134836977987552,3.413299764081252,-0.20018393371750332,2
927,4.460447443198019,4.260071387985075,-0.20037605521294388,1
928,4.460081123021031,4.260071387985075,-0.2000097350359562,10
929,4.460485531893853,4.260071387985075,-0.20041414390877765,6
930,4.460305470844185,4.260071387985075,-0.20023408285910982,3
931,4.4601073553976995,4.260071387985075,-0.20003596741262442,4
932,4.459962573226727,4.260071387985075,-0.19989118524165228,7
933,4.459839994476783,4.260071387985075,-0.19976860649170813,2
934,4.460217446211674,4.260071387985075,-0.2001460582265988,8
935,4.460152259793965,4.260071387985075,-0.20008087180888978,5
936,6.200057812447812,6.0,-0.2000578124478123,5
937,6.200086408409952,6.0,-0.20008640840995184,7
938,6.200303637915143,6.0,-0.20030363791514283,1
939,6.200098090065445,6.0,-0.20009809006544543,8
940,6.200084395653784,6.0,-0.2000843956537839,2
941,6.199708966346303,6.0,-0.19970896634630275,4
942,6.2002010724019785,6.0,-0.20020107240197849,10
943,6.20001510446447,6.0,-0.20001510446446957,9
944,6.200187665895488,6.0,-0.20018766589548775,3
945,6.540351130687997,6.740362689494244,0.20001155880624744,10
946,6.540407407940088,6.740362689494244,0.1999552815541561,5
947,6.54030666909969,6.740362689494244,0.2000560203945545,9
948,6.540307485024463,6.740362689494244,0.20005520446978142,8
949,6.5405530940845535,6.740362689494244,0.19980959540969057,3
950,6.540411890241121,6.740362689494244,0.19995079925312353,7
951,6.540570769976087,6.740362689494244,0.199791919518157,2
952,6.540339696359633,6.740362689494244,0.2000229931346107,4
953,6.540399232355762,6.740362689494244,0.19996345713848207,1
954,6.299040809761344,6.099231615080882,-0.1998091946804621,8
955,6.298899969000265,6.099231615080882,-0.19966835391938353,6
956,6.299435497255023,6.099231615080882,-0.20020388217414098,9
957,6.299636920612734,6.099231615080882,-0.2004053055318522,1
958,6.298887410180335,6.099231615080882,-0.19965579509945286,2
959,6.299242281138137,6.099231615080882,-0.20001066605725537,10
960,6.2995242413233115,6.099231615080882,-0.2002926262424296,7
961,6.299072445948387,6.099231615080882,-0.19984083086750548,4
962,6.298807212637792,6.099231615080882,-0.19957559755691,3
963,6.231540593781356,6.431363764158987,0.19982317037763053,3
964,6.338481232548041,6.431363764158987,0.09288253161094584,7
965,6.23148377548337,6.431363764158987,0.19987998867561707,1
966,6.2310961775415,6.431363764158987,0.20026758661748723,8
967,6.231595217627833,6.431363764158987,0.19976854653115428,6
968,6.2310484620790785,6.431363764158987,0.20031530207990844,9
969,6.2315356697825885,6.431363764158987,0.19982809437639837,10
970,6.231219032532643,6.431363764158987,0.20014473162634427,4
971,6.231214595380436,6.431363764158987,0.20014916877855082,5
972,6.544747827740911,4.6464037262230695,-1.898344101517841,4
973,6.654588752061164,4.6464037262230695,-2.0081850258380944,10
974,5.767569663305621,4.6464037262230695,-1.1211659370825515,2
975,6.6302755692744,4.6464037262230695,-1.9838718430513307,5
976,6.660068749019072,4.6464037262230695,-2.013665022796003,8
977,6.597472759570348,4.6464037262230695,-1.9510690333472782,9
978,6.661045278522884,4.6464037262230695,-2.014641552299815,6
979,6.635982724499764,4.6464037262230695,-1.989578998276694,3
980,6.6192896059276425,4.6464037262230695,-1.972885879704573,1
981,6.342375561593791,6.142702245737616,-0.19967331585617476,9
982,6.342496994579696,6.142702245737616,-0.1997947488420797,6
983,6.342629050308386,6.142702245737616,-0.1999268045707705,4
984,5.942877885550141,6.142702245737616,0.19982436018747496,7
985,6.342526944763925,6.142702245737616,-0.19982469902630928,3
986,6.342655764467224,6.142702245737616,-0.19995351872960843,5
987,6.342864673648679,6.142702245737616,-0.20016242791106276,8
988,6.342939581802393,6.142702245737616,-0.20023733606477734,10
989,6.34248122281305,6.142702245737616,-0.19977897707543413,2
990,6.491865015614224,6.431363764158987,-0.06050125145523744,7
991,6.631202989502874,6.431363764158987,-0.19983922534388743,8
992,6.631384156418869,6.431363764158987,-0.20002039225988177,9
993,6.631547487384125,6.431363764158987,-0.20018372322513844,2
994,6.231191269442072,6.431363764158987,0.20017249471691478,5
995,6.631204897229372,6.431363764158987,-0.1998411330703851,3
996,6.631648274139241,6.431363764158987,-0.20028450998025438,4
997,6.631733418523233,6.431363764158987,-0.2003696543642457,10
998,6.631636709871103,6.431363764158987,-0.20027294571211574,1
999,6.132414814804054,6.19258417809083,0.06016936328677591,2
1000,6.106693432187816,6.19258417809083,0.08589074590301404,6
1001,6.2093543769670205,6.19258417809083,-0.016770198876190356,9
1002,6.150749420582868,6.19258417809083,0.04183475750796184,4
1003,6.067274180718893,6.19258417809083,0.1253099973719376,10
1004,6.100673002808068,6.19258417809083,0.09191117528276216,8
1005,6.159524457323981,6.19258417809083,0.03305972076684949,5
1006,6.3126312168406145,6.19258417809083,-0.12004703874978429,1
1007,6.002726716288978,6.19258417809083,0.1898574618018518,7
1008,6.038204779241729,6.238046103128795,0.19984132388706577,1
1009,6.03788302774516,6.238046103128795,0.2001630753836352,6
1010,6.286217957721156,6.238046103128795,-0.048171854592361285,4
1011,6.133750115091583,6.238046103128795,0.10429598803721163,7
1012,6.037997391002426,6.238046103128795,0.2000487121263692,3
1013,6.037671758650458,6.238046103128795,0.20037434447833746,10
1014,6.135476229960557,6.238046103128795,0.10256987316823807,2
1015,6.0399119088281825,6.238046103128795,0.19813419430061252,8
1016,6.038141785805043,6.238046103128795,0.19990431732375225,5
1017,6.750552119411846,6.950851458888547,0.2002993394767012,6
1018,6.751176380949964,6.950851458888547,0.19967507793858275,10
1019,6.750400364273321,6.950851458888547,0.20045109461522603,2
1020,6.750969898558388,6.950851458888547,0.1998815603301587,9
1021,6.7509913132210855,6.950851458888547,0.19986014566746135,1
1022,6.750927184055275,6.950851458888547,0.1999242748332719,4
1023,6.750822832392316,6.950851458888547,0.20002862649623054,5
1024,6.750916219280244,6.950851458888547,0.19993523960830295,8
1025,6.750584883999542,6.950851458888547,0.2002665748890049,7
1026,5.372421931852688,4.819543935541868,-0.5528779963108192,2
1027,5.50047438980702,4.819543935541868,-0.6809304542651518,9
1028,5.473614771976385,4.819543935541868,-0.6540708364345162,1
1029,5.317870901913772,4.819543935541868,-0.4983269663719039,4
1030,5.566452466147878,4.819543935541868,-0.7469085306060093,10
1031,5.402090772489174,4.819543935541868,-0.5825468369473059,3
1032,5.019737295438478,4.819543935541868,-0.2001933598966099,8
1033,5.386570612242543,4.819543935541868,-0.5670266767006744,5
1034,5.5492174150601405,4.819543935541868,-0.7296734795182722,6
1035,6.311265620117699,4.716504163773217,-1.5947614563444823,4
1036,6.295153084582619,4.716504163773217,-1.5786489208094023,7
1037,6.0811904493969635,4.716504163773217,-1.3646862856237467,3
1038,6.4859854005288256,4.716504163773217,-1.7694812367556088,9
1039,6.162830684616182,4.716504163773217,-1.4463265208429652,6
1040,6.313067682938005,4.716504163773217,-1.5965635191647882,5
1041,6.317547610963869,4.716504163773217,-1.6010434471906523,1
1042,6.2647741262415835,4.716504163773217,-1.5482699624683667,8
1043,6.070904916716024,4.716504163773217,-1.3544007529428068,10
1044,6.412828549506897,6.612783856719736,0.19995530721283927,7
1045,6.691046891080198,6.612783856719736,-0.07826303436046178,9
1046,6.448393225575994,6.612783856719736,0.16439063114374264,2
1047,6.412711400031765,6.612783856719736,0.20007245668797147,1
1048,6.4128884794010155,6.612783856719736,0.19989537731872087,4
1049,6.412593833748937,6.612783856719736,0.20019002297079957,10
1050,6.413046459480915,6.612783856719736,0.19973739723882122,3
1051,6.412753488424926,6.612783856719736,0.20003036829481058,6
1052,6.335021379866058,6.612783856719736,0.2777624768536784,5
1053,6.082217106046461,5.7160033436348,-0.36621376241166104,4
1054,5.961111034424904,5.7160033436348,-0.2451076907901033,9
1055,5.961487466434539,5.7160033436348,-0.24548412279973864,7
1056,5.957863837945027,5.7160033436348,-0.2418604943102265,3
1057,5.961135087576777,5.7160033436348,-0.24513174394197623,5
1058,5.961575470049179,5.7160033436348,-0.24557212641437864,10
1059,5.961285626657506,5.7160033436348,-0.24528228302270527,1
1060,5.9611811044569665,5.7160033436348,-0.24517776082216614,2
1061,5.96120188930337,5.7160033436348,-0.24519854566856925,8
1062,6.074089922771506,6.3979400086720375,0.3238500859005313,2
1063,6.0743378867849644,6.3979400086720375,0.32360212188707305,8
1064,6.065074592510459,6.3979400086720375,0.33286541616157805,5
1065,6.043502322297212,6.3979400086720375,0.3544376863748253,1
1066,6.038115712679081,6.3979400086720375,0.35982429599295607,10
1067,6.066514876650537,6.3979400086720375,0.3314251320215007,7
1068,6.080878060984944,6.3979400086720375,0.31706194768709306,3
1069,6.197753410206066,6.3979400086720375,0.20018659846597142,4
1070,6.038640065592139,6.3979400086720375,0.35929994307989865,9
1071,5.8908538928929985,6.077258863692948,0.18640497079994933,7
1072,5.923495063816715,6.077258863692948,0.15376379987623245,10
1073,5.951515498381241,6.077258863692948,0.12574336531170704,6
1074,5.898273398477007,6.077258863692948,0.17898546521594128,1
1075,5.877093982940211,6.077258863692948,0.20016488075273653,3
1076,5.951687815460795,6.077258863692948,0.12557104823215326,2
1077,5.885471091462117,6.077258863692948,0.191787772230831,9
1078,5.937976339925989,6.077258863692948,0.13928252376695927,5
1079,5.913084570004432,6.077258863692948,0.16417429368851622,4
1080,6.529356064588089,6.614897216033135,0.08554115144504681,8
1081,6.414616762584225,6.614897216033135,0.20028045344891066,2
1082,6.528917206666302,6.614897216033135,0.0859800093668337,7
1083,6.528966097852434,6.614897216033135,0.0859311181807012,9
1084,6.5291479065961315,6.614897216033135,0.08574930943700387,6
1085,6.528873098156124,6.614897216033135,0.08602411787701136,4
1086,6.529067541022405,6.614897216033135,0.08582967501073036,1
1087,6.528914982704647,6.614897216033135,0.08598223332848853,3
1088,6.529011237617777,6.614897216033135,0.08588597841535872,10
1089,5.186856082451028,5.00902574208691,-0.1778303403641175,5
1090,5.208972990798488,5.00902574208691,-0.19994724871157743,4
1091,5.209478290503749,5.00902574208691,-0.20045254841683846,1
1092,5.209019465701524,5.00902574208691,-0.19999372361461365,8
1093,5.2093395400742075,5.00902574208691,-0.2003137979872971,6
1094,5.209285845004207,5.00902574208691,-0.200260102917297,9
1095,5.19643411119422,5.00902574208691,-0.18740836910730962,7
1096,5.209301583639232,5.00902574208691,-0.2002758415523216,3
1097,5.142712989983533,5.00902574208691,-0.13368724789662245,2
1098,5.475715904963913,5.37383114507383,-0.1018847598900825,3
1099,5.174026459032864,5.37383114507383,0.19980468604096657,2
1100,5.173768089298304,5.37383114507383,0.20006305577552652,6
1101,5.228160192530526,5.37383114507383,0.14567095254330464,7
1102,5.339494398515179,5.37383114507383,0.03433674655865104,8
1103,5.173739269212338,5.37383114507383,0.20009187586149224,4
1104,5.173899884625324,5.37383114507383,0.19993126044850662,5
1105,5.173694120373756,5.37383114507383,0.20013702470007466,10
1106,5.174192544624208,5.37383114507383,0.19963860044962267,1
1107,6.276896016455903,6.477121254719663,0.2002252382637595,10
1108,6.277438114903907,6.477121254719663,0.1996831398157557,8
1109,6.277033112234697,6.477121254719663,0.2000881424849652,4
1110,6.277308835906187,6.477121254719663,0.199812418813476,5
1111,6.277128879941814,6.477121254719663,0.1999923747778487,2
1112,6.27710275892159,6.477121254719663,0.20001849579807285,3
1113,6.277318989024754,6.477121254719663,0.19980226569490878,6
1114,6.276745262780431,6.477121254719663,0.2003759919392314,9
1115,6.27681113745722,6.477121254719663,0.2003101172624424,7
1116,5.627423048390307,4.862250674597925,-0.7651723737923826,10
1117,5.554048089632433,4.862250674597925,-0.6917974150345083,7
1118,5.432741409925885,4.862250674597925,-0.5704907353279607,5
1119,5.588296623132161,4.862250674597925,-0.7260459485342361,3
1120,5.58381008610625,4.862250674597925,-0.7215594115083253,8
1121,5.647194955645087,4.862250674597925,-0.7849442810471627,4
1122,5.568521591441326,4.862250674597925,-0.7062709168434012,2
1123,5.629990493617274,4.862250674597925,-0.7677398190193498,9
1124,5.630994996183696,4.862250674597925,-0.7687443215857712,6
1125,6.266539331918941,6.466867620354109,0.20032828843516803,8
1126,6.26664494558303,6.466867620354109,0.20022267477107913,9
1127,6.267134166985885,6.466867620354109,0.199733453368224,5
1128,6.266662248484701,6.466867620354109,0.20020537186940768,4
1129,6.266613902284207,6.466867620354109,0.20025371806990222,10
1130,6.26672343466106,6.466867620354109,0.20014418569304926,7
1131,6.267100011513779,6.466867620354109,0.19976760884032974,1
1132,6.267043011764075,6.466867620354109,0.19982460859003393,2
1133,6.266985263033925,6.466867620354109,0.19988235732018378,3
1134,5.388025050786792,5.188084373714938,-0.19994067707185437,6
1135,5.387825497484601,5.188084373714938,-0.19974112376966335,9
1136,5.387896769962553,5.188084373714938,-0.19981239624761482,3
1137,5.388039644451164,5.188084373714938,-0.19995527073622554,8
1138,5.388241992752488,5.188084373714938,-0.20015761903755003,7
1139,5.3876945326494114,5.188084373714938,-0.19961015893447343,5
1140,5.388189382640639,5.188084373714938,-0.20010500892570082,2
1141,5.387889534491096,5.188084373714938,-0.19980516077615817,10
1142,5.388062231239318,5.188084373714938,-0.19997785752438002,1
1143,6.017378908982969,6.079181246047625,0.06180233706465632,9
1144,6.000046551721808,6.079181246047625,0.0791346943258171,3
1145,6.003833328205168,6.079181246047625,0.07534791784245698,5
1146,5.999596351595206,6.079181246047625,0.07958489445241934,10
1147,6.018635975569741,6.079181246047625,0.06054527047788394,4
1148,6.020219330690503,6.079181246047625,0.0589619153571217,2
1149,5.878988383191357,6.079181246047625,0.2001928628562677,6
1150,6.023956300320965,6.079181246047625,0.05522494572666048,7
1151,5.990294183468515,6.079181246047625,0.0888870625791105,1
1152,6.131762599315689,6.146128035678238,0.014365436362549389,4
1153,6.19650514704957,6.146128035678238,-0.05037711137133183,6
1154,6.161872722373946,6.146128035678238,-0.015744686695708054,1
1155,6.346231206226377,6.146128035678238,-0.20010317054813864,9
1156,6.167098214997147,6.146128035678238,-0.02097017931890921,10
1157,5.94583164610879,6.146128035678238,0.2002963895694485,5
1158,5.946260208826065,6.146128035678238,0.19986782685217275,8
1159,6.08866641740999,6.146128035678238,0.05746161826824814,7
1160,6.068151189470146,6.146128035678238,0.07797684620809253,3
1161,5.526461679550801,5.326335860928752,-0.20012581862204915,2
1162,5.526390856283013,5.326335860928752,-0.20005499535426097,7
1163,5.526535342345009,5.326335860928752,-0.20019948141625754,8
1164,5.526513174391507,5.326335860928752,-0.20017731346275536,5
1165,5.52652815782717,5.326335860928752,-0.20019229689841822,1
1166,5.526426977146102,5.326335860928752,-0.20009111621734998,10
1167,5.526648090664878,5.326335860928752,-0.2003122297361264,6
1168,5.526493528791497,5.326335860928752,-0.20015766786274547,3
1169,5.526339752081769,5.326335860928752,-0.20000389115301775,9
1170,6.568640950966486,6.768638101247615,0.19999715028112863,5
1171,6.568370869355365,6.768638101247615,0.2002672318922496,8
1172,6.568768193414662,6.768638101247615,0.19986990783295333,3
1173,6.568472502931458,6.768638101247615,0.20016559831615677,2
1174,6.568995652851916,6.768638101247615,0.1996424483956991,6
1175,6.568560174194877,6.768638101247615,0.20007792705273797,1
1176,6.5688231873728515,6.768638101247615,0.19981491387476336,7
1177,6.568676211961286,6.768638101247615,0.19996188928632908,9
1178,6.568586059252201,6.768638101247615,0.2000520419954137,4
1179,5.6853937220175155,5.48572142648158,-0.1996722955359358,9
1180,5.68550541982231,5.48572142648158,-0.1997839933407306,3
1181,5.690303567452642,5.48572142648158,-0.20458214097106264,6
1182,5.685654156005844,5.48572142648158,-0.19993272952426455,10
1183,5.691675490406205,5.48572142648158,-0.2059540639246249,1
1184,5.685800198337763,5.48572142648158,-0.20007877185618295,8
1185,5.685904429646687,5.48572142648158,-0.2001830031651073,5
1186,5.685875959307126,5.48572142648158,-0.20015453282554674,2
1187,5.819337897260879,5.48572142648158,-0.33361647077929923,7
1188,5.707302957467252,5.507072896756503,-0.20023006071074878,10
1189,5.632047989703036,5.507072896756503,-0.1249750929465332,9
1190,5.706766962622042,5.507072896756503,-0.19969406586553884,2
1191,5.707066437960068,5.507072896756503,-0.1999935412035656,8
1192,5.707039029780801,5.507072896756503,-0.1999661330242981,5
1193,5.737140103254239,5.507072896756503,-0.23006720649773627,4
1194,5.7074081251589295,5.507072896756503,-0.20033522840242668,3
1195,6.10088885486501,5.507072896756503,-0.5938159581085074,7
1196,5.707175762714183,5.507072896756503,-0.20010286595768,1
1197,5.640600057828447,5.08361010516231,-0.5569899526661368,1
1198,5.675102383999564,5.08361010516231,-0.5914922788372534,3
1199,5.639808343205175,5.08361010516231,-0.5561982380428647,2
1200,5.646524067906095,5.08361010516231,-0.5629139627437851,5
1201,5.54609951694999,5.08361010516231,-0.4624894117876801,9
1202,5.812640973358932,5.08361010516231,-0.729030868196622,6
1203,5.652598405158313,5.08361010516231,-0.5689882999960032,10
1204,5.638342468679164,5.08361010516231,-0.5547323635168535,8
1205,5.649709094991508,5.08361010516231,-0.5660989898291975,4
1206,6.248431085461492,6.156851901070011,-0.09157918439148105,5
1207,6.356791747382222,6.156851901070011,-0.19993984631221107,9
1208,6.35682222997257,6.156851901070011,-0.19997032890255895,6
1209,6.356828646249905,6.156851901070011,-0.19997674517989417,4
1210,6.172332912679051,6.156851901070011,-0.015481011609040252,1
1211,6.356567321099722,6.156851901070011,-0.19971542002971088,2
1212,6.356438758474922,6.156851901070011,-0.19958685740491067,3
1213,6.356991258440066,6.156851901070011,-0.2001393573700545,7
1214,6.35718579222356,6.156851901070011,-0.20033389115354883,8
1215,5.876999100526681,5.676693609624866,-0.2003054909018145,5
1216,6.5310583564191935,5.676693609624866,-0.8543647467943272,10
1217,5.876900754961078,5.676693609624866,-0.2002071453362113,9
1218,5.87697859582447,5.676693609624866,-0.20028498619960367,3
1219,5.8767366029613175,5.676693609624866,-0.20004299333645115,4
1220,5.924543179120707,5.676693609624866,-0.24784956949584025,6
1221,5.876768439812886,5.676693609624866,-0.20007483018801953,2
1222,6.0388269370617325,5.676693609624866,-0.3621333274368661,8
1223,5.884775952712377,5.676693609624866,-0.2080823430875105,7
1224,7.052860969498539,7.252853030979893,0.19999206148135418,1
1225,7.053111650846006,7.252853030979893,0.19974138013388743,8
1226,7.052912480071385,7.252853030979893,0.19994055090850793,10
1227,7.052639417736504,7.252853030979893,0.20021361324338915,2
1228,7.0527571664575,7.252853030979893,0.20009586452239336,6
1229,7.053057181674285,7.252853030979893,0.199795849305608,4
1230,7.052679925633999,7.252853030979893,0.20017310534589416,3
1231,7.053245851693655,7.252853030979893,0.1996071792862386,9
1232,7.05329807286879,7.252853030979893,0.19955495811110335,7
1233,6.26202490827817,6.301029995663981,0.03900508738581099,5
1234,6.224698857029919,6.301029995663981,0.07633113863406216,2
1235,6.3299852395600045,6.301029995663981,-0.02895524389602322,8
1236,6.294345986987156,6.301029995663981,0.006684008676825393,3
1237,6.498682493510826,6.301029995663981,-0.19765249784684435,10
1238,6.384361101655887,6.301029995663981,-0.08333110599190618,4
1239,6.4225656332841385,6.301029995663981,-0.12153563762015729,9
1240,6.331518371504949,6.301029995663981,-0.030488375840967308,7
1241,6.498843262590103,6.301029995663981,-0.1978132669261221,1
1242,6.299995272577444,6.477121254719663,0.17712598214221842,1
1243,6.253891097591699,6.477121254719663,0.223230157127964,9
1244,6.071606126890418,6.477121254719663,0.40551512782924437,7
1245,6.276979408750808,6.477121254719663,0.20014184596885443,4
1246,6.016845744816576,6.477121254719663,0.4602755099030862,2
1247,6.136170419212407,6.477121254719663,0.3409508355072557,8
1248,6.093722901790877,6.477121254719663,0.38339835292878544,6
1249,6.276868490243473,6.477121254719663,0.20025276447618978,10
1250,6.060467184093691,6.477121254719663,0.41665407062597204,3
1251,6.161736782076977,6.361727836017593,0.19999105394061623,2
1252,6.161538742409349,6.361727836017593,0.20018909360824377,1
1253,6.161804192337304,6.361727836017593,0.1999236436802887,8
1254,6.161615817623772,6.361727836017593,0.20011201839382142,10
1255,6.16138979075305,6.361727836017593,0.20033804526454269,9
1256,6.16167868597676,6.361727836017593,0.200049150040833,4
1257,6.161460604785725,6.361727836017593,0.20026723123186763,7
1258,6.161475229722904,6.361727836017593,0.200252606294689,3
1259,6.162120648793904,6.361727836017593,0.1996071872236893,6
1260,5.879125043791623,6.079181246047625,0.20005620225600218,2
1261,5.879234409843548,6.079181246047625,0.19994683620407727,1
1262,5.879437705142929,6.079181246047625,0.19974354090469593,7
1263,5.8793604528373775,6.079181246047625,0.1998207932102476,3
1264,5.87894312150474,6.079181246047625,0.20023812454288503,5
1265,5.879374655351974,6.079181246047625,0.1998065906956512,10
1266,5.879427686400229,6.079181246047625,0.19975355964739627,6
1267,5.878997867311123,6.079181246047625,0.20018337873650172,9
1268,5.88139418301559,6.079181246047625,0.19778706303203553,8
1269,5.921470844492741,4.396199347095736,-1.5252714973970045,10
1270,5.8540886930211355,4.396199347095736,-1.4578893459253992,6
1271,5.920448388420971,4.396199347095736,-1.524249041325235,3
1272,5.913204891313225,4.396199347095736,-1.517005544217489,7
1273,5.923920705022515,4.396199347095736,-1.5277213579267785,8
1274,5.8175996720612755,4.396199347095736,-1.4214003249655391,9
1275,5.916251970228048,4.396199347095736,-1.5200526231323117,5
1276,5.914188129800084,4.396199347095736,-1.5179887827043475,4
1277,5.9047463913338385,4.396199347095736,-1.5085470442381022,1
1278,5.946635649619119,6.14705767102836,0.20042202140924115,5
1279,5.97307427741699,6.14705767102836,0.17398339361136994,10
1280,5.946712395305917,6.14705767102836,0.20034527572244354,7
1281,5.946757245805047,6.14705767102836,0.20030042522331293,3
1282,6.031390485162618,6.14705767102836,0.11566718586574254,9
1283,5.946903619399666,6.14705767102836,0.2001540516286946,8
1284,5.947159393243598,6.14705767102836,0.19989827778476243,1
1285,6.229278633134891,6.14705767102836,-0.08222096210653085,6
1286,5.946959122130462,6.14705767102836,0.20009854889789835,2
1287,6.291279721868984,5.195456833628169,-1.0958228882408152,8
1288,6.412593833748937,5.195456833628169,-1.2171370001207675,10
1289,6.412828549506897,5.195456833628169,-1.2173717158787278,7
1290,6.412753488424926,5.195456833628169,-1.2172966547967565,6
1291,6.448393225575994,5.195456833628169,-1.2529363919478245,2
1292,6.412711400031765,5.195456833628169,-1.2172545664035956,1
1293,6.4128884794010155,5.195456833628169,-1.2174316457728462,4
1294,6.413046459480915,5.195456833628169,-1.2175896258527459,3
1295,6.335021379866058,5.195456833628169,-1.1395645462378887,5
1296,5.843253009190662,5.643551368562945,-0.19970164062771723,8
1297,5.843882753983799,5.643551368562945,-0.2003313854208537,4
1298,5.843363103057133,5.643551368562945,-0.19981173449418765,9
1299,5.843847490984242,5.643551368562945,-0.2002961224212969,1
1300,5.843494739714504,5.643551368562945,-0.19994337115155858,10
1301,5.843353076408024,5.643551368562945,-0.19980170784507933,6
1302,5.443183895974369,5.643551368562945,0.20036747258857623,3
1303,5.843513676362594,5.643551368562945,-0.19996230779964907,5
1304,5.964471516492913,5.643551368562945,-0.3209201479299679,2
1305,5.816472766495205,6.016197353512439,0.19972458701723372,10
1306,5.845528898955044,6.016197353512439,0.17066845455739532,1
1307,5.744937574848731,6.016197353512439,0.2712597786637083,9
1308,5.836197736189544,6.016197353512439,0.1799996173228946,8
1309,5.816188644631126,6.016197353512439,0.20000870888131317,7
1310,5.815836612875827,6.016197353512439,0.20036074063661147,4
1311,5.815976347144582,6.016197353512439,0.20022100636785733,5
1312,5.885555287441824,6.016197353512439,0.13064206607061468,2
1313,5.848078810143447,6.016197353512439,0.16811854336899223,3
1314,5.793146718583056,6.079181246047625,0.2860345274645688,8
1315,5.753039991154478,6.079181246047625,0.32614125489314727,10
1316,5.821407725914468,6.079181246047625,0.25777352013315724,2
1317,5.785823789775684,6.079181246047625,0.29335745627194143,1
1318,5.719200982539576,6.079181246047625,0.35998026350804935,6
1319,5.761085291977983,6.079181246047625,0.3180959540696424,5
1320,5.755975981689131,6.079181246047625,0.32320526435849395,7
1321,5.755556812177106,6.079181246047625,0.32362443387051876,4
1322,5.784751006245361,6.079181246047625,0.29443023980226446,3
1323,5.945826656686277,6.146128035678238,0.200301378991961,9
1324,5.945983622395729,6.146128035678238,0.20014441328250943,7
1325,5.9460874587812285,6.146128035678238,0.20004057689700971,6
1326,5.946311549189937,6.146128035678238,0.19981648648830141,8
1327,5.94593179278916,6.146128035678238,0.20019624288907778,10
1328,5.9462392391272845,6.146128035678238,0.1998887965509537,1
1329,5.946055942253707,6.146128035678238,0.2000720934245308,3
1330,5.945957307682645,6.146128035678238,0.20017072799559354,5
1331,5.946182567619665,6.146128035678238,0.19994546805857283,2
1332,6.199760575846793,6.0,-0.19976057584679285,3
1333,6.200397214926041,6.0,-0.20039721492604112,1
1334,5.799863362291957,6.0,0.20013663770804335,5
1335,6.200167493541387,6.0,-0.20016749354138685,9
1336,6.2000075427759,6.0,-0.20000754277590005,4
1337,6.200028574891333,6.0,-0.2000285748913333,7
1338,6.20007218167633,6.0,-0.20007218167632956,10
1339,6.1999642084742375,6.0,-0.19996420847423746,8
1340,6.200400279849477,6.0,-0.20040027984947706,6
1341,5.608483365835893,4.113943352306837,-1.4945400135290559,1
1342,5.430515974402965,4.113943352306837,-1.3165726220961282,5
1343,5.655550542109689,4.113943352306837,-1.5416071898028525,7
1344,5.599452742651009,4.113943352306837,-1.4855093903441716,9
1345,5.529685596250621,4.113943352306837,-1.4157422439437841,6
1346,5.677854475235279,4.113943352306837,-1.5639111229284417,2
1347,5.591468028520576,4.113943352306837,-1.477524676213739,10
1348,5.665798870692657,4.113943352306837,-1.5518555183858203,3
1349,5.5888171389475625,4.113943352306837,-1.4748737866407255,4
1350,6.777665967881749,6.577491799837225,-0.2001741680445237,3
1351,6.410925073983897,6.577491799837225,0.1665667258533281,8
1352,6.777738647339598,6.577491799837225,-0.2002468475023731,7
1353,6.777650986230689,6.577491799837225,-0.20015918639346353,10
1354,6.777657835026286,6.577491799837225,-0.20016603518906084,4
1355,6.777631789863317,6.577491799837225,-0.20013999002609228,5
1356,6.593841180224666,6.577491799837225,-0.016349380387440604,2
1357,6.799265569325595,6.577491799837225,-0.2217737694883697,6
1358,6.777879273713064,6.577491799837225,-0.2003874738758391,1
1359,5.673201455610177,5.472756449317212,-0.20044500629296458,5
1360,5.672665851430947,5.472756449317212,-0.1999094021137351,8
1361,5.672578469184597,5.472756449317212,-0.19982201986738435,1
1362,5.673032790815846,5.472756449317212,-0.2002763414986335,3
1363,5.6727847212195766,5.472756449317212,-0.20002827190236427,7
1364,5.672520948800907,5.472756449317212,-0.19976449948369446,2
1365,5.673010991013323,5.472756449317212,-0.20025454169611034,10
1366,5.672639488331888,5.472756449317212,-0.19988303901467575,4
1367,5.673062767587329,5.472756449317212,-0.20030631827011636,6
1368,6.534646584057449,6.334453751150931,-0.20019283290651835,5
1369,6.534759645169865,6.334453751150931,-0.20030589401893462,1
1370,6.534511149175976,6.334453751150931,-0.20005739802504507,7
1371,6.534291942623546,6.334453751150931,-0.19983819147261528,4
1372,6.534789902085808,6.334453751150931,-0.2003361509348771,10
1373,6.534863607553408,6.334453751150931,-0.20040985640247744,6
1374,6.534477634136382,6.334453751150931,-0.2000238829854517,8
1375,6.5339704293946035,6.334453751150931,-0.1995166782436728,3
1376,6.44927936339383,6.334453751150931,-0.11482561224289967,2
1377,6.617928705403251,7.276921132065774,0.6589924266625227,9
1378,6.618284631349775,7.276921132065774,0.6586365007159989,5
1379,6.582874732446638,7.276921132065774,0.6940463996191362,4
1380,6.561983352033187,7.276921132065774,0.7149377800325869,2
1381,6.548582501637384,7.276921132065774,0.7283386304283903,1
1382,6.589527825893695,7.276921132065774,0.6873933061720789,3
1383,6.5865396981497,7.276921132065774,0.6903814339160741,10
1384,6.5811507657306265,7.276921132065774,0.6957703663351475,7
1385,6.618237672294985,7.276921132065774,0.6586834597707893,6
1386,5.019754794361268,4.819543935541868,-0.20021085881939982,2
1387,5.019716412350088,4.819543935541868,-0.2001724768082198,9
1388,5.019617755699563,4.819543935541868,-0.20007382015769437,1
1389,5.01983176326689,4.819543935541868,-0.2002878277250213,4
1390,5.019982106444463,4.819543935541868,-0.20043817090259441,10
1391,5.019640234803166,4.819543935541868,-0.2000962992612978,5
1392,5.019802358109016,4.819543935541868,-0.20025842256714732,6
1393,5.019609858307913,4.819543935541868,-0.2000659227660444,7
1394,5.019707838735097,4.819543935541868,-0.20016390319322852,3
1395,7.283766674314297,7.483587296968894,0.1998206226545971,6
1396,7.645293305919529,7.483587296968894,-0.16170600895063547,8
1397,7.6449895910297485,7.483587296968894,-0.1614022940608546,3
1398,7.6452546379249675,7.483587296968894,-0.1616673409560736,10
1399,7.644916482162431,7.483587296968894,-0.16132918519353723,9
1400,7.644857409840673,7.483587296968894,-0.1612701128717795,2
1401,7.6450972833364546,7.483587296968894,-0.16150998636756064,1
1402,7.645321434048251,7.483587296968894,-0.1617341370793568,7
1403,7.645320785607008,7.483587296968894,-0.16173348863811388,5
1404,7.8409509969857245,8.041392685158225,0.20044168817250085,7
1405,7.841554183455978,8.041392685158225,0.19983850170224748,2
1406,7.841695917570233,8.041392685158225,0.1996967675879926,6
1407,7.8413344303964365,8.041392685158225,0.20005825476178885,8
1408,7.841070076618177,8.041392685158225,0.20032260854004846,3
1409,7.840951183883444,8.041392685158225,0.20044150127478133,10
1410,7.8414940145199825,8.041392685158225,0.19989867063824285,1
1411,7.841329677251541,8.041392685158225,0.2000630079066843,9
1412,7.841430455118449,8.041392685158225,0.19996223003977676,5
1413,7.2773191294928665,7.477121254719663,0.19980212522679608,3
1414,7.277183148846891,7.477121254719663,0.1999381058727714,10
1415,7.277251026908362,7.477121254719663,0.19987022781130026,5
1416,7.277164155853976,7.477121254719663,0.1999570988656867,1
1417,7.277304621383105,7.477121254719663,0.19981663333655764,6
1418,7.2773287271396105,7.477121254719663,0.19979252758005206,7
1419,7.27665340769105,7.477121254719663,0.2004678470286123,9
1420,7.2769423301372544,7.477121254719663,0.20017892458240816,4
1421,7.277129948207085,7.477121254719663,0.1999913065125778,2
1422,6.279613742709162,6.479393896404411,0.19978015369524904,9
1423,6.299840739385867,6.479393896404411,0.17955315701854424,1
1424,6.279397731983958,6.479393896404411,0.19999616442045287,2
1425,6.279118915045353,6.479393896404411,0.2002749813590583,8
1426,6.279349914802068,6.479393896404411,0.20004398160234338,7
1427,6.279210833099917,6.479393896404411,0.2001830633044941,10
1428,6.279565777119042,6.479393896404411,0.19982811928536925,6
1429,6.2790423877268635,6.479393896404411,0.20035150867754759,5
1430,6.279157446633337,6.479393896404411,0.20023644977107402,3
1431,7.277240446588297,7.477121254719663,0.19988080813136566,2
1432,7.277306045069535,7.477121254719663,0.19981520965012756,7
1433,7.2767580686404,7.477121254719663,0.2003631860792625,4
1434,7.276965204074708,7.477121254719663,0.20015605064495468,3
1435,7.27738067928819,7.477121254719663,0.1997405754314725,6
1436,7.277169280591964,7.477121254719663,0.19995197412769894,9
1437,7.277326262656648,7.477121254719663,0.19979499206301465,5
1438,7.277061771504888,7.477121254719663,0.2000594832147744,1
1439,7.277511312470638,7.477121254719663,0.19960994224902429,10
1440,6.401317862056631,6.320146286111054,-0.08117157594557689,10
1441,6.3447631613525655,6.320146286111054,-0.024616875241511238,2
1442,6.264211214637301,6.320146286111054,0.055935071473752984,1
1443,6.401622161926089,6.320146286111054,-0.0814758758150349,6
1444,6.401403709826889,6.320146286111054,-0.08125742371583478,3
1445,6.238220590781056,6.320146286111054,0.08192569532999805,4
1446,6.347106179044745,6.320146286111054,-0.026959892933691165,7
1447,6.401649026150411,6.320146286111054,-0.08150274003935642,5
1448,6.401302403797043,6.320146286111054,-0.08115611768598896,8
1449,6.3702852301832875,6.3979400086720375,0.027654778488749976,3
1450,6.260140516827214,6.3979400086720375,0.13779949184482376,2
1451,6.3792598615099525,6.3979400086720375,0.018680147162084992,4
1452,6.465346122334434,6.3979400086720375,-0.0674061136623969,8
1453,6.310927958105908,6.3979400086720375,0.0870120505661296,5
1454,6.2455447652554525,6.3979400086720375,0.15239524341658495,7
1455,6.220036789764612,6.3979400086720375,0.17790321890742522,1
1456,6.425280022374167,6.3979400086720375,-0.027340013702129795,6
1457,6.370579754330933,6.3979400086720375,0.02736025434110445,9
1458,5.957895933085443,6.113943352306837,0.15604741922139365,5
1459,6.0276232758615995,6.113943352306837,0.08632007644523743,10
1460,5.993976722357369,6.113943352306837,0.11996662994946838,3
1461,5.940008884329091,6.113943352306837,0.17393446797774637,9
1462,6.0701640091223625,6.113943352306837,0.043779343184474406,7
1463,5.914034998559428,6.113943352306837,0.1999083537474089,4
1464,5.9139858699628185,6.113943352306837,0.19995748234401844,2
1465,5.976164892245068,6.113943352306837,0.13777846006176908,6
1466,6.100246933105084,6.113943352306837,0.013696419201752796,8
1467,6.401649026150411,6.201397124320452,-0.2002519018299589,5
1468,6.238220590781056,6.201397124320452,-0.036823466460604415,4
1469,6.347106179044745,6.201397124320452,-0.14570905472429363,7
1470,6.401622161926089,6.201397124320452,-0.20022503760563737,6
1471,6.401317862056631,6.201397124320452,-0.19992073773617935,10
1472,6.264211214637301,6.201397124320452,-0.06281409031684948,1
1473,6.401403709826889,6.201397124320452,-0.20000658550643724,3
1474,6.401302403797043,6.201397124320452,-0.19990527947659142,8
1475,6.401676488395304,6.201397124320452,-0.20027936407485214,9
1476,6.470535874652902,6.986771734266245,0.5162358596133432,9
1477,6.663258662064915,6.986771734266245,0.3235130722013304,7
1478,6.513851378024746,6.986771734266245,0.47292035624149964,3
1479,6.44407685843261,6.986771734266245,0.542694875833635,1
1480,6.551016975342478,6.986771734266245,0.4357547589237676,8
1481,6.575273888314467,6.986771734266245,0.41149784595177863,10
1482,6.770951329204776,6.986771734266245,0.2158204050614696,6
1483,6.51041002700973,6.986771734266245,0.4763617072565154,2
1484,6.50138713100896,6.986771734266245,0.48538460325728483,5
1485,6.454421203888765,6.474216264076255,0.019795060187489888,10
1486,6.345540679549355,6.474216264076255,0.1286755845269001,4
1487,6.404043980232034,6.474216264076255,0.07017228384422136,7
1488,6.646994213531464,6.474216264076255,-0.17277794945520863,8
1489,6.362959237322777,6.474216264076255,0.1112570267534787,1
1490,6.501550149845375,6.474216264076255,-0.02733388576911988,3
1491,6.274397851486052,6.474216264076255,0.1998184125902034,2
1492,6.52682693140473,6.474216264076255,-0.05261066732847475,5
1493,6.276354186526444,6.474216264076255,0.19786207754981167,9
1494,6.352187968071238,6.004136436761356,-0.3480515313098822,3
1495,6.500810487566064,6.004136436761356,-0.4966740508047085,8
1496,6.204964803887301,6.004136436761356,-0.2008283671259452,7
1497,6.203889308024544,6.004136436761356,-0.19975287126318797,6
1498,6.204208515916929,6.004136436761356,-0.20007207915557323,2
1499,6.2044467966535715,6.004136436761356,-0.20031035989221557,1
1500,6.258965874581955,6.004136436761356,-0.2548294378205993,5
1501,6.228762721595617,6.004136436761356,-0.22462628483426084,9
1502,6.203859848423313,6.004136436761356,-0.1997234116619575,4
1503,6.276752800445827,6.477121254719663,0.20036845427383554,6
1504,6.27699715936771,6.477121254719663,0.20012409535195275,2
1505,6.277092153974895,6.477121254719663,0.20002910074476787,4
1506,6.276862132917206,6.477121254719663,0.20025912180245697,3
1507,6.277069873286061,6.477121254719663,0.20005138143360135,1
1508,6.276733330254327,6.477121254719663,0.2003879244653355,10
1509,6.277033925878157,6.477121254719663,0.20008732884150593,9
1510,6.276900580052343,6.477121254719663,0.2002206746673192,7
1511,6.276969925910527,6.477121254719663,0.20015132880913544,8
1512,6.266578392837594,6.434888120867316,0.16830972802972166,4
1513,6.249564806312061,6.434888120867316,0.18532331455525508,2
1514,6.234622605436411,6.434888120867316,0.20026551543090498,6
1515,6.350909634642192,6.434888120867316,0.08397848622512427,7
1516,6.375470290787863,6.434888120867316,0.059417830079453005,5
1517,6.443184310495658,6.434888120867316,-0.008296189628341999,9
1518,6.452350902016819,6.434888120867316,-0.017462781149502504,10
1519,6.48680856184775,6.434888120867316,-0.05192044098043347,8
1520,6.410250648520122,6.434888120867316,0.02463747234719449,3
1521,7.922685887155819,8.122543524068755,0.19985763691293634,9
1522,7.922261291763604,8.122543524068755,0.20028223230515074,6
1523,7.884007276786445,8.122543524068755,0.23853624728231004,2
1524,7.9019140508469565,8.122543524068755,0.22062947322179838,5
1525,7.871780527264789,8.122543524068755,0.2507629968039655,1
1526,7.922144917884084,8.122543524068755,0.2003986061846712,3
1527,7.8901974686270275,8.122543524068755,0.23234605544172737,10
1528,7.87175333669855,8.122543524068755,0.250790187370205,4
1529,7.922810966506834,8.122543524068755,0.1997325575619211,8
1530,6.115995359253359,6.281033367247727,0.16503800799436785,1
1531,6.379160827097065,6.281033367247727,-0.09812745984933802,8
1532,6.0808538058057815,6.281033367247727,0.2001795614419457,9
1533,6.080908970316272,6.281033367247727,0.20012439693145545,4
1534,6.137478398371637,6.281033367247727,0.14355496887609043,5
1535,6.304028629192482,6.281033367247727,-0.022995261944754652,10
1536,6.1659876410492975,6.281033367247727,0.11504572619842968,3
1537,6.112020981241686,6.281033367247727,0.16901238600604085,6
1538,6.081419264862351,6.281033367247727,0.19961410238537614,7
1539,6.058756592741569,5.953421399681036,-0.10533519306053307,6
1540,6.011194985120245,5.953421399681036,-0.0577735854392083,2
1541,6.153677786268301,5.953421399681036,-0.20025638658726486,10
1542,5.983897879496893,5.953421399681036,-0.03047647981585655,7
1543,6.043050953222155,5.953421399681036,-0.08962955354111823,3
1544,5.959540177247448,5.953421399681036,-0.0061187775664119926,1
1545,6.025843114613658,5.953421399681036,-0.07242171493262184,9
1546,5.753589414270664,5.953421399681036,0.1998319854103725,4
1547,6.133592971326779,5.953421399681036,-0.18017157164574282,8
1548,6.318420545662705,6.518513939877887,0.20009339421518213,1
1549,6.3185776584688265,6.518513939877887,0.1999362814090606,6
1550,6.318253212904166,6.518513939877887,0.20026072697372133,5
1551,6.318703136501861,6.518513939877887,0.1998108033760264,2
1552,6.318111900625152,6.518513939877887,0.2004020392527348,3
1553,6.318779846786754,6.518513939877887,0.19973409309113332,8
1554,6.318311685906928,6.518513939877887,0.20020225397095892,10
1555,6.318469427127425,6.518513939877887,0.20004451275046176,9
1556,6.318774969889888,6.518513939877887,0.19973896998799923,4
1557,6.356393299817453,6.556423121371285,0.20002982155383187,3
1558,6.356366889688473,6.556423121371285,0.2000562316828125,7
1559,6.356443302384415,6.556423121371285,0.19997981898687023,6
1560,6.3567923135845605,6.556423121371285,0.1996308077867246,8
1561,6.35639580899372,6.556423121371285,0.2000273123775651,10
1562,6.35636878965782,6.556423121371285,0.20005433171346532,9
1563,6.356452073994299,6.556423121371285,0.19997104737698645,2
1564,6.356791120905964,6.556423121371285,0.19963200046532137,4
1565,6.356284813385361,6.556423121371285,0.2001383079859238,5
1566,6.168330890245385,6.348304863048161,0.1799739728027756,9
1567,6.428857167481069,6.348304863048161,-0.08055230443290817,6
1568,6.148291725781997,6.348304863048161,0.200013137266164,1
1569,6.346400958387231,6.348304863048161,0.0019039046609297117,7
1570,6.227330232539483,6.348304863048161,0.12097463050867763,2
1571,6.3331971000868705,6.348304863048161,0.015107762961290128,4
1572,6.548376349469119,6.348304863048161,-0.20007148642095807,8
1573,6.476442283100197,6.348304863048161,-0.12813742005203643,5
1574,6.350883217004032,6.348304863048161,-0.0025783539558714708,10
1575,1.1382092154976666,1.954242509439325,0.8160332939416584,1
1576,1.4424491899808674,1.954242509439325,0.5117933194584576,8
1577,1.3106171983969128,1.954242509439325,0.6436253110424122,10
1578,1.2997661752812384,1.954242509439325,0.6544763341580866,9
1579,1.0717036167198062,1.954242509439325,0.8825388927195188,3
1580,1.3349081705648906,1.954242509439325,0.6193343388744343,4
1581,0.3780448013934885,1.954242509439325,1.5761977080458365,7
1582,1.4733202056857095,1.954242509439325,0.48092230375361544,5
1583,1.3829716905203409,1.954242509439325,0.5712708189189841,6
1584,1.675308257051742,2.6020599913279625,0.9267517342762206,8
1585,0.775375784156112,2.6020599913279625,1.8266842071718505,2
1586,1.5956024828475779,2.6020599913279625,1.0064575084803846,4
1587,1.6594671981879379,2.6020599913279625,0.9425927931400246,6
1588,1.5843503338155553,2.6020599913279625,1.0177096575124072,9
1589,1.5224362326968368,2.6020599913279625,1.0796237586311257,3
1590,1.6128096232578235,2.6020599913279625,0.989250368070139,10
1591,1.4034634797294636,2.6020599913279625,1.198596511598499,1
1592,1.7971895436138765,2.6020599913279625,0.804870447714086,5
1593,1.500744858109182,1.3010299956639813,-0.19971486244520076,6
1594,1.5009196591877885,1.3010299956639813,-0.19988966352380722,5
1595,1.5009487589565627,1.3010299956639813,-0.1999187632925814,9
1596,1.5012742743412293,1.3010299956639813,-0.20024427867724803,2
1597,1.5012209049199754,1.3010299956639813,-0.20019090925599414,1
1598,1.5011330409707115,1.3010299956639813,-0.2001030453067303,3
1599,1.5009220305290318,1.3010299956639813,-0.19989203486505058,10
1600,1.5007459573061288,1.3010299956639813,-0.19971596164214755,4
1601,1.5012214302056366,1.3010299956639813,-0.20019143454165533,8
1602,2.1550051200476052,1.9549175537349588,-0.20008756631264646,5
1603,1.9782361085837321,1.9549175537349588,-0.02331855484877332,3
1604,1.9779527924186944,1.9549175537349588,-0.02303523868373558,8
1605,1.9782097595264778,1.9549175537349588,-0.023292205791519027,10
1606,1.7548787259324814,1.9549175537349588,0.2000388278024774,2
1607,1.8912841281323702,1.9549175537349588,0.06363342560258856,7
1608,1.97797786258515,1.9549175537349588,-0.02306030885019128,9
1609,1.9782059173746998,1.9549175537349588,-0.02328836363974096,1
1610,1.9781212506122579,1.9549175537349588,-0.023203696877299063,6
1611,2.361990357019334,2.0,-0.36199035701933413,5
1612,2.2259986338167796,2.0,-0.22599863381677965,10
1613,2.199963217058871,2.0,-0.1999632170588712,2
1614,2.199900233487872,2.0,-0.19990023348787211,1
1615,2.1999283595700403,2.0,-0.1999283595700403,8
1616,2.37238993448632,2.0,-0.37238993448631996,3
1617,2.2352575046327954,2.0,-0.23525750463279538,6
1618,2.2000527389403497,2.0,-0.2000527389403497,7
1619,2.454634307734187,2.0,-0.454634307734187,9
1620,2.7898346971082395,2.146128035678238,-0.6437066614300013,9
1621,2.8503174416015016,2.146128035678238,-0.7041894059232634,5
1622,2.552320647735957,2.146128035678238,-0.4061926120577186,7
1623,2.566262604230885,2.146128035678238,-0.42013456855264675,2
1624,2.8242721487042743,2.146128035678238,-0.6781441130260362,6
1625,2.6199391716555445,2.146128035678238,-0.4738111359773063,10
1626,2.448674512145866,2.146128035678238,-0.302546476467628,1
1627,2.6287736907660686,2.146128035678238,-0.4826456550878304,4
1628,2.720442297924304,2.146128035678238,-0.574314262246066,3
1629,3.3644255127887495,3.164352855784437,-0.20007265700431232,3
1630,3.363974409541765,3.164352855784437,-0.19962155375732804,8
1631,3.364647708961162,3.164352855784437,-0.2002948531767248,2
1632,3.3640236530921035,3.164352855784437,-0.19967079730766635,6
1633,3.3643949214318383,3.164352855784437,-0.20004206564740112,1
1634,3.3644327688824482,3.164352855784437,-0.2000799130980111,5
1635,3.364430459422431,3.164352855784437,-0.20007760363799365,9
1636,3.3642734660022287,3.164352855784437,-0.1999206102177915,7
1637,3.3640063472484725,3.164352855784437,-0.19965349146403533,10
1638,2.578133185842012,1.390935107103379,-1.1871980787386327,3
1639,2.5781310999684726,1.390935107103379,-1.1871959928650935,4
1640,2.578026305302344,1.390935107103379,-1.1870911981989647,7
1641,2.613710257217483,1.390935107103379,-1.222775150114104,9
1642,2.578116983770788,1.390935107103379,-1.187181876667409,5
1643,2.5782550970305587,1.390935107103379,-1.1873199899271796,10
1644,2.5783450406335873,1.390935107103379,-1.1874099335302082,8
1645,2.0514785022759052,1.390935107103379,-0.6605433951725261,1
1646,2.577726622749643,1.390935107103379,-1.186791515646264,2
1647,2.979822441137081,2.9552065375419416,-0.024615903595139432,9
1648,2.8917680568893687,2.9552065375419416,0.06343848065257296,1
1649,2.9322180602496863,2.9552065375419416,0.022988477292255283,10
1650,2.9360764140365863,2.9552065375419416,0.019130123505355368,3
1651,3.0826501696827906,2.9552065375419416,-0.12744363214084897,2
1652,3.0384685646712457,2.9552065375419416,-0.08326202712930408,4
1653,2.9364637485560503,2.9552065375419416,0.018742788985891323,5
1654,3.0000112078450862,2.9552065375419416,-0.04480467030314461,8
1655,3.1149305432519627,2.9552065375419416,-0.1597240057100211,7
1656,2.807082743828309,3.562292864456474,0.7552101206281652,7
1657,2.984698320733489,3.562292864456474,0.5775945437229852,1
1658,3.1769395504332283,3.562292864456474,0.3853533140232459,4
1659,3.223523708043548,3.562292864456474,0.33876915641292626,6
1660,3.222543131128108,3.562292864456474,0.33974973332836633,8
1661,3.0916509837925594,3.562292864456474,0.47064188066391477,3
1662,3.3085753766833106,3.562292864456474,0.2537174877731636,5
1663,3.1779924135586,3.562292864456474,0.38430045089787424,9
1664,3.0781275437483955,3.562292864456474,0.4841653207080787,10
1665,2.1266806502301754,1.9268567089496924,-0.19982394128048298,4
1666,1.7267856046485952,1.9268567089496924,0.2000711043010972,2
1667,2.1265218353153483,1.9268567089496924,-0.19966512636565592,10
1668,1.7266050325418396,1.9268567089496924,0.2002516764078528,7
1669,2.1270222185374106,1.9268567089496924,-0.20016550958771817,9
1670,2.1194133068099483,1.9268567089496924,-0.19255659786025592,3
1671,2.127071560150965,1.9268567089496924,-0.2002148512012727,6
1672,2.1267717004893996,1.9268567089496924,-0.19991499153970715,5
1673,2.127140966963595,1.9268567089496924,-0.20028425801390237,8
1674,3.1053834845713477,1.146128035678238,-1.9592554488931098,6
1675,2.8410408931012157,1.146128035678238,-1.6949128574229777,8
1676,2.91880493828621,1.146128035678238,-1.7726769026079718,5
1677,2.9394752974122156,1.146128035678238,-1.7933472617339776,4
1678,2.9567889636224374,1.146128035678238,-1.8106609279441994,10
1679,2.697984589988971,1.146128035678238,-1.551856554310733,1
1680,2.97071542956091,1.146128035678238,-1.8245873938826722,7
1681,2.949281156046488,1.146128035678238,-1.8031531203682503,2
1682,3.041504939699415,1.146128035678238,-1.895376904021177,3
1683,3.0512451817092088,2.8512583487190755,-0.1999868329901333,4
1684,3.051150950086954,2.8512583487190755,-0.19989260136787834,3
1685,3.050907227092509,2.8512583487190755,-0.19964887837343337,2
1686,3.0513300073694216,2.8512583487190755,-0.20007165865034615,6
1687,3.050991448438654,2.8512583487190755,-0.19973309971957853,9
1688,3.0512461147476433,2.8512583487190755,-0.19998776602856783,1
1689,3.05122440924762,2.8512583487190755,-0.1999660605285447,7
1690,3.0512338185068026,2.8512583487190755,-0.19997546978772718,8
1691,3.0511002466846735,2.8512583487190755,-0.19984189796559804,5
1692,2.63269428700419,2.0,-0.6326942870041901,10
1693,2.8044076259695,2.0,-0.8044076259695001,7
1694,2.6992177481993527,2.0,-0.6992177481993527,3
1695,2.731822649256055,2.0,-0.7318226492560549,5
1696,2.8386164934698197,2.0,-0.8386164934698197,8
1697,2.74351290124292,2.0,-0.7435129012429198,9
1698,2.608792829881743,2.0,-0.6087928298817431,6
1699,2.55494747902055,2.0,-0.5549474790205502,2
1700,2.8835251681180716,2.0,-0.8835251681180716,1
1701,3.739729768929569,3.539452491549461,-0.20027727738010803,4
1702,3.7395272658782113,3.539452491549461,-0.20007477432875032,8
1703,3.7389932351625212,3.539452491549461,-0.1995407436130603,3
1704,3.739459975999302,3.539452491549461,-0.20000748444984096,2
1705,3.739407263501147,3.539452491549461,-0.1999547719516861,7
1706,3.739510002833214,3.539452491549461,-0.20005751128375326,1
1707,3.739458241277271,3.539452491549461,-0.20000574972781004,9
1708,3.7396582312281867,3.539452491549461,-0.2002057396787258,6
1709,3.739141193859882,3.539452491549461,-0.19968870231042102,5
1710,1.6102373569426218,1.380211241711606,-0.2300261152310159,2
1711,2.05396391516771,1.380211241711606,-0.6737526734561041,3
1712,2.128730388830673,1.380211241711606,-0.7485191471190671,5
1713,1.9722976361554867,1.380211241711606,-0.5920863944438808,1
1714,1.6792180819008489,1.380211241711606,-0.29900684018924295,7
1715,1.9501568872605746,1.380211241711606,-0.5699456455489686,10
1716,2.172230294941432,1.380211241711606,-0.7920190532298261,4
1717,2.1738429097649745,1.380211241711606,-0.7936316680533686,6
1718,2.113126381467477,1.380211241711606,-0.7329151397558711,9
1719,2.4732220098619155,2.273232834043045,-0.19998917581887055,6
1720,2.4730714407157914,2.273232834043045,-0.19983860667274644,1
1721,2.073024220849728,2.273232834043045,0.20020861319331695,8
1722,2.4733677595206607,2.273232834043045,-0.2001349254776157,9
1723,2.4732772055980243,2.273232834043045,-0.20004437155497934,3
1724,2.473504917056006,2.273232834043045,-0.20027208301296096,2
1725,2.4733841364963194,2.273232834043045,-0.2001513024532744,5
1726,2.473374501154133,2.273232834043045,-0.20014166711108805,10
1727,2.4732122458197177,2.273232834043045,-0.19997941177667267,4
1728,2.379933443683615,2.57978359661681,0.19985015293319508,5
1729,2.3796647637992066,2.57978359661681,0.20011883281760356,3
1730,2.379374042626265,2.57978359661681,0.20040955399054505,4
1731,2.3798934566455276,2.57978359661681,0.19989013997128247,6
1732,2.379772310047546,2.57978359661681,0.20001128656926426,9
1733,2.3798049511153736,2.57978359661681,0.1999786455014365,8
1734,2.3796504847548774,2.57978359661681,0.20013311186193272,1
1735,2.379329575443316,2.57978359661681,0.2004540211734942,7
1736,2.7800209197852994,2.57978359661681,-0.2002373231684893,10
1737,1.6946978681680984,0.6334684555795865,-1.0612294125885118,7
1738,2.222026306458868,0.6334684555795865,-1.5885578508792815,9
1739,2.2350307849179627,0.6334684555795865,-1.601562329338376,4
1740,2.0728006886187074,0.6334684555795865,-1.4393322330391207,1
1741,2.2625057435544678,0.6334684555795865,-1.6290372879748811,10
1742,2.309537559429466,0.6334684555795865,-1.6760691038498794,8
1743,2.218728573386865,0.6334684555795865,-1.5852601178072785,3
1744,2.2909466979235633,0.6334684555795865,-1.6574782423439767,6
1745,1.728772373217903,0.6334684555795865,-1.0953039176383164,2
1746,6.032246819677203,6.079181246047625,0.04693442637042189,8
1747,5.879159374759192,6.079181246047625,0.20002187128843296,3
1748,6.032699695199563,6.079181246047625,0.04648155084806227,1
1749,6.032309153399442,6.079181246047625,0.04687209264818293,2
1750,6.032326669462479,6.079181246047625,0.04685457658514647,9
1751,6.032351566717352,6.079181246047625,0.04682967933027271,5
1752,6.0325893748076655,6.079181246047625,0.04659187123995956,4
1753,6.03211885443937,6.079181246047625,0.04706239160825554,7
1754,6.032416682901868,6.079181246047625,0.046764563145757165,10
1755,4.86681198756771,5.023951707423388,0.1571397198556781,6
1756,4.823800987312813,5.023951707423388,0.20015072011057455,1
1757,4.824110785255437,5.023951707423388,0.1998409221679509,3
1758,4.9054819286837406,5.023951707423388,0.11846977873964715,8
1759,4.977872208927593,5.023951707423388,0.046079498495794624,9
1760,4.964179311383639,5.023951707423388,0.059772396039748266,7
1761,4.992273915905521,5.023951707423388,0.03167779151786654,5
1762,4.877132856076756,5.023951707423388,0.14681885134663197,2
1763,4.857763870731623,5.023951707423388,0.16618783669176462,10
1764,6.03211885443937,6.2322335211147335,0.20011466667536393,7
1765,6.032246819677203,6.2322335211147335,0.19998670143753028,8
1766,6.032567671138262,6.2322335211147335,0.19966584997647185,6
1767,6.032699695199563,6.2322335211147335,0.19953382591517066,1
1768,6.032326669462479,6.2322335211147335,0.19990685165225486,9
1769,6.032351566717352,6.2322335211147335,0.1998819543973811,5
1770,6.0325893748076655,6.2322335211147335,0.19964414630706795,4
1771,6.032309153399442,6.2322335211147335,0.19992436771529132,2
1772,6.032416682901868,6.2322335211147335,0.19981683821286556,10
1773,4.189013592089475,3.247973266361807,-0.9410403257276685,4
1774,4.188898651281277,3.247973266361807,-0.9409253849194701,3
1775,4.239983569645212,3.247973266361807,-0.9920103032834056,10
1776,4.353796944108215,3.247973266361807,-1.1058236777464079,6
1777,4.1889480575363685,3.247973266361807,-0.9409747911745616,1
1778,4.1888644590440665,3.247973266361807,-0.9408911926822596,2
1779,4.276373385866036,3.247973266361807,-1.0284001195042296,5
1780,4.462224520543946,3.247973266361807,-1.2142512541821389,8
1781,4.188686762662648,3.247973266361807,-0.9407134963008414,7
1782,6.1022995326202985,6.302547372487486,0.20024783986718742,7
1783,6.102778318934862,6.302547372487486,0.19976905355262353,5
1784,6.102756015091808,6.302547372487486,0.19979135739567777,10
1785,6.102462928520341,6.302547372487486,0.2000844439671452,3
1786,6.102596651424209,6.302547372487486,0.19995072106327694,9
1787,6.1027131569041995,6.302547372487486,0.1998342155832864,4
1788,6.10234977656833,6.302547372487486,0.20019759591915598,1
1789,6.1023818548063,6.302547372487486,0.20016551768118607,8
1790,6.102489629570353,6.302547372487486,0.2000577429171333,6
1791,5.879638521697498,4.598571663482141,-1.2810668582153566,10
1792,5.879084039593514,4.598571663482141,-1.280512376111373,9
1793,5.87924392989437,4.598571663482141,-1.2806722664122292,4
1794,5.879079558728813,4.598571663482141,-1.2805078952466724,1
1795,5.879095185377712,4.598571663482141,-1.2805235218955708,8
1796,5.879306763656457,4.598571663482141,-1.280735100174316,5
1797,5.878823114103004,4.598571663482141,-1.280251450620863,7
1798,5.427265655596092,4.598571663482141,-0.8286939921139513,3
1799,5.878966349994058,4.598571663482141,-1.280394686511917,6
1800,4.834168398039874,4.812913356642856,-0.02125504139701828,6
1801,5.0131577609070135,4.812913356642856,-0.2002444042641578,8
1802,4.9013369589374,4.812913356642856,-0.0884236022945446,7
1803,5.012767053189372,4.812913356642856,-0.19985369654651652,5
1804,4.9553438474565015,4.812913356642856,-0.14243049081364578,2
1805,5.013025150796036,4.812913356642856,-0.20011179415318026,3
1806,5.013216384583036,4.812913356642856,-0.20030302794018073,1
1807,5.01325585793421,4.812913356642856,-0.20034250129135422,9
1808,4.860156608966737,4.812913356642856,-0.04724325232388171,4
1809,3.7626346946063767,3.562292864456474,-0.20034183014990248,5
1810,3.7619270945372176,3.562292864456474,-0.19963423008074344,1
1811,3.762116158389758,3.562292864456474,-0.1998232939332838,8
1812,3.7623045362291743,3.562292864456474,-0.20001167177270007,4
1813,3.762180020996432,3.562292864456474,-0.1998871565399578,6
1814,3.76224250181137,3.562292864456474,-0.19994963735489568,3
1815,3.7622893034922944,3.562292864456474,-0.1999964390358202,9
1816,3.7624409483630767,3.562292864456474,-0.20014808390660255,2
1817,3.7625393611034195,3.562292864456474,-0.20024649664694527,7
1818,6.49892976955782,6.806179973983888,0.30725020442606876,10
1819,6.499195663803157,6.806179973983888,0.3069843101807317,4
1820,6.498822667259121,6.806179973983888,0.307357306724767,6
1821,6.562402794421056,6.806179973983888,0.24377717956283274,7
1822,6.498602326209594,6.806179973983888,0.30757764777429397,5
1823,6.4989159879193235,6.806179973983888,0.30726398606456495,8
1824,6.352697849222427,6.806179973983888,0.45348212476146177,3
1825,6.498708170045852,6.806179973983888,0.30747180393803664,1
1826,6.518059941556203,6.806179973983888,0.2881200324276856,2
1827,4.276373385866036,5.782472624166286,1.5060992383002496,5
1828,4.462224520543946,5.782472624166286,1.3202481036223404,8
1829,4.188898651281277,5.782472624166286,1.5935739728850091,3
1830,4.188686762662648,5.782472624166286,1.5937858615036378,7
1831,4.189013592089475,5.782472624166286,1.5934590320768107,4
1832,4.1889480575363685,5.782472624166286,1.5935245666299176,1
1833,4.239983569645212,5.782472624166286,1.5424890545210737,10
1834,5.027959463875403,5.782472624166286,0.754513160290883,9
1835,4.353796944108215,5.782472624166286,1.4286756800580713,6
1836,5.52743590928746,6.054957596012407,0.5275216867249473,10
1837,5.793505744041785,6.054957596012407,0.26145185197062215,2
1838,5.439311878871491,6.054957596012407,0.6156457171409162,3
1839,5.561227489348358,6.054957596012407,0.4937301066640494,9
1840,5.629499205554927,6.054957596012407,0.42545839045748046,7
1841,5.59893851870294,6.054957596012407,0.45601907730946767,1
1842,5.391506381035402,6.054957596012407,0.6634512149770053,4
1843,5.55805314089495,6.054957596012407,0.4969044551174573,5
1844,5.533938854093153,6.054957596012407,0.5210187419192547,8
1845,5.950931530220713,6.15124723746237,0.20031570724165704,8
1846,5.950909126388008,6.15124723746237,0.2003381110743625,1
1847,5.950964104926544,6.15124723746237,0.20028313253582652,2
1848,5.893469697912822,6.15124723746237,0.2577775395495481,4
1849,5.938986338937323,6.15124723746237,0.21226089852504693,6
1850,5.951020724752902,6.15124723746237,0.20022651270946845,3
1851,5.9509840679299035,6.15124723746237,0.2002631695324668,7
1852,5.907289131572636,6.15124723746237,0.24395810588973443,5
1853,5.950836795707791,6.15124723746237,0.20041044175457934,9
1854,4.103599714706087,3.9036325160842376,-0.19996719862184964,7
1855,4.1040073011274485,3.9036325160842376,-0.20037478504321093,1
1856,4.103229301341013,3.9036325160842376,-0.1995967852567757,9
1857,4.103555125873154,3.9036325160842376,-0.19992260978891618,6
1858,4.104013036475621,3.9036325160842376,-0.20038052039138332,3
1859,4.103801920023303,3.9036325160842376,-0.20016940393906513,2
1860,4.103736586001071,3.9036325160842376,-0.20010406991683372,5
1861,4.103803602543805,3.9036325160842376,-0.2001710864595676,4
1862,4.103816487394612,3.9036325160842376,-0.20018397131037435,8
1863,6.301079665861374,6.501059262217751,0.19997959635637752,8
1864,6.301243632037048,6.501059262217751,0.19981563018070325,3
1865,6.300619200047114,6.501059262217751,0.20044006217063703,1
1866,6.301003702555654,6.501059262217751,0.20005555966209698,10
1867,6.301347882398436,6.501059262217751,0.1997113798193153,5
1868,6.3005846238124805,6.501059262217751,0.2004746384052707,7
1869,6.301472834684039,6.501059262217751,0.19958642753371247,6
1870,6.300765805673399,6.501059262217751,0.20029345654435193,4
1871,6.300789814536894,6.501059262217751,0.2002694476808573,2
1872,4.898537189781301,4.892762234615817,-0.005774955165484208,9
1873,5.092960924380397,4.892762234615817,-0.20019868976458,7
1874,4.7745615992540715,4.892762234615817,0.1182006353617453,10
1875,5.092868027949619,4.892762234615817,-0.20010579333380196,1
1876,5.093142195048351,4.892762234615817,-0.20037996043253425,2
1877,5.0928453388464385,4.892762234615817,-0.2000831042306217,6
1878,5.093177379260741,4.892762234615817,-0.20041514464492405,8
1879,5.0924316642774965,4.892762234615817,-0.19966942966167966,4
1880,5.092968392397422,4.892762234615817,-0.20020615778160522,5
1881,6.868108343395124,7.068185861746161,0.20007751835103704,2
1882,6.868097557004031,7.068185861746161,0.20008830474213024,7
1883,6.867874673449665,7.068185861746161,0.20031118829649586,6
1884,6.832109677591718,7.068185861746161,0.23607618415444342,8
1885,6.868065899804712,7.068185861746161,0.2001199619414491,5
1886,6.837557855978321,7.068185861746161,0.23062800576783982,9
1887,6.737389238588271,7.068185861746161,0.33079662315789005,3
1888,6.868395630998973,7.068185861746161,0.1997902307471886,1
1889,6.867975141669141,7.068185861746161,0.20021072007702045,10
1890,3.6798294486199765,3.4800069429571505,-0.199822505662826,10
1891,3.6798197239566472,3.4800069429571505,-0.19981278099949673,8
1892,3.6797719562186435,3.4800069429571505,-0.19976501326149299,9
1893,3.6798984149644003,3.4800069429571505,-0.19989147200724977,2
1894,3.67998563782438,3.4800069429571505,-0.1999786948672293,6
1895,3.679925883347381,3.4800069429571505,-0.1999189403902304,4
1896,3.679834715374085,3.4800069429571505,-0.1998277724169344,7
1897,3.6801197961086203,3.4800069429571505,-0.20011285315146976,1
1898,3.6543713117988137,3.4800069429571505,-0.17436436884166318,5
1899,4.136089224695549,4.336459733848529,0.20037050915297971,1
1900,4.13639990361282,4.336459733848529,0.20005983023570906,2
1901,4.136617187808995,4.336459733848529,0.19984254603953389,3
1902,4.136408956009103,4.336459733848529,0.20005077783942582,8
1903,4.136083194721124,4.336459733848529,0.20037653912740527,6
1904,4.53682420523756,4.336459733848529,-0.20036447138903046,7
1905,4.136280642272554,4.336459733848529,0.2001790915759747,9
1906,4.136334575921523,4.336459733848529,0.20012515792700647,10
1907,4.136630217802095,4.336459733848529,0.19982951604643429,4
1908,5.200082028516583,5.0,-0.20008202851658297,7
1909,5.200065267547479,5.0,-0.20006526754747878,9
1910,5.199988651442238,5.0,-0.1999886514422382,1
1911,5.2003374741846295,5.0,-0.20033747418462955,10
1912,5.199967557535316,5.0,-0.1999675575353157,4
1913,5.199972955895543,5.0,-0.19997295589554298,3
1914,5.199789127921789,5.0,-0.1997891279217887,8
1915,5.19964547713967,5.0,-0.1996454771396703,6
1916,5.200374641491602,5.0,-0.2003746414916021,5
1917,6.200357725756923,6.0,-0.20035772575692334,3
1918,6.132655422238606,6.0,-0.1326554222386056,1
1919,6.2003308175203395,6.0,-0.20033081752033954,7
1920,6.200292516515127,6.0,-0.2002925165151268,6
1921,6.19180248425423,6.0,-0.19180248425422963,2
1922,6.199664963866633,6.0,-0.19966496386663302,10
1923,6.200350887051791,6.0,-0.20035088705179138,9
1924,6.200177438713425,6.0,-0.20017743871342475,8
1925,6.200288482540672,6.0,-0.20028848254067189,4
1926,4.168942475008055,5.445604203273597,1.2766617282655428,6
1927,4.2147134484983155,5.445604203273597,1.2308907547752819,3
1928,4.294382040216687,5.445604203273597,1.1512221630569108,7
1929,4.235119013649113,5.445604203273597,1.2104851896244844,5
1930,4.158164367986803,5.445604203273597,1.2874398352867944,2
1931,4.274430776810428,5.445604203273597,1.1711734264631692,10
1932,4.072930715422786,5.445604203273597,1.3726734878508111,1
1933,4.088078407651327,5.445604203273597,1.3575257956222702,9
1934,4.157572774779804,5.445604203273597,1.2880314284937935,8
1935,1.8912841281323702,1.7781512503836436,-0.1131328777487266,7
1936,1.9781212506122579,1.7781512503836436,-0.19997000022861422,6
1937,1.9782097595264778,1.7781512503836436,-0.20005850914283418,10
1938,1.97797786258515,1.7781512503836436,-0.19982661220150644,9
1939,1.7548787259324814,1.7781512503836436,0.023272524451162235,2
1940,1.9778824934086945,1.7781512503836436,-0.19973124302505085,4
1941,1.9779527924186944,1.7781512503836436,-0.19980154203505074,8
1942,1.9782361085837321,1.7781512503836436,-0.20008485820008848,3
1943,1.9782059173746998,1.7781512503836436,-0.20005466699105612,1
1944,2.6006987410098468,2.400537989391946,-0.2001607516179007,7
1945,2.8771973620049427,2.400537989391946,-0.4766593726129966,5
1946,2.672761480298299,2.400537989391946,-0.2722234909063528,1
1947,2.6310722255346293,2.400537989391946,-0.2305342361426832,8
1948,2.6783759606169646,2.400537989391946,-0.2778379712250185,9
1949,2.6733002007811653,2.400537989391946,-0.2727622113892192,6
1950,2.7803847310183696,2.400537989391946,-0.3798467416264235,3
1951,2.6005707809452328,2.400537989391946,-0.20003279155328668,2
1952,2.6966084657637586,2.400537989391946,-0.2960704763718125,4
1953,3.1996022793256635,3.0,-0.19960227932566355,10
1954,3.2001505590918855,3.0,-0.2001505590918855,9
1955,3.200307457431816,3.0,-0.200307457431816,6
1956,3.1997494507784916,3.0,-0.1997494507784916,5
1957,3.1998748790757254,3.0,-0.19987487907572543,3
1958,3.1999392878259436,3.0,-0.1999392878259436,7
1959,3.199804725873631,3.0,-0.19980472587363085,4
1960,3.19980253099729,3.0,-0.19980253099729017,2
1961,3.1997876892974317,3.0,-0.19978768929743174,1
1962,4.086344538350863,3.653212513775344,-0.433132024575519,6
1963,4.0864970992274685,3.653212513775344,-0.43328458545212456,5
1964,4.086415940009553,3.653212513775344,-0.4332034262342095,4
1965,4.086467157186796,3.653212513775344,-0.4332546434114519,8
1966,4.086522197837708,3.653212513775344,-0.4333096840623645,10
1967,4.08660785055672,3.653212513775344,-0.4333953367813761,2
1968,4.086746815318541,3.653212513775344,-0.4335343015431974,1
1969,4.086853234140301,3.653212513775344,-0.4336407203649575,7
1970,4.083038716182282,3.653212513775344,-0.4298262024069377,9
1971,4.766681650391916,5.0,0.2333183496080844,7
1972,4.799822755183256,5.0,0.20017724481674382,2
1973,4.631319355792455,5.0,0.3686806442075454,10
1974,4.672543546918547,5.0,0.327456453081453,6
1975,4.746060220723905,5.0,0.2539397792760951,5
1976,4.723385782200701,5.0,0.27661421779929896,1
1977,4.762356192937787,5.0,0.2376438070622129,3
1978,4.724368651823116,5.0,0.2756313481768844,8
1979,4.800101740510015,5.0,0.19989825948998519,4
1980,5.3494743070495305,5.14921911265538,-0.20025519439415085,3
1981,5.348774740203642,5.14921911265538,-0.1995556275482624,8
1982,5.349600889048669,5.14921911265538,-0.20038177639328936,7
1983,5.34932373109763,5.14921911265538,-0.20010461844224992,5
1984,5.349052333524997,5.14921911265538,-0.19983322086961763,4
1985,5.349070056343826,5.14921911265538,-0.19985094368844614,1
1986,5.3491516698442325,5.14921911265538,-0.19993255718885283,9
1987,5.34899816719588,5.14921911265538,-0.1997790545405005,6
1988,5.349446878241558,5.14921911265538,-0.20022776558617839,10
1989,3.9015563810370555,4.101747073946366,0.20019069290931046,7
1990,3.901636728665009,4.101747073946366,0.20011034528135685,10
1991,3.90172899265354,4.101747073946366,0.20001808129282583,4
1992,3.901574476775613,4.101747073946366,0.20017259717075309,5
1993,3.9015039406368297,4.101747073946366,0.20024313330953625,2
1994,3.9017235729721977,4.101747073946366,0.2000235009741682,9
1995,3.9016792696823304,4.101747073946366,0.2000678042640356,6
1996,3.9018943010232015,4.101747073946366,0.1998527729231645,8
1997,3.902114435106385,4.101747073946366,0.19963263883998117,1
1998,6.414403560482292,6.2552725051033065,-0.1591310553789853,7
1999,6.381645345844268,6.2552725051033065,-0.12637284074096122,6
2000,6.268085453052069,6.2552725051033065,-0.012812947948762421,9
2001,6.3154070126541715,6.2552725051033065,-0.060134507550865024,1
2002,6.407948300315505,6.2552725051033065,-0.15267579521219865,2
2003,6.422614164376454,6.2552725051033065,-0.1673416592731476,3
2004,6.423877357262214,6.2552725051033065,-0.1686048521589072,4
2005,6.055270553693492,6.2552725051033065,0.20000195140981436,10
2006,6.281549484273566,6.2552725051033065,-0.02627697917025973,8
2007,5.836232931036554,6.361727836017593,0.5254949049810387,3
2008,5.791854797630782,6.361727836017593,0.5698730383868114,2
2009,5.801359334376537,6.361727836017593,0.5603685016410562,7
2010,5.873624284859925,6.361727836017593,0.4881035511576677,10
2011,5.786197838141207,6.361727836017593,0.5755299978763864,1
2012,5.643433525336288,6.361727836017593,0.7182943106813049,9
2013,5.816916448660149,6.361727836017593,0.544811387357444,4
2014,5.816594054017871,6.361727836017593,0.5451337819997217,5
2015,5.795587529147878,6.361727836017593,0.5661403068697153,8
2016,6.221573556505884,6.421603926869831,0.20003037036394655,9
2017,6.221233460368879,6.421603926869831,0.20037046650095203,7
2018,6.221661444657382,6.421603926869831,0.1999424822124487,1
2019,6.221546343263365,6.421603926869831,0.20005758360646553,4
2020,6.2213268082381825,6.421603926869831,0.20027711863164832,2
2021,6.221427841281237,6.421603926869831,0.2001760855885939,8
2022,6.221386977491194,6.421603926869831,0.2002169493786372,10
2023,6.221533286549817,6.421603926869831,0.2000706403200141,6
2024,6.221714261698461,6.421603926869831,0.1998896651713702,3
2025,6.375805300428844,6.176091259055681,-0.19971404137316284,7
2026,6.376359457401771,6.176091259055681,-0.20026819834608922,6
2027,6.376325245662773,6.176091259055681,-0.2002339866070919,5
2028,6.351541480384162,6.176091259055681,-0.17545022132848054,4
2029,6.375949140439753,6.176091259055681,-0.19985788138407123,3
2030,6.375970271535646,6.176091259055681,-0.19987901247996476,8
2031,6.376313437697854,6.176091259055681,-0.2002221786421723,10
2032,6.339727798086607,6.176091259055681,-0.163636539030926,2
2033,6.309580054091414,6.176091259055681,-0.13348879503573308,1
2034,6.218406673521315,6.113943352306837,-0.1044633212144781,10
2035,6.269462662712087,6.113943352306837,-0.1555193104052499,6
2036,6.281096235469331,6.113943352306837,-0.167152883162494,9
2037,6.048028280101388,6.113943352306837,0.06591507220544912,1
2038,6.237204196248898,6.113943352306837,-0.12326084394206127,5
2039,6.2686832830143135,6.113943352306837,-0.1547399307074766,4
2040,6.230491316534495,6.113943352306837,-0.11654796422765834,3
2041,6.234250662386476,6.113943352306837,-0.1203073100796388,7
2042,6.231297197117881,6.113943352306837,-0.11735384481104383,8
2043,6.514164570323727,6.313867220369153,-0.2002973499545737,1
2044,6.513957459853206,6.313867220369153,-0.20009023948405247,2
2045,6.477333098029002,6.313867220369153,-0.16346587765984832,10
2046,6.513804216290595,6.313867220369153,-0.19993699592144143,7
2047,6.513995210259571,6.313867220369153,-0.2001279898904178,8
2048,6.513603801056868,6.313867220369153,-0.1997365806877145,4
2049,6.47297749528199,6.313867220369153,-0.15911027491283658,6
2050,6.398398138131707,6.313867220369153,-0.08453091776255395,9
2051,6.513997635222504,6.313867220369153,-0.20013041485335048,3
2052,6.343957578359472,6.544068044350276,0.20011046599080373,7
2053,6.344261922746986,6.544068044350276,0.1998061216032898,8
2054,6.344193700910913,6.544068044350276,0.1998743434393626,4
2055,6.343934927541137,6.544068044350276,0.20013311680913848,10
2056,6.344285415612151,6.544068044350276,0.19978262873812458,1
2057,6.3441226545378475,6.544068044350276,0.19994538981242815,3
2058,6.343765709633574,6.544068044350276,0.2003023347167021,2
2059,6.344062076910863,6.544068044350276,0.200005967439413,5
2060,6.343766462286432,6.544068044350276,0.20030158206384385,9
2061,5.794178211138739,5.993876914941211,0.199698703802472,6
2062,5.793808693788094,5.993876914941211,0.20006822115311707,2
2063,5.793623315438976,5.993876914941211,0.20025359950223542,1
2064,5.794098032953547,5.993876914941211,0.19977888198766358,3
2065,5.83198322898639,5.993876914941211,0.161893685954821,10
2066,5.793923317551754,5.993876914941211,0.19995359738945684,8
2067,6.038608016308333,5.993876914941211,-0.04473110136712233,7
2068,5.793914160532017,5.993876914941211,0.19996275440919398,4
2069,5.793741056958853,5.993876914941211,0.20013585798235756,5
2070,6.344025057012214,6.544068044350276,0.2000429873380618,2
2071,6.354829630021532,6.544068044350276,0.18923841432874333,7
2072,6.343786501468611,6.544068044350276,0.20028154288166444,8
2073,6.3620975243704585,6.544068044350276,0.18197051997981717,9
2074,6.425229002619138,6.544068044350276,0.11883904173113802,4
2075,6.343991126155338,6.544068044350276,0.200076918194938,3
2076,6.343938967221976,6.544068044350276,0.20012907712829975,5
2077,6.374072538907256,6.544068044350276,0.16999550544302,1
2078,6.343670185918782,6.544068044350276,0.2003978584314936,6
2079,5.9872682915002535,6.187520720836463,0.20025242933620913,6
2080,6.01479265336637,6.187520720836463,0.17272806747009284,9
2081,6.078298095710676,6.187520720836463,0.10922262512578662,1
2082,6.048820969358221,6.187520720836463,0.13869975147824132,7
2083,5.991094121137405,6.187520720836463,0.1964265996990573,10
2084,5.98737434411892,6.187520720836463,0.20014637671754265,5
2085,5.987923114641117,6.187520720836463,0.19959760619534528,3
2086,6.008414399576827,6.187520720836463,0.17910632125963577,4
2087,5.987707444206939,6.187520720836463,0.19981327662952353,8
2088,6.291233737380518,6.526985068559996,0.2357513311794781,9
2089,6.291472689578334,6.526985068559996,0.235512378981662,3
2090,6.29124438667201,6.526985068559996,0.23574068188798591,1
2091,6.291202732821669,6.526985068559996,0.2357823357383264,8
2092,6.326980565100591,6.526985068559996,0.20000450345940468,4
2093,6.291352826337131,6.526985068559996,0.23563224222286472,6
2094,6.291372667039354,6.526985068559996,0.23561240152064133,2
2095,6.326996606273992,6.526985068559996,0.19998846228600353,10
2096,6.291523425757821,6.526985068559996,0.23546164280217496,7
2097,6.319943401345277,6.1003705451175625,-0.21957285622771483,6
2098,6.338048558935675,6.1003705451175625,-0.2376780138181127,2
2099,6.300513024634291,6.1003705451175625,-0.20014247951672814,9
2100,6.300289461588067,6.1003705451175625,-0.1999189164705042,5
2101,6.292504793872297,6.1003705451175625,-0.1921342487547344,8
2102,6.300411235569854,6.1003705451175625,-0.20004069045229134,7
2103,6.338033266686607,6.1003705451175625,-0.23766272156904478,4
2104,6.338165512286732,6.1003705451175625,-0.2377949671691697,1
2105,6.300457390347322,6.1003705451175625,-0.20008684522975972,10
2106,4.945237820717533,5.806179973983888,0.8609421532663557,2
2107,5.003101381302519,5.806179973983888,0.803078592681369,3
2108,4.877928108743478,5.806179973983888,0.9282518652404104,4
2109,5.051684667033585,5.806179973983888,0.7544953069503038,5
2110,4.731202345246185,5.806179973983888,1.0749776287377033,9
2111,4.945662155884282,5.806179973983888,0.8605178180996065,6
2112,4.719709780815994,5.806179973983888,1.0864701931678944,1
2113,4.949282851776909,5.806179973983888,0.8568971222069797,10
2114,4.911518741394608,5.806179973983888,0.8946612325892804,8
2115,5.851825740037219,5.093421685162235,-0.7584040548749842,2
2116,5.946668872022792,5.093421685162235,-0.8532471868605569,5
2117,5.927044341150232,5.093421685162235,-0.8336226559879973,10
2118,5.905198914795308,5.093421685162235,-0.8117772296330736,8
2119,5.839485542606964,5.093421685162235,-0.7460638574447289,1
2120,5.907022347768004,5.093421685162235,-0.8136006626057695,7
2121,5.959606089687994,5.093421685162235,-0.8661844045257592,3
2122,5.572108300478187,5.093421685162235,-0.4786866153159526,9
2123,5.857922820505822,5.093421685162235,-0.7645011353435871,4
2124,5.197642191302971,3.963787827345555,-1.2338543639574158,6
2125,5.271223193948094,3.963787827345555,-1.307435366602539,10
2126,5.094125390334215,3.963787827345555,-1.1303375629886596,1
2127,5.010388277639133,3.963787827345555,-1.0466004502935777,7
2128,5.359924328601272,3.963787827345555,-1.3961365012557168,5
2129,5.06695095702749,3.963787827345555,-1.1031631296819353,9
2130,5.315055217097165,3.963787827345555,-1.35126738975161,2
2131,5.099948356165644,3.963787827345555,-1.1361605288200889,4
2132,5.258116455904172,3.963787827345555,-1.2943286285586173,8
2133,5.87485854768403,6.0751453270538525,0.2002867793698222,10
2134,5.875317366395562,6.0751453270538525,0.19982796065829067,2
2135,5.874944368072348,6.0751453270538525,0.20020095898150458,3
2136,5.875036112708555,6.0751453270538525,0.20010921434529738,5
2137,5.875144292368509,6.0751453270538525,0.2000010346853438,4
2138,5.8712369312339945,6.0751453270538525,0.20390839581985798,9
2139,5.875045469970633,6.0751453270538525,0.2000998570832193,6
2140,5.875294017949521,6.0751453270538525,0.19985130910433124,8
2141,5.696338480596797,6.0751453270538525,0.37880684645705553,7
2142,6.946326292349829,7.146128035678238,0.1998017433284094,3
2143,6.946490218842462,7.146128035678238,0.19963781683577597,1
2144,6.9459660129194924,7.146128035678238,0.20016202275874573,7
2145,6.946294551128349,7.146128035678238,0.19983348454988903,4
2146,6.945788443618836,7.146128035678238,0.200339592059402,9
2147,6.946004558926832,7.146128035678238,0.20012347675140596,5
2148,6.946436606055004,7.146128035678238,0.19969142962323438,8
2149,6.946125351673072,7.146128035678238,0.20000268400516585,10
2150,6.946190621005396,7.146128035678238,0.1999374146728421,2
2151,5.257822252499226,4.792391689498253,-0.4654305630009734,2
2152,5.203436134450484,4.792391689498253,-0.411044444952231,9
2153,4.992351581536831,4.792391689498253,-0.19995989203857878,5
2154,5.133470115136466,4.792391689498253,-0.3410784256382131,3
2155,4.99204366394461,4.792391689498253,-0.19965197444635763,6
2156,5.19791496845148,4.792391689498253,-0.40552327895322726,8
2157,5.194789079829094,4.792391689498253,-0.4023973903308411,4
2158,5.068728882048093,4.792391689498253,-0.2763371925498408,10
2159,5.31148044474511,4.792391689498253,-0.519088755246857,7
2160,6.663409485461566,6.863322860120456,0.19991337465889014,2
2161,6.745696429029694,6.863322860120456,0.11762643109076176,8
2162,6.736519466704986,6.863322860120456,0.12680339341546976,3
2163,6.749648434087776,6.863322860120456,0.11367442603267985,4
2164,6.732061632682161,6.863322860120456,0.13126122743829516,5
2165,6.712008055868749,6.863322860120456,0.15131480425170718,7
2166,6.789687591732191,6.863322860120456,0.07363526838826484,10
2167,6.755873027484899,6.863322860120456,0.10744983263555685,9
2168,6.6630228774457505,6.863322860120456,0.2002999826747054,6
2169,6.217925778964921,6.531478917042255,0.3135531380773342,1
2170,6.194851510048196,6.531478917042255,0.3366274069940598,7
2171,6.164346909409549,6.531478917042255,0.3671320076327067,9
2172,6.1544071315540085,6.531478917042255,0.3770717854882468,2
2173,6.144928113464414,6.531478917042255,0.38655080357784133,8
2174,6.315489018571474,6.531478917042255,0.21598989847078176,4
2175,6.289975809048883,6.531478917042255,0.24150310799337227,3
2176,6.331177564694591,6.531478917042255,0.20030135234766444,5
2177,6.077898962069367,6.531478917042255,0.4535799549728887,6
2178,6.16619510968413,4.472024697700282,-1.6941704119838485,6
2179,6.187934707671167,4.472024697700282,-1.7159100099708855,8
2180,6.212328796020262,4.472024697700282,-1.7403040983199798,4
2181,6.169463076800838,4.472024697700282,-1.6974383791005563,2
2182,6.255837072022798,4.472024697700282,-1.7838123743225163,3
2183,6.17885220872534,4.472024697700282,-1.7068275110250584,9
2184,6.309415771720657,4.472024697700282,-1.837391074020375,7
2185,6.231305932233849,4.472024697700282,-1.7592812345335673,1
2186,6.132486542259093,4.472024697700282,-1.660461844558811,10
2187,5.723120260653969,5.315970345456917,-0.4071499151970519,3
2188,5.669585026662725,5.315970345456917,-0.35361468120580763,1
2189,5.61989259598291,5.315970345456917,-0.30392225052599287,9
2190,5.663314776661356,5.315970345456917,-0.3473444312044389,7
2191,5.6749296575522,5.315970345456917,-0.35895931209528253,2
2192,5.516205038223956,5.315970345456917,-0.20023469276703842,6
2193,5.572987281600421,5.315970345456917,-0.2570169361435033,8
2194,5.90384745568472,5.315970345456917,-0.5878771102278026,10
2195,5.750870153302906,5.315970345456917,-0.4348998078459889,5
2196,6.06605845527619,6.266114049531676,0.20005559425548558,8
2197,6.189984336593324,6.266114049531676,0.0761297129383518,7
2198,6.066092578306304,6.266114049531676,0.20002147122537117,9
2199,6.0661826427797605,6.266114049531676,0.19993140675191512,6
2200,6.06602337288652,6.266114049531676,0.20009067664515534,5
2201,6.0659738014652795,6.266114049531676,0.20014024806639608,3
2202,6.066123996893159,6.266114049531676,0.19999005263851632,2
2203,6.066135405908951,6.266114049531676,0.19997864362272466,10
2204,6.066084777355353,6.266114049531676,0.20002927217632305,4
2205,3.6997373807961704,3.397940008672037,-0.3017973721241334,3
2206,3.67118499579722,3.397940008672037,-0.27324498712518297,2
2207,3.6832837577346984,3.397940008672037,-0.28534374906266136,5
2208,3.679439534260866,3.397940008672037,-0.28149952558882907,9
2209,3.6652016427432406,3.397940008672037,-0.2672616340712035,10
2210,3.598103081806527,3.397940008672037,-0.2001630731344899,4
2211,3.6177182584053713,3.397940008672037,-0.21977824973333426,6
2212,3.6803233806690185,3.397940008672037,-0.2823833719969815,1
2213,3.5979995560872995,3.397940008672037,-0.20005954741526244,7
2214,6.200086408409952,6.109915863023793,-0.09017054538615898,7
2215,6.200187665895488,6.109915863023793,-0.0902718028716949,3
2216,6.200057812447812,6.109915863023793,-0.09014194942401943,5
2217,6.310211771270479,6.109915863023793,-0.20029590824668642,6
2218,6.200303637915143,6.109915863023793,-0.09038777489134997,1
2219,6.200098090065445,6.109915863023793,-0.09018222704165257,8
2220,6.2002010724019785,6.109915863023793,-0.09028520937818563,10
2221,6.200084395653784,6.109915863023793,-0.09016853262999103,2
2222,6.199708966346303,6.109915863023793,-0.08979310332250989,4
2223,6.339096581792389,6.539076098792776,0.1999795170003873,4
2224,6.3387070956402445,6.539076098792776,0.2003690031525318,5
2225,6.339012639663768,6.539076098792776,0.2000634591290087,8
2226,6.3388259077695865,6.539076098792776,0.20025019102318975,9
2227,6.339340711508101,6.539076098792776,0.199735387284675,3
2228,6.339263108675782,6.539076098792776,0.19981299011699427,7
2229,6.339495906932562,6.539076098792776,0.19958019186021403,2
2230,6.339724611133971,6.539076098792776,0.19935148765880495,6
2231,6.339287467774043,6.539076098792776,0.19978863101873312,10
2232,7.08127212868827,6.342817314635733,-0.7384548140525373,7
2233,7.034267701535779,6.342817314635733,-0.6914503869000459,10
2234,7.069761392094207,6.342817314635733,-0.7269440774584739,3
2235,7.126198454978859,6.342817314635733,-0.7833811403431259,5
2236,7.078724562600063,6.342817314635733,-0.73590724796433,8
2237,6.87129145800664,6.342817314635733,-0.5284741433709073,1
2238,7.102201220380062,6.342817314635733,-0.759383905744329,4
2239,7.030295712713536,6.342817314635733,-0.6874783980778032,2
2240,7.2188279850152774,6.342817314635733,-0.8760106703795447,9
2241,2.5951675086531454,2.0791812460476247,-0.5159862626055207,9
2242,2.4663622098684637,2.0791812460476247,-0.387180963820839,1
2243,2.2792260793936006,2.0791812460476247,-0.2000448333459759,7
2244,2.6199242692779956,2.0791812460476247,-0.5407430232303709,8
2245,2.622021661589298,2.0791812460476247,-0.5428404155416735,3
2246,2.27951345593804,2.0791812460476247,-0.20033220989041522,2
2247,2.586052720199908,2.0791812460476247,-0.5068714741522835,10
2248,2.628232904422141,2.0791812460476247,-0.5490516583745162,4
2249,2.7349591910307818,2.0791812460476247,-0.6557779449831571,5
2250,5.005722166249214,5.202352067809752,0.19662990156053795,3
2251,5.290045996096946,5.202352067809752,-0.08769392828719447,7
2252,5.103635481713761,5.202352067809752,0.09871658609599088,10
2253,5.153871648234695,5.202352067809752,0.048480419575057,2
2254,5.00204761883518,5.202352067809752,0.20030444897457222,5
2255,5.179088812587624,5.202352067809752,0.02326325522212791,1
2256,5.170770909020238,5.202352067809752,0.03158115878951406,8
2257,5.142926644970902,5.202352067809752,0.05942542283885022,4
2258,5.283608768492936,5.202352067809752,-0.08125670068318414,9
2259,6.486117999723876,6.409764104266346,-0.07635389545753046,2
2260,6.378184563112009,6.409764104266346,0.03157954115433714,5
2261,6.380665839217428,6.409764104266346,0.029098265048918215,3
2262,6.52647296427112,6.409764104266346,-0.1167088600047741,7
2263,6.363674979227154,6.409764104266346,0.046089125039191714,9
2264,6.338487712980688,6.409764104266346,0.07127639128565821,10
2265,6.345927351853149,6.409764104266346,0.06383675241319686,6
2266,6.290444778224769,6.409764104266346,0.1193193260415768,8
2267,6.540937719482353,6.409764104266346,-0.13117361521600746,4
2268,6.486033763259382,6.477121254719663,-0.008912508539719255,4
2269,6.479703781335466,6.477121254719663,-0.0025825266158037152,2
2270,6.435328723340822,6.477121254719663,0.041792531378840536,5
2271,6.487454538646024,6.477121254719663,-0.01033328392636168,9
2272,6.416862764552678,6.477121254719663,0.06025849016698448,8
2273,6.443648972524304,6.477121254719663,0.03347228219535836,1
2274,6.4482762326821765,6.477121254719663,0.028845022037486068,3
2275,6.507063546494024,6.477121254719663,-0.02994229177436125,7
2276,6.306064042967988,6.477121254719663,0.1710572117516742,6
2277,6.319943401345277,6.137926673293154,-0.18201672805212343,6
2278,6.338033266686607,6.137926673293154,-0.20010659339345338,4
2279,6.338129952105435,6.137926673293154,-0.20020327881228095,3
2280,6.300411235569854,6.137926673293154,-0.16248456227669994,7
2281,6.292504793872297,6.137926673293154,-0.154578120579143,8
2282,6.300457390347322,6.137926673293154,-0.16253071705416833,10
2283,6.300289461588067,6.137926673293154,-0.1623627882949128,5
2284,6.338048558935675,6.137926673293154,-0.2001218856425213,2
2285,6.338165512286732,6.137926673293154,-0.2002388389935783,1
2286,6.338165512286732,6.45071087814692,0.11254536586018737,1
2287,6.319943401345277,6.45071087814692,0.13076747680164225,6
2288,6.292504793872297,6.45071087814692,0.15820608427462268,8
2289,6.338033266686607,6.45071087814692,0.1126776114603123,4
2290,6.300457390347322,6.45071087814692,0.15025348779959735,10
2291,6.300289461588067,6.45071087814692,0.15042141655885288,5
2292,6.300411235569854,6.45071087814692,0.15029964257706574,7
2293,6.300513024634291,6.45071087814692,0.15019785351262893,9
2294,6.338048558935675,6.45071087814692,0.11266231921124437,2
2295,6.404098881591429,6.60422605308447,0.20012717149304127,7
2296,6.418187774903848,6.60422605308447,0.18603827818062157,8
2297,6.424465613652578,6.60422605308447,0.17976043943189168,9
2298,6.443172446877996,6.60422605308447,0.16105360620647424,3
2299,6.404061867838987,6.60422605308447,0.20016418524548296,4
2300,6.419283280456059,6.60422605308447,0.18494277262841052,1
2301,6.403877709163011,6.60422605308447,0.20034834392145928,10
2302,6.485902136083012,6.60422605308447,0.11832391700145806,5
2303,6.439865331048063,6.60422605308447,0.16436072203640695,2
2304,6.340477594001236,6.187520720836463,-0.15295687316477302,3
2305,6.383406378685253,6.187520720836463,-0.1958856578487902,6
2306,6.387630611470627,6.187520720836463,-0.20010989063416407,1
2307,6.314460733273965,6.187520720836463,-0.12694001243750197,2
2308,6.388932479145308,6.187520720836463,-0.20141175830884528,7
2309,6.387378161938733,6.187520720836463,-0.19985744110227,8
2310,6.298555532524678,6.187520720836463,-0.11103481168821538,10
2311,6.352872023826164,6.187520720836463,-0.16535130298970113,4
2312,6.3471119430322815,6.187520720836463,-0.1595912221958189,9
2313,6.409353301689183,6.278753600952829,-0.1305997007363544,3
2314,6.4343996040672655,6.278753600952829,-0.15564600311443666,4
2315,6.385733728891003,6.278753600952829,-0.10698012793817391,5
2316,6.393931169942978,6.278753600952829,-0.1151775689901493,10
2317,6.384381025398705,6.278753600952829,-0.10562742444587592,9
2318,6.409075248926042,6.278753600952829,-0.13032164797321322,1
2319,6.377352663938247,6.278753600952829,-0.09859906298541787,2
2320,6.389114539287773,6.278753600952829,-0.11036093833494398,7
2321,6.39453789702548,6.278753600952829,-0.1157842960726514,6
2322,6.31849090242345,6.518513939877887,0.20002303745443673,2
2323,6.318306473519284,6.518513939877887,0.2002074663586031,4
2324,6.328111276527806,6.518513939877887,0.19040266335008127,1
2325,6.318403427234583,6.518513939877887,0.20011051264330426,6
2326,6.401394344628639,6.518513939877887,0.11711959524924787,9
2327,6.31819826906205,6.518513939877887,0.20031567081583734,3
2328,6.3185309244952474,6.518513939877887,0.19998301538263963,7
2329,6.318564932206881,6.518513939877887,0.1999490076710062,8
2330,6.318620211178342,6.518513939877887,0.19989372869954547,10
2331,5.46206845326735,4.342422680822207,-1.1196457724451436,3
2332,5.551918654901873,4.342422680822207,-1.2094959740796662,5
2333,5.380305458477649,4.342422680822207,-1.037882777655442,8
2334,5.528075764142434,4.342422680822207,-1.1856530833202275,6
2335,5.492596543512538,4.342422680822207,-1.1501738626903313,1
2336,5.502934296279167,4.342422680822207,-1.1605116154569606,9
2337,5.541130588197228,4.342422680822207,-1.198707907375021,7
2338,5.54244743961604,4.342422680822207,-1.200024758793833,4
2339,5.448567588606008,4.342422680822207,-1.1061449077838015,10
2340,5.851813556152104,5.651762447380111,-0.2000511087719925,10
2341,5.852212637026513,5.651762447380111,-0.2004501896464017,8
2342,5.852055247688776,5.651762447380111,-0.2002928003086648,3
2343,5.852199895571301,5.651762447380111,-0.20043744819118992,4
2344,5.851645233543979,5.651762447380111,-0.1998827861638679,1
2345,5.797328035014861,5.651762447380111,-0.14556558763474925,6
2346,5.8519522017375305,5.651762447380111,-0.20018975435741915,9
2347,5.852069747250283,5.651762447380111,-0.20030729987017182,7
2348,5.852122742899539,5.651762447380111,-0.20036029551942747,2
2349,6.101669870116086,6.301969226865995,0.20029935674990895,7
2350,6.10168487891887,6.301969226865995,0.20028434794712524,4
2351,6.101908947444603,6.301969226865995,0.20006027942139237,2
2352,6.102064156268776,6.301969226865995,0.19990507059721896,5
2353,6.101826776976358,6.301969226865995,0.20014244988963714,3
2354,6.101675328864592,6.301969226865995,0.2002938980014033,8
2355,6.102054738366894,6.301969226865995,0.19991448849910132,10
2356,6.101697050743531,6.301969226865995,0.20027217612246417,9
2357,6.101922140055002,6.301969226865995,0.2000470868109927,6
2358,7.021580106412316,6.903089986991944,-0.1184901194203718,2
2359,6.972460601893941,6.903089986991944,-0.06937061490199703,7
2360,7.007591760998832,6.903089986991944,-0.10450177400688787,10
2361,6.9888173526432205,6.903089986991944,-0.0857273656512767,4
2362,6.70309079940757,6.903089986991944,0.19999918758437385,5
2363,6.97787237819464,6.903089986991944,-0.07478239120269592,6
2364,6.987883319191173,6.903089986991944,-0.08479333219922935,8
2365,7.001864539424034,6.903089986991944,-0.09877455243208999,1
2366,6.703384667011714,6.903089986991944,0.19970531998022967,3
2367,6.183352517500013,5.983175072037813,-0.20017744546219962,4
2368,6.117563548458819,5.983175072037813,-0.13438847642100615,2
2369,6.183012579661796,5.983175072037813,-0.19983750762398245,10
2370,6.180689270410316,5.983175072037813,-0.1975141983725024,5
2371,6.154906032054552,5.983175072037813,-0.17173096001673915,3
2372,6.161288414768727,5.983175072037813,-0.17811334273091362,9
2373,6.069895205443982,5.983175072037813,-0.08672013340616846,6
2374,6.1828587513629625,5.983175072037813,-0.1996836793251493,7
2375,6.138561001719126,5.983175072037813,-0.15538592968131315,1
2376,6.388045059940708,6.587710965018911,0.19966590507820303,10
2377,6.475097841639288,6.587710965018911,0.11261312337962348,5
2378,6.387794835705482,6.587710965018911,0.19991612931342928,4
2379,6.40546673213992,6.587710965018911,0.1822442328789915,9
2380,6.387917729234678,6.587710965018911,0.19979323578423358,3
2381,6.453752326472495,6.587710965018911,0.13395863854641643,2
2382,6.3880786171815265,6.587710965018911,0.19963234783738493,1
2383,6.388023162920525,6.587710965018911,0.19968780209838677,8
2384,6.387940350687153,6.587710965018911,0.1997706143317588,6
2385,6.387794835705482,6.5843312243675305,0.19653638866204837,4
2386,6.475097841639288,6.5843312243675305,0.10923338272824257,5
2387,6.387940350687153,6.5843312243675305,0.1963908736803779,6
2388,6.453752326472495,6.5843312243675305,0.13057889789503552,2
2389,6.388023162920525,6.5843312243675305,0.19630806144700585,8
2390,6.3880786171815265,6.5843312243675305,0.196252607186004,1
2391,6.388045059940708,6.5843312243675305,0.19628616442682212,10
2392,6.3977262156214465,6.5843312243675305,0.186605008746084,7
2393,6.40546673213992,6.5843312243675305,0.17886449222761058,9
2394,5.224949792543235,5.229425847920695,0.0044760553774603196,7
2395,5.029175440487821,5.229425847920695,0.2002504074328746,6
2396,5.075114167553053,5.229425847920695,0.1543116803676421,1
2397,5.162141927673934,5.229425847920695,0.06728392024676122,10
2398,5.330083640595458,5.229425847920695,-0.10065779267476227,5
2399,5.330269349030407,5.229425847920695,-0.1008435011097113,4
2400,4.9048412886288535,5.229425847920695,0.32458455929184193,9
2401,5.330128808982317,5.229425847920695,-0.10070296106162147,3
2402,5.029233422339362,5.229425847920695,0.2001924255813332,8
2403,5.974037995722299,6.136720567156407,0.16268257143410736,7
2404,5.936424847970193,6.136720567156407,0.20029571918621336,9
2405,5.927251377373509,6.136720567156407,0.2094691897828973,5
2406,5.936569768175046,6.136720567156407,0.2001507989813609,3
2407,5.891694265970005,6.136720567156407,0.24502630118640134,2
2408,6.005275263132176,6.136720567156407,0.13144530402423094,1
2409,5.991223309536969,6.136720567156407,0.14549725761943755,10
2410,5.936590347160588,6.136720567156407,0.2001302199958186,8
2411,5.936522414059819,6.136720567156407,0.20019815309658728,4
2412,6.262198171055266,5.0,-1.2621981710552657,10
2413,6.352948555593126,5.0,-1.3529485555931258,9
2414,6.299567072567383,5.0,-1.299567072567383,2
2415,6.3473732114547605,5.0,-1.3473732114547605,3
2416,6.385774766907696,5.0,-1.385774766907696,1
2417,6.383169676787441,5.0,-1.3831696767874408,7
2418,6.36042129368761,5.0,-1.36042129368761,5
2419,6.352489987394225,5.0,-1.3524899873942253,4
2420,6.383571074675983,5.0,-1.3835710746759826,6
2421,6.350075314507147,6.531478917042255,0.18140360253510845,6
2422,6.3439248998840405,6.531478917042255,0.18755401715821485,1
2423,6.353361441190417,6.531478917042255,0.17811747585183824,5
2424,6.324791499919773,6.531478917042255,0.20668741712248195,4
2425,6.331459266135487,6.531478917042255,0.20001965090676865,7
2426,6.2617705209334416,6.531478917042255,0.2697083961088138,2
2427,6.331432163543766,6.531478917042255,0.20004675349848977,9
2428,6.392004540063073,6.531478917042255,0.13947437697918197,8
2429,6.337190016485891,6.531478917042255,0.19428890055636394,3
2430,6.179533207543565,4.292256071356476,-1.8872771361870884,7
2431,6.142142656537984,4.292256071356476,-1.8498865851815074,9
2432,6.1222697665354415,4.292256071356476,-1.8300136951789652,10
2433,6.121951759891219,4.292256071356476,-1.829695688534743,6
2434,6.099351776599636,4.292256071356476,-1.8070957052431593,3
2435,6.160758104992998,4.292256071356476,-1.8685020336365215,8
2436,6.068277695819035,4.292256071356476,-1.776021624462559,5
2437,6.08727545691036,4.292256071356476,-1.7950193855538839,2
2438,6.142507748520743,4.292256071356476,-1.850251677164267,4
2439,6.170932876888257,6.371067862271736,0.20013498538347907,8
2440,6.170867964750845,6.371067862271736,0.20019989752089096,2
2441,6.170707080350326,6.371067862271736,0.20036078192141016,9
2442,6.170883649612627,6.371067862271736,0.20018421265910913,3
2443,6.347339378614699,6.371067862271736,0.023728483657036392,7
2444,6.170705569418932,6.371067862271736,0.2003622928528035,4
2445,6.1973407761816155,6.371067862271736,0.17372708609012033,6
2446,6.1713407128069395,6.371067862271736,0.1997271494647963,5
2447,6.226059036278582,6.371067862271736,0.14500882599315368,10
2448,6.105544561533629,6.305351369446623,0.19980680791299488,9
2449,6.105543540315839,6.305351369446623,0.19980782913078432,1
2450,6.10521411425366,6.305351369446623,0.20013725519296344,6
2451,6.105634617101924,6.305351369446623,0.19971675234469988,10
2452,6.105437537171361,6.305351369446623,0.1999138322752625,2
2453,6.105467747924078,6.305351369446623,0.19988362152254524,4
2454,6.180359672634627,6.305351369446623,0.12499169681199618,7
2455,6.105580032201241,6.305351369446623,0.19977133724538287,8
2456,6.105376170643674,6.305351369446623,0.19997519880294945,3
2457,6.352489987394225,6.477121254719663,0.12463126732543728,4
2458,6.383571074675983,6.477121254719663,0.09355018004367999,6
2459,6.262198171055266,6.477121254719663,0.21492308366439694,10
2460,6.411107312785947,6.477121254719663,0.06601394193371579,8
2461,6.299567072567383,6.477121254719663,0.1775541821522797,2
2462,6.352948555593126,6.477121254719663,0.12417269912653683,9
2463,6.385774766907696,6.477121254719663,0.09134648781196653,1
2464,6.383169676787441,6.477121254719663,0.09395157793222175,7
2465,6.3473732114547605,6.477121254719663,0.12974804326490208,3
2466,6.693987350511078,6.894105511777515,0.20011816126643733,5
2467,6.694364070337376,6.894105511777515,0.19974144144013906,6
2468,6.694104771602392,6.894105511777515,0.20000074017512315,8
2469,6.69398958991214,6.894105511777515,0.2001159218653754,9
2470,6.6941535189195704,6.894105511777515,0.19995199285794474,7
2471,6.694380476152057,6.894105511777515,0.19972503562545807,10
2472,6.693987199410702,6.894105511777515,0.2001183123668131,4
2473,6.694025559233792,6.894105511777515,0.20007995254372357,3
2474,6.694490031236806,6.894105511777515,0.1996154805407091,1
2475,6.276712684549667,6.477121254719663,0.20040857016999603,8
2476,6.2773489994960325,6.477121254719663,0.19977225522363007,7
2477,6.277051185513077,6.477121254719663,0.20007006920658554,2
2478,6.277084306615292,6.477121254719663,0.2000369481043709,6
2479,6.277276716557968,6.477121254719663,0.19984453816169445,10
2480,6.277586021697414,6.477121254719663,0.19953523302224863,3
2481,6.2769047332378705,6.477121254719663,0.20021652148179214,9
2482,6.277166844600598,6.477121254719663,0.1999544101190649,5
2483,6.276830653696837,6.477121254719663,0.20029060102282603,4
2484,6.048855437782078,6.530839778616521,0.4819843408344431,5
2485,5.958594583269786,6.530839778616521,0.5722451953467349,2
2486,5.984933800085325,6.530839778616521,0.5459059785311959,1
2487,6.004518138694949,6.530839778616521,0.526321639921572,8
2488,6.092834204731091,6.530839778616521,0.43800557388543027,7
2489,6.006119334921188,6.530839778616521,0.5247204436953332,3
2490,6.06962913870861,6.530839778616521,0.461210639907911,6
2491,5.950496881826187,6.530839778616521,0.5803428967903335,4
2492,5.922221070079392,6.530839778616521,0.6086187085371293,9
2493,6.3471119430322815,6.3979400086720375,0.05082806563975595,9
2494,6.388932479145308,6.3979400086720375,0.009007529526729563,7
2495,6.387378161938733,6.3979400086720375,0.010561846733304847,8
2496,6.352872023826164,6.3979400086720375,0.04506798484587371,4
2497,6.343241396828509,6.3979400086720375,0.054698611843528866,5
2498,6.314460733273965,6.3979400086720375,0.08347927539807287,2
2499,6.383406378685253,6.3979400086720375,0.014533629986784646,6
2500,6.387630611470627,6.3979400086720375,0.010309397201410775,1
2501,6.298555532524678,6.3979400086720375,0.09938447614735946,10
2502,5.8815308390280325,5.681241237375588,-0.20028960165244492,6
2503,5.881454278526952,5.681241237375588,-0.20021304115136473,5
2504,5.881434907718717,5.681241237375588,-0.20019367034312907,4
2505,5.881467063227991,5.681241237375588,-0.200225825852403,1
2506,5.932976262255583,5.681241237375588,-0.251735024879995,10
2507,5.91938175162699,5.681241237375588,-0.2381405142514028,8
2508,5.914045327807379,5.681241237375588,-0.23280409043179162,2
2509,5.881564363790535,5.681241237375588,-0.20032312641494698,9
2510,5.9272627802369,5.681241237375588,-0.24602154286131217,3
2511,6.475097841639288,6.173186268412274,-0.3019115732270139,5
2512,6.3977262156214465,6.173186268412274,-0.22453994720917247,7
2513,6.388045059940708,6.173186268412274,-0.21485879152843435,10
2514,6.387917729234678,6.173186268412274,-0.2147314608224038,3
2515,6.453752326472495,6.173186268412274,-0.28056605806022095,2
2516,6.387940350687153,6.173186268412274,-0.21475408227487858,6
2517,6.387794835705482,6.173186268412274,-0.2146085672932081,4
2518,6.3880786171815265,6.173186268412274,-0.21489234876925245,1
2519,6.388023162920525,6.173186268412274,-0.2148368945082506,8
2520,6.276159646513115,6.5910646070265,0.31490496051338557,3
2521,6.255223315942132,6.5910646070265,0.33584129108436844,10
2522,6.277669459424857,6.5910646070265,0.31339514760164366,7
2523,6.272828273142894,6.5910646070265,0.3182363338836067,2
2524,6.301153731542242,6.5910646070265,0.2899108754842583,1
2525,6.333686575883719,6.5910646070265,0.2573780311427818,4
2526,6.311905582704127,6.5910646070265,0.2791590243223734,8
2527,6.297085571792558,6.5910646070265,0.2939790352339422,5
2528,6.3076613602032285,6.5910646070265,0.2834032468232719,9
2529,6.8744514347575985,7.074450718954592,0.19999928419699398,10
2530,6.874159194246707,7.074450718954592,0.20029152470788514,2
2531,6.8743366897780795,7.074450718954592,0.2001140291765129,1
2532,6.874050007395262,7.074450718954592,0.2004007115593307,5
2533,6.87413503499792,7.074450718954592,0.20031568395667243,9
2534,6.874195014754178,7.074450718954592,0.20025570420041472,4
2535,6.8742619818444535,7.074450718954592,0.20018873711013896,3
2536,6.87416429530629,7.074450718954592,0.2002864236483024,7
2537,6.874867628161283,7.074450718954592,0.19958309079330938,8
2538,6.2863564359324915,6.486487153065907,0.20013071713341546,2
2539,6.286465168505974,6.486487153065907,0.2000219845599327,9
2540,6.286857248787025,6.486487153065907,0.19962990427888183,10
2541,6.286697876260198,6.486487153065907,0.19978927680570902,7
2542,6.286378919145488,6.486487153065907,0.2001082339204192,5
2543,6.2861958517014775,6.486487153065907,0.2002913013644294,8
2544,6.286516712862104,6.486487153065907,0.19997044020380272,6
2545,6.286323649660168,6.486487153065907,0.20016350340573918,3
2546,6.286609518036263,6.486487153065907,0.19987763502964384,1
2547,6.705412070335197,6.505149978319906,-0.20026209201529088,2
2548,6.733319052833732,6.505149978319906,-0.22816907451382562,6
2549,6.69845431939741,6.505149978319906,-0.1933043410775035,8
2550,6.70534398818713,6.505149978319906,-0.20019400986722413,3
2551,6.705264370563879,6.505149978319906,-0.20011439224397254,10
2552,6.705318944938984,6.505149978319906,-0.2001689666190778,4
2553,6.84650384422091,6.505149978319906,-0.341353865901004,5
2554,6.705388222741604,6.505149978319906,-0.2002382444216977,1
2555,6.705550833120655,6.505149978319906,-0.20040085480074854,7
2556,5.921329352309886,5.549003262025788,-0.3723260902840986,2
2557,5.907307356269728,5.549003262025788,-0.35830409424394016,3
2558,6.067133433188058,5.549003262025788,-0.5181301711622703,1
2559,6.042084002517444,5.549003262025788,-0.4930807404916564,9
2560,5.8835904886394355,5.549003262025788,-0.3345872266136478,5
2561,5.926017111271931,5.549003262025788,-0.37701384924614345,10
2562,5.962626786203979,5.549003262025788,-0.4136235241781909,8
2563,5.970416686284554,5.549003262025788,-0.42141342425876616,4
2564,6.04752172303682,5.549003262025788,-0.4985184610110327,6
2565,6.254919842712482,6.190331698170292,-0.0645881445421903,6
2566,6.226415733593832,6.190331698170292,-0.03608403542354033,10
2567,5.990041887146503,6.190331698170292,0.20028981102378918,4
2568,5.990720788367878,6.190331698170292,0.1996109098024137,7
2569,5.990401133025475,6.190331698170292,0.19993056514481644,9
2570,5.990155584465144,6.190331698170292,0.20017611370514743,1
2571,5.9902218681975725,6.190331698170292,0.2001098299727193,8
2572,5.990590037526085,6.190331698170292,0.1997416606442064,5
2573,5.990111785144131,6.190331698170292,0.20021991302616104,2
2574,6.334046242066967,6.196728722623287,-0.13731751944368042,6
2575,6.333974508501209,6.196728722623287,-0.1372457858779219,4
2576,6.357218088049548,6.196728722623287,-0.1604893654262609,8
2577,6.349878880956064,6.196728722623287,-0.15315015833277723,5
2578,6.229036209367507,6.196728722623287,-0.03230748674422035,2
2579,6.330824685472271,6.196728722623287,-0.13409596284898395,1
2580,6.361571868895478,6.196728722623287,-0.1648431462721911,9
2581,6.303826026437017,6.196728722623287,-0.10709730381373017,10
2582,6.371215792189401,6.196728722623287,-0.17448706956611382,7
2583,5.168301433497703,4.968482948553935,-0.1998184849437683,2
2584,5.168784998925676,4.968482948553935,-0.2003020503717412,7
2585,5.168736656541856,4.968482948553935,-0.20025370798792164,1
2586,5.168322942878374,4.968482948553935,-0.19983999432443955,4
2587,5.168613863908015,4.968482948553935,-0.20013091535408023,6
2588,5.168822023482917,4.968482948553935,-0.20033907492898262,9
2589,5.168606595402222,4.968482948553935,-0.20012364684828743,10
2590,5.168349755738947,4.968482948553935,-0.19986680718501226,5
2591,5.168698710698025,4.968482948553935,-0.2002157621440901,8
2592,6.09635061117067,6.568201724066995,0.4718511128963252,6
2593,6.112618122030734,6.568201724066995,0.4555836020362607,3
2594,6.1046650105176585,6.568201724066995,0.46353671354933645,8
2595,6.117889596265397,6.568201724066995,0.450312127801598,7
2596,6.1177517835490764,6.568201724066995,0.45044994051791853,5
2597,6.103472883816432,6.568201724066995,0.4647288402505634,4
2598,6.001738690040104,6.568201724066995,0.5664630340268912,2
2599,6.1163238163580305,6.568201724066995,0.4518779077089645,9
2600,6.167923982816987,6.568201724066995,0.40027774125000803,1
2601,6.239321821256279,4.913813852383717,-1.3255079688725626,9
2602,6.380345367795643,4.913813852383717,-1.4665315154119263,7
2603,6.251507548589717,4.913813852383717,-1.3376936962060002,4
2604,6.391898962044156,4.913813852383717,-1.478085109660439,6
2605,6.315733216449519,4.913813852383717,-1.4019193640658019,10
2606,6.3040269640527145,4.913813852383717,-1.3902131116689977,3
2607,6.369172630579447,4.913813852383717,-1.4553587781957305,5
2608,6.555082410123438,4.913813852383717,-1.6412685577397212,1
2609,6.329390395150142,4.913813852383717,-1.4155765427664253,8
2610,6.383571074675983,6.207580514765431,-0.17599055991055135,6
2611,6.262198171055266,6.207580514765431,-0.05461765628983439,10
2612,6.352948555593126,6.207580514765431,-0.1453680408276945,9
2613,6.383169676787441,6.207580514765431,-0.17558916202200958,7
2614,6.36042129368761,6.207580514765431,-0.15284077892217862,5
2615,6.299567072567383,6.207580514765431,-0.09198655780195164,2
2616,6.3473732114547605,6.207580514765431,-0.13979269668932925,3
2617,6.411107312785947,6.207580514765431,-0.20352679802051554,8
2618,6.385774766907696,6.207580514765431,-0.1781942521422648,1
2619,6.387378161938733,6.225309281725863,-0.16206888021286936,8
2620,6.298555532524678,6.225309281725863,-0.07324625079881475,10
2621,6.388932479145308,6.225309281725863,-0.16362319741944464,7
2622,6.343241396828509,6.225309281725863,-0.11793211510264534,5
2623,6.314460733273965,6.225309281725863,-0.08915145154810133,2
2624,6.3471119430322815,6.225309281725863,-0.12180266130641826,9
2625,6.383406378685253,6.225309281725863,-0.15809709695938956,6
2626,6.340477594001236,6.225309281725863,-0.11516831227537239,3
2627,6.387630611470627,6.225309281725863,-0.16232132974476343,1
2628,6.241803304796827,6.491361693834273,0.2495583890374462,4
2629,6.291110496757626,6.491361693834273,0.20025119707664718,1
2630,6.291308917695728,6.491361693834273,0.20005277613854489,9
2631,6.290947881456678,6.491361693834273,0.2004138123775947,5
2632,6.170905621258231,6.491361693834273,0.32045607257604214,6
2633,6.203384279812771,6.491361693834273,0.2879774140215021,2
2634,6.234643847751718,6.491361693834273,0.2567178460825552,8
2635,6.062791438692117,6.491361693834273,0.42857025514215596,10
2636,6.291117901533694,6.491361693834273,0.20024379230057932,7
2637,6.148367942994252,6.209515014542631,0.06114707154837884,6
2638,6.138409532435897,6.209515014542631,0.0711054821067334,4
2639,6.069258568926443,6.209515014542631,0.14025644561618744,7
2640,6.122117262276733,6.209515014542631,0.08739775226589774,2
2641,6.142801040591621,6.209515014542631,0.06671397395100964,8
2642,6.1548191896629305,6.209515014542631,0.05469582487970026,5
2643,6.124520297633271,6.209515014542631,0.08499471690935945,3
2644,6.15281449666349,6.209515014542631,0.056700517879140655,1
2645,6.114645300074914,6.209515014542631,0.09486971446771708,10
2646,6.292504793872297,6.230448921378274,-0.06205587249402278,8
2647,6.300289461588067,6.230448921378274,-0.06984054020979258,5
2648,6.300513024634291,6.230448921378274,-0.07006410325601653,9
2649,6.300411235569854,6.230448921378274,-0.06996231419157972,7
2650,6.338048558935675,6.230448921378274,-0.1075996375574011,2
2651,6.319943401345277,6.230448921378274,-0.08949447996700322,6
2652,6.300457390347322,6.230448921378274,-0.07000846896904811,10
2653,6.338165512286732,6.230448921378274,-0.10771659090845809,1
2654,6.338129952105435,6.230448921378274,-0.10768103072716073,3
2655,6.346435607154769,6.361727836017593,0.01529222886282433,1
2656,6.283304935713247,6.361727836017593,0.0784229003043464,4
2657,6.345807112925431,6.361727836017593,0.015920723092161637,6
2658,6.257544895216558,6.361727836017593,0.10418294080103507,7
2659,6.346417732944453,6.361727836017593,0.015310103073139736,8
2660,6.346411925133997,6.361727836017593,0.015315910883596295,3
2661,6.346098859203811,6.361727836017593,0.01562897681378228,9
2662,6.346383897371978,6.361727836017593,0.015343938645615118,2
2663,6.345843903235637,6.361727836017593,0.01588393278195621,5
2664,6.315092956797562,5.089905111439398,-1.225187845358164,7
2665,6.343855188692118,5.089905111439398,-1.2539500772527203,5
2666,6.344237183576342,5.089905111439398,-1.2543320721369442,1
2667,6.343044508463212,5.089905111439398,-1.2531393970238138,8
2668,6.379513566625304,5.089905111439398,-1.2896084551859062,3
2669,6.325909259399137,5.089905111439398,-1.236004147959739,9
2670,6.343816256628919,5.089905111439398,-1.2539111451895213,2
2671,6.288609616795099,5.089905111439398,-1.1987045053557006,6
2672,6.271797428452008,5.089905111439398,-1.1818923170126103,10
2673,6.277937899579298,6.426511261364575,0.14857336178527714,7
2674,6.284846435707182,6.426511261364575,0.1416648256573927,9
2675,6.3540220350932,6.426511261364575,0.072489226271375,3
2676,6.389098963336913,6.426511261364575,0.03741229802766188,4
2677,6.22632083816908,6.426511261364575,0.20019042319549474,10
2678,6.311434593539709,6.426511261364575,0.11507666782486581,2
2679,6.231353966738253,6.426511261364575,0.1951572946263216,6
2680,6.306300263304454,6.426511261364575,0.12021099806012092,5
2681,6.320459067036577,6.426511261364575,0.10605219432799817,8
2682,6.295110141595401,6.095029796648452,-0.20008034494694904,7
2683,6.294625881575368,6.095029796648452,-0.19959608492691583,3
2684,6.296240747457341,6.095029796648452,-0.20121095080888907,10
2685,6.294878623619934,6.095029796648452,-0.19984882697148176,9
2686,6.320544598393373,6.095029796648452,-0.22551480174492067,2
2687,6.295239293864028,6.095029796648452,-0.20020949721557546,8
2688,6.339030813986607,6.095029796648452,-0.24400101733815482,4
2689,6.295067473973985,6.095029796648452,-0.20003767732553257,5
2690,6.295215319953504,6.095029796648452,-0.20018552330505202,6
2691,6.022944954047208,6.223080397831155,0.20013544378394688,2
2692,6.022705787383369,6.223080397831155,0.2003746104477857,8
2693,6.022822740168943,6.223080397831155,0.20025765766221237,4
2694,6.02313205186418,6.223080397831155,0.19994834596697508,6
2695,6.023296582122209,6.223080397831155,0.19978381570894577,9
2696,6.023088754422132,6.223080397831155,0.19999164340902276,7
2697,6.023013233927337,6.223080397831155,0.2000671639038183,10
2698,6.023118504385498,6.223080397831155,0.19996189344565707,3
2699,6.416603954966255,6.223080397831155,-0.19352355713509972,1
2700,6.255956052077337,6.456366033129043,0.20040998105170527,4
2701,6.256118454134212,6.456366033129043,0.2002475789948308,3
2702,6.256355896463022,6.456366033129043,0.20001013666602052,5
2703,6.256647802545288,6.456366033129043,0.1997182305837546,6
2704,6.256106443905807,6.456366033129043,0.2002595892232355,8
2705,6.25595760953695,6.456366033129043,0.20040842359209243,10
2706,6.256700765034284,6.456366033129043,0.19966526809475837,9
2707,6.256522936391846,6.456366033129043,0.19984309673719647,2
2708,6.2564656537711265,6.456366033129043,0.19990037935791616,7
2709,5.658673631160174,5.802773725291976,0.1441000941318018,1
2710,5.686845238905281,5.802773725291976,0.11592848638669473,3
2711,5.602672410500172,5.802773725291976,0.20010131479180426,9
2712,5.602626220654285,5.802773725291976,0.20014750463769104,5
2713,5.60258452779373,5.802773725291976,0.20018919749824615,6
2714,5.637915541750961,5.802773725291976,0.164858183541015,4
2715,5.810358855199754,5.802773725291976,-0.007585129907777599,10
2716,5.730455448038581,5.802773725291976,0.07231827725339457,2
2717,5.603054424160282,5.802773725291976,0.19971930113169378,7
2718,5.572987281600421,6.3979400086720375,0.8249527270716168,8
2719,5.61989259598291,6.3979400086720375,0.7780474126891272,9
2720,5.750870153302906,6.3979400086720375,0.6470698553691312,5
2721,5.669585026662725,6.3979400086720375,0.7283549820093125,1
2722,5.90384745568472,6.3979400086720375,0.49409255298731747,10
2723,5.663314776661356,6.3979400086720375,0.7346252320106812,7
2724,5.723120260653969,6.3979400086720375,0.6748197480180682,3
2725,5.770920899587052,6.3979400086720375,0.6270191090849853,4
2726,5.6749296575522,6.3979400086720375,0.7230103511198376,2
2727,6.116849786496081,5.603642280263075,-0.5132075062330061,3
2728,6.040335520146594,5.603642280263075,-0.43669323988351927,5
2729,6.046711429459111,5.603642280263075,-0.44306914919603635,7
2730,5.947316182740626,5.603642280263075,-0.34367390247755125,8
2731,6.132130079552075,5.603642280263075,-0.5284877992890005,4
2732,5.96877912638298,5.603642280263075,-0.3651368461199054,6
2733,6.205719713906882,5.603642280263075,-0.6020774336438075,10
2734,6.0828831453156536,5.603642280263075,-0.4792408650525788,1
2735,6.014832302759614,5.603642280263075,-0.41119002249653924,9
2736,6.006781887420959,6.20682587603185,0.2000439886108909,5
2737,6.006733682945854,6.20682587603185,0.2000921930859958,2
2738,6.006674296953484,6.20682587603185,0.20015157907836567,1
2739,6.006678313979062,6.20682587603185,0.20014756205278772,6
2740,6.006936971492847,6.20682587603185,0.19988890453900332,9
2741,6.006877070813666,6.20682587603185,0.1999488052181837,4
2742,6.00697012712954,6.20682587603185,0.19985574890231028,10
2743,6.006884133834069,6.20682587603185,0.19994174219778138,3
2744,6.007242705919804,6.20682587603185,0.19958317011204585,7
2745,6.142465619789673,6.342422680822207,0.1999570610325332,3
2746,6.148152577811211,6.342422680822207,0.19427010301099568,2
2747,6.142145036257891,6.342422680822207,0.20027764456431552,5
2748,6.142302029400339,6.342422680822207,0.20012065142186763,4
2749,6.1423242014552475,6.342422680822207,0.20009847936695913,10
2750,6.1425809364932675,6.342422680822207,0.19984174432893909,1
2751,6.1425336872097995,6.342422680822207,0.19988899361240708,9
2752,6.14248165217984,6.342422680822207,0.19994102864236662,7
2753,6.142457486852806,6.342422680822207,0.19996519396940027,8
2754,6.024377327083515,6.301029995663981,0.276652668580466,9
2755,6.10098712394341,6.301029995663981,0.2000428717205711,4
2756,5.881092341117086,6.301029995663981,0.4199376545468949,8
2757,6.1005356674126805,6.301029995663981,0.20049432825130076,3
2758,6.088086570808281,6.301029995663981,0.21294342485570006,1
2759,6.014352702570726,6.301029995663981,0.2866772930932555,6
2760,6.026680509537508,6.301029995663981,0.27434948612647325,10
2761,6.101128249347929,6.301029995663981,0.19990174631605218,5
2762,6.100899387934291,6.301029995663981,0.20013060772969027,7
2763,5.727245083210513,6.505149978319906,0.7779048951093932,8
2764,5.827182510528516,6.505149978319906,0.6779674677913903,2
2765,6.243098966442589,6.505149978319906,0.2620510118773174,4
2766,5.975665894126628,6.505149978319906,0.5294840841932782,3
2767,5.758600164651434,6.505149978319906,0.7465498136684721,9
2768,5.774797640354958,6.505149978319906,0.7303523379649484,1
2769,5.780945918990281,6.505149978319906,0.7242040593296251,5
2770,5.862187592835468,6.505149978319906,0.642962385484438,10
2771,5.787946137145147,6.505149978319906,0.7172038411747597,7
2772,5.9763699740675165,6.176091259055681,0.19972128498816488,2
2773,5.976119123195069,6.176091259055681,0.19997213586061235,6
2774,5.976167351327308,6.176091259055681,0.19992390772837343,8
2775,5.976346307282599,6.176091259055681,0.1997449517730825,9
2776,5.9758932630145924,6.176091259055681,0.2001979960410889,1
2777,5.976349241936353,6.176091259055681,0.1997420171193287,3
2778,5.975722865294555,6.176091259055681,0.20036839376112603,5
2779,6.0049480379219915,6.176091259055681,0.17114322113368985,7
2780,5.977727363032006,6.176091259055681,0.19836389602367532,10
2781,6.9002882288891865,7.1003705451175625,0.20008231622837602,8
2782,6.900462299350009,7.1003705451175625,0.19990824576755362,10
2783,6.900663376734577,7.1003705451175625,0.19970716838298586,9
2784,6.9004565825984905,7.1003705451175625,0.199913962519072,3
2785,6.900137584946187,7.1003705451175625,0.20023296017137593,4
2786,6.900106059063506,7.1003705451175625,0.20026448605405633,5
2787,6.900255360818172,7.1003705451175625,0.20011518429939024,1
2788,6.899935524358855,7.1003705451175625,0.20043502075870734,7
2789,6.900392053811219,7.1003705451175625,0.19997849130634382,6
2790,5.74216152265732,5.836197480778925,0.09403595812160503,8
2791,5.8949174041896715,5.836197480778925,-0.058719923410746055,1
2792,5.909679398601493,5.836197480778925,-0.07348191782256741,10
2793,5.844920032519433,5.836197480778925,-0.008722551740507178,6
2794,5.807637451710757,5.836197480778925,0.028560029068168014,9
2795,5.878342100677254,5.836197480778925,-0.04214461989832863,4
2796,5.870561628112314,5.836197480778925,-0.03436414733338822,7
2797,5.716864413602302,5.836197480778925,0.11933306717662351,5
2798,5.7571604060676425,5.836197480778925,0.07903707471128296,2
2799,5.717354714674993,6.054708787938054,0.3373540732630609,7
2800,5.9571559779239385,6.054708787938054,0.09755281001411564,8
2801,6.07676001637395,6.054708787938054,-0.022051228435896242,10
2802,5.876276502878365,6.054708787938054,0.17843228505968955,1
2803,5.952110337817139,6.054708787938054,0.10259845012091517,4
2804,5.9150553134461745,6.054708787938054,0.1396534744918796,9
2805,6.02614787670375,6.054708787938054,0.02856091123430371,6
2806,6.034790905104027,6.054708787938054,0.019917882834026734,3
2807,5.854545728339707,6.054708787938054,0.20016305959834746,2
2808,6.2770065830145905,6.477121254719663,0.20011467170507213,5
2809,6.276771196686519,6.477121254719663,0.20035005803314387,6
2810,6.276936980981257,6.477121254719663,0.20018427373840542,3
2811,6.277517536189536,6.477121254719663,0.1996037185301267,1
2812,6.27715785202397,6.477121254719663,0.19996340269569224,7
2813,6.276697281294751,6.477121254719663,0.20042397342491203,9
2814,6.277060307191601,6.477121254719663,0.20006094752806192,2
2815,6.277131995436468,6.477121254719663,0.19998925928319444,8
2816,6.277073681776806,6.477121254719663,0.20004757294285636,10
2817,5.93336641177648,6.133644275865875,0.2002778640893954,3
2818,5.901822171238766,6.133644275865875,0.23182210462710895,2
2819,5.924962192711597,6.133644275865875,0.2086820831542786,1
2820,5.943912331983227,6.133644275865875,0.18973194388264858,5
2821,5.933919551237199,6.133644275865875,0.19972472462867596,7
2822,5.933548422462099,6.133644275865875,0.20009585340377622,9
2823,5.843748411673843,6.133644275865875,0.28989586419203217,6
2824,5.9334060962671735,6.133644275865875,0.20023817959870183,10
2825,5.93385543743406,6.133644275865875,0.19978883843181539,4
2826,6.142507748520743,6.32221929473392,0.1797115462131771,4
2827,6.08727545691036,6.32221929473392,0.2349438378235602,2
2828,6.1222697665354415,6.32221929473392,0.1999495281984789,10
2829,6.142142656537984,6.32221929473392,0.18007663819593667,9
2830,6.179533207543565,6.32221929473392,0.1426860871903557,7
2831,6.099351776599636,6.32221929473392,0.22286751813428474,3
2832,6.160758104992998,6.32221929473392,0.1614611897409226,8
2833,6.121951759891219,6.32221929473392,0.200267534842701,6
2834,6.122133070454199,6.32221929473392,0.20008622427972167,1
2835,6.160758104992998,5.880813592280791,-0.27994451271220644,8
2836,6.179533207543565,5.880813592280791,-0.29871961526277335,7
2837,6.122133070454199,5.880813592280791,-0.24131947817340738,1
2838,6.099351776599636,5.880813592280791,-0.2185381843188443,3
2839,6.142142656537984,5.880813592280791,-0.2613290642571924,9
2840,6.142507748520743,5.880813592280791,-0.26169415623995196,4
2841,6.068277695819035,5.880813592280791,-0.18746410353824405,5
2842,6.08727545691036,5.880813592280791,-0.20646186462956884,2
2843,6.121951759891219,5.880813592280791,-0.24113816761042806,6
2844,5.7367269103347605,6.477121254719663,0.7403943443849021,9
2845,5.7293385435016235,6.477121254719663,0.7477827112180391,7
2846,5.590464047299679,6.477121254719663,0.8866572074199839,5
2847,5.527008676343705,6.477121254719663,0.9501125783759576,10
2848,5.719906544497693,6.477121254719663,0.7572147102219695,1
2849,5.782270683164637,6.477121254719663,0.6948505715550253,6
2850,5.897817205887691,6.477121254719663,0.5793040488319718,4
2851,5.666927166062966,6.477121254719663,0.8101940886566963,3
2852,5.711057995081072,6.477121254719663,0.7660632596385906,8
2853,5.992995397310245,4.6020599913279625,-1.3909354059822823,8
2854,5.986449367751273,4.6020599913279625,-1.3843893764233108,6
2855,5.899304626995871,4.6020599913279625,-1.2972446356679086,5
2856,6.024046951734317,4.6020599913279625,-1.4219869604063549,4
2857,6.031274950850212,4.6020599913279625,-1.4292149595222492,7
2858,5.949116125060545,4.6020599913279625,-1.3470561337325826,3
2859,6.084841979199608,4.6020599913279625,-1.482781987871645,2
2860,6.052132923669023,4.6020599913279625,-1.4500729323410608,1
2861,5.996729044425619,4.6020599913279625,-1.3946690530976564,10
2862,5.764872260474703,6.02530586526477,0.2604336047900677,3
2863,5.78427414982676,6.02530586526477,0.2410317154380106,7
2864,5.8255326001987475,6.02530586526477,0.1997732650660229,6
2865,5.811022267592148,6.02530586526477,0.2142835976726225,4
2866,5.8254687709136075,6.02530586526477,0.19983709435116292,1
2867,5.673057239837178,6.02530586526477,0.3522486254275927,2
2868,5.825475240182042,6.02530586526477,0.1998306250827282,8
2869,5.825386587083722,6.02530586526477,0.19991927818104838,9
2870,5.732547334974389,6.02530586526477,0.29275853029038146,10
2871,5.4200931244151445,5.477121254719663,0.05702813030451814,10
2872,5.355756933677448,5.477121254719663,0.12136432104221484,8
2873,5.350073521671175,5.477121254719663,0.12704773304848782,3
2874,5.314952266158936,5.477121254719663,0.16216898856072692,7
2875,5.2768578346881,5.477121254719663,0.20026342003156294,1
2876,5.639750470192819,5.477121254719663,-0.16262921547315656,4
2877,5.277073733960029,5.477121254719663,0.20004752075963328,6
2878,5.56709426059746,5.477121254719663,-0.08997300587779744,2
2879,5.440748505308268,5.477121254719663,0.036372749411394345,9
2880,6.152210013374727,6.505149978319906,0.352939964945179,6
2881,6.250011602371007,6.505149978319906,0.2551383759488992,10
2882,6.079848376309964,6.505149978319906,0.4253016020099425,3
2883,5.814472779580559,6.505149978319906,0.6906771987393476,5
2884,5.884006424116631,6.505149978319906,0.6211435542032753,4
2885,5.772211930752365,6.505149978319906,0.7329380475675409,1
2886,5.866906161875488,6.505149978319906,0.638243816444418,9
2887,5.880767690349372,6.505149978319906,0.6243822879705343,2
2888,5.6633229862349275,6.505149978319906,0.8418269920849788,7
2889,6.122133070454199,6.812913356642856,0.690780286188657,1
2890,6.121951759891219,6.812913356642856,0.6909615967516363,6
2891,6.1222697665354415,6.812913356642856,0.6906435901074142,10
2892,6.08727545691036,6.812913356642856,0.7256378997324955,2
2893,6.160758104992998,6.812913356642856,0.6521552516498579,8
2894,6.179533207543565,6.812913356642856,0.633380149099291,7
2895,6.142507748520743,6.812913356642856,0.6704056081221124,4
2896,6.142142656537984,6.812913356642856,0.6707707001048719,9
2897,6.099351776599636,6.812913356642856,0.71356158004322,3
2898,5.762599686926912,5.17897694729317,-0.5836227396337419,4
2899,5.7348057679103945,5.17897694729317,-0.5558288206172248,6
2900,5.778664432740403,5.17897694729317,-0.5996874854472329,1
2901,5.720189111440303,5.17897694729317,-0.541212164147133,8
2902,5.710040213917506,5.17897694729317,-0.5310632666243364,9
2903,5.69595459647098,5.17897694729317,-0.51697764917781,7
2904,5.636055771367845,5.17897694729317,-0.45707882407467526,2
2905,5.725224191716119,5.17897694729317,-0.5462472444229496,10
2906,5.656350888997064,5.17897694729317,-0.47737394170389447,5
2907,6.045158344291022,5.365487984890899,-0.6796703594001228,2
2908,5.951974047700502,5.365487984890899,-0.5864860628096027,1
2909,6.01546248729756,5.365487984890899,-0.6499745024066605,6
2910,6.010412763935262,5.365487984890899,-0.6449247790443629,3
2911,5.96086895194432,5.365487984890899,-0.5953809670534209,8
2912,5.916977192613177,5.365487984890899,-0.5514892077222777,7
2913,6.047191090694318,5.365487984890899,-0.6817031058034182,9
2914,5.979893921822466,5.365487984890899,-0.6144059369315666,5
2915,6.0635245916005855,5.365487984890899,-0.6980366067096861,10
2916,5.292384710649812,6.15839265038712,0.8660079397373082,8
2917,5.838584108089066,6.15839265038712,0.31980854229805455,9
2918,5.878938343932165,6.15839265038712,0.27945430645495506,4
2919,5.878976068013409,6.15839265038712,0.27941658237371136,3
2920,5.678933937284496,6.15839265038712,0.4794587131026242,6
2921,5.634454705800244,6.15839265038712,0.5239379445868764,2
2922,5.772650623944564,6.15839265038712,0.3857420264425562,7
2923,5.826851221275637,6.15839265038712,0.3315414291114829,10
2924,5.925794382207823,6.15839265038712,0.23259826817929685,5
2925,5.5260141327698475,4.477121254719663,-1.048892878050185,6
2926,5.398507578938093,4.477121254719663,-0.9213863242184308,1
2927,5.585790273066317,4.477121254719663,-1.1086690183466548,9
2928,4.6772511822640555,4.477121254719663,-0.20012992754439285,2
2929,5.369375708386507,4.477121254719663,-0.892254453666844,8
2930,5.570595226109344,4.477121254719663,-1.093473971389681,10
2931,5.641839586136001,4.477121254719663,-1.1647183314163385,4
2932,5.485017519146243,4.477121254719663,-1.0078962644265808,7
2933,5.60335248706919,4.477121254719663,-1.1262312323495278,3
2934,5.0386637281827715,4.453624073591451,-0.5850396545913208,10
2935,4.653975629722465,4.453624073591451,-0.20035155613101452,3
2936,5.233272207401123,4.453624073591451,-0.7796481338096726,2
2937,5.019615833057942,4.453624073591451,-0.5659917594664909,6
2938,5.058175849579693,4.453624073591451,-0.6045517759882424,5
2939,5.168260061764347,4.453624073591451,-0.7146359881728959,9
2940,5.125341377942577,4.453624073591451,-0.6717173043511266,1
2941,5.147427993708496,4.453624073591451,-0.6938039201170456,7
2942,5.530085284844521,4.453624073591451,-1.0764612112530703,8
2943,6.260230731003784,6.086359830674748,-0.1738709003290353,6
2944,6.286148233990204,6.086359830674748,-0.19978840331545555,10
2945,6.257454613719856,6.086359830674748,-0.17109478304510795,1
2946,6.224754214937695,6.086359830674748,-0.1383943842629467,9
2947,6.286634183724973,6.086359830674748,-0.2002743530502249,8
2948,6.238595310219767,6.086359830674748,-0.15223547954501893,5
2949,6.286334303146995,6.086359830674748,-0.1999744724722463,7
2950,6.286261318846734,6.086359830674748,-0.19990148817198516,4
2951,6.282183145090351,6.086359830674748,-0.19582331441560274,2
2952,6.33392579613753,6.086359830674748,-0.24756596546278153,3
2953,6.400224588992289,6.086359830674748,-0.3138647583175409,8
2954,6.349401496877397,6.086359830674748,-0.2630416662026489,10
2955,6.3394979825954705,6.086359830674748,-0.2531381519207221,2
2956,6.302189308418251,6.086359830674748,-0.2158294777435028,5
2957,6.321447014774856,6.086359830674748,-0.23508718410010765,6
2958,6.3191757106937825,6.086359830674748,-0.23281588001903408,1
2959,6.296778510162159,6.086359830674748,-0.210418679487411,9
2960,6.241949555308944,6.086359830674748,-0.1555897246341953,7
2961,6.183135487261968,6.319314304090512,0.1361788168285445,6
2962,6.160658146901065,6.319314304090512,0.15865615718944692,2
2963,6.1867084146634275,6.319314304090512,0.13260588942708473,9
2964,6.200935515497329,6.319314304090512,0.11837878859318351,4
2965,6.198116783372498,6.319314304090512,0.12119752071801404,10
2966,6.176972406336593,6.319314304090512,0.14234189775391926,5
2967,6.15702175515352,6.319314304090512,0.16229254893699263,8
2968,6.204013205704452,6.319314304090512,0.11530109838605984,3
2969,6.173121086427976,6.319314304090512,0.14619321766253623,1
2970,6.276906514788088,6.477121254719663,0.20021473993157457,1
2971,6.246755137973362,6.477121254719663,0.2303661167463007,8
2972,6.283152772718154,6.477121254719663,0.19396848200150885,4
2973,6.292762161451007,6.477121254719663,0.18435909326865563,3
2974,6.277440334008993,6.477121254719663,0.19968092071066934,6
2975,6.245666342610978,6.477121254719663,0.23145491210868485,7
2976,6.2772848704535935,6.477121254719663,0.1998363842660691,9
2977,6.277228861670862,6.477121254719663,0.1998923930488008,5
2978,6.2770338081644415,6.477121254719663,0.20008744655522115,2
2979,6.255223315942132,6.374198257929082,0.11897494198695036,10
2980,6.272828273142894,6.374198257929082,0.10136998478618864,2
2981,6.297085571792558,6.374198257929082,0.07711268613652411,5
2982,6.308263237489287,6.374198257929082,0.06593502043979527,6
2983,6.277669459424857,6.374198257929082,0.09652879850422558,7
2984,6.3076613602032285,6.374198257929082,0.0665368977258538,9
2985,6.311905582704127,6.374198257929082,0.062292675224955296,8
2986,6.333686575883719,6.374198257929082,0.040511682045363706,4
2987,6.276159646513115,6.374198257929082,0.09803861141596748,3
2988,6.432178341329515,6.3979400086720375,-0.03423833265747778,2
2989,6.360783909883414,6.3979400086720375,0.037156098788623915,9
2990,6.403965451382586,6.3979400086720375,-0.00602544271054839,3
2991,6.439074321062693,6.3979400086720375,-0.041134312390655126,4
2992,6.242250452791271,6.3979400086720375,0.15568955588076605,10
2993,6.430611056598684,6.3979400086720375,-0.032671047926646324,5
2994,6.411722812490409,6.3979400086720375,-0.013782803818371825,6
2995,6.471548138044499,6.3979400086720375,-0.0736081293724613,7
2996,6.445081887357166,6.3979400086720375,-0.04714187868512809,8
2997,5.404982362243699,5.187520720836463,-0.21746164140723678,5
2998,5.387565449512365,5.187520720836463,-0.20004472867590195,7
2999,5.3875872075848115,5.187520720836463,-0.20006648674834882,3
3000,5.282560244259553,5.187520720836463,-0.09503952342309052,2
3001,5.108371895660774,5.187520720836463,0.07914882517568866,10
3002,5.4466354884198696,5.187520720836463,-0.2591147675834069,6
3003,5.387841651955878,5.187520720836463,-0.20032093111941496,8
3004,5.387630082243325,5.187520720836463,-0.20010936140686209,9
3005,5.38776664421235,5.187520720836463,-0.20024592337588754,1
3006,5.864752319327707,5.528916700277655,-0.33583561905005155,8
3007,5.790562808405121,5.528916700277655,-0.2616461081274659,10
3008,5.960061097950602,5.528916700277655,-0.43114439767294677,7
3009,5.937548824950353,5.528916700277655,-0.4086321246726978,9
3010,6.042774596887631,5.528916700277655,-0.5138578966099763,5
3011,5.729050860726893,5.528916700277655,-0.20013416044923815,3
3012,6.047891299382982,5.528916700277655,-0.5189745991053272,4
3013,6.003564788032721,5.528916700277655,-0.4746480877550656,2
3014,5.90992936791691,5.528916700277655,-0.3810126676392551,1
3015,6.368678054415195,6.568201724066995,0.1995236696517999,3
3016,6.368547246834869,6.568201724066995,0.1996544772321256,2
3017,6.367893014213001,6.568201724066995,0.20030870985399396,7
3018,6.368281869280007,6.568201724066995,0.19991985478698826,9
3019,6.368627708077061,6.568201724066995,0.19957401598993396,5
3020,6.368509881472152,6.568201724066995,0.1996918425948433,6
3021,6.368481148266568,6.568201724066995,0.199720575800427,10
3022,6.368458771337896,6.568201724066995,0.1997429527290988,4
3023,6.367839745304724,6.568201724066995,0.20036197876227124,1
3024,5.549506623506836,5.0,-0.5495066235068364,8
3025,5.660477796253669,5.0,-0.6604777962536694,9
3026,5.585442859348765,5.0,-0.585442859348765,3
3027,5.620224514490004,5.0,-0.6202245144900038,7
3028,5.744531428541654,5.0,-0.744531428541654,1
3029,5.592260923328979,5.0,-0.5922609233289791,4
3030,5.351320933659552,5.0,-0.35132093365955175,10
3031,5.567934776186911,5.0,-0.5679347761869113,2
3032,5.6361159962343335,5.0,-0.6361159962343335,6
3033,5.824986711045269,6.079181246047625,0.2541945350023562,3
3034,5.761646159037797,6.079181246047625,0.31753508700982813,2
3035,5.8679046086220925,6.079181246047625,0.2112766374255326,8
3036,5.87879890534543,6.079181246047625,0.20038234070219474,4
3037,5.879232098779341,6.079181246047625,0.19994914726828394,7
3038,5.878912911580772,6.079181246047625,0.20026833446685277,1
3039,5.879431017370576,6.079181246047625,0.19975022867704872,5
3040,5.870020677749967,6.079181246047625,0.2091605682976585,6
3041,5.847397664600381,6.079181246047625,0.2317835814472442,9
3042,5.800402292102401,4.814913181275074,-0.9854891108273272,9
3043,5.832890951789214,4.814913181275074,-1.0179777705141397,1
3044,5.713263039432802,4.814913181275074,-0.8983498581577285,3
3045,5.7511432189965355,4.814913181275074,-0.9362300377214616,8
3046,5.813301310913778,4.814913181275074,-0.9983881296387045,4
3047,5.679491467424492,4.814913181275074,-0.8645782861494178,6
3048,5.648135271712702,4.814913181275074,-0.8332220904376282,2
3049,5.87718423524185,4.814913181275074,-1.062271053966776,5
3050,5.553191795865516,4.814913181275074,-0.7382786145904419,10
3051,5.521388516901757,5.08170727009735,-0.43968124680440734,2
3052,5.526916997520335,5.08170727009735,-0.44520972742298515,3
3053,5.421620716617137,5.08170727009735,-0.3399134465197875,8
3054,5.546861032816264,5.08170727009735,-0.4651537627189146,7
3055,5.586809605498083,5.08170727009735,-0.5051023354007338,5
3056,5.281762897031388,5.08170727009735,-0.20005562693403878,6
3057,5.43765768701899,5.08170727009735,-0.3559504169216403,4
3058,5.795567769420564,5.08170727009735,-0.7138604993232143,9
3059,5.419410327188189,5.08170727009735,-0.33770305709083903,10
3060,6.184866266535614,6.384711742938283,0.19984547640266825,5
3061,6.1849386023071045,6.384711742938283,0.19977314063117824,6
3062,6.1847916910177805,6.384711742938283,0.19992005192050222,9
3063,6.184636261713256,6.384711742938283,0.20007548122502694,10
3064,6.1849039048048216,6.384711742938283,0.19980783813346115,3
3065,6.184619007829317,6.384711742938283,0.2000927351089654,2
3066,6.184925626296574,6.384711742938283,0.1997861166417083,7
3067,6.184339518030599,6.384711742938283,0.20037222490768336,4
3068,6.185047381939137,6.384711742938283,0.19966436099914553,1
3069,6.131405426045329,6.342422680822207,0.21101725477687783,6
3070,6.053060079708712,6.342422680822207,0.28936260111349466,1
3071,6.041296050057274,6.342422680822207,0.30112663076493273,2
3072,5.844785545918829,6.342422680822207,0.49763713490337746,9
3073,5.879173867443073,6.342422680822207,0.46324881337913393,5
3074,5.975101405374513,6.342422680822207,0.36732127544769355,8
3075,5.919742383665069,6.342422680822207,0.42268029715713773,3
3076,5.881494179547443,6.342422680822207,0.4609285012747639,10
3077,6.008831233276261,6.342422680822207,0.3335914475459454,7
3078,6.0856685628402545,5.671172842715083,-0.41449572012517155,5
3079,6.176135166993854,5.671172842715083,-0.5049623242787709,7
3080,6.232514440710785,5.671172842715083,-0.5613415979957024,6
3081,6.171931339572896,5.671172842715083,-0.5007584968578129,8
3082,6.217239878948625,5.671172842715083,-0.5460670362335422,2
3083,6.144080313754645,5.671172842715083,-0.4729074710395622,4
3084,6.130848741155843,5.671172842715083,-0.45967589844075984,3
3085,6.072167928562269,5.671172842715083,-0.40099508584718624,9
3086,6.090694289010323,5.671172842715083,-0.41952144629524035,10
3087,6.188426120323381,6.278753600952829,0.09032748062944762,5
3088,6.0628362508450895,6.278753600952829,0.21591735010773938,7
3089,6.078623203646124,6.278753600952829,0.20013039730670457,2
3090,5.971795415065563,6.278753600952829,0.3069581858872654,3
3091,6.079079134528845,6.278753600952829,0.1996744664239838,1
3092,5.996986389883322,6.278753600952829,0.2817672110695071,6
3093,6.078300926251327,6.278753600952829,0.20045267470150208,4
3094,5.7723282760585235,6.278753600952829,0.5064253248943054,9
3095,6.000863023904543,6.278753600952829,0.2778905770482858,8
3096,5.996729044425619,6.284656282788515,0.28792723836289635,10
3097,5.899304626995871,6.284656282788515,0.3853516557926442,5
3098,5.986449367751273,6.284656282788515,0.29820691503724195,6
3099,6.024046951734317,6.284656282788515,0.2606093310541979,4
3100,5.949116125060545,6.284656282788515,0.3355401577279702,3
3101,5.992995397310245,6.284656282788515,0.2916608854782705,8
3102,6.084841979199608,6.284656282788515,0.19981430358890773,2
3103,6.031274950850212,6.284656282788515,0.2533813319383036,7
3104,5.985893534971541,6.284656282788515,0.29876274781697454,9
3105,5.629529756314071,6.3560258571931225,0.7264961008790518,4
3106,5.560441360725633,6.3560258571931225,0.7955844964674892,5
3107,5.565086678766675,6.3560258571931225,0.7909391784264477,10
3108,5.644178747654547,6.3560258571931225,0.7118471095385752,8
3109,5.589298878487571,6.3560258571931225,0.7667269787055515,3
3110,5.721397082329193,6.3560258571931225,0.6346287748639297,2
3111,5.6410985559652564,6.3560258571931225,0.7149273012278661,1
3112,5.993692946875282,6.3560258571931225,0.3623329103178401,6
3113,5.7908600204034055,6.3560258571931225,0.565165836789717,7
3114,5.47077966062522,5.671172842715083,0.20039318208986323,7
3115,5.471416549077901,5.671172842715083,0.19975629363718195,5
3116,5.4911823206096555,5.671172842715083,0.17999052210542743,2
3117,5.471406107299272,5.671172842715083,0.19976673541581125,6
3118,5.470917200517444,5.671172842715083,0.20025564219763936,3
3119,5.7604129108530895,5.671172842715083,-0.08924006813800656,10
3120,5.471378263168869,5.671172842715083,0.1997945795462135,8
3121,5.471360164367798,5.671172842715083,0.19981267834728467,1
3122,5.470837534394394,5.671172842715083,0.2003353083206889,9
3123,6.224100908266248,6.477121254719663,0.25302034645341465,6
3124,6.277200489314047,6.477121254719663,0.19992076540561587,4
3125,6.219267697759018,6.477121254719663,0.2578535569606446,8
3126,6.07377034194564,6.477121254719663,0.40335091277402224,10
3127,6.256263813505089,6.477121254719663,0.22085744121457385,3
3128,6.130716950086901,6.477121254719663,0.3464043046327614,5
3129,6.1963969992598305,6.477121254719663,0.28072425545983215,2
3130,6.276950714639936,6.477121254719663,0.20017054007972668,9
3131,6.2703697050883935,6.477121254719663,0.20675154963126907,1
3132,5.827521891451789,5.0,-0.8275218914517888,8
3133,5.814225904407192,5.0,-0.8142259044071922,3
3134,5.452850985800287,5.0,-0.4528509858002874,7
3135,5.895261008933752,5.0,-0.895261008933752,9
3136,5.558315261957968,5.0,-0.5583152619579677,10
3137,5.946514620529882,5.0,-0.9465146205298822,5
3138,5.773081416224542,5.0,-0.7730814162245423,2
3139,5.922058446814053,5.0,-0.9220584468140531,1
3140,5.802111455269334,5.0,-0.8021114552693343,6
3141,5.90577641034523,5.852174904420303,-0.053601505924927295,7
3142,5.787088945903997,5.852174904420303,0.06508595851630616,10
3143,5.940898883791992,5.852174904420303,-0.08872397937168941,6
3144,5.966698047664696,5.852174904420303,-0.11452314324439339,4
3145,5.870883725738957,5.852174904420303,-0.018708821318654145,2
3146,5.961121172690497,5.852174904420303,-0.10894626827019405,9
3147,5.953550431762579,5.852174904420303,-0.1013755273422765,8
3148,5.947937176405535,5.852174904420303,-0.09576227198523224,3
3149,6.014419179600258,5.852174904420303,-0.16224427517995554,1
3150,5.197928958702092,5.3979400086720375,0.20001104996994545,8
3151,5.198012323727816,5.3979400086720375,0.19992768494422108,5
3152,5.1976193027804,5.3979400086720375,0.2003207058916372,7
3153,5.598202737073015,5.3979400086720375,-0.20026272840097725,6
3154,5.197791550884772,5.3979400086720375,0.20014845778726542,2
3155,5.197811439191835,5.3979400086720375,0.20012856948020286,10
3156,5.197530696361229,5.3979400086720375,0.20040931231080883,4
3157,5.197897366468798,5.3979400086720375,0.20004264220323975,3
3158,5.197695164690093,5.3979400086720375,0.20024484398194442,9
3159,5.940199552554647,6.139879086401237,0.19967953384658976,6
3160,5.939948225604976,6.139879086401237,0.1999308607962611,4
3161,5.940343169137736,6.139879086401237,0.19953591726350073,3
3162,5.939690704333707,6.139879086401237,0.2001883820675303,8
3163,5.9400742211542985,6.139879086401237,0.1998048652469384,10
3164,5.939778239447906,6.139879086401237,0.20010084695333052,1
3165,5.939654301192637,6.139879086401237,0.20022478520859988,5
3166,5.939511087143365,6.139879086401237,0.20036799925787196,9
3167,5.939686147568468,6.139879086401237,0.20019293883276923,7
3168,6.301150297389304,6.273487409697184,-0.02766288769212011,5
3169,6.264410441068479,6.273487409697184,0.009076968628704662,3
3170,6.29392981550784,6.273487409697184,-0.02044240581065626,8
3171,6.301988075042853,6.273487409697184,-0.028500665345669418,4
3172,6.274777594828654,6.273487409697184,-0.0012901851314701673,6
3173,6.3417072283869445,6.273487409697184,-0.06821981868976046,2
3174,6.298190349186238,6.273487409697184,-0.02470293948905411,9
3175,6.293991651423512,6.273487409697184,-0.0205042417263277,7
3176,6.237107469807979,6.273487409697184,0.03637993988920485,10
3177,6.366950257224711,6.320623955053538,-0.04632630217117306,4
3178,6.3655044569178765,6.320623955053538,-0.04488050186433856,10
3179,6.4321589565568456,6.320623955053538,-0.11153500150330764,8
3180,6.453128679484845,6.320623955053538,-0.1325047244313069,7
3181,6.421885216415708,6.320623955053538,-0.10126126136217017,5
3182,6.357232336389018,6.320623955053538,-0.036608381335479834,6
3183,6.392280885750339,6.320623955053538,-0.07165693069680135,9
3184,6.393912223295124,6.320623955053538,-0.07328826824158607,3
3185,6.388315540134608,6.320623955053538,-0.06769158508106976,2
3186,6.041747800695423,6.6020599913279625,0.5603121906325397,5
3187,6.018693432376436,6.6020599913279625,0.5833665589515267,7
3188,6.075137957208273,6.6020599913279625,0.5269220341196892,8
3189,6.070915283571835,6.6020599913279625,0.5311447077561278,2
3190,6.031812679978527,6.6020599913279625,0.5702473113494353,4
3191,6.079362304839589,6.6020599913279625,0.5226976864883737,1
3192,6.011092786308452,6.6020599913279625,0.5909672050195107,10
3193,6.043429313218234,6.6020599913279625,0.5586306781097283,9
3194,6.031572013558758,6.6020599913279625,0.5704879777692042,6
3195,6.5371517630110345,6.337459261290656,-0.19969250172037878,10
3196,6.49298909860742,6.337459261290656,-0.15552983731676395,2
3197,6.35305706400106,6.337459261290656,-0.015597802710404451,7
3198,6.459587819379477,6.337459261290656,-0.12212855808882139,3
3199,6.489900930324163,6.337459261290656,-0.1524416690335073,6
3200,6.514705293970833,6.337459261290656,-0.17724603268017702,5
3201,6.49796871233123,6.337459261290656,-0.160509451040574,8
3202,6.473393566630713,6.337459261290656,-0.13593430534005702,1
3203,6.537214290898476,6.337459261290656,-0.19975502960781988,9
3204,6.338462295524644,6.301029995663981,-0.03743229986066243,3
3205,6.382862945498618,6.301029995663981,-0.08183294983463707,2
3206,6.408329221895631,6.301029995663981,-0.10729922623164967,7
3207,6.463720455352808,6.301029995663981,-0.162690459688827,5
3208,6.428535448526295,6.301029995663981,-0.12750545286231407,1
3209,6.444450925738176,6.301029995663981,-0.14342093007419443,9
3210,6.501219254882587,6.301029995663981,-0.20018925921860564,10
3211,6.481045118925216,6.301029995663981,-0.18001512326123503,6
3212,6.459178603761184,6.301029995663981,-0.15814860809720255,4
3213,6.1980199330447485,6.3979400086720375,0.19992007562728897,3
3214,6.197799643725939,6.3979400086720375,0.20014036494609844,2
3215,6.1976928150810595,6.3979400086720375,0.20024719359097798,4
3216,6.197769267258335,6.3979400086720375,0.20017074141370284,8
3217,6.197576640825293,6.3979400086720375,0.20036336784674447,6
3218,6.2787133463976605,6.3979400086720375,0.11922666227437695,9
3219,6.197619421612726,6.3979400086720375,0.20032058705931188,10
3220,6.197550935565054,6.3979400086720375,0.20038907310698306,5
3221,6.197695151340664,6.3979400086720375,0.20024485733137354,1
3222,6.254731866795366,6.45484486000851,0.20011299321314446,6
3223,6.2547536283658145,6.45484486000851,0.2000912316426957,8
3224,6.25483447358632,6.45484486000851,0.20001038642219005,9
3225,6.2544794290684305,6.45484486000851,0.20036543094007975,5
3226,6.2547785625334225,6.45484486000851,0.20006629747508775,4
3227,6.278894750925604,6.45484486000851,0.17595010908290654,7
3228,6.254879597869636,6.45484486000851,0.1999652621388739,10
3229,6.254944565374677,6.45484486000851,0.1999002946338333,2
3230,6.254452331415717,6.45484486000851,0.20039252859279344,1
3231,7.089861538600908,8.146128035678238,1.0562664970773303,5
3232,6.843560033990146,8.146128035678238,1.3025680016880923,9
3233,6.774036270688515,8.146128035678238,1.3720917649897233,8
3234,6.772741101491492,8.146128035678238,1.3733869341867457,10
3235,6.772801124729083,8.146128035678238,1.3733269109491548,4
3236,6.819604005032944,8.146128035678238,1.3265240306452943,1
3237,6.773160771519338,8.146128035678238,1.3729672641589001,7
3238,6.772791329632279,8.146128035678238,1.3733367060459596,3
3239,6.76256412044817,8.146128035678238,1.3835639152300683,2
3240,4.782447220269456,4.5820633629117085,-0.20038385735774789,9
3241,4.782422934853841,4.5820633629117085,-0.2003595719421325,3
3242,4.782234549248551,4.5820633629117085,-0.20017118633684294,5
3243,4.782434214414982,4.5820633629117085,-0.2003708515032736,6
3244,4.782474856945113,4.5820633629117085,-0.2004114940334043,10
3245,4.78246091470679,4.5820633629117085,-0.20039755179508134,1
3246,4.782151163751964,4.5820633629117085,-0.20008780084025535,7
3247,4.7824859251015095,4.5820633629117085,-0.20042256218980103,2
3248,4.782118939643248,4.5820633629117085,-0.20005557673153973,8
3249,6.072169723107426,6.272305844402086,0.20013612129466019,10
3250,6.071872375579208,6.272305844402086,0.2004334688228786,7
3251,6.0722464240526115,6.272305844402086,0.20005942034947477,9
3252,6.072021335279864,6.272305844402086,0.2002845091222225,3
3253,6.072159562153295,6.272305844402086,0.2001462822487916,4
3254,6.071963742818712,6.272305844402086,0.20034210158337462,8
3255,6.072362788603353,6.272305844402086,0.19994305579873295,6
3256,6.072136264725076,6.272305844402086,0.2001695796770102,5
3257,6.072175353004029,6.272305844402086,0.20013049139805705,2
3258,6.773097256406246,5.728256359248493,-1.0448408971577532,6
3259,6.772741101491492,5.728256359248493,-1.0444847422429993,10
3260,6.772801124729083,5.728256359248493,-1.0445447654805902,4
3261,6.819604005032944,5.728256359248493,-1.0913476457844506,1
3262,6.773160771519338,5.728256359248493,-1.0449044122708449,7
3263,6.76256412044817,5.728256359248493,-1.0343077611996767,2
3264,6.774036270688515,5.728256359248493,-1.0457799114400217,8
3265,6.843560033990146,5.728256359248493,-1.1153036747416527,9
3266,6.772791329632279,5.728256359248493,-1.0445349703837854,3
3267,5.924933333015832,5.71717102683231,-0.20776230618352187,7
3268,5.921719664561139,5.71717102683231,-0.2045486377288288,9
3269,5.934830351576194,5.71717102683231,-0.2176593247438836,2
3270,5.917343730873372,5.71717102683231,-0.20017270404106213,8
3271,5.917601588176694,5.71717102683231,-0.2004305613443842,6
3272,5.916942055430936,5.71717102683231,-0.19977102859862583,1
3273,5.917950505760418,5.71717102683231,-0.20077947892810766,5
3274,5.985963127805124,5.71717102683231,-0.2687921009728136,4
3275,5.953540826332054,5.71717102683231,-0.23636979949974357,10
3276,5.937320092421467,6.049218022670182,0.1118979302487153,9
3277,5.968564569210368,6.049218022670182,0.08065345345981356,7
3278,5.882321563326784,6.049218022670182,0.16689645934339836,2
3279,5.936541517426007,6.049218022670182,0.11267650524417494,4
3280,5.849029255266575,6.049218022670182,0.20018876740360714,3
3281,5.848997733432405,6.049218022670182,0.20022028923777668,8
3282,5.849018608826988,6.049218022670182,0.20019941384319395,6
3283,5.849157663549204,6.049218022670182,0.20006035912097797,1
3284,5.848973340966633,6.049218022670182,0.20024468170354925,10
3285,5.305688776533282,6.396199347095736,1.0905105705624543,8
3286,5.403207276800265,6.396199347095736,0.9929920702954718,5
3287,5.172141929142064,6.396199347095736,1.2240574179536727,1
3288,5.256855670988452,6.396199347095736,1.1393436761072842,6
3289,5.346356041027325,6.396199347095736,1.0498433060684116,9
3290,5.258208457743362,6.396199347095736,1.1379908893523742,10
3291,5.308272288468958,6.396199347095736,1.0879270586267786,2
3292,5.367061852896574,6.396199347095736,1.029137494199162,4
3293,5.40219057471142,6.396199347095736,0.9940087723843165,7
3294,5.749832350120922,5.550228353055094,-0.19960399706582788,8
3295,5.7501779089519705,5.550228353055094,-0.19994955589687624,10
3296,5.750094943275245,5.550228353055094,-0.19986659022015107,3
3297,5.75060554441242,5.550228353055094,-0.200377191357326,6
3298,5.750244210223217,5.550228353055094,-0.20001585716812276,5
3299,5.750147431655611,5.550228353055094,-0.19991907860051672,4
3300,5.749869881793377,5.550228353055094,-0.1996415287382831,1
3301,5.750156155135424,5.550228353055094,-0.1999278020803299,9
3302,5.749827767208025,5.550228353055094,-0.1995994141529307,7
3303,5.774880002237423,5.575072325713813,-0.1998076765236103,1
3304,5.596322776242156,5.575072325713813,-0.021250450528342846,9
3305,5.375225537459726,5.575072325713813,0.19984678825408686,6
3306,5.507598890155505,5.575072325713813,0.0674734355583082,10
3307,5.66320420005155,5.575072325713813,-0.08813187433773706,7
3308,5.374955645118257,5.575072325713813,0.20011668059555543,5
3309,5.55261400811483,5.575072325713813,0.02245831759898298,4
3310,5.5686326612075625,5.575072325713813,0.006439664506250331,8
3311,5.623476878530244,5.575072325713813,-0.04840455281643141,2
3312,5.899898435514161,6.100025730107863,0.2001272945937016,8
3313,5.870357694129293,6.100025730107863,0.22966803597856966,9
3314,5.761673803225747,6.100025730107863,0.33835192688211535,3
3315,5.900272089179236,6.100025730107863,0.1997536409286269,10
3316,5.818671396159456,6.100025730107863,0.28135433394840703,1
3317,5.7959974753260015,6.100025730107863,0.30402825478186113,2
3318,5.8999161715824755,6.100025730107863,0.20010955852538714,7
3319,5.777499463002583,6.100025730107863,0.32252626710528,6
3320,5.769766076145876,6.100025730107863,0.33025965396198664,4
3321,5.233133496823269,4.860338006570994,-0.3727954902522752,9
3322,5.169899222832547,4.860338006570994,-0.3095612162615531,2
3323,5.060386137240277,4.860338006570994,-0.20004813066928318,1
3324,5.060284396347968,4.860338006570994,-0.199946389776974,7
3325,5.060335337637954,4.860338006570994,-0.19999733106696027,5
3326,5.161636927278692,4.860338006570994,-0.3012989207076977,3
3327,5.533826247830028,4.860338006570994,-0.673488241259034,10
3328,5.128554351939243,4.860338006570994,-0.26821634536824934,4
3329,5.060122805240913,4.860338006570994,-0.19978479866991883,6
3330,6.497617668055025,6.489958479424835,-0.007659188630189995,9
3331,6.6899263320239415,6.489958479424835,-0.19996785259910688,6
3332,6.408785586457815,6.489958479424835,0.0811728929670199,10
3333,6.455717325117465,6.489958479424835,0.03424115430736929,5
3334,6.460769555186607,6.489958479424835,0.02918892423822772,7
3335,6.4711253730431855,6.489958479424835,0.018833106381649145,1
3336,6.424557535561586,6.489958479424835,0.06540094386324835,3
3337,6.563035328407034,6.489958479424835,-0.07307684898219957,2
3338,6.4319441583316,6.489958479424835,0.05801432109323468,8
3339,6.198175482705473,6.3979400086720375,0.19976452596656458,4
3340,6.198028301753759,6.3979400086720375,0.19991170691827875,9
3341,6.197709266738812,6.3979400086720375,0.20023074193322543,3
3342,6.197801813605051,6.3979400086720375,0.2001381950669865,10
3343,6.198211210112322,6.3979400086720375,0.1997287985597156,5
3344,6.197960289993889,6.3979400086720375,0.1999797186781489,2
3345,6.198153692954082,6.3979400086720375,0.19978631571795535,8
3346,6.19837809763907,6.3979400086720375,0.1995619110329674,6
3347,6.198209394879006,6.3979400086720375,0.19973061379303125,7
3348,5.94872715709446,6.3560258571931225,0.40729870009866254,1
3349,5.885405539738773,6.3560258571931225,0.4706203174543493,4
3350,6.155824254538476,6.3560258571931225,0.20020160265464693,6
3351,6.156176549540193,6.3560258571931225,0.1998493076529293,3
3352,6.155952582411757,6.3560258571931225,0.20007327478136538,8
3353,6.1562456600813436,6.3560258571931225,0.19978019711177897,10
3354,5.906133198934797,6.3560258571931225,0.44989265825832536,2
3355,5.855282046420286,6.3560258571931225,0.5007438107728364,9
3356,5.8494814731093525,6.3560258571931225,0.50654438408377,5
3357,4.906239432680704,4.705863712283919,-0.20037572039678508,2
3358,4.906233486886497,4.705863712283919,-0.20036977460257788,8
3359,5.112416198571655,4.705863712283919,-0.4065524862877359,3
3360,4.905707534637694,4.705863712283919,-0.19984382235377485,5
3361,4.996091692783943,4.705863712283919,-0.2902279805000241,10
3362,4.965412110451503,4.705863712283919,-0.2595483981675839,4
3363,4.916153297834338,4.705863712283919,-0.2102895855504192,9
3364,4.905787227084444,4.705863712283919,-0.19992351480052495,7
3365,4.905694443552451,4.705863712283919,-0.19983073126853235,1
3366,5.566295977993203,4.833147111912785,-0.733148866080418,9
3367,5.56742947220219,4.833147111912785,-0.7342823602894049,1
3368,5.6041550026676985,4.833147111912785,-0.7710078907549134,2
3369,5.579332169617064,4.833147111912785,-0.7461850577042792,4
3370,5.871234160830868,4.833147111912785,-1.038087048918083,6
3371,5.335522838277445,4.833147111912785,-0.5023757263646598,8
3372,5.589247732746274,4.833147111912785,-0.7561006208334886,5
3373,5.923753515193768,4.833147111912785,-1.090606403280983,10
3374,5.321273794104564,4.833147111912785,-0.4881266821917789,7
3375,6.201247384540684,6.182671386675478,-0.018575997865205807,7
3376,6.249590219469299,6.182671386675478,-0.06691883279382083,8
3377,6.369072769620674,6.182671386675478,-0.1864013829451956,6
3378,6.276441388303267,6.182671386675478,-0.0937700016277887,9
3379,6.2963728243833055,6.182671386675478,-0.11370143770782715,2
3380,6.264396830624548,6.182671386675478,-0.08172544394907,3
3381,6.382706365490322,6.182671386675478,-0.2000349788148439,5
3382,6.210205115261341,6.182671386675478,-0.027533728585862782,10
3383,6.24312769613087,6.182671386675478,-0.06045630945539138,1
3384,6.069550989236944,6.262023704606317,0.19247271536937305,3
3385,6.061943065600248,6.262023704606317,0.2000806390060692,8
3386,6.208817340613672,6.262023704606317,0.05320636399264522,1
3387,6.097613128035643,6.262023704606317,0.16441057657067404,9
3388,6.104766229117249,6.262023704606317,0.1572574754890681,10
3389,6.107687355107508,6.262023704606317,0.15433634949880926,2
3390,6.062364237524669,6.262023704606317,0.1996594670816485,4
3391,6.062026909900585,6.262023704606317,0.19999679470573284,7
3392,6.149087693580337,6.262023704606317,0.1129360110259805,6
3393,5.967722427796877,6.408239965311849,0.4405175375149719,5
3394,5.836469983551794,6.408239965311849,0.5717699817600552,3
3395,5.8120595522795,6.408239965311849,0.5961804130323491,10
3396,5.809159393716121,6.408239965311849,0.5990805715957279,1
3397,5.723493806207021,6.408239965311849,0.6847461591048285,7
3398,5.879902409696823,6.408239965311849,0.5283375556150265,9
3399,5.885559342471089,6.408239965311849,0.5226806228407606,2
3400,5.966345515181374,6.408239965311849,0.44189445013047557,6
3401,5.871219405849319,6.408239965311849,0.5370205594625306,8
3402,6.40422244466898,6.5910646070265,0.1868421623575207,1
3403,6.390949977145855,6.5910646070265,0.20011462988064554,7
3404,6.458655237534824,6.5910646070265,0.13240936949167637,4
3405,6.359854750602552,6.5910646070265,0.23120985642394842,2
3406,6.391339175383304,6.5910646070265,0.19972543164319667,8
3407,6.411175208112927,6.5910646070265,0.17988939891357347,3
3408,6.3908826416393225,6.5910646070265,0.20018196538717792,9
3409,6.401625442960675,6.5910646070265,0.18943916406582506,5
3410,6.390953054662877,6.5910646070265,0.200111552363623,6
3411,6.381143752610762,5.876217840591642,-0.5049259120191198,8
3412,6.392422262203976,5.876217840591642,-0.5162044216123336,3
3413,6.375599108913954,5.876217840591642,-0.49938126832231156,5
3414,6.296650040189906,5.876217840591642,-0.42043219959826406,6
3415,6.442006684580883,5.876217840591642,-0.5657888439892407,4
3416,6.330319570774398,5.876217840591642,-0.4541017301827557,2
3417,6.375544123173578,5.876217840591642,-0.49932628258193557,1
3418,6.346305423520647,5.876217840591642,-0.470087582929005,9
3419,6.344032785500433,5.876217840591642,-0.46781494490879094,7
3420,5.276622449770125,6.1041455505540085,0.8275231007838837,10
3421,5.262345236055243,6.1041455505540085,0.8418003144987658,4
3422,5.139952976312808,6.1041455505540085,0.964192574241201,2
3423,5.165864676689601,6.1041455505540085,0.9382808738644073,9
3424,5.175324811484581,6.1041455505540085,0.9288207390694279,6
3425,5.2130985362991185,6.1041455505540085,0.8910470142548901,5
3426,5.031779338496622,6.1041455505540085,1.0723662120573865,1
3427,5.139187728025295,6.1041455505540085,0.9649578225287136,8
3428,4.889535540132352,6.1041455505540085,1.2146100104216568,7
3429,6.154351201917963,4.630122642859312,-1.5242285590586517,2
3430,6.179710565425659,4.630122642859312,-1.5495879225663476,6
3431,6.211173951265461,4.630122642859312,-1.581051308406149,7
3432,6.127023582884691,4.630122642859312,-1.4969009400253794,9
3433,6.190881643956327,4.630122642859312,-1.560759001097015,4
3434,6.273034856604493,4.630122642859312,-1.6429122137451815,8
3435,6.121593650633961,4.630122642859312,-1.4914710077746491,10
3436,6.1942445545880025,4.630122642859312,-1.5641219117286909,3
3437,6.12687208579624,4.630122642859312,-1.4967494429369284,5
3438,6.180640897117954,6.5910646070265,0.4104237099085468,5
3439,6.161751184453838,6.5910646070265,0.4293134225726627,6
3440,6.24106299690323,6.5910646070265,0.3500016101232708,4
3441,6.16689457963496,6.5910646070265,0.42417002739154075,3
3442,6.168892520678295,6.5910646070265,0.4221720863482057,10
3443,6.214875434076108,6.5910646070265,0.3761891729503928,1
3444,6.176467617456901,6.5910646070265,0.4145969895695991,8
3445,6.121670207013129,6.5910646070265,0.4693944000133712,7
3446,6.137298900344026,6.5910646070265,0.45376570668247407,9
3447,6.178202307298451,5.978180516937414,-0.2000217903610375,3
3448,6.17829511878534,5.978180516937414,-0.2001146018479263,6
3449,6.1782956160203515,5.978180516937414,-0.20011509908293768,1
3450,6.121486363953433,5.978180516937414,-0.1433058470160189,7
3451,6.178337555522059,5.978180516937414,-0.20015703858464562,9
3452,6.1730333635542305,5.978180516937414,-0.19485284661681668,5
3453,6.137133459565011,5.978180516937414,-0.15895294262759752,8
3454,6.178282175639521,5.978180516937414,-0.20010165870210717,10
3455,6.196724796885994,5.978180516937414,-0.2185442799485804,4
3456,6.164769074632051,6.32221929473392,0.15745022010186904,10
3457,6.226723801481248,6.32221929473392,0.09549549325267215,1
3458,6.186592373073507,6.32221929473392,0.13562692166041312,3
3459,6.183350675122274,6.32221929473392,0.13886861961164598,5
3460,6.17191981471143,6.32221929473392,0.1502994800224906,6
3461,6.157778522851028,6.32221929473392,0.16444077188289263,8
3462,6.24114378728961,6.32221929473392,0.0810755074443108,4
3463,6.171746793758878,6.32221929473392,0.1504725009750425,7
3464,6.2130232735959545,6.32221929473392,0.10919602113796589,2
3465,6.038875754538941,6.100025730107863,0.06114997556892199,6
3466,6.194645643537798,6.100025730107863,-0.09461991342993503,8
3467,6.242030367644956,6.100025730107863,-0.14200463753709336,5
3468,6.218872188412518,6.100025730107863,-0.11884645830465512,4
3469,6.190277812631541,6.100025730107863,-0.09025208252367811,9
3470,6.243352013001407,6.100025730107863,-0.1433262828935442,1
3471,6.2028121879038585,6.100025730107863,-0.10278645779599582,3
3472,6.24567073218659,6.100025730107863,-0.14564500207872744,7
3473,6.069058841088481,6.100025730107863,0.030966889019381938,2
3474,6.220225706194769,5.675778341674085,-0.5444473645206847,10
3475,6.239067071439933,5.675778341674085,-0.5632887297658487,3
3476,6.26667889430998,5.675778341674085,-0.5909005526358948,4
3477,6.250218106423887,5.675778341674085,-0.5744397647498021,6
3478,6.289268797473906,5.675778341674085,-0.6134904557998215,8
3479,6.260636934451912,5.675778341674085,-0.5848585927778274,9
3480,6.277564181196498,5.675778341674085,-0.6017858395224129,5
3481,6.308648562823489,5.675778341674085,-0.6328702211494042,1
3482,6.1960004479669015,5.675778341674085,-0.5202221062928167,2
3483,6.200068307815626,6.0,-0.20006830781562623,2
3484,6.2001941415790816,6.0,-0.20019414157908155,4
3485,6.200186303450466,6.0,-0.20018630345046606,7
3486,6.200011961018907,6.0,-0.20001196101890706,9
3487,6.200208967114834,6.0,-0.20020896711483438,8
3488,6.20025368702316,6.0,-0.20025368702316015,3
3489,6.200091684526367,6.0,-0.20009168452636672,6
3490,6.200033177204552,6.0,-0.20003317720455183,5
3491,6.200260489717711,6.0,-0.20026048971771093,1
3492,5.961259125354028,6.431363764158987,0.47010463880495923,7
3493,5.9480016054178595,6.431363764158987,0.4833621587411274,9
3494,6.004814354244137,6.431363764158987,0.42654940991485013,5
3495,5.996277292313155,6.431363764158987,0.4350864718458318,2
3496,6.060164232796664,6.431363764158987,0.37119953136232287,1
3497,6.044478830443164,6.431363764158987,0.3868849337158231,4
3498,5.998207300913502,6.431363764158987,0.43315646324548496,3
3499,5.977210866775123,6.431363764158987,0.4541528973838638,10
3500,5.990979729483117,6.431363764158987,0.44038403467587006,8
3501,6.352628914433789,6.1525940779274695,-0.2000348365063198,3
3502,6.098383178817054,6.1525940779274695,0.05421089911041577,4
3503,5.9525568723088975,6.1525940779274695,0.20003720561857197,5
3504,6.273293588549106,6.1525940779274695,-0.12069951062163664,1
3505,6.2155810226662735,6.1525940779274695,-0.06298694473880406,2
3506,6.139426589698591,6.1525940779274695,0.01316748822887881,8
3507,6.163770619298856,6.1525940779274695,-0.011176541371386683,6
3508,5.952371777615964,6.1525940779274695,0.20022230031150556,10
3509,6.140239411879275,6.1525940779274695,0.012354666048194574,9
3510,6.532234438332223,6.732393759822968,0.20015932149074533,8
3511,6.532513930773592,6.732393759822968,0.19987982904937596,7
3512,6.532072580212286,6.732393759822968,0.20032117961068252,1
3513,6.532107071718886,6.732393759822968,0.20028668810408234,2
3514,6.531986627782357,6.732393759822968,0.20040713204061156,6
3515,6.602271235683272,6.732393759822968,0.13012252413969616,10
3516,6.70379843173043,6.732393759822968,0.028595328092538175,3
3517,6.532603949891199,6.732393759822968,0.19978980993176876,5
3518,6.532331631776003,6.732393759822968,0.200062128046965,9
3519,5.5228443824000735,4.491361693834273,-1.0314826885658004,6
3520,5.588734964630327,4.491361693834273,-1.0973732707960542,3
3521,5.60106192542573,4.491361693834273,-1.1097002315914573,1
3522,5.712214772822157,4.491361693834273,-1.2208530789878838,4
3523,5.542365884529071,4.491361693834273,-1.0510041906947976,7
3524,5.679855728190885,4.491361693834273,-1.1884940343566122,8
3525,5.523251322391826,4.491361693834273,-1.0318896285575532,9
3526,5.6256665915159,4.491361693834273,-1.134304897681627,2
3527,5.741606704731303,4.491361693834273,-1.2502450108970296,5
3528,4.578584520144692,4.77901897191487,0.20043445177017816,4
3529,4.736993090403907,4.77901897191487,0.042025881510963536,8
3530,4.9789699214399015,4.77901897191487,-0.19995094952503134,7
3531,4.579112153491124,4.77901897191487,0.19990681842374602,3
3532,4.943001944794439,4.77901897191487,-0.16398297287956876,1
3533,4.979557300955141,4.77901897191487,-0.20053832904027047,5
3534,4.578916603571704,4.77901897191487,0.20010236834316597,6
3535,4.927537777840455,4.77901897191487,-0.14851880592558508,2
3536,4.578964529550935,4.77901897191487,0.20005444236393544,9
3537,6.356013843258302,6.556302500767287,0.2002886575089846,1
3538,6.356400845095436,6.556302500767287,0.1999016556718507,3
3539,6.356306956695015,6.556302500767287,0.19999554407227205,6
3540,6.356604761798319,6.556302500767287,0.19969773896896825,2
3541,6.356192015779244,6.556302500767287,0.20011048498804307,7
3542,6.356682571800116,6.556302500767287,0.19961992896717096,9
3543,6.356163829416538,6.556302500767287,0.20013867135074914,8
3544,6.355991007058737,6.556302500767287,0.20031149370854973,4
3545,6.356479452818004,6.556302500767287,0.19982304794928307,10
3546,4.566598904678269,4.850033257689769,0.2834343530114998,8
3547,4.649841570415542,4.850033257689769,0.2001916872742271,6
3548,4.667826333855569,4.850033257689769,0.18220692383420012,9
3549,4.623512047328776,4.850033257689769,0.2265212103609926,5
3550,4.120393257482993,4.850033257689769,0.7296400002067758,7
3551,4.343655892393223,4.850033257689769,0.5063773652965455,3
3552,4.649969833002094,4.850033257689769,0.20006342468767446,4
3553,4.64995916810596,4.850033257689769,0.20007408958380868,10
3554,4.649817647291254,4.850033257689769,0.20021561039851488,2
3555,6.092328426329493,6.278753600952829,0.18642517462333608,1
3556,6.336267202037401,6.278753600952829,-0.057513601084572485,2
3557,6.292338776659038,6.278753600952829,-0.01358517570620954,5
3558,6.2708403978531635,6.278753600952829,0.007913203099665367,3
3559,6.252812819822664,6.278753600952829,0.02594078113016529,8
3560,6.295733402485052,6.278753600952829,-0.016979801532222893,10
3561,6.222262731706548,6.278753600952829,0.05649086924628044,4
3562,6.479168430310521,6.278753600952829,-0.20041482935769217,6
3563,6.302024529271736,6.278753600952829,-0.023270928318907202,9
3564,6.2624551161490905,6.4623979978989565,0.19994288174986607,10
3565,6.262866950046629,6.4623979978989565,0.19953104785232778,4
3566,6.2623854693074135,6.4623979978989565,0.20001252859154306,1
3567,6.262407826015433,6.4623979978989565,0.19999017188352308,9
3568,6.262550762413667,6.4623979978989565,0.19984723548528915,5
3569,6.262734743545772,6.4623979978989565,0.19966325435318488,8
3570,6.262309028094162,6.4623979978989565,0.20008896980479474,3
3571,6.262630168703764,6.4623979978989565,0.1997678291951921,2
3572,6.262221056694774,6.4623979978989565,0.20017694120418295,6
3573,6.19909782487527,6.399154333958217,0.20005650908294648,1
3574,6.199144927416219,6.399154333958217,0.20000940654199795,9
3575,6.19874960520442,6.399154333958217,0.20040472875379667,7
3576,6.198948378851245,6.399154333958217,0.2002059551069717,4
3577,6.1991137140093295,6.399154333958217,0.20004061994888733,3
3578,6.1989243069606115,6.399154333958217,0.2002300269976054,5
3579,6.19892089889579,6.399154333958217,0.20023343506242686,2
3580,6.19949255220744,6.399154333958217,0.19966178175077687,8
3581,6.1995105464548335,6.399154333958217,0.1996437875033834,6
3582,5.8811741413451175,6.3979400086720375,0.51676586732692,10
3583,5.772330470230261,6.3979400086720375,0.6256095384417764,1
3584,5.8613331354022815,6.3979400086720375,0.536606873269756,9
3585,5.80279735664734,6.3979400086720375,0.5951426520246974,6
3586,5.817303515982257,6.3979400086720375,0.5806364926897807,4
3587,5.896991440001874,6.3979400086720375,0.5009485686701636,7
3588,5.771738371822333,6.3979400086720375,0.6262016368497045,3
3589,5.735440897602993,6.3979400086720375,0.6624991110690441,5
3590,6.153435004303502,6.3979400086720375,0.24450500436853506,8
3591,6.325993484640666,5.880813592280791,-0.44517989235987443,1
3592,6.20208243030184,5.880813592280791,-0.3212688380210489,9
3593,6.2911225993879345,5.880813592280791,-0.41030900710714313,2
3594,6.300608644040645,5.880813592280791,-0.4197950517598539,3
3595,6.327489965344288,5.880813592280791,-0.4466763730634966,6
3596,6.278478312778088,5.880813592280791,-0.3976647204972963,4
3597,6.342486566177621,5.880813592280791,-0.46167297389682993,7
3598,6.303807083521864,5.880813592280791,-0.42299349124107266,10
3599,6.265463542411206,5.880813592280791,-0.3846499501304148,5
3600,5.759879073301725,5.892094602690481,0.13221552938875547,2
3601,5.735995542379328,5.892094602690481,0.15609906031115273,1
3602,5.723394915067058,5.892094602690481,0.16869968762342236,3
3603,5.76823319043011,5.892094602690481,0.12386141226037051,4
3604,5.829366984492611,5.892094602690481,0.06272761819786954,10
3605,5.782879787603047,5.892094602690481,0.10921481508743369,6
3606,5.775564325473217,5.892094602690481,0.11653027721726339,7
3607,5.691990713723938,5.892094602690481,0.20010388896654252,5
3608,5.771120420397297,5.892094602690481,0.12097418229318357,8
3609,5.916266295151987,5.7160033436348,-0.20026295151718632,3
3610,5.916189803312987,5.7160033436348,-0.2001864596781866,4
3611,5.916010213153334,5.7160033436348,-0.20000686951853375,7
3612,5.9348549270540065,5.7160033436348,-0.21885158341920619,8
3613,5.916288710694232,5.7160033436348,-0.20028536705943178,1
3614,5.880695811302008,5.7160033436348,-0.1646924676672077,2
3615,5.916001078302562,5.7160033436348,-0.19999773466776194,5
3616,5.977529619808042,5.7160033436348,-0.26152627617324153,9
3617,5.915908405543895,5.7160033436348,-0.19990506190909496,6
3618,6.4967640787904894,6.696836730575163,0.20007265178467382,6
3619,6.497185874227608,6.696836730575163,0.19965085634755564,7
3620,6.497177100767499,6.696836730575163,0.19965962980766427,1
3621,6.496739966861807,6.696836730575163,0.20009676371335594,2
3622,6.4965604391376095,6.696836730575163,0.20027629143755377,10
3623,6.57046469694939,6.696836730575163,0.1263720336257732,8
3624,6.4966420746214935,6.696836730575163,0.2001946559536698,4
3625,6.496544026123757,6.696836730575163,0.20029270445140668,5
3626,6.496550736008005,6.696836730575163,0.20028599456715845,3
3627,5.224949792543235,5.530481449815745,0.3055316572725095,7
3628,5.029175440487821,5.530481449815745,0.5013060093279238,6
3629,5.029233422339362,5.530481449815745,0.5012480274763824,8
3630,4.974260085238533,5.530481449815745,0.5562213645772118,2
3631,5.330269349030407,5.530481449815745,0.2002121007853379,4
3632,5.075114167553053,5.530481449815745,0.4553672822626913,1
3633,5.162141927673934,5.530481449815745,0.3683395221418104,10
3634,5.330083640595458,5.530481449815745,0.20039780922028694,5
3635,5.330128808982317,5.530481449815745,0.20035264083342774,3
3636,5.526916997520335,6.465828815357437,0.9389118178371021,3
3637,5.521388516901757,6.465828815357437,0.9444402984556799,2
3638,5.421620716617137,6.465828815357437,1.0442080987402997,8
3639,5.419410327188189,6.465828815357437,1.0464184881692482,10
3640,5.795567769420564,6.465828815357437,0.670261045936873,9
3641,6.265636031640496,6.465828815357437,0.2001927837169406,1
3642,5.546861032816264,6.465828815357437,0.9189677825411726,7
3643,5.43765768701899,6.465828815357437,1.028171128338447,4
3644,5.586809605498083,6.465828815357437,0.8790192098593534,5
3645,6.3911663861867565,6.5910646070265,0.19989822083974396,3
3646,6.391174272457824,6.5910646070265,0.19989033456867666,4
3647,6.5113590463774145,6.5910646070265,0.07970556064908596,5
3648,6.390586629712378,6.5910646070265,0.2004779773141223,10
3649,6.39137343542262,6.5910646070265,0.19969117160388006,6
3650,6.391087727655712,6.5910646070265,0.19997687937078812,8
3651,6.391496491481841,6.5910646070265,0.19956811554465936,2
3652,6.334304618337202,6.5910646070265,0.25675998868929817,7
3653,6.391096981673243,6.5910646070265,0.19996762535325718,9
3654,6.411107312785947,6.919078092376074,0.5079707795901269,8
3655,6.299567072567383,6.919078092376074,0.6195110198086908,2
3656,6.385774766907696,6.919078092376074,0.5333033254683777,1
3657,6.383571074675983,6.919078092376074,0.5355070177000911,6
3658,6.383169676787441,6.919078092376074,0.5359084155886329,7
3659,6.352948555593126,6.919078092376074,0.566129536782948,9
3660,6.36042129368761,6.919078092376074,0.5586567986884639,5
3661,6.3473732114547605,6.919078092376074,0.5717048809213132,3
3662,6.352489987394225,6.919078092376074,0.5665881049818484,4
3663,6.100715047745751,6.301029995663981,0.20031494791823068,6
3664,6.158993892616925,6.301029995663981,0.14203610304705627,5
3665,6.100749178550968,6.301029995663981,0.20028081711301304,4
3666,6.101081243048218,6.301029995663981,0.1999487526157635,2
3667,6.100828060180762,6.301029995663981,0.20020193548321963,7
3668,6.1010244147448685,6.301029995663981,0.2000055809191128,1
3669,6.101001437700154,6.301029995663981,0.20002855796382768,3
3670,6.100946273572953,6.301029995663981,0.2000837220910281,9
3671,6.101326233910741,6.301029995663981,0.19970376175324045,10
3672,6.2573454556025405,6.380211241711606,0.12286578610906584,10
3673,6.2584124271978165,6.380211241711606,0.12179881451378982,3
3674,6.3045102229531444,6.380211241711606,0.07570101875846191,7
3675,6.33249923655805,6.380211241711606,0.04771200515355645,5
3676,6.275278316412615,6.380211241711606,0.10493292529899101,9
3677,6.269578125535638,6.380211241711606,0.11063311617596838,8
3678,6.279060639184702,6.380211241711606,0.10115060252690444,6
3679,6.279725374333191,6.380211241711606,0.10048586737841525,1
3680,6.29244613291622,6.380211241711606,0.08776510879538613,4
3681,6.235761144586432,6.204119982655925,-0.03164116193050681,1
3682,6.2334425705964875,6.204119982655925,-0.029322587940562528,9
3683,6.403867024418838,6.204119982655925,-0.19974704176291258,4
3684,6.367769441771828,6.204119982655925,-0.163649459115903,7
3685,6.368341693250127,6.204119982655925,-0.16422171059420165,10
3686,6.308336668658617,6.204119982655925,-0.10421668600269207,8
3687,6.322262314311366,6.204119982655925,-0.11814233165544064,6
3688,6.360122325729726,6.204119982655925,-0.15600234307380134,3
3689,6.362615874438621,6.204119982655925,-0.15849589178269596,2
3690,6.100730382051535,6.301029995663981,0.20029961361244641,5
3691,6.100905460929521,6.301029995663981,0.20012453473446,10
3692,6.1009300193097955,6.301029995663981,0.20009997635418575,1
3693,6.100885282994373,6.301029995663981,0.20014471266960854,3
3694,6.1007517124630635,6.301029995663981,0.20027828320091778,7
3695,6.101025440111099,6.301029995663981,0.20000455555288266,6
3696,6.101000837786596,6.301029995663981,0.20002915787738562,9
3697,6.100828171472896,6.301029995663981,0.200201824191085,8
3698,6.100788680869495,6.301029995663981,0.2002413147944866,2
3699,6.057979647692904,6.073105874968971,0.015126227276066828,6
3700,6.026942101630899,6.073105874968971,0.046163773338071756,2
3701,6.054787397353346,6.073105874968971,0.018318477615625106,5
3702,6.065487860594017,6.073105874968971,0.007618014374954463,3
3703,6.013376029944704,6.073105874968971,0.05972984502426737,9
3704,6.090595219633284,6.073105874968971,-0.0174893446643134,4
3705,5.983798932777593,6.073105874968971,0.08930694219137791,7
3706,5.994907860021795,6.073105874968971,0.07819801494717638,10
3707,6.0437563936945615,6.073105874968971,0.029349481274409506,8
3708,5.825701302540195,6.2552725051033065,0.4295712025631113,10
3709,5.826427282585593,6.2552725051033065,0.4288452225177135,6
3710,5.873569264364496,6.2552725051033065,0.3817032407388101,3
3711,5.780922034998813,6.2552725051033065,0.4743504701044934,2
3712,5.855394714675338,6.2552725051033065,0.39987779042796845,5
3713,5.786151680110099,6.2552725051033065,0.4691208249932073,4
3714,5.712001609551005,6.2552725051033065,0.5432708955523013,1
3715,5.806583681971985,6.2552725051033065,0.4486888231313211,8
3716,5.647926831233957,6.2552725051033065,0.6073456738693492,9
3717,6.25739264754214,6.32221929473392,0.06482664719178022,1
3718,6.163478514822293,6.32221929473392,0.1587407799116276,8
3719,6.203026528154057,6.32221929473392,0.11919276657986355,3
3720,6.1310843276899085,6.32221929473392,0.1911349670440119,10
3721,6.183043464252031,6.32221929473392,0.1391758304818893,5
3722,6.1251060081663065,6.32221929473392,0.19711328656761395,7
3723,6.223741566639945,6.32221929473392,0.09847772809397526,4
3724,6.153953160534031,6.32221929473392,0.16826613419988945,9
3725,6.190862787378953,6.32221929473392,0.13135650735496718,6
3726,5.9411916136336655,5.866287339084195,-0.07490427454947035,5
3727,6.050863679015843,5.866287339084195,-0.18457633993164801,9
3728,5.915536564739394,5.866287339084195,-0.04924922565519907,3
3729,5.878447346366762,5.866287339084195,-0.012160007282567165,7
3730,5.9114220511599775,5.866287339084195,-0.045134712075782346,6
3731,5.883159579725624,5.866287339084195,-0.016872240641428782,2
3732,5.929903890979865,5.866287339084195,-0.06361655189567017,10
3733,5.9020060770197125,5.866287339084195,-0.035718737935517275,8
3734,5.939697223354946,5.866287339084195,-0.07340988427075068,4
3735,6.021474929200093,6.318063334962762,0.29658840576266865,10
3736,6.112618122030734,6.318063334962762,0.20544521293202767,3
3737,6.103472883816432,6.318063334962762,0.21459045114633035,4
3738,6.09635061117067,6.318063334962762,0.22171272379209217,6
3739,6.167923982816987,6.318063334962762,0.150139352145775,1
3740,6.117889596265397,6.318063334962762,0.200173738697365,7
3741,6.1163238163580305,6.318063334962762,0.2017395186047315,9
3742,6.1177517835490764,6.318063334962762,0.2003115514136855,5
3743,6.1046650105176585,6.318063334962762,0.21339832444510343,8
3744,6.1163238163580305,6.368100851709351,0.2517770353513207,9
3745,6.1177517835490764,6.368100851709351,0.2503490681602747,5
3746,6.117889596265397,6.368100851709351,0.2502112554439542,7
3747,6.167923982816987,6.368100851709351,0.2001768688923642,1
3748,6.021474929200093,6.368100851709351,0.34662592250925783,10
3749,6.1046650105176585,6.368100851709351,0.2634358411916926,8
3750,6.09635061117067,6.368100851709351,0.27175024053868135,6
3751,6.103472883816432,6.368100851709351,0.26462796789291954,4
3752,6.112618122030734,6.368100851709351,0.25548272967861685,3
3753,6.0859985043137765,6.378397900948138,0.29239939663436143,2
3754,6.076140484249562,6.378397900948138,0.3022574166985761,6
3755,6.160448429382574,6.378397900948138,0.21794947156556432,4
3756,6.0799613234367245,6.378397900948138,0.2984365775114135,9
3757,6.119488256248746,6.378397900948138,0.2589096446993917,8
3758,6.035165788732392,6.378397900948138,0.34323211221574557,10
3759,6.154346066557118,6.378397900948138,0.2240518343910196,1
3760,6.13795987588063,6.378397900948138,0.24043802506750822,3
3761,6.112068307965319,6.378397900948138,0.2663295929828191,5
3762,5.7338421764386505,6.326130956710794,0.5922887802721437,1
3763,5.729245293723554,6.326130956710794,0.5968856629872406,5
3764,5.642890612545331,6.326130956710794,0.6832403441654629,4
3765,5.661957468327922,6.326130956710794,0.6641734883828718,9
3766,5.565339123603921,6.326130956710794,0.7607918331068735,3
3767,5.45776030331607,6.326130956710794,0.8683706533947237,2
3768,5.508696251470982,6.326130956710794,0.8174347052398119,6
3769,5.581762884113151,6.326130956710794,0.7443680725976431,8
3770,5.79737847547542,6.326130956710794,0.5287524812353741,7
3771,5.8092414577699145,4.354108439147401,-1.4551330186225133,10
3772,5.893462234151626,4.354108439147401,-1.5393537950042244,6
3773,5.894954655437392,4.354108439147401,-1.5408462162899905,2
3774,5.88269460766958,4.354108439147401,-1.528586168522179,3
3775,6.028357756300331,4.354108439147401,-1.6742493171529302,1
3776,5.874675031648395,4.354108439147401,-1.5205665925009937,7
3777,5.848989313425503,4.354108439147401,-1.4948808742781017,9
3778,5.847013552081347,4.354108439147401,-1.4929051129339461,5
3779,5.830491787709049,4.354108439147401,-1.4763833485616482,8
3780,6.070915283571835,6.396722278503773,0.32580699493193865,2
3781,6.041747800695423,6.396722278503773,0.35497447780835056,5
3782,6.011092786308452,6.396722278503773,0.3856294921953216,10
3783,6.043429313218234,6.396722278503773,0.3532929652855392,9
3784,6.030479734166675,6.396722278503773,0.3662425443370987,3
3785,6.031812679978527,6.396722278503773,0.3649095985252462,4
3786,6.031572013558758,6.396722278503773,0.3651502649450151,6
3787,6.075137957208273,6.396722278503773,0.3215843212955001,8
3788,6.018693432376436,6.396722278503773,0.37802884612733756,7
3789,5.819243388757665,5.619093330626742,-0.20015005813092301,8
3790,5.8187647529637,5.619093330626742,-0.19967142233695778,10
3791,5.819369600891748,5.619093330626742,-0.2002762702650056,9
3792,5.819237967236491,5.619093330626742,-0.2001446366097488,5
3793,5.819332976749964,5.619093330626742,-0.20023964612322143,7
3794,5.819335452355601,5.619093330626742,-0.20024212172885836,3
3795,5.819151371494654,5.619093330626742,-0.200058040867912,4
3796,5.819009850587381,5.619093330626742,-0.19991651996063897,1
3797,5.819237825655883,5.619093330626742,-0.2001444950291411,2
3798,4.64995916810596,3.6989700043360174,-0.9509891637699428,10
3799,4.649969833002094,3.6989700043360174,-0.950999828666077,4
3800,4.343655892393223,3.6989700043360174,-0.644685888057206,3
3801,4.566598904678269,3.6989700043360174,-0.8676289003422517,8
3802,4.120393257482993,3.6989700043360174,-0.4214232531469757,7
3803,4.649841570415542,3.6989700043360174,-0.9508715660795244,6
3804,4.667826333855569,3.6989700043360174,-0.9688563295195514,9
3805,4.649817647291254,3.6989700043360174,-0.9508476429552366,2
3806,4.623512047328776,3.6989700043360174,-0.9245420429927589,5
3807,5.960762912589168,5.766784515497859,-0.1939783970913087,1
3808,5.891978206565583,5.766784515497859,-0.12519369106772427,8
3809,5.91187354849294,5.766784515497859,-0.1450890329950809,4
3810,5.8486492511803885,5.766784515497859,-0.0818647356825295,2
3811,5.833828097442777,5.766784515497859,-0.067043581944918,9
3812,5.885069487549323,5.766784515497859,-0.11828497205146427,6
3813,5.8135509955441975,5.766784515497859,-0.04676648004633854,7
3814,5.830834797733414,5.766784515497859,-0.06405028223555487,10
3815,5.885022323439475,5.766784515497859,-0.11823780794161642,5
3816,6.274416071818101,6.474755154291798,0.2003390824736968,4
3817,6.274678375056672,6.474755154291798,0.20007677923512635,1
3818,6.2745344469976825,6.474755154291798,0.20022070729411556,9
3819,6.274982611699705,6.474755154291798,0.19977254259209332,7
3820,6.274913929254227,6.474755154291798,0.19984122503757096,10
3821,6.288430621851858,6.474755154291798,0.18632453243994007,3
3822,6.275035207900183,6.474755154291798,0.19971994639161483,8
3823,6.311966355140407,6.474755154291798,0.16278879915139122,2
3824,6.274615207356094,6.474755154291798,0.20013994693570414,6
3825,5.627742415518512,5.643452676486188,0.01571026096767625,8
3826,5.742413075258317,5.643452676486188,-0.09896039877212903,1
3827,5.632815352505787,5.643452676486188,0.010637323980400737,7
3828,5.605373903872609,5.643452676486188,0.03807877261357895,4
3829,5.626618032727363,5.643452676486188,0.016834643758825152,5
3830,5.5589337239717125,5.643452676486188,0.08451895251447539,3
3831,5.443767825593728,5.643452676486188,0.19968485089246002,10
3832,5.843390479513569,5.643452676486188,-0.19993780302738084,6
3833,5.60343872475145,5.643452676486188,0.04001395173473821,9
3834,6.219850241664084,6.453318340047038,0.23346809838295357,5
3835,6.223238062024656,6.453318340047038,0.23008027802238207,4
3836,6.240245421440676,6.453318340047038,0.21307291860636202,6
3837,6.311875055282037,6.453318340047038,0.14144328476500068,9
3838,6.253251559032349,6.453318340047038,0.200066781014689,8
3839,6.212810630336938,6.453318340047038,0.2405077097100996,10
3840,6.2109037224570836,6.453318340047038,0.24241461758995442,2
3841,6.214109092665886,6.453318340047038,0.2392092473811518,3
3842,6.253114402706991,6.453318340047038,0.2002039373400466,7
3843,6.0476899545812435,4.764176132390331,-1.2835138221909128,6
3844,5.94267528061597,4.764176132390331,-1.1784991482256393,7
3845,6.039707341831109,4.764176132390331,-1.2755312094407785,9
3846,6.062464885754584,4.764176132390331,-1.298288753364253,3
3847,6.063536799020694,4.764176132390331,-1.2993606666303634,5
3848,6.067530553903709,4.764176132390331,-1.3033544215133785,4
3849,6.057703750099402,4.764176132390331,-1.2935276177090715,2
3850,6.04785816477385,4.764176132390331,-1.2836820323835196,8
3851,6.026944113599359,4.764176132390331,-1.262767981209028,10
3852,5.9640994594573336,6.227115082589125,0.2630156231317917,10
3853,5.99771283712775,6.227115082589125,0.2294022454613751,6
3854,5.983590632110611,6.227115082589125,0.2435244504785139,5
3855,6.002191605172864,6.227115082589125,0.22492347741626162,4
3856,5.862567801680923,6.227115082589125,0.36454728090820243,8
3857,5.895017420933427,6.227115082589125,0.3320976616556983,7
3858,5.938879149299125,6.227115082589125,0.2882359332900002,9
3859,6.026829709555012,6.227115082589125,0.20028537303411298,1
3860,6.026862823917956,6.227115082589125,0.2002522586711697,2
3861,6.239321821256279,6.039255443806487,-0.20006637744979194,9
3862,6.38663809993819,6.039255443806487,-0.3473826561317024,2
3863,6.315733216449519,6.039255443806487,-0.2764777726430312,10
3864,6.391898962044156,6.039255443806487,-0.3526435182376684,6
3865,6.380345367795643,6.039255443806487,-0.3410899239891556,7
3866,6.329390395150142,6.039255443806487,-0.29013495134365463,8
3867,6.3040269640527145,6.039255443806487,-0.2647715202462271,3
3868,6.369172630579447,6.039255443806487,-0.3299171867729598,5
3869,6.251507548589717,6.039255443806487,-0.21225210478322953,4
3870,5.987939346624687,6.079181246047625,0.09124189942293803,8
3871,5.879017521501091,6.079181246047625,0.20016372454653375,7
3872,5.9833448988835665,6.079181246047625,0.09583634716405864,10
3873,5.9891517004069,6.079181246047625,0.09002954564072496,9
3874,5.995263384994238,6.079181246047625,0.08391786105338728,2
3875,6.04642529468856,6.079181246047625,0.03275595135906517,6
3876,6.049318898956649,6.079181246047625,0.029862347090976016,5
3877,5.9542987232848965,6.079181246047625,0.1248825227627286,3
3878,6.125440959009711,6.079181246047625,-0.046259712962085864,1
3879,6.1870060469526615,6.387211800313731,0.20020575336106905,1
3880,6.310606429224353,6.387211800313731,0.0766053710893777,3
3881,6.200561118066666,6.387211800313731,0.18665068224706438,5
3882,6.187142291839544,6.387211800313731,0.20006950847418636,10
3883,6.186984521411524,6.387211800313731,0.20022727890220615,7
3884,6.186925012544188,6.387211800313731,0.20028678776954223,4
3885,6.187047411757148,6.387211800313731,0.20016438855658247,9
3886,6.187153766253063,6.387211800313731,0.20005803406066747,2
3887,6.18695328365688,6.387211800313731,0.20025851665685046,6
3888,5.775103534001764,5.575072325713813,-0.2000312082879514,10
3889,5.775100342144891,5.575072325713813,-0.20002801643107837,4
3890,5.775126954004794,5.575072325713813,-0.20005462829098075,8
3891,5.775154639508011,5.575072325713813,-0.20008231379419783,5
3892,5.774853157265496,5.575072325713813,-0.19978083155168314,2
3893,5.774721398405631,5.575072325713813,-0.19964907269181786,9
3894,5.774835759462309,5.575072325713813,-0.1997634337484966,3
3895,5.774891089929958,5.575072325713813,-0.19981876421614508,6
3896,5.7752874905413885,5.575072325713813,-0.20021516482757562,7
3897,6.126956391516104,6.539076098792776,0.41211970727667246,6
3898,6.168509470274644,6.539076098792776,0.37056662851813194,5
3899,6.316318147605464,6.539076098792776,0.22275795118731256,3
3900,6.352725174650574,6.539076098792776,0.1863509241422019,7
3901,6.096791676624347,6.539076098792776,0.442284422168429,4
3902,6.0732136357405695,6.539076098792776,0.4658624630522068,2
3903,6.121401146702086,6.539076098792776,0.4176749520906906,9
3904,6.134347159334392,6.539076098792776,0.4047289394583844,10
3905,6.086333963851208,6.539076098792776,0.4527421349415679,8
3906,5.80824948791979,6.008600171761918,0.20035068384212806,3
3907,5.80845378201883,6.008600171761918,0.20014638974308774,1
3908,5.808713641300411,6.008600171761918,0.19988653046150695,7
3909,6.14740795752218,6.008600171761918,-0.1388077857602621,9
3910,5.808311374574165,6.008600171761918,0.20028879718775272,10
3911,5.8084013240930785,6.008600171761918,0.20019884766883944,4
3912,5.808848097289802,6.008600171761918,0.19975207447211574,5
3913,5.808985351477031,6.008600171761918,0.19961482028488664,2
3914,5.808651955979955,6.008600171761918,0.19994821578196298,8
3915,5.9142662697428525,6.113943352306837,0.19967708256398442,8
3916,5.914171168132862,6.113943352306837,0.19977218417397502,7
3917,5.914063467557822,6.113943352306837,0.19987988474901464,1
3918,5.914197481780581,6.113943352306837,0.1997458705262556,5
3919,5.9199228006538345,6.113943352306837,0.19402055165300247,3
3920,5.913726260782186,6.113943352306837,0.20021709152465128,2
3921,5.913693413312969,6.113943352306837,0.2002499389938679,6
3922,5.913572727262071,6.113943352306837,0.20037062504476566,10
3923,6.226303271349231,6.113943352306837,-0.11235991904239384,9
3924,6.0220640755241295,6.222456336679247,0.20039226115511788,3
3925,6.022230099514977,6.222456336679247,0.20022623716427024,2
3926,6.022424720699246,6.222456336679247,0.2000316159800013,9
3927,6.02237081929924,6.222456336679247,0.2000855173800078,10
3928,6.022382469013697,6.222456336679247,0.2000738676655507,1
3929,6.022416754478156,6.222456336679247,0.2000395822010912,8
3930,6.022473146808908,6.222456336679247,0.19998318987033947,4
3931,6.022222530800721,6.222456336679247,0.20023380587852646,5
3932,6.022232541127252,6.222456336679247,0.2002237955519952,7
3933,5.4766582067300495,5.276461804173244,-0.2001964025568057,5
3934,5.476352089135881,5.276461804173244,-0.1998902849626374,2
3935,5.476393798275742,5.276461804173244,-0.1999319941024984,10
3936,5.47623374728743,5.276461804173244,-0.199771943114186,4
3937,5.476594186956801,5.276461804173244,-0.20013238278355683,7
3938,5.4767706832063965,5.276461804173244,-0.20030887903315264,8
3939,5.476280530882014,5.276461804173244,-0.1998187267087701,1
3940,5.476178018282946,5.276461804173244,-0.19971621410970197,3
3941,5.476466407963619,5.276461804173244,-0.20000460379037488,6
3942,6.100982189723643,6.301029995663981,0.2000478059403381,4
3943,6.100699858574364,6.301029995663981,0.2003301370896171,1
3944,6.100908115567254,6.301029995663981,0.20012188009672727,5
3945,6.101101590563228,6.301029995663981,0.19992840510075283,6
3946,6.100716027166738,6.301029995663981,0.2003139684972428,3
3947,6.101047390415765,6.301029995663981,0.19998260524821632,8
3948,6.101112453890887,6.301029995663981,0.19991754177309407,7
3949,6.501301903634421,6.301029995663981,-0.20027190797044003,9
3950,6.100622076475872,6.301029995663981,0.20040791918810896,10
3951,5.475122577913439,5.275103949569196,-0.20001862834424244,2
3952,5.475374434248802,5.275103949569196,-0.2002704846796055,6
3953,5.475215391501133,5.275103949569196,-0.20011144193193697,10
3954,5.4754168309308335,5.275103949569196,-0.20031288136163727,7
3955,5.475039957908404,5.275103949569196,-0.19993600833920766,9
3956,5.474986457179064,5.275103949569196,-0.1998825076098676,3
3957,5.474773168027156,5.275103949569196,-0.19966921845795937,8
3958,5.47493383121522,5.275103949569196,-0.199829881646024,1
3959,5.475210227097504,5.275103949569196,-0.20010627752830779,5
3960,6.684582362865702,6.884795363948981,0.200213001083279,10
3961,6.6848450837240625,6.884795363948981,0.19995028022491823,8
3962,6.68443308275139,6.884795363948981,0.2003622811975907,6
3963,6.6851986878400815,6.884795363948981,0.1995966761088992,2
3964,6.6847818382907285,6.884795363948981,0.20001352565825226,9
3965,6.684847092108543,6.884795363948981,0.19994827184043729,3
3966,6.68500670040979,6.884795363948981,0.19978866353919056,1
3967,6.685096795398933,6.884795363948981,0.19969856855004764,4
3968,6.685084373422905,6.884795363948981,0.19971099052607588,7
3969,6.649331680089492,6.849419413796899,0.20008773370740673,10
3970,6.649491792925962,6.849419413796899,0.19992762087093752,3
3971,6.649630395581349,6.849419413796899,0.19978901821554995,6
3972,6.649604355851873,6.849419413796899,0.19981505794502574,5
3973,6.64914251570651,6.849419413796899,0.2002768980903893,1
3974,6.649537246767448,6.849419413796899,0.19988216702945127,8
3975,6.648990655797679,6.849419413796899,0.20042875799922033,2
3976,6.6498024721456295,6.849419413796899,0.19961694165126964,4
3977,6.649438159450803,6.849419413796899,0.19998125434609637,7
3978,6.507937360077269,6.7979596437371965,0.2900222836599271,4
3979,6.485838209018089,6.7979596437371965,0.31212143471910725,6
3980,6.565972986010967,6.7979596437371965,0.23198665772622995,7
3981,6.539326210052435,6.7979596437371965,0.25863343368476155,2
3982,6.527459411659949,6.7979596437371965,0.2705002320772474,8
3983,6.597779409203731,6.7979596437371965,0.20018023453346512,3
3984,6.534639611202611,6.7979596437371965,0.2633200325345859,10
3985,6.518721560025042,6.7979596437371965,0.27923808371215486,9
3986,6.517279910555727,6.7979596437371965,0.28067973318146944,1
3987,6.484813616413593,7.505149978319906,1.0203363619063133,6
3988,6.484712033742353,7.505149978319906,1.0204379445775533,5
3989,6.484518969908812,7.505149978319906,1.0206310084110939,3
3990,6.4848202883800745,7.505149978319906,1.0203296899398318,1
3991,6.485061703246339,7.505149978319906,1.020088275073567,10
3992,6.485149284059885,7.505149978319906,1.0200006942600215,4
3993,7.305097969355802,7.505149978319906,0.20005200896410447,9
3994,6.484479976224277,7.505149978319906,1.0206700020956294,7
3995,6.48474763173042,7.505149978319906,1.0204023465894867,2
3996,6.318188961049101,6.517723594833735,0.19953463378463443,6
3997,6.317493808050226,6.517723594833735,0.20022978678350967,8
3998,6.434658443119268,6.517723594833735,0.08306515171446716,4
3999,6.452504454217277,6.517723594833735,0.06521914061645795,2
4000,6.389795288498663,6.517723594833735,0.12792830633507268,5
4001,6.317305323463066,6.517723594833735,0.20041827137066903,3
4002,6.317932184013885,6.517723594833735,0.1997914108198504,10
4003,6.3177449595744335,6.517723594833735,0.19997863525930182,9
4004,6.319292653565427,6.517723594833735,0.19843094126830874,1
4005,6.435429518452925,6.6349808000512285,0.19955128159830338,7
4006,6.435023089443227,6.6349808000512285,0.19995771060800127,4
4007,6.435192553917795,6.6349808000512285,0.1997882461334335,2
4008,6.43518325509394,6.6349808000512285,0.1997975449572884,5
4009,6.435286057790694,6.6349808000512285,0.19969474226053485,1
4010,6.434781392867643,6.6349808000512285,0.2001994071835851,3
4011,6.434587756326868,6.6349808000512285,0.20039304372436018,10
4012,6.434670959310243,6.6349808000512285,0.20030984074098512,9
4013,6.4353670788521065,6.6349808000512285,0.19961372119912202,8
4014,6.586152095187174,6.6452748593294935,0.05912276414231954,7
4015,6.515753337261155,6.6452748593294935,0.12952152206833834,9
4016,6.515835884803128,6.6452748593294935,0.12943897452636577,4
4017,6.644862505545657,6.6452748593294935,0.0004123537838367497,2
4018,6.51605774022909,6.6452748593294935,0.1292171191004039,5
4019,6.516185155752101,6.6452748593294935,0.12908970357739236,1
4020,6.599986599890032,6.6452748593294935,0.04528825943946124,10
4021,6.519201996908646,6.6452748593294935,0.12607286242084736,8
4022,6.54849032329102,6.6452748593294935,0.09678453603847359,3
4023,6.0706536027130955,6.270678836144707,0.20002523343161105,8
4024,5.8820327877626015,6.270678836144707,0.38864604838210504,9
4025,5.863513593612566,6.270678836144707,0.40716524253214015,1
4026,5.850404664246863,6.270678836144707,0.42027417189784355,7
4027,6.034994678021025,6.270678836144707,0.23568415812368126,2
4028,5.919729238575902,6.270678836144707,0.3509495975688042,10
4029,6.05809291415871,6.270678836144707,0.21258592198599668,3
4030,6.036727326683242,6.270678836144707,0.23395150946146437,6
4031,6.071016617705076,6.270678836144707,0.19966221843963083,5
4032,6.50138713100896,6.024895960107485,-0.4764911709014754,5
4033,6.225060854457316,6.024895960107485,-0.20016489434983065,4
4034,6.551016975342478,6.024895960107485,-0.5261210152349927,8
4035,6.51041002700973,6.024895960107485,-0.48551406690224486,2
4036,6.575273888314467,6.024895960107485,-0.5503779282069816,10
4037,6.470535874652902,6.024895960107485,-0.44563991454541707,9
4038,6.663258662064915,6.024895960107485,-0.6383627019574298,7
4039,6.44407685843261,6.024895960107485,-0.4191808983251253,1
4040,6.513851378024746,6.024895960107485,-0.4889554179172606,3
4041,6.387531005778428,7.385606273598312,0.9980752678198845,9
4042,6.396040170240528,7.385606273598312,0.9895661033577845,1
4043,6.4954622670064825,7.385606273598312,0.8901440065918296,7
4044,6.314582368184552,7.385606273598312,1.0710239054137602,4
4045,6.430491351750412,7.385606273598312,0.9551149218479003,5
4046,6.567814208775534,7.385606273598312,0.8177920648227781,8
4047,6.426677689410216,7.385606273598312,0.9589285841880963,2
4048,6.504994631189497,7.385606273598312,0.8806116424088151,3
4049,6.5814362928743435,7.385606273598312,0.8041699807239686,10
4050,6.527459411659949,6.284453294010853,-0.24300611764909608,8
4051,6.507937360077269,6.284453294010853,-0.22348406606641635,4
4052,6.484300774373591,6.284453294010853,-0.19984748036273814,5
4053,6.565972986010967,6.284453294010853,-0.2815196920001135,7
4054,6.534639611202611,6.284453294010853,-0.25018631719175755,10
4055,6.517279910555727,6.284453294010853,-0.23282661654487402,1
4056,6.539326210052435,6.284453294010853,-0.2548729160415819,2
4057,6.485838209018089,6.284453294010853,-0.2013849150072362,6
4058,6.518721560025042,6.284453294010853,-0.2342682660141886,9
4059,6.701012488948805,6.501059262217751,-0.1999532267310542,6
4060,6.542946957907577,6.501059262217751,-0.041887695689825755,10
4061,6.534855012365823,6.501059262217751,-0.03379575014807212,1
4062,6.533271081619717,6.501059262217751,-0.032211819401966046,3
4063,6.569575209897447,6.501059262217751,-0.06851594767969615,5
4064,6.496191724678179,6.501059262217751,0.00486753753957192,8
4065,6.701212243650745,6.501059262217751,-0.20015298143299365,7
4066,6.470482263889066,6.501059262217751,0.030576998328685434,4
4067,6.436371849035316,6.501059262217751,0.0646874131824351,9
4068,6.31631225458413,6.501059262217751,0.1847470076336215,8
4069,6.301059572221035,6.501059262217751,0.1999996899967158,1
4070,6.300738601180717,6.501059262217751,0.2003206610370345,4
4071,6.300959468062621,6.501059262217751,0.2000997941551299,10
4072,6.300947566106471,6.501059262217751,0.20011169611128032,2
4073,6.301148183572018,6.501059262217751,0.19991107864573365,6
4074,6.300895869908949,6.501059262217751,0.2001633923088022,7
4075,6.301225610390249,6.501059262217751,0.19983365182750212,3
4076,6.300836481257221,6.501059262217751,0.20022278096053014,5
4077,6.519201996908646,6.7160033436348,0.19680134672615424,8
4078,6.515753337261155,6.7160033436348,0.2002500063736452,9
4079,6.548656321423771,6.7160033436348,0.16734702221102893,6
4080,6.586152095187174,6.7160033436348,0.1298512484476264,7
4081,6.516185155752101,6.7160033436348,0.19981818788269923,1
4082,6.51605774022909,6.7160033436348,0.19994560340571077,5
4083,6.515835884803128,6.7160033436348,0.20016745883167264,4
4084,6.54849032329102,6.7160033436348,0.16751302034378046,3
4085,6.599986599890032,6.7160033436348,0.11601674374476811,10
4086,6.332159461969176,6.3979400086720375,0.06578054670286182,1
4087,6.343739256425098,6.3979400086720375,0.05420075224693921,2
4088,6.354031441107205,6.3979400086720375,0.043908567564832524,3
4089,6.291290566581111,6.3979400086720375,0.10664944209092653,8
4090,6.302865175825889,6.3979400086720375,0.09507483284614882,5
4091,6.32674548951868,6.3979400086720375,0.07119451915335784,4
4092,6.323839838691947,6.3979400086720375,0.07410016998009006,6
4093,6.409819440792351,6.3979400086720375,-0.011879432120313282,9
4094,6.303484104296327,6.3979400086720375,0.09445590437571028,10
4095,6.299900858436928,6.2716557723522754,-0.02824508608465237,1
4096,6.329014162748455,6.2716557723522754,-0.05735839039617918,5
4097,6.421764611608361,6.2716557723522754,-0.15010883925608542,9
4098,6.2793974913573205,6.2716557723522754,-0.007741719005045056,2
4099,6.33480732490133,6.2716557723522754,-0.06315155254905491,3
4100,6.233445841581726,6.2716557723522754,0.03820993077054968,8
4101,6.261904211955663,6.2716557723522754,0.009751560396612291,6
4102,6.366464685309646,6.2716557723522754,-0.0948089129573706,7
4103,6.295224867424178,6.2716557723522754,-0.023569095071902524,4
4104,6.069532648493736,6.269512944217916,0.1999802957241803,10
4105,6.09274864644795,6.269512944217916,0.17676429776996638,1
4106,6.07918936760919,6.269512944217916,0.19032357660872634,4
4107,6.0696267185971,6.269512944217916,0.19988622562081648,3
4108,6.091005345581251,6.269512944217916,0.17850759863666532,6
4109,6.079112547030743,6.269512944217916,0.19040039718717328,9
4110,6.069847456460936,6.269512944217916,0.19966548775698012,8
4111,6.469335878124021,6.269512944217916,-0.19982293390610462,2
4112,6.069690696646012,6.269512944217916,0.19982224757190448,5
4113,6.12242521171631,6.32221929473392,0.19979408301761037,3
4114,6.122143884452201,6.32221929473392,0.2000754102817197,4
4115,6.1222168232076095,6.32221929473392,0.2000024715263109,10
4116,6.122058655402499,6.32221929473392,0.20016063933142103,7
4117,6.122445642363506,6.32221929473392,0.1997736523704141,5
4118,6.122191950524407,6.32221929473392,0.20002734420951374,8
4119,6.122467028475419,6.32221929473392,0.19975226625850162,2
4120,6.122042997526611,6.32221929473392,0.20017629720730934,9
4121,6.1225395924236485,6.32221929473392,0.19967970231027188,1
4122,5.537423866409736,5.337459261290656,-0.19996460511908065,2
4123,5.646770761797635,5.337459261290656,-0.3093115005069791,9
4124,5.733177957994924,5.337459261290656,-0.39571869670426807,3
4125,5.719047763039937,5.337459261290656,-0.38158850174928105,7
4126,5.7354750426423875,5.337459261290656,-0.39801578135173177,8
4127,5.713557690273879,5.337459261290656,-0.376098428983223,10
4128,5.54570097846231,5.337459261290656,-0.20824171717165463,6
4129,5.666946832860932,5.337459261290656,-0.32948757157027586,1
4130,5.6148157046730995,5.337459261290656,-0.2773564433824438,5
4131,6.628739688016575,6.755874855672492,0.1271351676559176,7
4132,6.562869981067312,6.755874855672492,0.19300487460518045,1
4133,6.670790669922013,6.755874855672492,0.08508418575047916,5
4134,6.653362799505191,6.755874855672492,0.10251205616730097,3
4135,6.654045544309846,6.755874855672492,0.10182931136264628,4
4136,6.59696789116372,6.755874855672492,0.1589069645087724,6
4137,6.555495590715893,6.755874855672492,0.20037926495659963,9
4138,6.679868385784292,6.755874855672492,0.07600646988819992,8
4139,6.630023119115364,6.755874855672492,0.1258517365571281,2
4140,6.555495590715893,6.596047007545439,0.04055141682954666,9
4141,6.653362799505191,6.596047007545439,-0.057315791959752005,3
4142,6.630023119115364,6.596047007545439,-0.03397611156992486,2
4143,6.670790669922013,6.596047007545439,-0.07474366237657382,5
4144,6.562869981067312,6.596047007545439,0.03317702647812748,1
4145,6.654045544309846,6.596047007545439,-0.057998536764406694,4
4146,6.576561202172108,6.596047007545439,0.01948580537333111,10
4147,6.59696789116372,6.596047007545439,-0.0009208836182805769,6
4148,6.679868385784292,6.596047007545439,-0.08382137823885305,8
4149,6.413403481976845,6.372912002970106,-0.04049147900673855,6
4150,6.531297548762659,6.372912002970106,-0.15838554579255248,2
4151,6.462112646779888,6.372912002970106,-0.08920064380978143,9
4152,6.5203491758670795,6.372912002970106,-0.14743717289697322,8
4153,6.572951776347938,6.372912002970106,-0.2000397733778314,3
4154,6.467868026639694,6.372912002970106,-0.09495602366958789,1
4155,6.490382155230329,6.372912002970106,-0.11747015226022306,5
4156,6.504146536217952,6.372912002970106,-0.13123453324784595,10
4157,6.4711843753461284,6.372912002970106,-0.09827237237602215,7
4158,6.3794351430270675,4.484299839346786,-1.8951353036802816,9
4159,6.438608495195416,4.484299839346786,-1.9543086558486298,2
4160,6.409293013317733,4.484299839346786,-1.9249931739709467,5
4161,6.456840914168613,4.484299839346786,-1.9725410748218275,4
4162,6.4488687103333175,4.484299839346786,-1.9645688709865317,8
4163,6.393169025292929,4.484299839346786,-1.908869185946143,10
4164,6.315660004731706,4.484299839346786,-1.83136016538492,6
4165,6.379690797498981,4.484299839346786,-1.8953909581521948,1
4166,6.379664920169037,4.484299839346786,-1.895365080822251,7
4167,6.427654796516365,6.227886704613674,-0.1997680919026914,8
4168,6.428167869289357,6.227886704613674,-0.20028116467568324,5
4169,6.428184103197465,6.227886704613674,-0.2002973985837908,4
4170,6.428178575476381,6.227886704613674,-0.20029187086270728,7
4171,6.286441210827364,6.227886704613674,-0.058554506213690516,1
4172,6.428020120461206,6.227886704613674,-0.20013341584753253,3
4173,6.4074771890738615,6.227886704613674,-0.17959048446018766,6
4174,6.36171269436323,6.227886704613674,-0.13382598974955595,2
4175,6.427958521466856,6.227886704613674,-0.20007181685318187,10
4176,6.31350307590382,6.477121254719663,0.16361817881584262,3
4177,6.277501369966849,6.477121254719663,0.19961988475281345,7
4178,6.277259094910765,6.477121254719663,0.1998621598088972,2
4179,6.277310185450977,6.477121254719663,0.19981106926868542,9
4180,6.308842252097366,6.477121254719663,0.16827900262229623,4
4181,6.334248752739025,6.477121254719663,0.14287250198063717,10
4182,6.453450314446492,6.477121254719663,0.023670940273170515,5
4183,6.339180227686527,6.477121254719663,0.13794102703313538,8
4184,6.434819173353423,6.477121254719663,0.042302081366239364,6
4185,5.87947840201092,6.079181246047625,0.1997028440367048,1
4186,5.8789786782475595,6.079181246047625,0.20020256780006562,8
4187,5.816350591973627,6.079181246047625,0.26283065407399775,9
4188,5.8792571717538396,6.079181246047625,0.19992407429378556,4
4189,5.879034100474113,6.079181246047625,0.20014714557351176,10
4190,5.879332978261554,6.079181246047625,0.1998482677860709,5
4191,5.879405226810984,6.079181246047625,0.19977601923664068,7
4192,5.879336752354435,6.079181246047625,0.19984449369319002,2
4193,5.879393178316648,6.079181246047625,0.19978806773097713,3
4194,6.361771816551322,6.3979400086720375,0.03616819212071576,3
4195,6.262368440202886,6.3979400086720375,0.13557156846915142,8
4196,6.262166660126387,6.3979400086720375,0.13577334854565049,2
4197,6.262135852629889,6.3979400086720375,0.13580415604214835,4
4198,6.26199778576938,6.3979400086720375,0.13594222290265723,6
4199,6.262337042960905,6.3979400086720375,0.13560296571113284,9
4200,6.1977407729411835,6.3979400086720375,0.20019923573085396,7
4201,6.2622449972149505,6.3979400086720375,0.13569501145708696,1
4202,6.262255362092215,6.3979400086720375,0.13568464657982293,5
4203,4.902018937317408,4.742725131304698,-0.15929380601270982,2
4204,4.929772128435235,4.742725131304698,-0.18704699713053685,6
4205,4.942714290172129,4.742725131304698,-0.19998915886743074,1
4206,4.942403315097016,4.742725131304698,-0.19967818379231783,8
4207,4.942559632423661,4.742725131304698,-0.19983450111896328,10
4208,4.942625615015481,4.742725131304698,-0.19990048371078295,4
4209,4.942470229676832,4.742725131304698,-0.1997450983721345,7
4210,4.942520621170152,4.742725131304698,-0.19979548986545392,9
4211,4.942641838570276,4.742725131304698,-0.19991670726557853,3
4212,6.237684590395862,6.278753600952829,0.0410690105569671,8
4213,6.187767269021507,6.278753600952829,0.09098633193132155,9
4214,6.167178293387433,6.278753600952829,0.11157530756539558,2
4215,6.234021418320804,6.278753600952829,0.04473218263202483,5
4216,6.3044950717597565,6.278753600952829,-0.02574147080692768,10
4217,6.111675295955697,6.278753600952829,0.1670783049971316,7
4218,6.151556454865286,6.278753600952829,0.12719714608754273,1
4219,6.236274203363445,6.278753600952829,0.042479397589383794,3
4220,6.22559925462525,6.278753600952829,0.053154346327579205,6
4221,6.179997287660337,6.380211241711606,0.20021395405126974,6
4222,6.180032234127335,6.380211241711606,0.20017900758427132,2
4223,6.18023206784664,6.380211241711606,0.19997917386496677,3
4224,6.081565246188967,6.380211241711606,0.29864599552263904,5
4225,6.1803431089312175,6.380211241711606,0.19986813278038884,4
4226,6.091143933759324,6.380211241711606,0.2890673079522825,10
4227,6.172301779758055,6.380211241711606,0.20790946195355176,1
4228,6.179914894479845,6.380211241711606,0.20029634723176137,8
4229,6.171010006725399,6.380211241711606,0.20920123498620757,7
4230,6.198110349897719,5.4446692309385245,-0.7534411189591941,7
4231,6.197609363191606,5.4446692309385245,-0.7529401322530811,9
4232,6.197742940693001,5.4446692309385245,-0.7530737097544762,10
4233,6.198165227230009,5.4446692309385245,-0.7534959962914849,2
4234,6.197734985315604,5.4446692309385245,-0.7530657543770793,5
4235,6.068570560880391,5.4446692309385245,-0.6239013299418668,6
4236,6.197729153322381,5.4446692309385245,-0.7530599223838568,4
4237,6.197925095604099,5.4446692309385245,-0.7532558646655749,1
4238,6.197789940369494,5.4446692309385245,-0.7531207094309691,3
4239,6.237262127839802,6.43695733066945,0.19969520282964748,4
4240,6.236639556742926,6.43695733066945,0.20031777392652383,9
4241,6.236919667637645,6.43695733066945,0.2000376630318046,1
4242,6.236809443054994,6.43695733066945,0.200147887614456,8
4243,6.236757445722404,6.43695733066945,0.20019988494704588,7
4244,6.237031444869605,6.43695733066945,0.1999258857998445,6
4245,6.2372231912081,6.43695733066945,0.19973413946134944,5
4246,6.237224678549025,6.43695733066945,0.19973265212042435,10
4247,6.236843231241975,6.43695733066945,0.20011409942747438,3
4248,6.263135293839749,6.063145637106638,-0.19998965673311098,3
4249,6.263277072071226,6.063145637106638,-0.20013143496458774,10
4250,6.26346088282261,6.063145637106638,-0.2003152457159718,1
4251,6.26317820856797,6.063145637106638,-0.2000325714613318,8
4252,6.263086649880771,6.063145637106638,-0.1999410127741328,2
4253,6.263297618097287,6.063145637106638,-0.20015198099064868,5
4254,6.263377708628193,6.063145637106638,-0.20023207152155464,4
4255,6.263190443078866,6.063145637106638,-0.20004480597222773,6
4256,6.2631961044115405,6.063145637106638,-0.2000504673049024,7
4257,6.278420786356913,6.442479769064448,0.1640589827075356,4
4258,6.30548746208402,6.442479769064448,0.13699230698042797,5
4259,6.405647338586687,6.442479769064448,0.03683243047776141,9
4260,6.347415697681943,6.442479769064448,0.09506407138250506,6
4261,6.279625967478442,6.442479769064448,0.1628538015860066,3
4262,6.3213676949431274,6.442479769064448,0.12111207412132075,10
4263,6.358260678975595,6.442479769064448,0.08421909008885287,7
4264,6.242130608262308,6.442479769064448,0.2003491608021406,1
4265,6.242655680116868,6.442479769064448,0.1998240889475804,2
4266,6.445213982022107,6.645324001562293,0.20011001954018592,5
4267,6.445430137944647,6.645324001562293,0.19989386361764616,7
4268,6.445036271730957,6.645324001562293,0.20028772983133614,1
4269,6.44539240672799,6.645324001562293,0.199931594834303,8
4270,6.444931339006966,6.645324001562293,0.20039266255532695,9
4271,6.4455090054654,6.645324001562293,0.1998149960968929,2
4272,6.445521579207631,6.645324001562293,0.1998024223546624,3
4273,6.445154985356451,6.645324001562293,0.20016901620584182,6
4274,6.445197242997009,6.645324001562293,0.2001267585652844,4
4275,5.573443956071553,5.373500477967874,-0.19994347810367863,9
4276,5.573519948819489,5.373500477967874,-0.20001947085161476,2
4277,5.573564752376405,5.373500477967874,-0.2000642744085308,3
4278,5.573224323567994,5.373500477967874,-0.19972384560012024,8
4279,5.573367002745842,5.373500477967874,-0.19986652477796785,5
4280,5.573672797161023,5.373500477967874,-0.2001723191931486,6
4281,5.573734340117497,5.373500477967874,-0.2002338621496227,10
4282,5.573584952378916,5.373500477967874,-0.2000844744110415,1
4283,5.573943766336508,5.373500477967874,-0.2004432883686338,4
4284,6.277055228539059,6.477121254719663,0.20006602618060398,10
4285,6.2768089239864615,6.477121254719663,0.2003123307332011,6
4286,6.277159919083549,6.477121254719663,0.19996133563611362,5
4287,6.276982003022609,6.477121254719663,0.2001392516970535,2
4288,6.277036587582027,6.477121254719663,0.20008466713763529,7
4289,6.276835459289696,6.477121254719663,0.20028579542996638,3
4290,6.277097693194379,6.477121254719663,0.2000235615252839,4
4291,6.276916307811223,6.477121254719663,0.20020494690843993,1
4292,6.276912774775675,6.477121254719663,0.2002084799439876,9
4293,5.4834429804324465,5.283301228703549,-0.20014175172889725,5
4294,5.483125382844071,5.283301228703549,-0.19982415414052213,6
4295,5.737200051860753,5.283301228703549,-0.4538988231572034,9
4296,5.483491861947953,5.283301228703549,-0.20019063324440367,3
4297,5.48362720804385,5.283301228703549,-0.20032597934030072,2
4298,5.483460973701566,5.283301228703549,-0.20015974499801636,10
4299,5.483510215041738,5.283301228703549,-0.20020898633818884,7
4300,5.119611392136968,5.283301228703549,0.1636898365665811,1
4301,5.483210983432131,5.283301228703549,-0.19990975472858175,8
4302,4.960761559909447,6.176091259055681,1.2153296991462348,2
4303,4.993564403759512,6.176091259055681,1.1825268552961692,8
4304,5.291628741784714,6.176091259055681,0.8844625172709675,4
4305,5.178079236610047,6.176091259055681,0.9980120224456339,9
4306,4.98881786781949,6.176091259055681,1.1872733912361912,7
4307,5.0077015283077895,6.176091259055681,1.1683897307478919,5
4308,4.940875971373798,6.176091259055681,1.235215287681883,10
4309,4.82501496218072,6.176091259055681,1.351076296874961,3
4310,4.954407164704979,6.176091259055681,1.2216840943507021,6
4311,5.957807377129932,6.57978359661681,0.6219762194868785,7
4312,6.031840900790934,6.57978359661681,0.547942695825876,4
4313,6.077327079546931,6.57978359661681,0.5024565170698789,3
4314,6.111861421012824,6.57978359661681,0.4679221756039862,6
4315,5.976171920348554,6.57978359661681,0.6036116762682564,2
4316,6.226458948111988,6.57978359661681,0.35332464850482204,8
4317,6.066017812929276,6.57978359661681,0.5137657836875338,9
4318,6.12316956706546,6.57978359661681,0.4566140295513499,5
4319,6.379820819304213,6.57978359661681,0.1999627773125967,10
4320,6.045183618837351,5.845098040014257,-0.20008557882309397,9
4321,6.045331219939604,5.845098040014257,-0.2002331799253474,1
4322,6.045182406652024,5.845098040014257,-0.20008436663776674,5
4323,6.045329801686341,5.845098040014257,-0.20023176167208412,10
4324,6.045295449753969,5.845098040014257,-0.20019740973971167,4
4325,6.045107531245415,5.845098040014257,-0.20000949123115763,8
4326,6.045396720579456,5.845098040014257,-0.20029868056519895,2
4327,6.045397120730245,5.845098040014257,-0.2002990807159879,7
4328,6.045149664213435,5.845098040014257,-0.20005162419917788,3
4329,5.427815767076861,5.62797998982998,0.20016422275311818,5
4330,5.428066019892077,5.62797998982998,0.1999139699379029,3
4331,5.427639363463758,5.62797998982998,0.20034062636622174,7
4332,5.427895838652148,5.62797998982998,0.20008415117783152,4
4333,5.427801872953785,5.62797998982998,0.20017811687619425,9
4334,5.4277687517201265,5.62797998982998,0.20021123810985308,8
4335,5.427933413035309,5.62797998982998,0.2000465767946702,10
4336,5.427649942231665,5.62797998982998,0.20033004759831474,1
4337,5.427823348046634,5.62797998982998,0.20015664178334536,6
4338,6.13335302978792,6.146128035678238,0.012775005890317992,3
4339,6.090601257054825,6.146128035678238,0.055526778623413264,10
4340,6.108645334532159,6.146128035678238,0.03748270114607877,4
4341,6.113062363669415,6.146128035678238,0.03306567200882338,6
4342,6.076455221485355,6.146128035678238,0.06967281419288351,7
4343,5.946271901364642,6.146128035678238,0.19985613431359628,1
4344,6.090626519710279,6.146128035678238,0.05550151596795949,8
4345,6.023593546346034,6.146128035678238,0.12253448933220401,9
4346,6.154664513022678,6.146128035678238,-0.008536477344439852,5
4347,6.3287651191949506,6.528736777724652,0.19997165852970156,7
4348,6.328678328454426,6.528736777724652,0.20005844927022576,2
4349,6.328875262243336,6.528736777724652,0.1998615154813157,9
4350,6.3286428550644915,6.528736777724652,0.20009392266016057,5
4351,6.328540719346906,6.528736777724652,0.20019605837774623,3
4352,6.328391072050332,6.528736777724652,0.2003457056743203,4
4353,6.327870821988545,6.528736777724652,0.20086595573610744,8
4354,6.3286439294897,6.528736777724652,0.20009284823495221,6
4355,6.32832361503229,6.528736777724652,0.20041316269236198,10
4356,6.2690784873787075,6.32221929473392,0.05314080735521287,2
4357,6.203095332467076,6.32221929473392,0.11912396226684407,7
4358,6.13467903217849,6.32221929473392,0.1875402625554301,8
4359,6.18091398476803,6.32221929473392,0.1413053099658903,1
4360,6.286615695814267,6.32221929473392,0.03560359891965348,9
4361,6.196851262713072,6.32221929473392,0.12536803202084812,6
4362,6.173130332581197,6.32221929473392,0.1490889621527236,4
4363,6.406222553323849,6.32221929473392,-0.08400325858992819,3
4364,6.227158000838433,6.32221929473392,0.09506129389548779,5
4365,6.364544949484742,6.184691430817598,-0.1798535186671435,2
4366,6.429618828186207,6.184691430817598,-0.2449273973686088,8
4367,6.518522873716922,6.184691430817598,-0.3338314428993234,10
4368,6.385053282877949,6.184691430817598,-0.2003618520603503,7
4369,6.384781745383954,6.184691430817598,-0.2000903145663555,6
4370,6.384871793388171,6.184691430817598,-0.20018036257057226,5
4371,6.384551114631853,6.184691430817598,-0.199859683814255,9
4372,6.384945080022037,6.184691430817598,-0.20025364920443867,1
4373,6.459319202328099,6.184691430817598,-0.27462777151050055,4
4374,6.401644280334367,6.6020599913279625,0.20041571099359512,6
4375,6.401960690557013,6.6020599913279625,0.20009930077094928,8
4376,6.401780763479869,6.6020599913279625,0.20027922784809338,9
4377,6.401950137256906,6.6020599913279625,0.20010985407105686,5
4378,6.401862873940292,6.6020599913279625,0.20019711738767043,4
4379,6.270149899699793,6.6020599913279625,0.33191009162816965,1
4380,6.401905991419956,6.6020599913279625,0.20015399990800642,3
4381,6.401999922898635,6.6020599913279625,0.20006006842932766,7
4382,6.447300402592745,6.6020599913279625,0.15475958873521733,10
4383,5.797724684025606,5.900312496983727,0.10258781295812103,7
4384,5.6886780472689615,5.900312496983727,0.21163444971476508,5
4385,5.725464177661369,5.900312496983727,0.17484831932235778,1
4386,5.699900108184256,5.900312496983727,0.20041238879947088,9
4387,5.699891541941541,5.900312496983727,0.20042095504218604,2
4388,5.700000565441153,5.900312496983727,0.20031193154257387,6
4389,5.700206725361869,5.900312496983727,0.20010577162185772,4
4390,5.699956562676151,5.900312496983727,0.20035593430757537,3
4391,5.730370583795124,5.900312496983727,0.16994191318860263,10
4392,5.738341836286688,6.108226656374929,0.36988482008824075,1
4393,5.908375207156971,6.108226656374929,0.19985144921795772,5
4394,5.758415373901095,6.108226656374929,0.34981128247383353,8
4395,5.77712772760636,6.108226656374929,0.3310989287685686,2
4396,5.908338012460541,6.108226656374929,0.1998886439143881,10
4397,5.7760660837031805,6.108226656374929,0.33216057267174826,4
4398,5.742775254260031,6.108226656374929,0.365451402114898,6
4399,5.791868779242842,6.108226656374929,0.31635787713208696,7
4400,5.808011663810283,6.108226656374929,0.300214992564646,3
4401,6.18553200710702,6.385606273598312,0.200074266491292,3
4402,6.24472874956787,6.385606273598312,0.14087752403044185,6
4403,6.185441035421972,6.385606273598312,0.20016523817634013,2
4404,6.185409211348635,6.385606273598312,0.2001970622496767,5
4405,6.185511063214899,6.385606273598312,0.20009521038341305,7
4406,6.1853688584635895,6.385606273598312,0.2002374151347226,9
4407,6.1853220478964435,6.385606273598312,0.20028422570186866,4
4408,6.185403318752887,6.385606273598312,0.20020295484542494,1
4409,6.185809335183108,6.385606273598312,0.1997969384152043,10
4410,6.047941753529913,6.585460729508501,0.5375189759785881,4
4411,5.986395294430839,6.585460729508501,0.5990654350776623,6
4412,6.0223427115956145,6.585460729508501,0.5631180179128865,5
4413,5.963284520004258,6.585460729508501,0.6221762095042429,7
4414,6.0442833954694475,6.585460729508501,0.5411773340390535,10
4415,6.034567587749103,6.585460729508501,0.5508931417593983,3
4416,6.066540024411631,6.585460729508501,0.5189207050968703,8
4417,6.061310672141895,6.585460729508501,0.5241500573666062,1
4418,5.95720840094943,6.585460729508501,0.6282523285590713,9
4419,6.146065366852456,6.271841606536499,0.1257762396840425,8
4420,6.071983346062767,6.271841606536499,0.19985826047373134,2
4421,6.07178038279181,6.271841606536499,0.20006122374468838,9
4422,6.081650434564462,6.271841606536499,0.19019117197203617,6
4423,6.115524865351067,6.271841606536499,0.1563167411854316,4
4424,6.095044193134772,6.271841606536499,0.17679741340172672,5
4425,6.119782278959466,6.271841606536499,0.15205932757703255,10
4426,6.125748459110032,6.271841606536499,0.14609314742646617,3
4427,6.131517730305423,6.271841606536499,0.14032387623107567,1
4428,6.20130281879972,6.401572845676446,0.20027002687672635,6
4429,6.230034143330184,6.401572845676446,0.171538702346262,3
4430,6.201597876724087,6.401572845676446,0.19997496895235933,8
4431,6.201598561813116,6.401572845676446,0.19997428386333027,1
4432,6.2948418333684275,6.401572845676446,0.10673101230801851,2
4433,6.201614435223032,6.401572845676446,0.199958410453414,7
4434,6.201336468535333,6.401572845676446,0.2002363771411133,4
4435,6.2917944168232784,6.401572845676446,0.10977842885316758,9
4436,6.2053566534452855,6.401572845676446,0.1962161922311605,5
4437,4.687324581451601,3.724275869600789,-0.9630487118508118,4
4438,4.694326045335806,3.724275869600789,-0.9700501757350173,7
4439,4.46010613149659,3.724275869600789,-0.735830261895801,9
4440,4.671970098705829,3.724275869600789,-0.9476942291050401,5
4441,4.667906617708475,3.724275869600789,-0.9436307481076858,10
4442,4.881694073371872,3.724275869600789,-1.1574182037710825,6
4443,4.702101771058571,3.724275869600789,-0.9778259014577815,8
4444,4.5624302876311695,3.724275869600789,-0.8381544180303804,2
4445,4.826158035259905,3.724275869600789,-1.1018821656591156,3
4446,5.9758621269346675,6.176091259055681,0.2002291321210139,10
4447,5.976026743349281,6.176091259055681,0.2000645157064005,8
4448,5.975877242891855,6.176091259055681,0.2002140161638266,5
4449,5.9762766658130895,6.176091259055681,0.19981459324259188,4
4450,5.97650052091686,6.176091259055681,0.19959073813882178,6
4451,5.976258438203161,6.176091259055681,0.19983282085251997,7
4452,5.976260028961184,6.176091259055681,0.19983123009449777,3
4453,5.976226869567556,6.176091259055681,0.19986438948812513,9
4454,5.976254464709605,6.176091259055681,0.19983679434607637,1
4455,4.411936114723275,6.176091259055681,1.7641551443324062,10
4456,4.411876689756408,6.176091259055681,1.7642145692992734,7
4457,4.545487449113537,6.176091259055681,1.6306038099421443,2
4458,4.573111976967706,6.176091259055681,1.6029792820879756,8
4459,4.914587329794337,6.176091259055681,1.2615039292613446,5
4460,4.41222076090817,6.176091259055681,1.7638704981475115,1
4461,4.421196766077354,6.176091259055681,1.7548944929783277,4
4462,4.412355876715989,6.176091259055681,1.763735382339692,9
4463,4.412325287947251,6.176091259055681,1.7637659711084304,6
4464,6.144646214598165,6.301029995663981,0.1563837810658164,2
4465,6.1200519939997395,6.301029995663981,0.18097800166424172,3
4466,6.204419485816733,6.301029995663981,0.09661050984724806,10
4467,6.307379880572504,6.301029995663981,-0.006349884908522618,7
4468,6.123901645872408,6.301029995663981,0.17712834979157321,4
4469,6.108079501452056,6.301029995663981,0.19295049421192534,5
4470,6.1010092178731306,6.301029995663981,0.2000207777908507,6
4471,6.116803223651191,6.301029995663981,0.18422677201279036,1
4472,6.160607035015136,6.301029995663981,0.14042296064884496,9
4473,5.2469828224221295,5.04688519083771,-0.20009763158441984,4
4474,5.246740070778215,5.04688519083771,-0.19985487994050555,3
4475,5.246838355957026,5.04688519083771,-0.19995316511931627,8
4476,5.246800853958277,5.04688519083771,-0.1999156631205672,10
4477,5.246915038937913,5.04688519083771,-0.2000298481002032,6
4478,5.246918615034941,5.04688519083771,-0.20003342419723147,5
4479,5.24675665163474,5.04688519083771,-0.19987146079703066,1
4480,5.246702755095873,5.04688519083771,-0.19981756425816322,9
4481,5.247092265863939,5.04688519083771,-0.20020707502622948,7
4482,6.233772245014919,6.068185861746161,-0.1655863832687574,5
4483,6.260163427606757,6.068185861746161,-0.19197756586059533,10
4484,6.209136900814165,6.068185861746161,-0.14095103906800333,6
4485,6.008229877333346,6.068185861746161,0.05995598441281569,2
4486,6.268561091443818,6.068185861746161,-0.20037522969765664,1
4487,6.2685043361005475,6.068185861746161,-0.2003184743543862,9
4488,6.228694111821375,6.068185861746161,-0.16050825007521397,4
4489,6.235304971500465,6.068185861746161,-0.16711910975430389,8
4490,6.23239273404987,6.068185861746161,-0.16420687230370845,3
4491,5.981951569988713,6.181843587944773,0.19989201795605993,10
4492,5.982037610904411,6.181843587944773,0.19980597704036196,3
4493,5.982082036663675,6.181843587944773,0.19976155128109774,8
4494,5.9817694647242625,6.181843587944773,0.2000741232205101,5
4495,5.982058683045091,6.181843587944773,0.1997849048996816,4
4496,5.981765800624241,6.181843587944773,0.20007778732053172,9
4497,5.9816421301183915,6.181843587944773,0.2002014578263811,6
4498,5.981677009022363,6.181843587944773,0.20016657892240985,2
4499,5.981479999970663,6.181843587944773,0.2003635879741097,1
4500,6.122153561448092,6.32221929473392,0.200065733285828,3
4501,6.122198570290471,6.32221929473392,0.20002072444344954,1
4502,6.122210847168269,6.32221929473392,0.20000844756565161,7
4503,6.122174451914991,6.32221929473392,0.20004484281892942,2
4504,6.1222452692808815,6.32221929473392,0.19997402545303888,10
4505,6.122044874955919,6.32221929473392,0.20017441977800132,9
4506,6.121935515921659,6.32221929473392,0.20028377881226156,5
4507,6.122187657007616,6.32221929473392,0.20003163772630472,6
4508,6.122472090127283,6.32221929473392,0.19974720460663775,8
4509,6.342939581802393,6.855525212731306,0.5125856309289132,10
4510,6.342526944763925,6.855525212731306,0.5129982679673812,3
4511,6.342375561593791,6.855525212731306,0.5131496511375158,9
4512,6.342629050308386,6.855525212731306,0.51289616242292,4
4513,6.655877771511758,6.855525212731306,0.19964744121954858,1
4514,6.34248122281305,6.855525212731306,0.5130439899182564,2
4515,6.342496994579696,6.855525212731306,0.5130282181516108,6
4516,6.342655764467224,6.855525212731306,0.5128694482640821,5
4517,6.342864673648679,6.855525212731306,0.5126605390826278,8
4518,6.142495823649394,6.342422680822207,0.19992685717281233,2
4519,6.142191656752646,6.342422680822207,0.20023102406956106,5
4520,6.142497810727108,6.342422680822207,0.1999248700950984,8
4521,6.1423853288833,6.342422680822207,0.20003735193890648,9
4522,6.142223844920848,6.342422680822207,0.20019883590135823,3
4523,6.142407944760657,6.342422680822207,0.20001473606154985,4
4524,6.142724221175312,6.342422680822207,0.19969845964689448,6
4525,6.142517101838553,6.342422680822207,0.19990557898365324,7
4526,6.1425882123445135,6.342422680822207,0.19983446847769315,1
4527,6.31849090242345,6.447158031342219,0.12866712891876908,2
4528,6.318564932206881,6.447158031342219,0.12859309913533856,8
4529,6.3185309244952474,6.447158031342219,0.12862710684697198,7
4530,6.318620211178342,6.447158031342219,0.12853782016387783,10
4531,6.31819826906205,6.447158031342219,0.1289597622801697,3
4532,6.318403427234583,6.447158031342219,0.12875460410763662,6
4533,6.318306473519284,6.447158031342219,0.12885155782293545,4
4534,6.328111276527806,6.447158031342219,0.11904675481441362,1
4535,6.401394344628639,6.447158031342219,0.04576368671358022,9
4536,6.32674548951868,6.491361693834273,0.16461620431559343,4
4537,6.409819440792351,6.491361693834273,0.08154225304192231,9
4538,6.302865175825889,6.491361693834273,0.1884965180083844,5
4539,6.303484104296327,6.491361693834273,0.18787758953794587,10
4540,6.343739256425098,6.491361693834273,0.1476224374091748,2
4541,6.291290566581111,6.491361693834273,0.20007112725316212,8
4542,6.323839838691947,6.491361693834273,0.16752185514232565,6
4543,6.354031441107205,6.491361693834273,0.13733025272706811,3
4544,6.332159461969176,6.491361693834273,0.1592022318650974,1
4545,6.122500978583897,6.32221929473392,0.19971831615002333,4
4546,6.122163070524849,6.32221929473392,0.20005622420907176,10
4547,6.1225894162432075,6.32221929473392,0.1996298784907129,1
4548,6.121973612713881,6.32221929473392,0.20024568202003934,6
4549,6.122655510035932,6.32221929473392,0.19956378469798874,7
4550,6.122012719241356,6.32221929473392,0.20020657549256438,9
4551,6.121995347287772,6.32221929473392,0.20022394744614846,2
4552,6.122150760919492,6.32221929473392,0.20006853381442813,3
4553,6.121974600364602,6.32221929473392,0.20024469436931813,8
4554,6.800201259013301,7.0,0.19979874098669903,4
4555,6.800333980085902,7.0,0.1996660199140976,2
4556,6.799668157784547,7.0,0.2003318422154532,5
4557,6.7998671422424435,7.0,0.20013285775755651,3
4558,6.800127219395809,7.0,0.1998727806041911,9
4559,6.800146021777859,7.0,0.19985397822214068,6
4560,6.799955442741818,7.0,0.20004455725818193,7
4561,6.799845841916739,7.0,0.20015415808326065,10
4562,6.800028014848766,7.0,0.19997198515123404,8
4563,6.158239624335963,6.357934847000454,0.19969522266449058,8
4564,6.1579299949622595,6.357934847000454,0.2000048520381945,10
4565,6.15781398820651,6.357934847000454,0.2001208587939436,7
4566,6.157866055851545,6.357934847000454,0.20006879114890896,2
4567,6.157967095025794,6.357934847000454,0.19996775197466032,5
4568,6.157588377586984,6.357934847000454,0.20034646941346956,1
4569,6.157554823333582,6.357934847000454,0.20038002366687202,9
4570,6.157859817120528,6.357934847000454,0.2000750298799261,4
4571,6.158124578367019,6.357934847000454,0.19981026863343487,3
4572,6.311050980991404,6.309757882316366,-0.001293098675038351,5
4573,6.279110987487005,6.309757882316366,0.030646894829360782,3
4574,6.309921948946794,6.309757882316366,-0.00016406663042811687,7
4575,6.310851253739056,6.309757882316366,-0.0010933714226899482,1
4576,6.36714065204327,6.309757882316366,-0.05738276972690404,8
4577,6.320414533130338,6.309757882316366,-0.010656650813971602,9
4578,6.309670558886109,6.309757882316366,8.732343025741329e-05,2
4579,6.213909994476343,6.309757882316366,0.09584788784002285,4
4580,6.295585325261948,6.309757882316366,0.014172557054418,6
4581,5.951302511390245,5.751510050270041,-0.19979246112020377,5
4582,5.951740429417534,5.751510050270041,-0.20023037914749242,6
4583,5.951434752225323,5.751510050270041,-0.19992470195528167,3
4584,5.951514054663836,5.751510050270041,-0.2000040043937945,7
4585,6.044344441730336,5.751510050270041,-0.29283439146029444,4
4586,5.951233629533293,5.751510050270041,-0.19972357926325213,1
4587,5.856650819963531,5.751510050270041,-0.10514076969348984,10
4588,5.951923964931972,5.751510050270041,-0.20041391466193126,2
4589,5.951505163093206,5.751510050270041,-0.1999951128231645,8
4590,6.089780852922344,6.290034611362518,0.20025375844017468,9
4591,6.09035908399648,6.290034611362518,0.199675527366038,4
4592,6.090229543499676,6.290034611362518,0.19980506786284202,6
4593,6.089646371384343,6.290034611362518,0.20038823997817534,3
4594,6.090152835532306,6.290034611362518,0.19988177583021205,2
4595,6.089928552551297,6.290034611362518,0.20010605881122157,7
4596,6.090220717356863,6.290034611362518,0.19981389400565508,1
4597,6.089903789052645,6.290034611362518,0.20013082230987322,8
4598,6.089979435018523,6.290034611362518,0.20005517634399528,5
4599,6.186527726152567,6.301029995663981,0.11450226951141396,1
4600,6.158827876277285,6.301029995663981,0.14220211938669625,3
4601,6.115703403911565,6.301029995663981,0.18532659175241584,4
4602,6.1873636655576885,6.301029995663981,0.11366633010629279,2
4603,6.209213497109964,6.301029995663981,0.0918164985540173,7
4604,6.100916272116387,6.301029995663981,0.20011372354759427,10
4605,6.310786324158388,6.301029995663981,-0.009756328494407107,9
4606,6.133553422311349,6.301029995663981,0.16747657335263266,5
4607,6.100988675942807,6.301029995663981,0.20004131972117456,6
4608,6.273699682521446,6.073351702386901,-0.2003479801345449,4
4609,6.272871252892986,6.073351702386901,-0.19951955050608472,3
4610,6.273282845825078,6.073351702386901,-0.1999311434381763,5
4611,6.2729644100182025,6.073351702386901,-0.19961270763130123,6
4612,6.273387785906603,6.073351702386901,-0.20003608351970215,7
4613,6.272945442469067,6.073351702386901,-0.19959374008216546,1
4614,6.273118587207087,6.073351702386901,-0.19976688482018545,9
4615,6.273329441908572,6.073351702386901,-0.19997773952167108,2
4616,6.273198373921628,6.073351702386901,-0.19984667153472646,10
4617,6.256883247522456,6.057099097526547,-0.1997841499959092,3
4618,6.180114007816596,6.057099097526547,-0.12301491029004907,7
4619,6.179865528180143,6.057099097526547,-0.12276643065359583,9
4620,5.856915815858176,6.057099097526547,0.2001832816683704,4
4621,6.179963454491998,6.057099097526547,-0.12286435696545084,5
4622,6.180034931540513,6.057099097526547,-0.12293583401396635,2
4623,6.180140932167311,6.057099097526547,-0.12304183464076424,10
4624,6.180363993990045,6.057099097526547,-0.12326489646349792,8
4625,6.179935303242985,6.057099097526547,-0.12283620571643805,6
4626,6.107503908899725,6.186278103445368,0.07877419454564372,9
4627,6.163320013525322,6.186278103445368,0.022958089920046554,3
4628,6.0663169410389175,6.186278103445368,0.11996116240645094,5
4629,6.075795791407505,6.186278103445368,0.1104823120378633,8
4630,6.077583735385457,6.186278103445368,0.10869436805991128,2
4631,6.088845317688566,6.186278103445368,0.09743278575680225,1
4632,6.0838543112251555,6.186278103445368,0.10242379222021292,6
4633,6.044296904179093,6.186278103445368,0.14198119926627584,10
4634,6.176646330642507,6.186278103445368,0.009631772802861427,7
4635,6.490762867237218,6.301029995663981,-0.18973287157323693,3
4636,6.211935989947919,6.301029995663981,0.08909400571606252,1
4637,6.5008432434100625,6.301029995663981,-0.19981324774608122,6
4638,6.466694195451498,6.301029995663981,-0.16566419978751679,4
4639,6.464298182145104,6.301029995663981,-0.1632681864811225,9
4640,6.471483764370968,6.301029995663981,-0.17045376870698714,10
4641,6.2006327783503075,6.301029995663981,0.10039721731367379,5
4642,6.500517988015519,6.301029995663981,-0.19948799235153736,2
4643,6.500931305903767,6.301029995663981,-0.19990131023978552,7
4644,6.277920916836425,6.477555332198981,0.19963441536255555,7
4645,6.277913466075992,6.477555332198981,0.19964186612298906,8
4646,6.277755187119385,6.477555332198981,0.1998001450795961,10
4647,6.600827950727972,6.477555332198981,-0.12327261852899074,5
4648,6.277900962864347,6.477555332198981,0.19965436933463376,3
4649,6.2774817901392375,6.477555332198981,0.20007354205974348,6
4650,6.278115628920018,6.477555332198981,0.199439703278963,1
4651,6.278004822943472,6.477555332198981,0.1995505092555092,2
4652,6.277993610253267,6.477555332198981,0.19956172194571398,9
4653,5.79574168648426,5.99563519459755,0.19989350811328954,2
4654,5.795940822205826,5.99563519459755,0.19969437239172372,3
4655,5.911908890774702,5.99563519459755,0.08372630382284729,9
4656,5.795302576863402,5.99563519459755,0.2003326177341478,6
4657,5.795719213754495,5.99563519459755,0.19991598084305462,10
4658,5.7958995283472765,5.99563519459755,0.19973566625027317,1
4659,5.795545200354269,5.99563519459755,0.20008999424328078,4
4660,5.847161058592262,5.99563519459755,0.14847413600528725,5
4661,5.89631941340396,5.99563519459755,0.09931578119358964,7
4662,6.069511901663716,6.204119982655925,0.13460808099220944,8
4663,6.004339463328836,6.204119982655925,0.1997805193270894,9
4664,6.00409816318215,6.204119982655925,0.20002181947377462,4
4665,6.003829239542526,6.204119982655925,0.20029074311339912,5
4666,6.056515624300878,6.204119982655925,0.14760435835504726,10
4667,6.004403796454411,6.204119982655925,0.1997161862015142,2
4668,6.004324482748178,6.204119982655925,0.19979549990774714,6
4669,6.003973014771588,6.204119982655925,0.20014696788433728,3
4670,6.004192521326446,6.204119982655925,0.19992746132947925,7
4671,5.889612568423588,6.089905111439398,0.20029254301581023,3
4672,5.889761902573227,6.089905111439398,0.2001432088661712,9
4673,5.889743950099419,6.089905111439398,0.2001611613399792,1
4674,5.88968310614756,6.089905111439398,0.2002220052918382,10
4675,5.889835137230626,6.089905111439398,0.20006997420877237,7
4676,5.889937344684043,6.089905111439398,0.19996776675535521,2
4677,5.88981563569158,6.089905111439398,0.2000894757478182,8
4678,5.890082773107203,6.089905111439398,0.19982233833219532,5
4679,5.889964599226435,6.089905111439398,0.19994051221296338,4
4680,5.509216299305368,5.043755126968679,-0.46546117233668927,5
4681,5.5328218976534576,5.043755126968679,-0.48906677068477844,4
4682,5.594955676431319,5.043755126968679,-0.5512005494626395,8
4683,5.5319808438197375,5.043755126968679,-0.4882257168510584,3
4684,5.669336990120591,5.043755126968679,-0.6255818631519121,1
4685,5.481328095398233,5.043755126968679,-0.43757296842955373,6
4686,5.500040294816772,5.043755126968679,-0.45628516784809303,2
4687,5.58911167501747,5.043755126968679,-0.5453565480487912,7
4688,5.722983694566178,5.043755126968679,-0.679228567597499,9
4689,6.194169613994779,6.394451680826216,0.2002820668314369,1
4690,6.194239855908731,6.394451680826216,0.2002118249174849,10
4691,6.194184178143297,6.394451680826216,0.2002675026829186,6
4692,6.194810035023109,6.394451680826216,0.19964164580310673,2
4693,6.194574531107975,6.394451680826216,0.19987714971824122,4
4694,6.19462064952595,6.394451680826216,0.19983103130026603,5
4695,6.194552301496191,6.394451680826216,0.19989937933002455,7
4696,6.194539784314332,6.394451680826216,0.19991189651188357,3
4697,6.1947643018976,6.394451680826216,0.19968737892861554,9
4698,3.5138926976530236,3.397940008672037,-0.11595268898098654,8
4699,3.5143196863544084,3.397940008672037,-0.11637967768237134,3
4700,3.513708924316755,3.397940008672037,-0.11576891564471792,10
4701,3.5978148325641586,3.397940008672037,-0.19987482389212152,7
4702,3.5139186294915783,3.397940008672037,-0.11597862081954124,6
4703,3.514367259050618,3.397940008672037,-0.11642725037858082,5
4704,3.5142185454187747,3.397940008672037,-0.1162785367467376,9
4705,3.5139215889488282,3.397940008672037,-0.11598158027679117,4
4706,3.5141396584013873,3.397940008672037,-0.11619964972935026,2
4707,6.291296485477737,6.491361693834273,0.20006520835653596,1
4708,6.291450872423429,6.491361693834273,0.19991082141084426,3
4709,6.291072177425553,6.491361693834273,0.20028951640871995,10
4710,6.291064114752064,6.491361693834273,0.2002975790822088,6
4711,6.29117246108073,6.491361693834273,0.2001892327535435,9
4712,6.291842134853604,6.491361693834273,0.1995195589806693,4
4713,6.291544932842998,6.491361693834273,0.19981676099127466,7
4714,6.2912163953392435,6.491361693834273,0.2001452984950296,2
4715,6.29119132420335,6.491361693834273,0.20017036963092316,8
4716,5.108036418002298,5.078094150406411,-0.029942267595886918,1
4717,5.263853588295426,5.078094150406411,-0.18575943788901483,7
4718,5.11609741485963,5.078094150406411,-0.03800326445321911,8
4719,5.019457622414228,5.078094150406411,0.05863652799218322,3
4720,5.278082158874018,5.078094150406411,-0.19998800846760734,10
4721,5.278123400205659,5.078094150406411,-0.20002924979924774,5
4722,5.247844741838914,5.078094150406411,-0.1697505914325026,6
4723,5.120387486349088,5.078094150406411,-0.042293335942677146,2
4724,5.101115215945827,5.078094150406411,-0.02302106553941563,4
4725,5.557185937405312,5.12057393120585,-0.4366120061994625,6
4726,5.320624373557465,5.12057393120585,-0.20005044235161584,8
4727,5.32069354991556,5.12057393120585,-0.20011961870971007,4
4728,5.320299729341013,5.12057393120585,-0.19972579813516322,10
4729,5.200813329047565,5.12057393120585,-0.08023939784171574,3
4730,5.3207891196120904,5.12057393120585,-0.20021518840624086,7
4731,5.320748917032408,5.12057393120585,-0.20017498582655868,1
4732,5.320830825426309,5.12057393120585,-0.200256894220459,2
4733,5.32063349188192,5.12057393120585,-0.20005956067607045,9
4734,5.4891572905691,5.548757828573704,0.059600538004604076,9
4735,5.489449981229061,5.548757828573704,0.059307847344642894,5
4736,5.34850360120531,5.548757828573704,0.2002542273683936,6
4737,5.489061945449386,5.548757828573704,0.05969588312431817,8
4738,5.489234254875111,5.548757828573704,0.05952357369859307,1
4739,5.489202484699702,5.548757828573704,0.05955534387400174,7
4740,5.489396350801532,5.548757828573704,0.059361477772172044,3
4741,5.4892439543579545,5.548757828573704,0.059513874215749496,10
4742,5.488995739913534,5.548757828573704,0.059762088660169965,4
4743,5.5523355845455935,5.752048447819439,0.1997128632738452,1
4744,5.552181853500511,5.752048447819439,0.1998665943189275,4
4745,5.551939014843942,5.752048447819439,0.20010943297549666,2
4746,5.552181424106383,5.752048447819439,0.19986702371305576,6
4747,5.559462812360767,5.752048447819439,0.1925856354586717,7
4748,5.551872118015944,5.752048447819439,0.20017632980349465,9
4749,5.552136805448783,5.752048447819439,0.1999116423706555,10
4750,5.551914154482395,5.752048447819439,0.2001342933370438,8
4751,5.675089116650854,5.752048447819439,0.07695933116858455,5
4752,5.498647562001466,5.698970004336019,0.20032244233455287,8
4753,5.49871221232865,5.698970004336019,0.2002577920073687,2
4754,5.498625121476095,5.698970004336019,0.20034488285992413,6
4755,5.498902289195159,5.698970004336019,0.20006771514086008,10
4756,5.498868835721645,5.698970004336019,0.2001011686143741,9
4757,5.498691610794212,5.698970004336019,0.2002783935418071,4
4758,5.498767321681551,5.698970004336019,0.20020268265446806,5
4759,5.499085895999476,5.698970004336019,0.19988410833654235,7
4760,5.49883445287544,5.698970004336019,0.20013555146057893,1
4761,5.209021054235226,5.008600171761918,-0.20042088247330803,8
4762,5.2083113697911925,5.008600171761918,-0.1997111980292745,5
4763,5.208589683436159,5.008600171761918,-0.19998951167424117,7
4764,5.2086216529963,5.008600171761918,-0.20002148123438168,10
4765,5.208137163386881,5.008600171761918,-0.19953699162496275,1
4766,5.208887932560181,5.008600171761918,-0.20028776079826294,9
4767,5.208184169527504,5.008600171761918,-0.19958399776558622,3
4768,5.208245155858658,5.008600171761918,-0.19964498409674025,6
4769,5.2085709369640485,5.008600171761918,-0.19997076520213053,4
4770,6.199993868719903,6.0,-0.1999938687199032,1
4771,6.200002598100098,6.0,-0.2000025981000979,7
4772,5.799703300661104,6.0,0.20029669933889593,2
4773,6.200263302399081,6.0,-0.2002633023990814,8
4774,6.199926062088478,6.0,-0.19992606208847796,4
4775,6.199771122424648,6.0,-0.19977112242464834,6
4776,6.200099301150251,6.0,-0.2000993011502512,5
4777,6.200139096393573,6.0,-0.2001390963935732,10
4778,6.199680842657903,6.0,-0.1996808426579033,9
4779,4.73391348873153,4.534026106056135,-0.19988738267539485,2
4780,4.734077239506881,4.534026106056135,-0.20005113345074577,10
4781,4.7341753963853925,4.534026106056135,-0.2001492903292572,3
4782,4.734166907135989,4.534026106056135,-0.20014080107985333,7
4783,4.733975533240335,4.534026106056135,-0.19994942718419928,4
4784,4.733753680534288,4.534026106056135,-0.19972757447815237,6
4785,4.734285037167558,4.534026106056135,-0.20025893111142246,9
4786,4.733962748753923,4.534026106056135,-0.19993664269778755,1
4787,4.733954476683504,4.534026106056135,-0.19992837062736868,8
4788,5.963934099724046,6.164352855784437,0.20041875606039117,6
4789,6.009748512539771,6.164352855784437,0.15460434324466643,7
4790,5.964426678247583,6.164352855784437,0.19992617753685415,2
4791,6.017364597135483,6.164352855784437,0.14698825864895415,5
4792,5.963994078807058,6.164352855784437,0.20035877697737892,9
4793,6.110395198581787,6.164352855784437,0.05395765720265011,8
4794,6.002113642329315,6.164352855784437,0.1622392134551225,3
4795,5.968430086664152,6.164352855784437,0.19592276912028517,10
4796,5.964434706108387,6.164352855784437,0.19991814967605048,4
4797,6.352655205012682,6.552668216112194,0.20001301109951175,7
4798,6.352665691201172,6.552668216112194,0.20000252491102177,2
4799,6.43805778917066,6.552668216112194,0.11461042694153356,3
4800,6.353051822419146,6.552668216112194,0.19961639369304773,10
4801,6.352487791723918,6.552668216112194,0.2001804243882752,6
4802,6.352402928584048,6.552668216112194,0.2002652875281452,9
4803,6.352956345685381,6.552668216112194,0.19971187042681304,8
4804,6.352607271718987,6.552668216112194,0.20006094439320687,1
4805,6.35230573791136,6.552668216112194,0.20036247820083375,4
4806,6.223253849057658,6.423245873936808,0.19999202487915024,7
4807,6.222813518901035,6.423245873936808,0.2004323550357725,6
4808,6.223221854367354,6.423245873936808,0.2000240195694536,9
4809,6.223094326549746,6.423245873936808,0.20015154738706187,5
4810,6.223322487059633,6.423245873936808,0.1999233868771748,8
4811,6.223353051332944,6.423245873936808,0.19989282260386432,4
4812,6.223288228212116,6.423245873936808,0.19995764572469188,10
4813,6.222952912592502,6.423245873936808,0.20029296134430563,1
4814,6.223061714557239,6.423245873936808,0.20018415937956924,3
4815,5.879455656545233,6.079181246047625,0.19972558950239172,10
4816,5.879425594403735,6.079181246047625,0.19975565164389053,8
4817,5.8792820146402205,6.079181246047625,0.19989923140740462,9
4818,5.878940084412841,6.079181246047625,0.2002411616347839,6
4819,5.87944822032997,6.079181246047625,0.19973302571765483,2
4820,5.8795215930760785,6.079181246047625,0.19965965297154664,4
4821,5.878862415993883,6.079181246047625,0.2003188300537424,1
4822,5.878921233721792,6.079181246047625,0.2002600123258329,7
4823,5.879098423645961,6.079181246047625,0.2000828224016642,5
4824,6.708431446521712,6.9084850188786495,0.20005357235693744,8
4825,6.708188014636944,6.9084850188786495,0.2002970042417056,10
4826,6.708548723705004,6.9084850188786495,0.19993629517364564,2
4827,6.708664764582633,6.9084850188786495,0.19982025429601613,7
4828,6.708329337257394,6.9084850188786495,0.20015568162125508,3
4829,6.708640684642184,6.9084850188786495,0.19984433423646575,9
4830,6.708488843918897,6.9084850188786495,0.19999617495975208,1
4831,6.7087494807147445,6.9084850188786495,0.199735538163905,4
4832,6.708275773275323,6.9084850188786495,0.2002092456033262,6
4833,6.713273742172643,6.913283901760418,0.2000101595877748,5
4834,6.713459098121865,6.913283901760418,0.19982480363855348,6
4835,6.7131463948322985,6.913283901760418,0.2001375069281197,4
4836,6.713309487981718,6.913283901760418,0.1999744137787003,3
4837,6.713226772539147,6.913283901760418,0.20005712922127117,10
4838,6.713658569997364,6.913283901760418,0.19962533176305453,9
4839,6.713399797179643,6.913283901760418,0.1998841045807751,1
4840,6.713114391878088,6.913283901760418,0.20016950988232995,7
4841,6.71355285007681,6.913283901760418,0.19973105168360838,2
4842,6.278907420631071,6.079181246047625,-0.19972617458344555,6
4843,6.279091490654167,6.079181246047625,-0.19991024460654216,5
4844,6.279291997273923,6.079181246047625,-0.20011075122629762,8
4845,6.279466047169748,6.079181246047625,-0.2002848011221232,9
4846,6.279042211059741,6.079181246047625,-0.1998609650121157,4
4847,6.146227884653853,6.079181246047625,-0.06704663860622784,7
4848,6.326261614907714,6.079181246047625,-0.24708036886008866,10
4849,6.27868881320315,6.079181246047625,-0.19950756715552487,2
4850,6.2789983685143165,6.079181246047625,-0.19981712246669137,3
4851,6.279042211059741,6.657055852857104,0.37801364179736296,4
4852,6.279466047169748,6.657055852857104,0.37758980568735545,9
4853,6.4567055854549125,6.657055852857104,0.2003502674021913,1
4854,6.27868881320315,6.657055852857104,0.3783670396539538,2
4855,6.2789983685143165,6.657055852857104,0.3780574843427873,3
4856,6.278907420631071,6.657055852857104,0.3781484322260331,6
4857,6.326261614907714,6.657055852857104,0.33079423794939,10
4858,6.279091490654167,6.657055852857104,0.3779643622029365,5
4859,6.279291997273923,6.657055852857104,0.37776385558318104,8
4860,4.815293289529374,4.615097451301758,-0.2001958382276161,4
4861,4.815097682138233,4.615097451301758,-0.20000023083647456,10
4862,4.815522299310455,4.615097451301758,-0.20042484800869698,5
4863,4.815006575531646,4.615097451301758,-0.1999091242298876,8
4864,4.815208561977802,4.615097451301758,-0.20011111067604404,7
4865,4.815205229874891,4.615097451301758,-0.2001077785731331,3
4866,4.815440347367031,4.615097451301758,-0.20034289606527267,6
4867,4.815490824154206,4.615097451301758,-0.20039337285244763,2
4868,4.815510086760334,4.615097451301758,-0.20041263545857557,1
4869,6.762513694049604,6.962369335670021,0.19985564162041758,5
4870,6.7625099044434975,6.962369335670021,0.19985943122652383,2
4871,6.762288657153697,6.962369335670021,0.20008067851632472,7
4872,6.762489811688491,6.962369335670021,0.1998795239815303,3
4873,6.7624939149137555,6.962369335670021,0.19987542075626585,1
4874,6.762756760179828,6.962369335670021,0.1996125754901934,9
4875,6.762614775853554,6.962369335670021,0.1997545598164674,8
4876,6.762746416841088,6.962369335670021,0.19962291882893357,10
4877,6.762334177830512,6.962369335670021,0.2000351578395092,4
4878,6.379970743386883,6.57978359661681,0.19981285322992726,1
4879,6.380088863153862,6.57978359661681,0.1996947334629482,6
4880,6.379783963531506,6.57978359661681,0.19999963308530422,4
4881,6.38017512385427,6.57978359661681,0.1996084727625398,9
4882,6.379876698784681,6.57978359661681,0.199906897832129,10
4883,6.379601937706789,6.57978359661681,0.20018165891002138,8
4884,6.3802282644131,6.57978359661681,0.19955533220371002,2
4885,6.3795071603566225,6.57978359661681,0.20027643626018765,7
4886,6.379914417759842,6.57978359661681,0.19986917885696798,3
4887,6.159471117876485,5.959041392321094,-0.2004297255553915,10
4888,6.1588044138277125,5.959041392321094,-0.19976302150661862,8
4889,6.159177960405354,5.959041392321094,-0.20013656808426017,5
4890,6.1591424937651915,5.959041392321094,-0.20010110144409765,1
4891,6.1892868304723825,5.959041392321094,-0.23024543815128862,7
4892,6.1588285475592714,5.959041392321094,-0.19978715523817758,3
4893,6.158912817053958,5.959041392321094,-0.1998714247328639,6
4894,5.758684943481573,5.959041392321094,0.2003564488395213,9
4895,6.158929569334661,5.959041392321094,-0.19988817701356698,4
4896,6.060740204012701,6.079181246047625,0.018441042034924138,6
4897,5.878927415450827,6.079181246047625,0.20025383059679847,9
4898,5.878912245351696,6.079181246047625,0.20026900069592912,7
4899,5.879402299106466,6.079181246047625,0.1997789469411595,5
4900,5.878853992429196,6.079181246047625,0.20032725361842907,2
4901,5.801401976242242,6.079181246047625,0.27777926980538314,4
4902,5.879133786556421,6.079181246047625,0.20004745949120384,3
4903,5.879120994927454,6.079181246047625,0.20006025112017145,8
4904,5.879362678161549,6.079181246047625,0.19981856788607644,10
4905,6.657829506437302,6.857332496431268,0.19950298999396576,3
4906,6.657140639800044,6.857332496431268,0.20019185663122396,7
4907,6.657446648113554,6.857332496431268,0.19988584831771394,2
4908,6.657158616915119,6.857332496431268,0.20017387951614918,9
4909,6.657149695060875,6.857332496431268,0.20018280137039302,10
4910,6.657513097239982,6.857332496431268,0.199819399191286,5
4911,6.656935293758789,6.857332496431268,0.2003972026724794,8
4912,6.6576272901581035,6.857332496431268,0.19970520627316457,1
4913,6.657355855935711,6.857332496431268,0.1999766404955574,4
4914,6.812939616391294,7.012837224705172,0.19989760831387837,9
4915,6.812703328430386,7.012837224705172,0.20013389627478606,3
4916,6.813343432079373,7.012837224705172,0.19949379262579914,5
4917,6.812654407882951,7.012837224705172,0.20018281682222128,1
4918,6.812708813292896,7.012837224705172,0.2001284114122761,4
4919,6.8126079852771735,7.012837224705172,0.20022923942799853,7
4920,6.812600553664983,7.012837224705172,0.20023667104018905,2
4921,6.812839254141857,7.012837224705172,0.1999979705633148,10
4922,6.812952117587962,7.012837224705172,0.1998851071172103,6
4923,5.754456891639636,5.950364854376123,0.19590796273648703,3
4924,5.750088960952592,5.950364854376123,0.20027589342353114,4
4925,5.749996316751666,5.950364854376123,0.20036853762445705,9
4926,5.791783821950846,5.950364854376123,0.15858103242527744,7
4927,5.76532001075254,5.950364854376123,0.18504484362358298,10
4928,5.784458573698838,5.950364854376123,0.16590628067728552,6
4929,5.932282962583792,5.950364854376123,0.018081891792331106,8
4930,5.7736091985711395,5.950364854376123,0.17675565580498365,2
4931,5.750508097901477,5.950364854376123,0.19985675647464607,1
4932,7.527222896828091,7.727541257028556,0.20031836020046523,2
4933,7.527541305409556,7.727541257028556,0.19999995161900053,1
4934,7.527471706437593,7.727541257028556,0.2000695505909631,6
4935,7.52768310244012,7.727541257028556,0.19985815458843614,10
4936,7.527525555567072,7.727541257028556,0.20001570146148406,7
4937,7.527762094721412,7.727541257028556,0.1997791623071441,8
4938,7.527571585811339,7.727541257028556,0.1999696712172172,9
4939,7.527642324145424,7.727541257028556,0.19989893288313265,4
4940,7.527588352688714,7.727541257028556,0.1999529043398418,5
4941,6.975796141865974,7.176091259055681,0.20029511718970738,7
4942,6.975722144814418,7.176091259055681,0.2003691142412629,10
4943,6.975963489346661,7.176091259055681,0.20012776970902024,8
4944,6.724104744604475,7.176091259055681,0.45198651445120674,3
4945,6.975893602799665,7.176091259055681,0.20019765625601593,4
4946,7.016052949810818,7.176091259055681,0.16003830924486362,9
4947,6.975790479648611,7.176091259055681,0.20030077940706992,6
4948,6.9761703915687665,7.176091259055681,0.19992086748691484,1
4949,6.976183281395505,7.176091259055681,0.19990797766017643,2
4950,6.976183281395505,5.939758797292041,-1.0364244841034642,2
4951,6.975790479648611,5.939758797292041,-1.0360316823565707,6
4952,6.975796141865974,5.939758797292041,-1.0360373445739333,7
4953,6.724104744604475,5.939758797292041,-0.7843459473124339,3
4954,6.975963489346661,5.939758797292041,-1.0362046920546204,8
4955,6.9761703915687665,5.939758797292041,-1.0364115942767258,1
4956,6.139813126239429,5.939758797292041,-0.20005432894738817,5
4957,6.975722144814418,5.939758797292041,-1.0359633475223777,10
4958,6.975893602799665,5.939758797292041,-1.0361348055076247,4
4959,7.019996378173045,6.592176757395867,-0.4278196207771776,5
4960,6.792652862883874,6.592176757395867,-0.20047610548800687,3
4961,7.094302869484737,6.592176757395867,-0.5021261120888703,4
4962,6.792100154366228,6.592176757395867,-0.19992339697036066,7
4963,7.09438106435447,6.592176757395867,-0.5022043069586024,8
4964,7.094906991050964,6.592176757395867,-0.5027302336550967,2
4965,7.0942134462520245,6.592176757395867,-0.5020366888561574,6
4966,7.06230867159569,6.592176757395867,-0.4701319141998228,9
4967,7.082978165823369,6.592176757395867,-0.49080140842750186,10
4968,5.3367186520218866,5.136720567156407,-0.19999808486547987,10
4969,5.336285253542776,5.136720567156407,-0.1995646863863696,7
4970,5.336817973526101,5.136720567156407,-0.20009740636969475,4
4971,5.336816176884719,5.136720567156407,-0.20009560972831242,5
4972,5.3364714748592,5.136720567156407,-0.1997509077027937,6
4973,5.336926132165313,5.136720567156407,-0.20020556500890674,9
4974,5.337098000140762,5.136720567156407,-0.2003774329843555,3
4975,5.3363462521957645,5.136720567156407,-0.19962568503935785,8
4976,5.336730659652559,5.136720567156407,-0.20001009249615276,1
4977,6.000239633519579,6.200303182981585,0.20006354946200666,8
4978,6.0003571283678445,6.200303182981585,0.19994605461374082,2
4979,6.000378902487764,6.200303182981585,0.19992428049382127,6
4980,6.000221101760623,6.200303182981585,0.2000820812209625,4
4981,6.000493329804447,6.200303182981585,0.19980985317713795,1
4982,6.000390098970216,6.200303182981585,0.19991308401136898,9
4983,6.0004383151525325,6.200303182981585,0.19986486782905288,10
4984,6.000714393745642,6.200303182981585,0.1995887892359436,3
4985,6.000136435981004,6.200303182981585,0.20016674700058168,7
4986,5.678194550865029,5.892094602690481,0.21390005182545213,9
4987,5.527963716212198,5.892094602690481,0.36413088647828307,5
4988,5.6923672479160645,5.892094602690481,0.19972735477441628,1
4989,5.691706731650969,5.892094602690481,0.20038787103951172,4
4990,5.65261747555451,5.892094602690481,0.23947712713597102,10
4991,5.618605231833446,5.892094602690481,0.2734893708570345,3
4992,5.6917932326715714,5.892094602690481,0.20030137001890935,7
4993,5.691835572579525,5.892094602690481,0.20025903011095547,8
4994,5.628061831994091,5.892094602690481,0.26403277069638964,6
4995,6.626401369983144,6.826074802700826,0.1996734327176819,9
4996,6.626262627414852,6.826074802700826,0.19981217528597384,8
4997,6.626494081761365,6.826074802700826,0.1995807209394611,7
4998,6.626311833760292,6.826074802700826,0.1997629689405338,2
4999,6.626161012039985,6.826074802700826,0.19991379066084125,4
5000,6.626284263954622,6.826074802700826,0.19979053874620423,5
5001,6.626397659615526,6.826074802700826,0.19967714308530038,1
5002,6.626157225593536,6.826074802700826,0.19991757710729008,10
5003,6.625778478920728,6.826074802700826,0.20029632378009765,6
5004,6.719040082305324,6.919078092376074,0.20003801007074973,8
5005,6.749889176625213,6.919078092376074,0.16918891575086104,2
5006,6.76680053678842,6.919078092376074,0.15227755558765388,1
5007,6.758044724868416,6.919078092376074,0.16103336750765784,5
5008,6.789157918337259,6.919078092376074,0.12992017403881473,6
5009,6.794027266256021,6.919078092376074,0.12505082612005314,3
5010,6.770599530983728,6.919078092376074,0.14847856139234583,7
5011,6.797014219962101,6.919078092376074,0.12206387241397287,10
5012,6.763118407047768,6.919078092376074,0.1559596853283054,4
5013,5.953601544333229,5.8750612633917,-0.07854028094152898,3
5014,6.027940045730874,5.8750612633917,-0.15287878233917418,10
5015,5.942233899347892,5.8750612633917,-0.06717263595619194,5
5016,5.979032036641437,5.8750612633917,-0.10397077324973658,9
5017,6.0033300414137525,5.8750612633917,-0.1282687780220524,4
5018,5.938425721572876,5.8750612633917,-0.06336445818117564,2
5019,5.965367924286612,5.8750612633917,-0.09030666089491213,1
5020,6.049602953298253,5.8750612633917,-0.17454168990655283,6
5021,5.675090729937276,5.8750612633917,0.19997053345442417,8
5022,5.375766604293051,5.176091259055681,-0.1996753452373694,2
5023,6.101232638133888,5.176091259055681,-0.925141379078207,4
5024,6.101325493455183,5.176091259055681,-0.9252342343995013,8
5025,6.101001621900622,5.176091259055681,-0.9249103628449404,7
5026,6.10140387637111,5.176091259055681,-0.9253126173154289,9
5027,6.101292581903956,5.176091259055681,-0.9252013228482747,6
5028,6.100624363125497,5.176091259055681,-0.9245331040698153,3
5029,6.1011877194058535,5.176091259055681,-0.9250964603501721,1
5030,6.101266302254676,5.176091259055681,-0.9251750431989949,10
5031,6.524581159799218,6.644044492814749,0.11946333301553125,9
5032,6.603417347219903,6.644044492814749,0.04062714559484615,3
5033,6.517010396639792,6.644044492814749,0.12703409617495698,4
5034,6.4909283022272515,6.644044492814749,0.1531161905874976,1
5035,6.553214273731266,6.644044492814749,0.09083021908348332,10
5036,6.494576204576488,6.644044492814749,0.14946828823826142,2
5037,6.444124637177728,6.644044492814749,0.1999198556370212,6
5038,6.584535092164668,6.644044492814749,0.05950940065008137,5
5039,6.527840931958817,6.644044492814749,0.11620356085593198,7
5040,2.578133185842012,2.7781512503836434,0.20001806454163162,3
5041,2.5781310999684726,2.7781512503836434,0.20002015041517085,4
5042,2.577726622749643,2.7781512503836434,0.20042462763400026,2
5043,2.613710257217483,2.7781512503836434,0.16444099316616034,9
5044,2.5783450406335873,2.7781512503836434,0.19980620975005614,8
5045,2.578116983770788,2.7781512503836434,0.2000342666128554,5
5046,2.97792439225742,2.7781512503836434,-0.1997731418737767,6
5047,2.578026305302344,2.7781512503836434,0.20012494508129963,7
5048,2.5782550970305587,2.7781512503836434,0.19989615335308475,10
5049,6.279095288805989,6.079181246047625,-0.19991404275836366,2
5050,5.878966349994058,6.079181246047625,0.20021489605356724,6
5051,5.879084039593514,6.079181246047625,0.2000972064541111,9
5052,5.87924392989437,6.079181246047625,0.19993731615325494,4
5053,5.879306763656457,6.079181246047625,0.19987448239116823,5
5054,5.879079558728813,6.079181246047625,0.20010168731881173,1
5055,5.879095185377712,6.079181246047625,0.2000860606699133,8
5056,5.879638521697498,6.079181246047625,0.19954272435012754,10
5057,5.878823114103004,6.079181246047625,0.20035813194462104,7
5058,3.104058057267912,3.0791812460476247,-0.024876811220287287,8
5059,2.879424142600963,3.0791812460476247,0.19975710344666187,9
5060,3.2133433802658304,3.0791812460476247,-0.13416213421820578,3
5061,3.246999851628449,3.0791812460476247,-0.16781860558082418,7
5062,3.2794180041987024,3.0791812460476247,-0.20023675815107778,5
5063,3.279457288428568,3.0791812460476247,-0.20027604238094332,6
5064,3.2263845071547395,3.0791812460476247,-0.1472032611071148,2
5065,3.0990021426202183,3.0791812460476247,-0.01982089657259367,4
5066,2.879147737326742,3.0791812460476247,0.20003350872088266,1
5067,6.08297790777141,6.283301228703549,0.20032332093213956,7
5068,6.083011314431844,6.283301228703549,0.20028991427170517,3
5069,6.083067208944515,6.283301228703549,0.20023401975903443,8
5070,6.083184598733803,6.283301228703549,0.2001166299697461,2
5071,6.083211418246436,6.283301228703549,0.20008981045711316,6
5072,6.083126435117409,6.283301228703549,0.20017479358614043,4
5073,6.083201189903224,6.283301228703549,0.20010003880032556,5
5074,6.083351859644967,6.283301228703549,0.19994936905858207,1
5075,6.082973218880558,6.283301228703549,0.20032800982299115,9
5076,6.088098261465658,6.2878017299302265,0.19970346846456888,8
5077,6.087889831242025,6.2878017299302265,0.19991189868820136,9
5078,6.08792314464463,6.2878017299302265,0.19987858528559688,7
5079,6.088154132663574,6.2878017299302265,0.1996475972666527,3
5080,6.088004796053484,6.2878017299302265,0.19979693387674224,4
5081,6.088041066342747,6.2878017299302265,0.19976066358747957,5
5082,6.088136439771539,6.2878017299302265,0.19966529015868772,2
5083,6.08808706397643,6.2878017299302265,0.19971466595379628,6
5084,6.088283512532387,6.2878017299302265,0.1995182173978396,1
5085,5.737148244787093,5.536937022704674,-0.20021122208241948,5
5086,5.736983637404244,5.536937022704674,-0.20004661469957075,8
5087,5.737379447258134,5.536937022704674,-0.20044242455346062,4
5088,5.737040332240964,5.536937022704674,-0.2001033095362903,2
5089,5.736970862013277,5.536937022704674,-0.2000338393086034,7
5090,5.7365286578977965,5.536937022704674,-0.19959163519312284,6
5091,5.736997553408185,5.536937022704674,-0.20006053070351104,9
5092,5.737239738694466,5.536937022704674,-0.20030271598979255,1
5093,5.7366765345419966,5.536937022704674,-0.19973951183732286,3
5094,6.101292581903956,6.301029995663981,0.19973741376002518,6
5095,6.1011877194058535,6.301029995663981,0.19984227625812778,1
5096,6.10140387637111,6.301029995663981,0.199626119292871,9
5097,6.101001621900622,6.301029995663981,0.20002837376335947,7
5098,6.100624363125497,6.301029995663981,0.20040563253848465,3
5099,6.101325493455183,6.301029995663981,0.19970450220879865,8
5100,6.101232638133888,6.301029995663981,0.19979735753009287,4
5101,6.101169675638496,6.301029995663981,0.19986032002548537,5
5102,6.101266302254676,6.301029995663981,0.199763693409305,10
5103,6.6726859941758025,6.472902651803664,-0.19978334237213868,9
5104,6.672757582550508,6.472902651803664,-0.19985493074684424,8
5105,6.67324035921876,6.472902651803664,-0.2003377074150965,5
5106,6.673020463572654,6.472902651803664,-0.20011781176899035,2
5107,6.672880833805459,6.472902651803664,-0.19997818200179474,10
5108,6.673110870686382,6.472902651803664,-0.20020821888271811,4
5109,6.7145768181951,6.472902651803664,-0.24167416639143635,6
5110,6.594948094051438,6.472902651803664,-0.12204544224777436,1
5111,6.673072637775509,6.472902651803664,-0.20016998597184532,7
5112,5.06222137329365,5.0,-0.062221373293650295,10
5113,4.844482400149591,5.0,0.15551759985040903,8
5114,5.199591840903378,5.0,-0.1995918409033779,5
5115,4.82726771129143,5.0,0.17273228870856983,2
5116,4.8014488449317785,5.0,0.19855115506822152,9
5117,4.829361625556311,5.0,0.1706383744436888,1
5118,5.11067226392359,5.0,-0.11067226392358975,4
5119,4.882656550343887,5.0,0.11734344965611321,6
5120,5.146001933211262,5.0,-0.1460019332112621,3
5121,6.3314010458458085,6.531478917042255,0.20007787119644682,6
5122,6.3311564159393905,6.531478917042255,0.20032250110286487,1
5123,6.331592449085375,6.531478917042255,0.1998864679568806,5
5124,6.331482851365438,6.531478917042255,0.19999606567681738,7
5125,6.3319220027825,6.531478917042255,0.1995569142597553,10
5126,6.331977070835084,6.531478917042255,0.1995018462071716,4
5127,6.331307241470576,6.531478917042255,0.20017167557167959,3
5128,6.331647136377161,6.531478917042255,0.199831780665094,2
5129,6.331814582919385,6.531478917042255,0.1996643341228701,9
5130,5.835197105425494,6.033423755486949,0.19822665006145535,3
5131,5.8331326534986205,6.033423755486949,0.2002911019883289,9
5132,5.83301907034503,6.033423755486949,0.200404685141919,6
5133,5.833370721401309,6.033423755486949,0.20005303408564057,4
5134,5.868923740742131,6.033423755486949,0.16450001474481812,8
5135,5.833370303433951,6.033423755486949,0.20005345205299818,1
5136,5.833337480915558,6.033423755486949,0.20008627457139117,7
5137,5.833760987095029,6.033423755486949,0.19966276839192076,10
5138,5.83323475876038,6.033423755486949,0.20018899672656953,5
5139,4.2492605492739655,3.662757831681574,-0.5865027175923916,8
5140,4.7447054428808135,3.662757831681574,-1.0819476111992397,3
5141,4.337800373374089,3.662757831681574,-0.6750425416925148,1
5142,4.3953661437166796,3.662757831681574,-0.7326083120351057,10
5143,4.248957642125169,3.662757831681574,-0.586199810443595,2
5144,4.377071823230642,3.662757831681574,-0.7143139915490679,6
5145,4.58891872940382,3.662757831681574,-0.9261608977222457,5
5146,4.568621776814448,3.662757831681574,-0.9058639451328738,7
5147,4.248815789297375,3.662757831681574,-0.5860579576158007,9
5148,5.814969510915901,6.260548372636979,0.44557886172107786,1
5149,5.696442129828231,6.260548372636979,0.564106242808748,6
5150,5.644090554935766,6.260548372636979,0.616457817701213,8
5151,5.680630194459059,6.260548372636979,0.5799181781779197,2
5152,5.824232432326809,6.260548372636979,0.43631594031016974,4
5153,5.855039599805921,6.260548372636979,0.405508772831058,9
5154,5.865289504016425,6.260548372636979,0.39525886862055426,3
5155,5.82067869009938,6.260548372636979,0.4398696825375987,7
5156,5.870846952502418,6.260548372636979,0.38970142013456144,10
5157,5.764303649281272,5.301029995663981,-0.463273653617291,6
5158,5.881658027355612,5.301029995663981,-0.5806280316916306,4
5159,5.8936126268652576,5.301029995663981,-0.5925826312012763,7
5160,5.899299778745442,5.301029995663981,-0.5982697830814612,1
5161,5.877304143874715,5.301029995663981,-0.5762741482107341,10
5162,5.776338197589797,5.301029995663981,-0.4753082019258157,8
5163,5.892570041825136,5.301029995663981,-0.5915400461611551,2
5164,5.9265026297032595,5.301029995663981,-0.6254726340392782,9
5165,5.95168267479175,5.301029995663981,-0.6506526791277691,3
5166,6.218860335126378,6.176091259055681,-0.042769076070696244,4
5167,6.159429640425731,6.176091259055681,0.01666161862994997,5
5168,6.218424731366905,6.176091259055681,-0.042333472311224085,3
5169,6.218411350289492,6.176091259055681,-0.042320091233810864,7
5170,6.212993737544529,6.176091259055681,-0.03690247848884809,1
5171,6.2186721790117945,6.176091259055681,-0.04258091995611313,10
5172,6.218758821164595,6.176091259055681,-0.04266756210891387,6
5173,6.2187200158003595,6.176091259055681,-0.04262875674467814,9
5174,6.235473942180341,6.176091259055681,-0.05938268312465933,2
5175,5.493803768944289,5.4996870826184034,0.005883313674114099,6
5176,5.637817443276163,5.4996870826184034,-0.13813036065775997,9
5177,5.691901647483185,5.4996870826184034,-0.1922145648647815,10
5178,5.510053367855158,5.4996870826184034,-0.010366285236754536,8
5179,5.454681384495891,5.4996870826184034,0.04500569812251243,5
5180,5.586836584830513,5.4996870826184034,-0.08714950221210938,4
5181,5.642628289609817,5.4996870826184034,-0.14294120699141377,3
5182,5.699871136816819,5.4996870826184034,-0.20018405419841567,7
5183,5.688328116064498,5.4996870826184034,-0.1886410334460944,1
5184,5.09477842187519,5.295127085252191,0.2003486633770013,6
5185,5.094946664923181,5.295127085252191,0.2001804203290103,10
5186,5.494742146661661,5.295127085252191,-0.19961506140947005,7
5187,5.0952274441256975,5.295127085252191,0.1998996411264935,3
5188,5.094944271231267,5.295127085252191,0.2001828140209243,9
5189,5.095161748884853,5.295127085252191,0.19996533636733815,2
5190,5.095521268289438,5.295127085252191,0.1996058169627526,4
5191,5.0947876100033485,5.295127085252191,0.20033947524884255,5
5192,5.1400168122287635,5.295127085252191,0.1551102730234275,8
5193,5.50109161760575,5.301029995663981,-0.20006162194176902,3
5194,5.500888022283311,5.301029995663981,-0.19985802661932972,8
5195,5.501172201170386,5.301029995663981,-0.20014220550640438,2
5196,5.50112136717208,5.301029995663981,-0.20009137150809853,6
5197,5.50117550355006,5.301029995663981,-0.200145507886079,4
5198,5.501351363766321,5.301029995663981,-0.20032136810233947,10
5199,5.501086903403478,5.301029995663981,-0.20005690773949691,5
5200,5.5009079374323555,5.301029995663981,-0.19987794176837426,7
5201,5.501007724069075,5.301029995663981,-0.1999777284050941,1
5202,4.111762676531946,3.911690158753861,-0.20007251777808488,5
5203,4.111683978013193,3.911690158753861,-0.19999381925933246,7
5204,4.111717628347744,3.911690158753861,-0.2000274695938833,1
5205,4.111345487907924,3.911690158753861,-0.19965532915406303,8
5206,4.1113152034503635,3.911690158753861,-0.19962504469650266,2
5207,4.111460342925268,3.911690158753861,-0.19977018417140702,10
5208,4.112091392745786,3.911690158753861,-0.20040123399192478,6
5209,4.111635827282344,3.911690158753861,-0.19994566852848283,9
5210,4.11172254826673,3.911690158753861,-0.20003238951286928,3
5211,6.372423380797197,6.324282455297693,-0.04814092549950377,6
5212,6.292659871749536,6.324282455297693,0.031622583548156946,2
5213,6.124485663081336,6.324282455297693,0.1997967922163575,8
5214,6.124494102296703,6.324282455297693,0.19978835300099007,9
5215,6.524582598574231,6.324282455297693,-0.20030014327653767,4
5216,6.124109870814612,6.324282455297693,0.20017258448308084,1
5217,6.169611546552579,6.324282455297693,0.15467090874511413,7
5218,6.124221193100668,6.324282455297693,0.2000612621970248,3
5219,6.129377934173087,6.324282455297693,0.19490452112460588,10
5220,5.126527138344509,5.72029163965499,0.5937645013104813,3
5221,4.956272029101658,5.72029163965499,0.7640196105533317,1
5222,5.32870283476273,5.72029163965499,0.39158880489226,5
5223,5.077339748451377,5.72029163965499,0.6429518912036132,7
5224,4.751446599954061,5.72029163965499,0.9688450397009287,9
5225,5.136348043576349,5.72029163965499,0.5839435960786412,2
5226,5.047294387182639,5.72029163965499,0.6729972524723511,6
5227,5.047633790957068,5.72029163965499,0.6726578486979218,10
5228,5.339030131655119,5.72029163965499,0.3812615079998709,4
5229,6.1669375842158995,6.3670482644844935,0.2001106802685939,2
5230,6.166863495909532,6.3670482644844935,0.20018476857496115,9
5231,6.167139903716069,6.3670482644844935,0.19990836076842466,10
5232,6.167083515616995,6.3670482644844935,0.19996474886749827,8
5233,6.167086609572889,6.3670482644844935,0.19996165491160411,4
5234,6.1668041661527795,6.3670482644844935,0.20024409833171397,7
5235,6.1669065687461675,6.3670482644844935,0.20014169573832596,1
5236,6.167240753334164,6.3670482644844935,0.19980751115032902,3
5237,6.1668367219989175,6.3670482644844935,0.20021154248557593,6
5238,6.5980743375766435,7.204119982655925,0.6060456450792815,4
5239,6.598049908432518,7.204119982655925,0.6060700742234069,7
5240,6.597924669476105,7.204119982655925,0.6061953131798203,5
5241,6.5980458760601834,7.204119982655925,0.6060741065957416,9
5242,6.597984710770394,7.204119982655925,0.6061352718855311,1
5243,6.597600303776719,7.204119982655925,0.6065196788792058,6
5244,6.5981111813851205,7.204119982655925,0.6060088012708045,8
5245,6.598148455341184,7.204119982655925,0.6059715273147406,10
5246,6.59790939128658,7.204119982655925,0.6062105913693454,3
5247,6.212771665723206,6.012837224705172,-0.19993444101803437,7
5248,6.212813140708112,6.012837224705172,-0.1999759160029404,6
5249,6.212748118924885,6.012837224705172,-0.19991089421971342,9
5250,6.21291995688095,6.012837224705172,-0.20008273217577788,5
5251,6.212846010393476,6.012837224705172,-0.20000878568830416,8
5252,6.212572953241443,6.012837224705172,-0.19973572853627086,2
5253,6.2128510536799295,6.012837224705172,-0.2000138289747575,3
5254,6.212857438728705,6.012837224705172,-0.20002021402353343,10
5255,6.21266856527425,6.012837224705172,-0.19983134056907836,1
5256,5.6535157681389725,5.176091259055681,-0.47742450908329115,9
5257,5.656478331184883,5.176091259055681,-0.4803870721292016,6
5258,5.386726670998724,5.176091259055681,-0.21063541194304225,2
5259,5.802426720508475,5.176091259055681,-0.6263354614527934,7
5260,5.670929243338058,5.176091259055681,-0.4948379842823769,8
5261,5.656585955497113,5.176091259055681,-0.48049469644143183,10
5262,5.656638194049109,5.176091259055681,-0.48054693499342793,5
5263,5.656049446035126,5.176091259055681,-0.47995818697944426,3
5264,5.6566258079711185,5.176091259055681,-0.4805345489154371,1
5265,6.078581414504776,6.278982116865443,0.20040070236066665,9
5266,6.078843559516836,6.278982116865443,0.2001385573486063,6
5267,6.0788853820362565,6.278982116865443,0.20009673482918622,10
5268,6.0786921449658475,6.278982116865443,0.2002899718995952,5
5269,6.078715817928953,6.278982116865443,0.20026629893648984,4
5270,6.078798331202001,6.278982116865443,0.20018378566344186,8
5271,6.078769637892243,6.278982116865443,0.20021247897319938,7
5272,6.0789828444834235,6.278982116865443,0.1999992723820192,1
5273,6.079166599333196,6.278982116865443,0.19981551753224647,2
5274,5.808753096831035,6.17897694729317,0.3702238504621347,6
5275,5.978825093174167,6.17897694729317,0.20015185411900305,7
5276,5.960973514546104,6.17897694729317,0.21800343274706613,4
5277,5.978874937376978,6.17897694729317,0.20010200991619165,10
5278,5.978740822260857,6.17897694729317,0.2002361250323128,1
5279,5.837499814387392,6.17897694729317,0.3414771329057773,8
5280,5.979157802433543,6.17897694729317,0.19981914485962715,5
5281,5.920764951709434,6.17897694729317,0.25821199558373564,3
5282,5.886719831643924,6.17897694729317,0.29225711564924595,2
5283,4.345899805518924,4.329194415088451,-0.01670539043047281,1
5284,4.406571165904381,4.329194415088451,-0.07737675081593043,6
5285,4.464862463398438,4.329194415088451,-0.13566804830998702,9
5286,4.529391941638851,4.329194415088451,-0.2001975265503999,4
5287,4.308082316057288,4.329194415088451,0.02111209903116329,10
5288,4.454581515853874,4.329194415088451,-0.12538710076542348,2
5289,4.529144122955685,4.329194415088451,-0.19994970786723432,5
5290,4.323129783369968,4.329194415088451,0.006064631718483149,8
5291,4.529325356184559,4.329194415088451,-0.2001309410961083,3
5292,5.656638194049109,6.002166061756507,0.3455278677073981,5
5293,5.6535157681389725,6.002166061756507,0.34865029361753486,9
5294,5.656049446035126,6.002166061756507,0.34611661572138175,3
5295,5.656478331184883,6.002166061756507,0.3456877305716244,6
5296,5.656585955497113,6.002166061756507,0.34558010625939417,10
5297,5.670929243338058,6.002166061756507,0.3312368184184491,8
5298,5.802426720508475,6.002166061756507,0.1997393412480326,7
5299,5.8023491345759455,6.002166061756507,0.19981692718056188,4
5300,5.6566258079711185,6.002166061756507,0.3455402537853889,1
5301,6.5157323086531225,6.489395921727129,-0.02633638692599316,9
5302,6.319844921282611,6.489395921727129,0.16955100044451843,10
5303,6.289396044706838,6.489395921727129,0.1999998770202911,3
5304,6.289404654717618,6.489395921727129,0.1999912670095112,5
5305,6.289261110819898,6.489395921727129,0.2001348109072314,6
5306,6.2892230265302045,6.489395921727129,0.20017289519692483,1
5307,6.2891590040967795,6.489395921727129,0.2002369176303498,8
5308,6.289518291754819,6.489395921727129,0.19987762997231062,2
5309,6.316003326873884,6.489395921727129,0.17339259485324554,7
5310,4.938354305197063,5.0,0.061645694802937356,10
5311,5.200287936259658,5.0,-0.20028793625965768,1
5312,5.200297745137204,5.0,-0.20029774513720433,9
5313,5.200140004777429,5.0,-0.20014000477742933,4
5314,5.199989895383998,5.0,-0.19998989538399758,5
5315,5.200252264207772,5.0,-0.20025226420777198,2
5316,5.200239106329176,5.0,-0.2002391063291764,8
5317,5.200192356074413,5.0,-0.200192356074413,7
5318,5.200209336767705,5.0,-0.20020933676770536,6
5319,4.799899383552599,5.0,0.20010061644740063,2
5320,4.7998878199939154,5.0,0.20011218000608455,9
5321,4.800193813748565,5.0,0.1998061862514353,6
5322,4.8003092419189075,5.0,0.1996907580810925,3
5323,4.799483142433846,5.0,0.20051685756615356,7
5324,4.800196147384644,5.0,0.19980385261535627,10
5325,4.799652137396597,5.0,0.20034786260340276,8
5326,5.2000527913553904,5.0,-0.20005279135539045,4
5327,4.800021975316833,5.0,0.19997802468316728,5
5328,5.707171560778776,4.698970004336019,-1.0082015564427573,2
5329,6.048682455691479,4.698970004336019,-1.34971245135546,7
5330,5.904285773321057,4.698970004336019,-1.205315768985038,4
5331,5.691020322273911,4.698970004336019,-0.9920503179378919,5
5332,5.85001289003222,4.698970004336019,-1.1510428856962012,3
5333,5.753793632033953,4.698970004336019,-1.0548236276979344,6
5334,5.98050870169582,4.698970004336019,-1.2815386973598013,1
5335,5.914539348445456,4.698970004336019,-1.2155693441094373,9
5336,5.98247387675373,4.698970004336019,-1.283503872417711,8
5337,5.608815329102265,5.294466226161593,-0.314349102940672,4
5338,5.809982072958795,5.294466226161593,-0.5155158467972019,10
5339,5.494343158849808,5.294466226161593,-0.19987693268821438,2
5340,5.665645201183481,5.294466226161593,-0.3711789750218877,8
5341,5.749929144642986,5.294466226161593,-0.455462918481393,1
5342,5.605028382862737,5.294466226161593,-0.3105621567011436,3
5343,5.511409017629898,5.294466226161593,-0.21694279146830464,5
5344,5.494458608627557,5.294466226161593,-0.19999238246596374,6
5345,5.622761296268079,5.294466226161593,-0.32829507010648573,9
5346,5.67669976324896,5.477121254719663,-0.1995785085292976,6
5347,5.538453188947445,5.477121254719663,-0.06133193422778227,4
5348,5.538887106079521,5.477121254719663,-0.06176585135985846,10
5349,5.538396756754259,5.477121254719663,-0.06127550203459631,1
5350,5.5382020779100065,5.477121254719663,-0.061080823190343914,7
5351,5.538534463805301,5.477121254719663,-0.06141320908563852,8
5352,5.538381718846545,5.477121254719663,-0.061260464126882574,9
5353,5.538374354253434,5.477121254719663,-0.06125309953377123,3
5354,5.538390018096553,5.477121254719663,-0.06126876337689069,2
5355,6.02704112690682,6.1264561134318045,0.0994149865249847,1
5356,6.1363880988678146,6.1264561134318045,-0.009931985436010038,5
5357,6.046581255571376,6.1264561134318045,0.07987485786042825,9
5358,5.985374994508092,6.1264561134318045,0.14108111892371245,3
5359,6.250334651437632,6.1264561134318045,-0.12387853800582782,6
5360,5.985352415511994,6.1264561134318045,0.14110369791981014,10
5361,6.103298107071313,6.1264561134318045,0.023158006360491257,4
5362,6.002298777559446,6.1264561134318045,0.12415733587235867,8
5363,5.98532318010181,6.1264561134318045,0.14113293332999444,2
5364,6.196740691886909,5.0,-1.1967406918869088,5
5365,6.1898766276899115,5.0,-1.1898766276899115,3
5366,6.165606111007516,5.0,-1.1656061110075164,9
5367,6.1655990350600325,5.0,-1.1655990350600325,8
5368,6.089927608727995,5.0,-1.0899276087279954,7
5369,6.1656951830481574,5.0,-1.1656951830481574,6
5370,6.050052031767557,5.0,-1.0500520317675566,2
5371,5.842149025260956,5.0,-0.842149025260956,10
5372,6.083586919878341,5.0,-1.083586919878341,1
5373,4.227651618740593,4.02816441942447,-0.19948719931612313,7
5374,4.227908819849871,4.02816441942447,-0.1997444004254012,10
5375,4.228534684938183,4.02816441942447,-0.20037026551371362,1
5376,4.228234228219909,4.02816441942447,-0.20006980879543956,6
5377,4.228600614153048,4.02816441942447,-0.200436194728578,9
5378,4.22841900045853,4.02816441942447,-0.20025458103406013,8
5379,4.228186624145421,4.02816441942447,-0.200022204720951,5
5380,4.228321474889659,4.02816441942447,-0.2001570554651897,2
5381,4.228218990123402,4.02816441942447,-0.2000545706989323,3
5382,6.672880833805459,7.079181246047625,0.4063004122421665,10
5383,6.6726859941758025,7.079181246047625,0.40649525187182256,9
5384,6.594948094051438,7.079181246047625,0.4842331519961869,1
5385,6.693959325830884,7.079181246047625,0.3852219202167415,3
5386,6.673020463572654,7.079181246047625,0.4061607824749709,2
5387,6.673072637775509,7.079181246047625,0.4061086082721159,7
5388,6.672757582550508,7.079181246047625,0.406423663497117,8
5389,6.67324035921876,7.079181246047625,0.40594088682886476,5
5390,6.7145768181951,7.079181246047625,0.3646044278525249,6
5391,6.218424731366905,6.018650576891155,-0.1997741544757501,3
5392,6.218860335126378,6.018650576891155,-0.20020975823522225,4
5393,6.218411350289492,6.018650576891155,-0.19976077339833687,7
5394,6.056711944752714,6.018650576891155,-0.03806136786155889,8
5395,6.218758821164595,6.018650576891155,-0.20010824427343987,6
5396,6.2186721790117945,6.018650576891155,-0.20002160212063913,10
5397,6.212993737544529,6.018650576891155,-0.1943431606533741,1
5398,6.159429640425731,6.018650576891155,-0.14077906353457603,5
5399,6.2187200158003595,6.018650576891155,-0.20006943890920414,9
5400,6.1656951830481574,7.049218022670182,0.8835228396220245,6
5401,6.083586919878341,7.049218022670182,0.965631102791841,1
5402,6.196740691886909,7.049218022670182,0.8524773307832731,5
5403,6.121234785497192,7.049218022670182,0.9279832371729899,4
5404,6.050052031767557,7.049218022670182,0.9991659909026254,2
5405,6.089927608727995,7.049218022670182,0.9592904139421865,7
5406,6.165606111007516,7.049218022670182,0.8836119116626655,9
5407,6.1898766276899115,7.049218022670182,0.8593413949802704,3
5408,6.1655990350600325,7.049218022670182,0.8836189876101495,8
5409,5.920781114931909,6.556302500767287,0.6355213858353777,7
5410,6.042841081519656,6.556302500767287,0.5134614192476308,8
5411,5.927825019880615,6.556302500767287,0.628477480886672,3
5412,5.920560498006942,6.556302500767287,0.6357420027603444,2
5413,5.920374575245965,6.556302500767287,0.6359279255213215,4
5414,5.920605514512466,6.556302500767287,0.6356969862548212,9
5415,5.920510444309436,6.556302500767287,0.6357920564578512,5
5416,5.8413417606598115,6.556302500767287,0.7149607401074753,10
5417,5.8877358495733985,6.556302500767287,0.6685666511938884,6
5418,6.6166598290155925,7.176091259055681,0.5594314300400889,1
5419,6.900833612819922,7.176091259055681,0.275257646235759,9
5420,6.676023230281263,7.176091259055681,0.5000680287744181,3
5421,6.549413324740429,7.176091259055681,0.6266779343152526,10
5422,6.576255929722272,7.176091259055681,0.5998353293334091,8
5423,6.6157097563350735,7.176091259055681,0.5603815027206078,5
5424,6.646269240733305,7.176091259055681,0.5298220183223767,7
5425,6.609491961681126,7.176091259055681,0.5665992973745553,6
5426,6.564529108951481,7.176091259055681,0.6115621501042003,2
5427,5.81532300322967,5.615539749308947,-0.19978325392072271,2
5428,5.815828897256446,5.615539749308947,-0.2002891479474984,8
5429,5.790610593551797,5.615539749308947,-0.1750708442428497,1
5430,5.711720291027871,5.615539749308947,-0.09618054171892343,10
5431,5.815867089999612,5.615539749308947,-0.2003273406906647,7
5432,5.758494956603274,5.615539749308947,-0.14295520729432631,4
5433,5.705666334600423,5.615539749308947,-0.09012658529147544,3
5434,5.698228971172346,5.615539749308947,-0.082689221863399,9
5435,5.815748872380674,5.615539749308947,-0.20020912307172622,5
5436,6.817766477433014,7.017450729510536,0.19968425207752194,4
5437,6.817383551292371,7.017450729510536,0.20006717821816444,2
5438,6.817245963190996,7.017450729510536,0.20020476631953965,5
5439,6.817576073402906,7.017450729510536,0.1998746561076299,10
5440,6.817451316142032,7.017450729510536,0.1999994133685039,8
5441,6.817603339616587,7.017450729510536,0.19984738989394835,1
5442,6.817522008089505,7.017450729510536,0.19992872142103035,3
5443,6.817591020357103,7.017450729510536,0.19985970915343287,9
5444,6.817714476059249,7.017450729510536,0.19973625345128632,6
5445,5.33799594487183,3.838849090737255,-1.4991468541345747,3
5446,5.306736165178099,3.838849090737255,-1.4678870744408434,7
5447,5.344305188015088,3.838849090737255,-1.505456097277833,4
5448,4.783920751391182,3.838849090737255,-0.9450716606539271,1
5449,5.359774582550594,3.838849090737255,-1.520925491813339,10
5450,5.349334172672377,3.838849090737255,-1.5104850819351214,6
5451,5.549407836258142,3.838849090737255,-1.710558745520887,2
5452,5.390933335551744,3.838849090737255,-1.552084244814489,9
5453,4.616680721729349,3.838849090737255,-0.7778316309920936,8
5454,5.837288882723258,6.278753600952829,0.4414647182295708,9
5455,6.078631626168947,6.278753600952829,0.20012197478388227,3
5456,6.291353998891174,6.278753600952829,-0.012600397938345331,1
5457,5.911492998739585,6.278753600952829,0.36726060221324364,4
5458,6.078728381686861,6.278753600952829,0.20002521926596817,7
5459,6.0788995028111215,6.278753600952829,0.1998540981417074,10
5460,6.07846793005974,6.278753600952829,0.20028567089308869,5
5461,6.078674046275202,6.278753600952829,0.20007955467762706,6
5462,6.07899353273836,6.278753600952829,0.19976006821446912,2
5463,6.457083074012414,7.079181246047625,0.6220981720352112,1
5464,6.456784191736808,7.079181246047625,0.6223970543108175,10
5465,6.661424139821962,7.079181246047625,0.41775710622566287,9
5466,6.61486501898024,7.079181246047625,0.4643162270673855,3
5467,6.661354107787805,7.079181246047625,0.41782713825982043,8
5468,6.453685258128652,7.079181246047625,0.6254959879189732,4
5469,6.6611804607524885,7.079181246047625,0.4180007852951366,5
5470,6.6612758246811214,7.079181246047625,0.41790542136650366,6
5471,6.661372164613866,7.079181246047625,0.4178090814337594,7
5472,5.381443458584678,5.181843587944773,-0.19959987063990514,3
5473,5.240904785949437,5.181843587944773,-0.05906119800466403,10
5474,5.348834762558384,5.181843587944773,-0.16699117461361102,7
5475,5.373800722635629,5.181843587944773,-0.19195713469085618,4
5476,5.381901882279382,5.181843587944773,-0.20005829433460942,6
5477,5.314532466116757,5.181843587944773,-0.13268887817198394,1
5478,5.352777410000875,5.181843587944773,-0.17093382205610208,8
5479,5.382053240623676,5.181843587944773,-0.200209652678903,2
5480,5.36818586742216,5.181843587944773,-0.18634227947738768,5
5481,4.981825562210489,5.181843587944773,0.20001802573428407,10
5482,5.382100747127918,5.181843587944773,-0.20025715918314546,9
5483,5.381620480994379,5.181843587944773,-0.19977689304960666,8
5484,5.38145617012344,5.181843587944773,-0.19961258217866718,7
5485,5.381956920980858,5.181843587944773,-0.2001133330360858,5
5486,5.381589240977918,5.181843587944773,-0.19974565303314495,1
5487,5.381608353521603,5.181843587944773,-0.19976476557683043,3
5488,5.382132867689692,5.181843587944773,-0.2002892797449194,2
5489,5.382225828358888,5.181843587944773,-0.20038224041411556,4
5490,4.540521358212798,4.340444114840119,-0.20007724337267874,7
5491,4.540461343829993,4.340444114840119,-0.20001722898987317,8
5492,4.5400496637485,4.340444114840119,-0.199605548908381,1
5493,4.5402631879966355,4.340444114840119,-0.19981907315651615,3
5494,4.540450847523744,4.340444114840119,-0.200006732683625,9
5495,4.540289833167869,4.340444114840119,-0.19984571832775,10
5496,4.540315537998922,4.340444114840119,-0.19987142315880302,4
5497,4.540670063819703,4.340444114840119,-0.20022594897958346,5
5498,4.540295193659003,4.340444114840119,-0.19985107881888364,6
5499,3.603099036011732,3.403120521175818,-0.1999785148359141,8
5500,3.603392265949759,3.403120521175818,-0.20027174477394105,6
5501,3.6035502489842015,3.403120521175818,-0.20042972780838353,9
5502,3.603173925544435,3.403120521175818,-0.20005340436861685,4
5503,3.603160847020062,3.403120521175818,-0.20004032584424403,3
5504,3.60308803430215,3.403120521175818,-0.1999675131263321,1
5505,3.603584025035037,3.403120521175818,-0.20046350385921885,5
5506,3.6031262208404966,3.403120521175818,-0.20000569966467863,10
5507,3.602739449842432,3.403120521175818,-0.1996189286666139,7
5508,5.191230242741305,4.991226075692495,-0.2000041670488102,9
5509,5.191051622094246,4.991226075692495,-0.1998255464017511,2
5510,5.191319109373674,4.991226075692495,-0.2000930336811786,8
5511,5.191234472924619,4.991226075692495,-0.20000839723212405,3
5512,5.1913820500312875,4.991226075692495,-0.2001559743387924,6
5513,5.191551295778095,4.991226075692495,-0.20032522008559983,4
5514,5.1911027019922455,4.991226075692495,-0.19987662629975045,1
5515,5.19145661888657,4.991226075692495,-0.20023054319407496,5
5516,5.191309630356708,4.991226075692495,-0.20008355466421257,7
5517,6.1421302480409725,6.342422680822207,0.2002924327812341,3
5518,6.142399466770062,6.342422680822207,0.20002321405214474,5
5519,6.142630339398159,6.342422680822207,0.19979234142404767,10
5520,6.142644139086606,6.342422680822207,0.1997785417356006,8
5521,6.142335092021683,6.342422680822207,0.2000875888005238,7
5522,6.1421910440178085,6.342422680822207,0.20023163680439815,1
5523,6.142453062001378,6.342422680822207,0.19996961882082864,6
5524,6.14239724414421,6.342422680822207,0.200025436677997,9
5525,6.142689107502456,6.342422680822207,0.19973357331975095,2
5526,5.647190591386416,5.447158031342219,-0.200032560044197,4
5527,5.6472390153155425,5.447158031342219,-0.20008098397332308,1
5528,5.647122789464357,5.447158031342219,-0.199964758122138,6
5529,5.6474789808552,5.447158031342219,-0.20032094951298074,7
5530,5.647190258884937,5.447158031342219,-0.20003222754271732,2
5531,5.647116787829816,5.447158031342219,-0.19995875648759665,9
5532,5.6473965919552915,5.447158031342219,-0.2002385606130721,8
5533,5.647187676234748,5.447158031342219,-0.2000296448925285,5
5534,5.647538382812346,5.447158031342219,-0.20038035147012678,10
5535,6.541302522275478,6.741151598851785,0.19984907657630746,10
5536,6.541345617292757,6.741151598851785,0.1998059815590283,9
5537,6.540964024484076,6.741151598851785,0.2001875743677095,6
5538,6.5414804954415455,6.741151598851785,0.19967110341023986,3
5539,6.541188529183305,6.741151598851785,0.1999630696684802,5
5540,6.541663695275597,6.741151598851785,0.1994879035761885,1
5541,6.541428920446828,6.741151598851785,0.1997226784049575,2
5542,6.540916040744618,6.741151598851785,0.20023555810716775,7
5543,6.5413896516482,6.741151598851785,0.19976194720358542,8
5544,6.076191816205446,6.350248018334163,0.2740562021287172,8
5545,6.005560408852122,6.350248018334163,0.34468760948204125,1
5546,6.150291584075106,6.350248018334163,0.1999564342590574,5
5547,6.037047444678047,6.350248018334163,0.31320057365611653,2
5548,6.001378600609603,6.350248018334163,0.34886941772456037,4
5549,6.150412539489295,6.350248018334163,0.19983547884486796,10
5550,6.101325613907102,6.350248018334163,0.24892240442706104,6
5551,6.069100108627741,6.350248018334163,0.281147909706422,3
5552,5.894016238104833,6.350248018334163,0.45623178022932986,9
5553,6.561593545550209,6.361727836017593,-0.19986570953261573,3
5554,6.638792573150171,6.361727836017593,-0.2770647371325783,1
5555,6.561663505965365,6.361727836017593,-0.1999356699477719,4
5556,6.638980597017427,6.361727836017593,-0.27725276099983365,6
5557,6.6389541242481735,6.361727836017593,-0.2772262882305805,7
5558,6.6385662735599675,6.361727836017593,-0.27683843754237447,9
5559,6.561478095087325,6.361727836017593,-0.19975025906973176,8
5560,6.636166983457167,6.361727836017593,-0.27443914743957354,5
5561,6.6389797935995,6.361727836017593,-0.2772519575819068,10
5562,5.276448034019616,4.176091259055681,-1.1003567749639345,9
5563,5.2719231137423925,4.176091259055681,-1.0958318546867112,3
5564,5.058352648656762,4.176091259055681,-0.8822613896010809,2
5565,5.292160520232815,4.176091259055681,-1.1160692611771337,1
5566,5.1912578911947405,4.176091259055681,-1.015166632139059,5
5567,5.3694744159918875,4.176091259055681,-1.1933831569362061,6
5568,5.482524340250889,4.176091259055681,-1.306433081195208,7
5569,5.295593328971799,4.176091259055681,-1.119502069916118,8
5570,5.349783765412033,4.176091259055681,-1.1736925063563515,10
5571,5.3075962414653635,5.507855871695831,0.20025963023046778,6
5572,5.308197576681857,5.507855871695831,0.19965829501397447,9
5573,5.307723885424335,5.507855871695831,0.2001319862714963,5
5574,5.308253032457826,5.507855871695831,0.19960283923800493,4
5575,5.30785436638302,5.507855871695831,0.20000150531281147,8
5576,5.307731495142606,5.507855871695831,0.20012437655322568,3
5577,5.307754144520129,5.507855871695831,0.20010172717570196,7
5578,5.30787914589256,5.507855871695831,0.1999767258032712,1
5579,5.307839364508935,5.507855871695831,0.20001650718689667,10
5580,6.532426163915924,6.732393759822968,0.1999675959070446,10
5581,6.532626907110933,6.732393759822968,0.19976685271203554,5
5582,6.532329238133544,6.732393759822968,0.20006452168942435,3
5583,6.532386911358557,6.732393759822968,0.20000684846441086,1
5584,6.532436930398047,6.732393759822968,0.199956829424921,8
5585,6.532560372844851,6.732393759822968,0.19983338697811703,4
5586,6.532353850448163,6.732393759822968,0.2000399093748051,9
5587,6.53222081501089,6.732393759822968,0.2001729448120786,7
5588,6.532085091618702,6.732393759822968,0.20030866820426585,6
5589,6.1655990350600325,4.130333768495007,-2.035265266565025,8
5590,5.842149025260956,4.130333768495007,-1.7118152567659486,10
5591,6.165606111007516,4.130333768495007,-2.035272342512509,9
5592,6.089927608727995,4.130333768495007,-1.959593840232988,7
5593,6.196740691886909,4.130333768495007,-2.0664069233919014,5
5594,6.1656951830481574,4.130333768495007,-2.03536141455315,6
5595,6.050052031767557,4.130333768495007,-1.9197182632725491,2
5596,6.083586919878341,4.130333768495007,-1.9532531513833336,1
5597,6.121234785497192,4.130333768495007,-1.9909010170021846,4
5598,6.18100613278646,6.290034611362518,0.10902847857605824,10
5599,6.089877219228617,6.290034611362518,0.20015739213390127,8
5600,6.174388640515648,6.290034611362518,0.11564597084687023,3
5601,6.089913510023668,6.290034611362518,0.20012110133885042,4
5602,6.241295709162172,6.290034611362518,0.0487389022003466,7
5603,6.090371484269896,6.290034611362518,0.1996631270926219,9
5604,6.116825336242879,6.290034611362518,0.17320927511963902,6
5605,6.1233788313282345,6.290034611362518,0.16665578003428383,2
5606,6.132427085170118,6.290034611362518,0.15760752619240037,1
5607,6.003973938057614,6.204119982655925,0.20014604459831098,4
5608,6.003983052021458,6.204119982655925,0.20013693063446691,10
5609,6.003744449780696,6.204119982655925,0.20037553287522858,8
5610,6.004303547029645,6.204119982655925,0.19981643562628015,6
5611,6.004138094406088,6.204119982655925,0.19998188824983743,3
5612,6.004171686950169,6.204119982655925,0.1999482957057559,5
5613,6.004004227834836,6.204119982655925,0.20011575482108945,2
5614,6.004498929383838,6.204119982655925,0.1996210532720868,7
5615,6.003711208902742,6.204119982655925,0.20040877375318278,1
5616,6.412828549506897,6.954242509439325,0.5414139599324281,7
5617,6.291279721868984,6.954242509439325,0.6629627875703408,8
5618,6.412711400031765,6.954242509439325,0.5415311094075603,1
5619,6.413046459480915,6.954242509439325,0.5411960499584101,3
5620,6.4128884794010155,6.954242509439325,0.5413540300383097,4
5621,6.412753488424926,6.954242509439325,0.5414890210143994,6
5622,6.448393225575994,6.954242509439325,0.5058492838633315,2
5623,6.691046891080198,6.954242509439325,0.2631956183591271,9
5624,6.412593833748937,6.954242509439325,0.5416486756903884,10
5625,6.3661504137237985,7.079181246047625,0.7130308323238266,9
5626,6.2296480938272145,7.079181246047625,0.8495331522204106,6
5627,6.229589891637431,7.079181246047625,0.8495913544101938,2
5628,6.305546660373779,7.079181246047625,0.7736345856738458,10
5629,6.879041306182938,7.079181246047625,0.20013993986468748,7
5630,6.175340986981447,7.079181246047625,0.903840259066178,5
5631,6.241190046728229,7.079181246047625,0.8379911993193963,1
5632,6.208567540467301,7.079181246047625,0.8706137055803245,4
5633,6.163973348468957,7.079181246047625,0.9152078975786679,3
5634,6.498708170045852,6.698970004336019,0.20026183429016697,1
5635,6.562402794421056,6.698970004336019,0.13656720991496307,7
5636,6.499195663803157,6.698970004336019,0.19977434053286203,4
5637,6.498822667259121,6.698970004336019,0.20014733707689736,6
5638,6.518059941556203,6.698970004336019,0.18091006277981592,2
5639,6.498602326209594,6.698970004336019,0.2003676781264243,5
5640,6.4989159879193235,6.698970004336019,0.2000540164166953,8
5641,6.49892976955782,6.698970004336019,0.2000402347781991,10
5642,6.41901020005082,6.698970004336019,0.2799598042851992,9
5643,6.385774766907696,6.4623979978989565,0.07662323099126045,1
5644,6.383571074675983,6.4623979978989565,0.07882692322297391,6
5645,6.36042129368761,6.4623979978989565,0.10197670421134664,5
5646,6.383169676787441,6.4623979978989565,0.07922832111151568,7
5647,6.352489987394225,6.4623979978989565,0.1099080105047312,4
5648,6.411107312785947,6.4623979978989565,0.051290685113009715,8
5649,6.3473732114547605,6.4623979978989565,0.115024786444196,3
5650,6.262198171055266,6.4623979978989565,0.20019982684369086,10
5651,6.299567072567383,6.4623979978989565,0.16283092533157362,2
5652,6.679868385784292,6.698970004336019,0.019101618551726318,8
5653,6.555495590715893,6.698970004336019,0.14347441362012603,9
5654,6.654045544309846,6.698970004336019,0.044924460026172675,4
5655,6.628739688016575,6.698970004336019,0.07023031631944399,7
5656,6.653362799505191,6.698970004336019,0.045607204830827364,3
5657,6.576561202172108,6.698970004336019,0.12240880216391048,10
5658,6.630023119115364,6.698970004336019,0.06894688522065451,2
5659,6.59696789116372,6.698970004336019,0.10200211317229879,6
5660,6.670790669922013,6.698970004336019,0.028179334414005552,5
5661,5.887013839041244,6.334453751150931,0.4474399121096866,6
5662,5.629352847531923,6.334453751150931,0.7051009036190079,8
5663,5.595155834138981,6.334453751150931,0.7392979170119496,7
5664,5.8935677768806105,6.334453751150931,0.44088597427032017,5
5665,5.648207425244162,6.334453751150931,0.6862463259067688,10
5666,5.65975456934062,6.334453751150931,0.6746991818103103,4
5667,5.634180405802777,6.334453751150931,0.7002733453481538,1
5668,5.651467596072337,6.334453751150931,0.6829861550785941,9
5669,5.660713003914792,6.334453751150931,0.6737407472361383,2
5670,5.244942350366906,5.045322978786658,-0.19961937158024856,7
5671,5.245390526428606,5.045322978786658,-0.20006754764194845,8
5672,5.245408197115363,5.045322978786658,-0.20008521832870585,2
5673,5.244982159898953,5.045322978786658,-0.19965918111229541,9
5674,5.244844109177949,5.045322978786658,-0.19952113039129138,1
5675,5.2449030814713185,5.045322978786658,-0.19958010268466087,3
5676,5.244930459068601,5.045322978786658,-0.19960748028194342,6
5677,5.245266050419888,5.045322978786658,-0.19994307163323022,10
5678,5.245545015619282,5.045322978786658,-0.20022203683262418,4
5679,6.344278911757512,6.544068044350276,0.19978913259276343,3
5680,6.344157574983152,6.544068044350276,0.19991046936712387,10
5681,6.344208578730468,6.544068044350276,0.1998594656198076,4
5682,6.34410615581589,6.544068044350276,0.19996188853438568,7
5683,6.344164446270886,6.544068044350276,0.1999035980793895,8
5684,6.344440494376672,6.544068044350276,0.199627549973604,2
5685,6.343821237557737,6.544068044350276,0.20024680679253848,6
5686,6.344312793840591,6.544068044350276,0.19975525050968468,5
5687,6.343917728015997,6.544068044350276,0.2001503163342786,9
5688,6.1892868304723825,6.6020599913279625,0.41277316085558,7
5689,6.401995687571017,6.6020599913279625,0.20006430375694517,2
5690,6.1588044138277125,6.6020599913279625,0.44325557750025,8
5691,6.158929569334661,6.6020599913279625,0.44313042199330166,4
5692,6.1588285475592714,6.6020599913279625,0.44323144376869106,3
5693,6.158912817053958,6.6020599913279625,0.44314717427400474,6
5694,6.1591424937651915,6.6020599913279625,0.442917497562771,1
5695,6.159177960405354,6.6020599913279625,0.44288203092260847,5
5696,6.159471117876485,6.6020599913279625,0.4425888734514771,10
5697,7.389912679615394,7.589949601325708,0.20003692171031418,7
5698,7.390001084502356,7.589949601325708,0.19994851682335213,3
5699,7.389631201940045,7.589949601325708,0.20031839938566343,1
5700,7.390191172034271,7.589949601325708,0.19975842929143717,5
5701,7.389881514386509,7.589949601325708,0.20006808693919886,10
5702,7.389727677175219,7.589949601325708,0.20022192415048945,6
5703,7.390178541864052,7.589949601325708,0.1997710594616562,9
5704,7.38968909528763,7.589949601325708,0.2002605060380782,2
5705,7.3896894749190505,7.589949601325708,0.2002601264066577,4
5706,6.672880833805459,6.942504106168081,0.2696232723626224,10
5707,6.673020463572654,6.942504106168081,0.2694836425954268,2
5708,6.6726859941758025,6.942504106168081,0.26981811199227845,9
5709,6.673072637775509,6.942504106168081,0.2694314683925718,7
5710,6.673110870686382,6.942504106168081,0.269393235481699,4
5711,6.672757582550508,6.942504106168081,0.2697465236175729,8
5712,6.7145768181951,6.942504106168081,0.22792728797298079,6
5713,6.67324035921876,6.942504106168081,0.26926374694932065,5
5714,6.693959325830884,6.942504106168081,0.2485447803371974,3
5715,6.218424731366905,6.43569150818434,0.21726677681743478,3
5716,6.159429640425731,6.43569150818434,0.27626186775860884,5
5717,6.218758821164595,6.43569150818434,0.216932687019745,6
5718,6.2187200158003595,6.43569150818434,0.21697149238398072,9
5719,6.218411350289492,6.43569150818434,0.217280157894848,7
5720,6.218860335126378,6.43569150818434,0.21683117305796262,4
5721,6.212993737544529,6.43569150818434,0.22269777063981078,1
5722,6.2186721790117945,6.43569150818434,0.21701932917254574,10
5723,6.235473942180341,6.43569150818434,0.20021756600399954,2
5724,6.1898766276899115,7.079181246047625,0.8893046183577136,3
5725,6.1655990350600325,7.079181246047625,0.9135822109875926,8
5726,6.050052031767557,7.079181246047625,1.0291292142800685,2
5727,5.842149025260956,7.079181246047625,1.237032220786669,10
5728,6.1656951830481574,7.079181246047625,0.9134860629994677,6
5729,6.083586919878341,7.079181246047625,0.9955943261692841,1
5730,6.089927608727995,7.079181246047625,0.9892536373196297,7
5731,6.196740691886909,7.079181246047625,0.8824405541607163,5
5732,6.165606111007516,7.079181246047625,0.9135751350401087,9
5733,6.638677864369298,6.838723190031372,0.20004532566207356,2
5734,6.561478095087325,6.838723190031372,0.27724509494404703,8
5735,6.561663505965365,6.838723190031372,0.2770596840660069,4
5736,6.6389541242481735,6.838723190031372,0.1997690657831983,7
5737,6.6385662735599675,6.838723190031372,0.20015691647140432,9
5738,6.638792573150171,6.838723190031372,0.1999306168812005,1
5739,6.6389797935995,6.838723190031372,0.199743396431872,10
5740,6.636166983457167,6.838723190031372,0.20255620657420526,5
5741,6.638980597017427,6.838723190031372,0.19974259301394515,6
5742,6.083586919878341,6.365487984890899,0.2819010650125584,1
5743,6.050052031767557,6.365487984890899,0.3154359531233428,2
5744,6.1655990350600325,6.365487984890899,0.1998889498308669,8
5745,6.121234785497192,6.365487984890899,0.24425319939370738,4
5746,6.165606111007516,6.365487984890899,0.19988187388338297,9
5747,6.1656951830481574,6.365487984890899,0.19979280184274195,6
5748,5.842149025260956,6.365487984890899,0.5233389596299434,10
5749,6.1898766276899115,6.365487984890899,0.17561135720098786,3
5750,6.089927608727995,6.365487984890899,0.27556037616290396,7
5751,6.1655990350600325,4.880813592280791,-1.2847854427792411,8
5752,6.1656951830481574,4.880813592280791,-1.284881590767366,6
5753,6.050052031767557,4.880813592280791,-1.1692384394867652,2
5754,5.842149025260956,4.880813592280791,-0.9613354329801647,10
5755,6.196740691886909,4.880813592280791,-1.3159270996061174,5
5756,6.083586919878341,4.880813592280791,-1.2027733275975496,1
5757,6.1898766276899115,4.880813592280791,-1.3090630354091202,3
5758,6.089927608727995,4.880813592280791,-1.209114016447204,7
5759,6.121234785497192,4.880813592280791,-1.2404211932164007,4
5760,6.242024219462907,4.752355804153501,-1.4896684153094064,4
5761,6.21190242007606,4.752355804153501,-1.4595466159225596,1
5762,6.314007753148857,4.752355804153501,-1.5616519489953564,5
5763,6.215254913958511,4.752355804153501,-1.4628991098050106,10
5764,6.282569808949404,4.752355804153501,-1.5302140047959032,3
5765,6.13919650498494,4.752355804153501,-1.3868407008314394,2
5766,6.16327154022958,4.752355804153501,-1.4109157360760793,6
5767,6.283733247563281,4.752355804153501,-1.53137744340978,8
5768,6.203428822757105,4.752355804153501,-1.451073018603604,7
5769,6.086979465072119,6.823545953567112,0.7365664884949927,5
5770,5.797658243260628,6.823545953567112,1.0258877103064838,3
5771,5.758233113306003,6.823545953567112,1.0653128402611083,6
5772,5.673665412268527,6.823545953567112,1.149880541298585,1
5773,5.447162112654253,6.823545953567112,1.376383840912859,10
5774,5.692846220317629,6.823545953567112,1.1306997332494824,4
5775,5.8139940261081255,6.823545953567112,1.0095519274589861,8
5776,5.7157869863430895,6.823545953567112,1.1077589672240222,7
5777,5.61043054230891,6.823545953567112,1.2131154112582019,2
5778,6.042841081519656,6.12057393120585,0.07773284968619354,8
5779,5.927825019880615,6.12057393120585,0.19274891132523475,3
5780,5.920374575245965,6.12057393120585,0.20019935595988425,4
5781,5.920510444309436,6.12057393120585,0.20006348689641396,5
5782,5.8716422841507265,6.12057393120585,0.24893164705512305,1
5783,5.920560498006942,6.12057393120585,0.2000134331989072,2
5784,5.920781114931909,6.12057393120585,0.1997928162739404,7
5785,5.8877358495733985,6.12057393120585,0.23283808163245112,6
5786,5.920605514512466,6.12057393120585,0.19996841669338394,9
5787,5.0746235952486645,6.0,0.9253764047513355,10
5788,5.097503592460073,6.0,0.9024964075399273,4
5789,5.326457594164826,6.0,0.6735424058351738,5
5790,5.2905120480376775,6.0,0.7094879519623225,3
5791,5.131338561090035,6.0,0.8686614389099647,9
5792,5.058208636543214,6.0,0.9417913634567858,7
5793,5.024437533051728,6.0,0.9755624669482721,8
5794,5.8000076119403206,6.0,0.19999238805967945,1
5795,4.968818416940742,6.0,1.031181583059258,6
5796,6.226032979918866,6.119317224092021,-0.106715755826845,8
5797,6.199075763112394,6.119317224092021,-0.07975853902037322,2
5798,6.20776323541557,6.119317224092021,-0.08844601132354857,5
5799,6.198666942399812,6.119317224092021,-0.0793497183077907,3
5800,6.226761720796129,6.119317224092021,-0.10744449670410816,9
5801,6.319426472023792,6.119317224092021,-0.20010924793177054,4
5802,6.1986714362277,6.119317224092021,-0.07935421213567917,10
5803,6.198823286970374,6.119317224092021,-0.0795060628783526,1
5804,6.084445551020233,6.119317224092021,0.0348716730717884,7
5805,6.248363685882786,5.903089986991944,-0.3452736988908418,3
5806,5.705797416912975,5.903089986991944,0.19729257007896894,4
5807,6.103287956507672,5.903089986991944,-0.20019796951572832,1
5808,6.103095187720886,5.903089986991944,-0.2000052007289419,5
5809,6.103317167633579,5.903089986991944,-0.20022718064163492,8
5810,6.103265938811597,5.903089986991944,-0.2001759518196531,7
5811,6.102684446665272,5.903089986991944,-0.19959445967332812,10
5812,6.103161094103396,5.903089986991944,-0.20007110711145248,6
5813,6.103301763429164,5.903089986991944,-0.20021177643722066,2
5814,6.492590760636835,6.69284691927723,0.2002561586403946,1
5815,6.492468362880786,6.69284691927723,0.2003785563964433,4
5816,6.49293184655688,6.69284691927723,0.19991507272034958,7
5817,6.493067389910029,6.69284691927723,0.19977952936720111,2
5818,6.492865728615707,6.69284691927723,0.1999811906615223,9
5819,6.492763550728629,6.69284691927723,0.20008336854860076,8
5820,6.492981976117959,6.69284691927723,0.1998649431592705,6
5821,6.492814710336869,6.69284691927723,0.20003220894036033,3
5822,6.492990949956723,6.69284691927723,0.19985596932050687,5
5823,6.817714476059249,6.672097857935717,-0.14561661812353233,6
5824,6.817383551292371,6.672097857935717,-0.1452856933566542,2
5825,6.817603339616587,6.672097857935717,-0.1455054816808703,1
5826,6.817766477433014,6.672097857935717,-0.1456686194972967,4
5827,6.817245963190996,6.672097857935717,-0.145148105255279,5
5828,6.817522008089505,6.672097857935717,-0.1454241501537883,3
5829,6.643926221365257,6.672097857935717,0.028171636570459846,7
5830,6.817451316142032,6.672097857935717,-0.14535345820631473,8
5831,6.817591020357103,6.672097857935717,-0.14549316242138577,9
5832,5.987470217069859,6.980911937776844,0.9934417207069846,2
5833,5.971228241776473,6.980911937776844,1.009683696000371,7
5834,6.157489413993866,6.980911937776844,0.8234225237829778,6
5835,5.898536534663889,6.980911937776844,1.0823754031129544,8
5836,6.070303204566174,6.980911937776844,0.9106087332106698,4
5837,6.179054295041461,6.980911937776844,0.8018576427353823,5
5838,5.90188798997126,6.980911937776844,1.0790239478055836,3
5839,5.93048277418419,6.980911937776844,1.0504291635926535,1
5840,6.099560858072082,6.980911937776844,0.8813510797047615,10
5841,6.196513513926228,7.1003705451175625,0.9038570311913343,4
5842,6.201939615559668,7.1003705451175625,0.898430929557894,2
5843,6.137769873530965,7.1003705451175625,0.9626006715865971,6
5844,6.322968723853778,7.1003705451175625,0.7774018212637843,9
5845,6.208865517138793,7.1003705451175625,0.8915050279787691,3
5846,6.101114155826329,7.1003705451175625,0.9992563892912338,7
5847,6.1776958437939165,7.1003705451175625,0.922674701323646,8
5848,6.1997222757336115,7.1003705451175625,0.900648269383951,1
5849,6.145251733618146,7.1003705451175625,0.9551188114994167,10
5850,6.976442015283549,7.176091259055681,0.19964924377213222,2
5851,6.975741342088261,7.176091259055681,0.20034991696742033,5
5852,6.97610530648837,7.176091259055681,0.1999859525673111,8
5853,6.9760262101133,7.176091259055681,0.2000650489423812,10
5854,6.975708852263468,7.176091259055681,0.20038240679221353,9
5855,6.97651580539712,7.176091259055681,0.19957545365856166,1
5856,6.976340581453858,7.176091259055681,0.1997506776018234,3
5857,6.975948055351126,7.176091259055681,0.20014320370455518,7
5858,6.976285051982102,7.176091259055681,0.19980620707357932,6
5859,5.438712278783482,6.612783856719736,1.174071577936254,9
5860,5.439641728930418,6.612783856719736,1.1731421277893181,2
5861,5.86599806523892,6.612783856719736,0.746785791480816,6
5862,5.439755565061159,6.612783856719736,1.1730282916585777,4
5863,5.439174858228437,6.612783856719736,1.1736089984912992,5
5864,5.646133466812451,6.612783856719736,0.9666503899072856,7
5865,5.439708791947098,6.612783856719736,1.1730750647726387,3
5866,5.270611640134027,6.612783856719736,1.342172216585709,10
5867,5.4392854023059325,6.612783856719736,1.1734984544138038,8
5868,5.670904326546631,6.886490725172482,1.2155863986258515,10
5869,5.884562866109494,6.886490725172482,1.001927859062988,1
5870,6.332981586209585,6.886490725172482,0.5535091389628972,4
5871,5.949353645844741,6.886490725172482,0.9371370793277416,5
5872,5.852345057477111,6.886490725172482,1.0341456676953715,8
5873,5.875685141350664,6.886490725172482,1.010805583821818,9
5874,5.868060208782642,6.886490725172482,1.0184305163898406,6
5875,5.856035499623856,6.886490725172482,1.030455225548626,3
5876,5.74164111656715,6.886490725172482,1.1448496086053321,2
5877,3.6727024743124597,3.4727564493172123,-0.19994602499524738,2
5878,3.272696928405533,3.4727564493172123,0.2000595209116791,3
5879,3.2724240692481805,3.4727564493172123,0.20033238006903176,9
5880,3.272397927788513,3.4727564493172123,0.20035852152869937,6
5881,3.272674918918808,3.4727564493172123,0.20008153039840426,1
5882,3.2727099366433086,3.4727564493172123,0.20004651267390372,10
5883,3.272764826079032,3.4727564493172123,0.19999162323818043,4
5884,3.2728501617818204,3.4727564493172123,0.19990628753539186,7
5885,3.2723236053863047,3.4727564493172123,0.20043284393090754,5
5886,6.674535563777532,6.812913356642856,0.1383777928653238,7
5887,6.799716161667129,6.812913356642856,0.013197194975727022,5
5888,6.674398955931554,6.812913356642856,0.13851440071130128,6
5889,6.698250301505543,6.812913356642856,0.11466305513731267,4
5890,6.613033696841729,6.812913356642856,0.19987965980112676,8
5891,6.799835901836386,6.812913356642856,0.013077454806469824,2
5892,6.7151969670035365,6.812913356642856,0.09771638963931917,1
5893,6.7950146426999884,6.812913356642856,0.01789871394286724,10
5894,6.799837862119654,6.812913356642856,0.01307549452320167,9
5895,6.799837862119654,7.0,0.20016213788034598,9
5896,6.7950146426999884,7.0,0.20498535730001155,10
5897,6.674535563777532,7.0,0.3254644362224681,7
5898,6.674398955931554,7.0,0.3256010440684456,6
5899,6.698250301505543,7.0,0.301749698494457,4
5900,6.7151969670035365,7.0,0.2848030329964635,1
5901,6.799716161667129,7.0,0.20028383833287133,5
5902,6.799858894396762,7.0,0.2001411056032376,3
5903,6.799835901836386,7.0,0.20016409816361413,2
5904,5.276836174299422,5.477121254719663,0.2002850804202403,10
5905,5.2773665582577,5.477121254719663,0.1997546964619623,1
5906,5.276729878897565,5.477121254719663,0.20039137582209765,3
5907,5.277390876764445,5.477121254719663,0.19973037795521797,4
5908,5.277112388485848,5.477121254719663,0.20000886623381486,9
5909,5.277263209429234,5.477121254719663,0.19985804529042817,7
5910,5.277231720236046,5.477121254719663,0.19988953448361624,6
5911,5.677025002764119,5.477121254719663,-0.19990374804445654,5
5912,5.575034985011107,5.477121254719663,-0.09791373029144435,2
5913,6.291005629090855,6.161368002234975,-0.12963762685587987,3
5914,5.9995664246781475,6.161368002234975,0.16180157755682778,10
5915,6.130101138429472,6.161368002234975,0.03126686380550314,1
5916,6.033649974009737,6.161368002234975,0.12771802822523792,8
5917,6.097369490761836,6.161368002234975,0.06399851147313917,2
5918,6.236685415425182,6.161368002234975,-0.07531741319020657,6
5919,6.142167789145731,6.161368002234975,0.019200213089244578,9
5920,6.242579763547211,6.161368002234975,-0.08121176131223606,5
5921,6.152246650460011,6.161368002234975,0.009121351774964204,4
5922,5.971549363478387,6.3979400086720375,0.4263906451936501,3
5923,5.971666578404987,6.3979400086720375,0.42627343026705056,2
5924,6.197605112345764,6.3979400086720375,0.20033489632627344,9
5925,5.971527862281108,6.3979400086720375,0.4264121463909296,6
5926,5.9717603746785795,6.3979400086720375,0.42617963399345804,5
5927,5.971676785694708,6.3979400086720375,0.42626322297732955,7
5928,5.971678649672134,6.3979400086720375,0.4262613589999038,1
5929,5.971586525479515,6.3979400086720375,0.4263534831925222,10
5930,5.971535003334995,6.3979400086720375,0.42640500533704273,4
5931,6.0788995028111215,7.041392685158225,0.9624931823471039,10
5932,6.054987058289549,7.041392685158225,0.9864056268686765,8
5933,6.078674046275202,7.041392685158225,0.9627186388830236,6
5934,6.07846793005974,7.041392685158225,0.9629247550984852,5
5935,6.07899353273836,7.041392685158225,0.9623991524198656,2
5936,6.078631626168947,7.041392685158225,0.9627610589892788,3
5937,6.078728381686861,7.041392685158225,0.9626643034713647,7
5938,5.911492998739585,7.041392685158225,1.1298996864186401,4
5939,6.291353998891174,7.041392685158225,0.7500386862670512,1
5940,6.661372164613866,6.861534410859038,0.20016224624517243,7
5941,6.6612758246811214,6.861534410859038,0.2002585861779167,6
5942,6.453685258128652,6.861534410859038,0.40784915273038624,4
5943,6.6611804607524885,6.861534410859038,0.20035395010654966,5
5944,6.661424139821962,6.861534410859038,0.2001102710370759,9
5945,6.456784191736808,6.861534410859038,0.4047502191222305,10
5946,6.457083074012414,6.861534410859038,0.40445133684662427,1
5947,6.61486501898024,6.861534410859038,0.24666939187879855,3
5948,6.661354107787805,6.861534410859038,0.20018030307123347,8
5949,6.1898766276899115,4.740362689494244,-1.4495139381956674,3
5950,5.842149025260956,4.740362689494244,-1.101786335766712,10
5951,6.050052031767557,4.740362689494244,-1.3096893422733125,2
5952,6.165606111007516,4.740362689494244,-1.4252434215132723,9
5953,6.083586919878341,4.740362689494244,-1.3432242303840969,1
5954,6.1656951830481574,4.740362689494244,-1.4253324935539133,6
5955,6.089927608727995,4.740362689494244,-1.3495649192337513,7
5956,6.121234785497192,4.740362689494244,-1.380872096002948,4
5957,6.1655990350600325,4.740362689494244,-1.4252363455657884,8
5958,4.899282319909479,4.698970004336019,-0.20031231557346008,8
5959,4.899031313629023,4.698970004336019,-0.20006130929300436,6
5960,4.898811659787343,4.698970004336019,-0.19984165545132448,3
5961,4.8990105926862535,4.698970004336019,-0.20004058835023475,10
5962,4.898684906162019,4.698970004336019,-0.19971490182599982,9
5963,4.898705113676377,4.698970004336019,-0.19973510934035854,5
5964,4.8990695875354175,4.698970004336019,-0.2000995831993988,2
5965,4.8991810226893255,4.698970004336019,-0.2002110183533068,4
5966,4.898632950944355,4.698970004336019,-0.1996629466083366,1
5967,5.91420586691378,6.113943352306837,0.19973748539305713,10
5968,5.91377226392365,6.113943352306837,0.2001710883831871,6
5969,5.914391201336606,6.113943352306837,0.1995521509702307,3
5970,5.914049077942452,6.113943352306837,0.199894274364385,8
5971,5.9141330577789395,6.113943352306837,0.19981029452789745,7
5972,5.91429979652163,6.113943352306837,0.1996435557852072,5
5973,5.913776438533621,6.113943352306837,0.2001669137732156,2
5974,5.9140790787691735,6.113943352306837,0.19986427353766345,4
5975,5.914059792405762,6.113943352306837,0.19988355990107465,1
5976,5.516070800546506,5.7160033436348,0.19993254308829478,8
5977,5.51606400813579,5.7160033436348,0.19993933549901044,10
5978,5.516371015701919,5.7160033436348,0.1996323279328811,7
5979,5.775733669918533,5.7160033436348,-0.05973032628373254,5
5980,5.515977748407389,5.7160033436348,0.20002559522741148,2
5981,5.5162567319645515,5.7160033436348,0.19974661167024887,3
5982,5.516033284245272,5.7160033436348,0.1999700593895284,6
5983,5.515736731742515,5.7160033436348,0.20026661189228534,9
5984,5.515827269697299,5.7160033436348,0.20017607393750136,4
5985,6.338033266686607,6.431363764158987,0.09333049747237965,4
5986,6.338165512286732,6.431363764158987,0.09319825187225472,1
5987,6.300411235569854,6.431363764158987,0.1309525285891331,7
5988,6.319943401345277,6.431363764158987,0.1114203628137096,6
5989,6.300457390347322,6.431363764158987,0.1309063738116647,10
5990,6.292504793872297,6.431363764158987,0.13885897028669003,8
5991,6.338048558935675,6.431363764158987,0.09331520522331171,2
5992,6.338129952105435,6.431363764158987,0.09323381205355208,3
5993,6.300513024634291,6.431363764158987,0.13085073952469628,9
5994,6.385774766907696,6.414973347970818,0.02919858106312212,1
5995,6.383169676787441,6.414973347970818,0.03180367118337735,7
5996,6.352489987394225,6.414973347970818,0.06248336057659287,4
5997,6.411107312785947,6.414973347970818,0.003866035184871386,8
5998,6.352948555593126,6.414973347970818,0.06202479237769243,9
5999,6.299567072567383,6.414973347970818,0.11540627540343529,2
6000,6.262198171055266,6.414973347970818,0.15277517691555254,10
6001,6.3473732114547605,6.414973347970818,0.06760013651605767,3
6002,6.36042129368761,6.414973347970818,0.05455205428320831,5
6003,6.3460637024006585,6.146128035678238,-0.19993566672242036,10
6004,6.346383897371978,6.146128035678238,-0.20025586169373977,2
6005,6.346417732944453,6.146128035678238,-0.20028969726621515,8
6006,6.346098859203811,6.146128035678238,-0.1999708235255726,9
6007,6.345807112925431,6.146128035678238,-0.19967907724719325,6
6008,6.346411925133997,6.146128035678238,-0.2002838894557586,3
6009,6.345843903235637,6.146128035678238,-0.19971586755739867,5
6010,6.283304935713247,6.146128035678238,-0.1371769000350085,4
6011,6.346435607154769,6.146128035678238,-0.20030757147653055,1
6012,5.716864413602302,6.531478917042255,0.8146145034399535,5
6013,5.844920032519433,6.531478917042255,0.6865588845228228,6
6014,5.870561628112314,6.531478917042255,0.6609172889299417,7
6015,5.74216152265732,6.531478917042255,0.789317394384935,8
6016,5.807637451710757,6.531478917042255,0.723841465331498,9
6017,5.878342100677254,6.531478917042255,0.6531368163650013,4
6018,5.909679398601493,6.531478917042255,0.6217995184407625,10
6019,5.8949174041896715,6.531478917042255,0.6365615128525839,1
6020,5.7571604060676425,6.531478917042255,0.7743185109746129,2
6021,6.026942101630899,5.447158031342219,-0.5797840702886798,2
6022,6.090595219633284,5.447158031342219,-0.643437188291065,4
6023,6.057979647692904,5.447158031342219,-0.6108216163506848,6
6024,5.983798932777593,5.447158031342219,-0.5366409014353737,7
6025,6.0437563936945615,5.447158031342219,-0.5965983623523421,8
6026,5.994907860021795,5.447158031342219,-0.5477498286795752,10
6027,6.054787397353346,5.447158031342219,-0.6076293660111265,5
6028,6.065487860594017,5.447158031342219,-0.6183298292517971,3
6029,6.013376029944704,5.447158031342219,-0.5662179986024842,9
6030,6.162046487653944,6.361727836017593,0.19968134836364904,6
6031,6.161639136645078,6.361727836017593,0.2000886993725155,7
6032,6.161897479195426,6.361727836017593,0.19983035682216688,1
6033,6.1620069991820055,6.361727836017593,0.1997208368355876,5
6034,6.161740445985974,6.361727836017593,0.1999873900316187,3
6035,6.16216147563808,6.361727836017593,0.1995663603795128,8
6036,6.16200201007521,6.361727836017593,0.19972582594238286,9
6037,6.161637343276653,6.361727836017593,0.20009049274093993,2
6038,6.161728254671499,6.361727836017593,0.19999958134609397,10
6039,4.9778776385942685,4.778151250383644,-0.1997263882106246,10
6040,4.977665686630523,4.778151250383644,-0.19951443624687926,6
6041,4.9781249681707385,4.778151250383644,-0.1999737177870946,4
6042,4.978052895575464,4.778151250383644,-0.19990164519182052,2
6043,4.978323741681205,4.778151250383644,-0.2001724912975611,1
6044,4.978637400479705,4.778151250383644,-0.20048615009606152,3
6045,4.977770760545601,4.778151250383644,-0.19961951016195734,8
6046,4.977732134410019,4.778151250383644,-0.19958088402637486,5
6047,4.977718549818485,4.778151250383644,-0.19956729943484142,9
6048,4.516905306638197,4.31722734917642,-0.19967795746177686,7
6049,4.517338708002278,4.31722734917642,-0.20011135882585762,5
6050,4.517436532353006,4.31722734917642,-0.20020918317658598,10
6051,4.517565978111158,4.31722734917642,-0.20033862893473753,2
6052,4.51747472570062,4.31722734917642,-0.20024737652419944,8
6053,4.517475919880184,4.31722734917642,-0.20024857070376356,9
6054,4.517440747983386,4.31722734917642,-0.20021339880696587,6
6055,4.5176067794404595,4.31722734917642,-0.20037943026403937,4
6056,4.517110531377559,4.31722734917642,-0.19988318220113843,3
6057,6.1079945248442815,6.079181246047625,-0.028813278796656405,9
6058,6.166809933102627,6.079181246047625,-0.08762868705500182,5
6059,6.124135906606655,6.079181246047625,-0.0449546605590303,7
6060,6.044202255088873,6.079181246047625,0.03497899095875212,4
6061,6.08610573083909,6.079181246047625,-0.006924484791464458,2
6062,6.219526496252291,6.079181246047625,-0.14034525020466582,10
6063,6.155082454015384,6.079181246047625,-0.07590120796775857,3
6064,6.244711649036745,6.079181246047625,-0.1655304029891198,8
6065,6.105153044667935,6.079181246047625,-0.025971798620309627,1
6066,6.043246274988334,5.954242509439325,-0.08900376554900902,10
6067,5.917506497890355,5.954242509439325,0.036736011548970104,9
6068,6.126114216132681,5.954242509439325,-0.17187170669335572,8
6069,5.753895291258322,5.954242509439325,0.20034721818100287,7
6070,5.862392895664391,5.954242509439325,0.09184961377493384,2
6071,5.952680959123451,5.954242509439325,0.0015615503158743493,1
6072,5.957583891468041,5.954242509439325,-0.0033413820287160334,5
6073,5.974409351307788,5.954242509439325,-0.020166841868462626,6
6074,5.943113398034108,5.954242509439325,0.011129111405216996,4
6075,5.058805366600689,5.484769477716173,0.4259641111154844,1
6076,4.931399596107976,5.484769477716173,0.5533698816081971,6
6077,5.215852208965233,5.484769477716173,0.2689172687509407,9
6078,4.884881048986377,5.484769477716173,0.5998884287297965,2
6079,5.007867024103015,5.484769477716173,0.47690245361315853,3
6080,4.971435916192052,5.484769477716173,0.5133335615241217,10
6081,4.922878392737712,5.484769477716173,0.5618910849784609,4
6082,4.978864332897958,5.484769477716173,0.5059051448182155,5
6083,5.106736760553542,5.484769477716173,0.37803271716263165,8
6084,5.845370630610492,6.045322978786658,0.1999523481761658,5
6085,5.964582192711857,6.045322978786658,0.0807407860748004,8
6086,5.845051051679755,6.045322978786658,0.20027192710690223,10
6087,6.245470632368021,6.045322978786658,-0.20014765358136355,4
6088,5.845190342773159,6.045322978786658,0.20013263601349873,7
6089,5.845102535530698,6.045322978786658,0.20022044325595978,2
6090,5.845361298689609,6.045322978786658,0.19996168009704895,9
6091,5.8453855433705355,6.045322978786658,0.19993743541612208,1
6092,5.845275996483532,6.045322978786658,0.20004698230312545,3
6093,4.348037814053557,4.1476763242410986,-0.20036148981245816,9
6094,4.3475859617499015,4.1476763242410986,-0.19990963750880297,10
6095,4.3477780387565765,4.1476763242410986,-0.20010171451547798,8
6096,4.347575451627561,4.1476763242410986,-0.19989912738646254,3
6097,4.347745681370575,4.1476763242410986,-0.20006935712947627,2
6098,4.3474656978583885,4.1476763242410986,-0.19978937361729,7
6099,4.348017877528333,4.1476763242410986,-0.20034155328723458,5
6100,4.347568399412826,4.1476763242410986,-0.1998920751717277,6
6101,4.347637426959911,4.1476763242410986,-0.19996110271881218,1
6102,6.197804776637685,6.3979400086720375,0.20013523203435213,2
6103,6.19765926863556,6.3979400086720375,0.20028074003647767,6
6104,6.197853611089866,6.3979400086720375,0.2000863975821714,4
6105,6.197872908037375,6.3979400086720375,0.20006710063466215,9
6106,6.198150859339694,6.3979400086720375,0.19978914933234382,1
6107,6.197479712065186,6.3979400086720375,0.2004602966068516,10
6108,6.198143564019674,6.3979400086720375,0.1997964446523639,7
6109,6.19754154451106,6.3979400086720375,0.20039846416097706,5
6110,6.1978856000079166,6.3979400086720375,0.20005440866412094,8
6111,6.3559568648413345,6.556302500767287,0.20034563592595234,7
6112,6.356400395313958,6.556302500767287,0.19990210545332854,10
6113,6.35632097206352,6.556302500767287,0.19998152870376718,5
6114,6.356430108972632,6.556302500767287,0.19987239179465455,4
6115,6.356244345556358,6.556302500767287,0.20005815521092885,3
6116,6.356733299115475,6.556302500767287,0.19956920165181202,2
6117,6.356481031627912,6.556302500767287,0.19982146913937449,6
6118,6.3561861183999495,6.556302500767287,0.2001163823673373,8
6119,6.356293157483993,6.556302500767287,0.2000093432832939,9
6120,6.27918307303695,6.079181246047625,-0.20000182698932445,4
6121,6.155276920549496,6.079181246047625,-0.07609567450187082,7
6122,6.066663047639381,6.079181246047625,0.01251819840824453,6
6123,6.225617230848416,6.079181246047625,-0.14643598480079056,8
6124,6.256273624444858,6.079181246047625,-0.17709237839723269,3
6125,6.096760200982364,6.079181246047625,-0.01757895493473871,10
6126,6.166850765376699,6.079181246047625,-0.08766951932907396,5
6127,6.210602405930562,6.079181246047625,-0.13142115988293668,2
6128,6.143635949436963,6.079181246047625,-0.06445470338933745,9
6129,5.324828552346858,6.079181246047625,0.754352693700767,8
6130,5.150581160781619,6.079181246047625,0.9286000852660061,6
6131,5.368932659539342,6.079181246047625,0.7102485865082828,3
6132,5.36444658315492,6.079181246047625,0.7147346628927052,10
6133,5.463942413569424,6.079181246047625,0.6152388324782008,5
6134,5.144316474816632,6.079181246047625,0.934864771230993,1
6135,5.426218568954751,6.079181246047625,0.6529626770928738,4
6136,5.118370919912194,6.079181246047625,0.960810326135431,7
6137,5.342086076434497,6.079181246047625,0.737095169613128,2
6138,5.879041351561223,6.079181246047625,0.20013989448640235,8
6139,5.8792100665382705,6.079181246047625,0.1999711795093546,5
6140,5.879164174729335,6.079181246047625,0.20001707131828983,7
6141,5.878820324393374,6.079181246047625,0.20036092165425146,2
6142,5.879067619128358,6.079181246047625,0.2001136269192667,1
6143,5.878941941720327,6.079181246047625,0.2002393043272983,3
6144,5.879241694087679,6.079181246047625,0.19993955195994584,9
6145,5.87900850363695,6.079181246047625,0.2001727424106754,6
6146,5.966855467101825,6.079181246047625,0.11232577894580054,10
6147,5.829226086838095,5.775464809345739,-0.05376127749235593,2
6148,5.867238608031963,5.775464809345739,-0.0917737986862237,3
6149,5.810668092982715,5.775464809345739,-0.035203283636975335,8
6150,5.891610548519152,5.775464809345739,-0.11614573917341264,5
6151,5.652447763640391,5.775464809345739,0.12301704570534788,7
6152,5.624190110447431,5.775464809345739,0.15127469889830802,6
6153,5.575718179229526,5.775464809345739,0.19974663011621363,9
6154,5.657457489135297,5.775464809345739,0.11800732021044258,1
6155,5.9276060310947605,5.775464809345739,-0.15214122174902123,4
6156,5.468985003723742,6.1068026275996505,0.6378176238759083,2
6157,5.466705884267078,6.1068026275996505,0.6400967433325722,4
6158,5.4579741141006615,6.1068026275996505,0.6488285134989891,5
6159,5.357653480290831,6.1068026275996505,0.7491491473088194,6
6160,5.476862961520296,6.1068026275996505,0.6299396660793546,3
6161,5.273036891995034,6.1068026275996505,0.8337657356046169,7
6162,5.388587377890579,6.1068026275996505,0.7182152497090719,9
6163,5.3738535813025265,6.1068026275996505,0.732949046297124,1
6164,5.439010657671918,6.1068026275996505,0.6677919699277322,10
6165,5.881223568057614,5.681241237375588,-0.1999823306820261,1
6166,5.880995446259446,5.681241237375588,-0.1997542088838582,3
6167,5.881561476719143,5.681241237375588,-0.20032023934355525,10
6168,5.881454841122745,5.681241237375588,-0.2002136037471578,4
6169,5.881406830599328,5.681241237375588,-0.2001655932237405,2
6170,5.881704462877419,5.681241237375588,-0.2004632255018315,5
6171,5.881381760321831,5.681241237375588,-0.20014052294624296,9
6172,5.881273369087803,5.681241237375588,-0.20003213171221557,6
6173,5.881636307914208,5.681241237375588,-0.2003950705386206,7
6174,5.644868148846607,5.444825199509748,-0.20004294933685873,2
6175,5.645122212720837,5.444825199509748,-0.20029701321108906,4
6176,5.644823541790097,5.444825199509748,-0.19999834228034885,1
6177,5.644929293317774,5.444825199509748,-0.20010409380802585,9
6178,5.644953474467611,5.444825199509748,-0.200128274957863,8
6179,5.644840598103306,5.444825199509748,-0.20001539859355777,6
6180,5.645003791333607,5.444825199509748,-0.20017859182385855,7
6181,5.644844355157123,5.444825199509748,-0.20001915564737516,3
6182,5.644894132746553,5.444825199509748,-0.20006893323680508,5
6183,6.101580094293735,6.301897717195208,0.2003176229014736,2
6184,6.102102549957573,6.301897717195208,0.19979516723763524,3
6185,6.102119120894693,6.301897717195208,0.19977859630051498,8
6186,6.101845353533391,6.301897717195208,0.20005236366181745,6
6187,6.10170876786965,6.301897717195208,0.20018894932555842,7
6188,6.102027621403757,6.301897717195208,0.19987009579145099,5
6189,6.102018876944271,6.301897717195208,0.19987884025093727,10
6190,6.101938237558314,6.301897717195208,0.19995947963689442,4
6191,6.102136894719578,6.301897717195208,0.1997608224756302,1
6192,6.022476648549181,6.0,-0.022476648549180744,5
6193,6.02247110462828,6.0,-0.022471104628279726,1
6194,6.022778120235682,6.0,-0.022778120235681598,9
6195,5.952419258925392,6.0,0.04758074107460786,2
6196,6.022576706425633,6.0,-0.022576706425632587,8
6197,6.022608308384956,6.0,-0.022608308384955755,4
6198,6.022869980948611,6.0,-0.022869980948611257,10
6199,6.02248718805219,6.0,-0.022487188052189744,3
6200,6.075876366490287,6.0,-0.07587636649028706,7
6201,5.875425439255812,6.018284308426531,0.14285886917071888,1
6202,5.946548864489662,6.018284308426531,0.07173544393686893,7
6203,5.919979504383851,6.018284308426531,0.09830480404268016,9
6204,5.970258237433696,6.018284308426531,0.048026070992834846,6
6205,5.918756663745353,6.018284308426531,0.09952764468117792,2
6206,5.818449230491857,6.018284308426531,0.19983507793467403,4
6207,6.072282580942672,6.018284308426531,-0.0539982725161412,10
6208,5.91391874397952,6.018284308426531,0.1043655644470105,3
6209,5.9104562378152234,6.018284308426531,0.1078280706113075,5
6210,5.893151388977226,5.949877704036875,0.05672631505964887,3
6211,5.908706174023379,5.949877704036875,0.041171530013495605,5
6212,5.976065502178911,5.949877704036875,-0.0261877981420362,1
6213,5.979281206115253,5.949877704036875,-0.029403502078378274,8
6214,5.8757721870259045,5.949877704036875,0.07410551701097035,9
6215,5.749702719283819,5.949877704036875,0.20017498475305562,4
6216,6.060785606745027,5.949877704036875,-0.11090790270815187,10
6217,5.960977092277455,5.949877704036875,-0.011099388240579877,2
6218,5.993455139380631,5.949877704036875,-0.04357743534375569,6
6219,6.576531224120011,6.0,-0.5765312241200107,1
6220,6.551371215812188,6.0,-0.5513712158121882,9
6221,6.200160178895793,6.0,-0.20016017889579274,7
6222,6.5778585247415915,6.0,-0.5778585247415915,4
6223,6.536683174426899,6.0,-0.5366831744268987,3
6224,6.526874591089178,6.0,-0.5268745910891779,6
6225,6.574728731835614,6.0,-0.5747287318356138,10
6226,6.555111592526411,6.0,-0.5551115925264112,8
6227,6.368989802808535,6.0,-0.3689898028085352,2
6228,5.961285626657506,6.161368002234975,0.20008237557746966,1
6229,5.961224489387273,6.161368002234975,0.2001435128477027,6
6230,5.961575470049179,6.161368002234975,0.1997925321857963,10
6231,5.961487466434539,6.161368002234975,0.1998805358004363,7
6232,5.96120188930337,6.161368002234975,0.2001661129316057,8
6233,5.961111034424904,6.161368002234975,0.20025696781007163,9
6234,6.082217106046461,6.161368002234975,0.0791508961885139,4
6235,5.9611811044569665,6.161368002234975,0.2001868977780088,2
6236,5.961135087576777,6.161368002234975,0.2002329146581987,5
6237,6.038640065592139,5.049218022670182,-0.9894220429219569,9
6238,6.074089922771506,5.049218022670182,-1.0248719001013242,2
6239,5.966968094784887,5.049218022670182,-0.9177500721147052,6
6240,6.080878060984944,5.049218022670182,-1.0316600383147625,3
6241,6.043502322297212,5.049218022670182,-0.9942842996270302,1
6242,6.066514876650537,5.049218022670182,-1.0172968539803549,7
6243,6.038115712679081,5.049218022670182,-0.9888976900088995,10
6244,6.0743378867849644,5.049218022670182,-1.0251198641147825,8
6245,6.065074592510459,5.049218022670182,-1.0158565698402775,5
6246,6.120176119241341,6.011993114659257,-0.10818300458208441,10
6247,6.005816232338419,6.011993114659257,0.006176882320837684,9
6248,5.947650396788468,6.011993114659257,0.06434271787078849,8
6249,5.98397673922761,6.011993114659257,0.0280163754316467,7
6250,6.069037627472836,6.011993114659257,-0.05704451281357947,4
6251,6.048037433875785,6.011993114659257,-0.03604431921652829,6
6252,6.002299071872996,6.011993114659257,0.009694042786260404,3
6253,5.811631905697157,6.011993114659257,0.20036120896210008,5
6254,6.000494582578089,6.011993114659257,0.011498532081168023,2
6255,6.116266905209185,6.315970345456917,0.199703440247732,4
6256,6.116187161255804,6.315970345456917,0.19978318420111307,5
6257,6.132830594866275,6.315970345456917,0.1831397505906427,1
6258,6.115819460576074,6.315970345456917,0.2001508848808431,3
6259,6.115806156764025,6.315970345456917,0.20016418869289243,7
6260,6.12603998972703,6.315970345456917,0.1899303557298877,9
6261,6.116216641813654,6.315970345456917,0.19975370364326306,8
6262,6.115703478847971,6.315970345456917,0.20026686660894644,2
6263,6.115657123238399,6.315970345456917,0.20031322221851866,10
6264,6.618284631349775,6.418301291319746,-0.1999833400300295,5
6265,6.589527825893695,6.418301291319746,-0.17122653457394943,3
6266,6.618237672294985,6.418301291319746,-0.19993638097523903,6
6267,6.5811507657306265,6.418301291319746,-0.16284947441088082,7
6268,6.548582501637384,6.418301291319746,-0.13028121031763806,1
6269,6.582874732446638,6.418301291319746,-0.1645734411268922,4
6270,6.5865396981497,6.418301291319746,-0.16823840682995428,10
6271,6.561983352033187,6.418301291319746,-0.14368206071344147,2
6272,6.617928705403251,6.418301291319746,-0.1996274140835057,9
6273,6.2044467966535715,6.301029995663981,0.09658319901040979,1
6274,6.258965874581955,6.301029995663981,0.04206412108202606,5
6275,6.203859848423313,6.301029995663981,0.09717014724066786,4
6276,6.203889308024544,6.301029995663981,0.0971406876394374,6
6277,6.500810487566064,6.301029995663981,-0.19978049190208313,8
6278,6.228762721595617,6.301029995663981,0.07226727406836453,9
6279,6.204208515916929,6.301029995663981,0.09682147974705213,2
6280,6.352187968071238,6.301029995663981,-0.051157972407256835,3
6281,6.500824035122453,6.301029995663981,-0.19979403945847185,10
6282,5.62707447691079,6.079181246047625,0.4521067691368348,7
6283,5.509536994372653,6.079181246047625,0.5696442516749718,5
6284,5.533411001552451,6.079181246047625,0.5457702444951744,3
6285,5.44905964776478,6.079181246047625,0.6301215982828454,10
6286,5.462188739903722,6.079181246047625,0.6169925061439034,1
6287,5.441579451670703,6.079181246047625,0.6376017943769225,4
6288,5.585659375656365,6.079181246047625,0.49352187039125983,2
6289,5.492141681146343,6.079181246047625,0.5870395649012821,8
6290,5.412420361447232,6.079181246047625,0.666760884600393,6
6291,6.343855188692118,6.544068044350276,0.20021285565815727,5
6292,6.344237183576342,6.544068044350276,0.19983086077393342,1
6293,6.4131388954443835,6.544068044350276,0.13092914890589213,4
6294,6.288609616795099,6.544068044350276,0.255458427555177,6
6295,6.379513566625304,6.544068044350276,0.16455447772497145,3
6296,6.343044508463212,6.544068044350276,0.2010235358870638,8
6297,6.343816256628919,6.544068044350276,0.20025178772135632,2
6298,6.325909259399137,6.544068044350276,0.2181587849511386,9
6299,6.315092956797562,6.544068044350276,0.22897508755271367,7
6300,6.376115162303011,6.176091259055681,-0.20002390324732922,9
6301,6.376552638371508,6.176091259055681,-0.20046137931582653,8
6302,6.376047474598336,6.176091259055681,-0.19995621554265508,5
6303,6.375979525512003,6.176091259055681,-0.19988826645632152,6
6304,6.376123623675916,6.176091259055681,-0.20003236462023466,4
6305,6.3756784589846935,6.176091259055681,-0.1995871999290122,2
6306,6.3765060519230685,6.176091259055681,-0.20041479286738717,1
6307,6.376174422587997,6.176091259055681,-0.20008316353231592,10
6308,6.375816404440602,6.176091259055681,-0.19972514538492092,7
6309,6.436846180028862,6.342422680822207,-0.09442349920665549,6
6310,6.5020746559216684,6.342422680822207,-0.15965197509946183,10
6311,6.542221706119701,6.342422680822207,-0.19979902529749438,5
6312,6.491871403144062,6.342422680822207,-0.14944872232185524,7
6313,6.542463706712698,6.342422680822207,-0.20004102589049122,8
6314,6.488769478338919,6.342422680822207,-0.14634679751671253,9
6315,6.453656763093435,6.342422680822207,-0.11123408227122855,1
6316,6.511116773999844,6.342422680822207,-0.1686940931776375,4
6317,6.542220860625058,6.342422680822207,-0.1997981798028512,3
6318,6.456840914168613,6.57978359661681,0.12294268244819673,4
6319,6.3794351430270675,6.57978359661681,0.20034845358974263,9
6320,6.379664920169037,6.57978359661681,0.20011867644777315,7
6321,6.438608495195416,6.57978359661681,0.14117510142139444,2
6322,6.409293013317733,6.57978359661681,0.1704905832990775,5
6323,6.315660004731706,6.57978359661681,0.26412359188510415,6
6324,6.379690797498981,6.57978359661681,0.2000927991178294,1
6325,6.4488687103333175,6.57978359661681,0.13091488628349257,8
6326,6.499749882830132,6.57978359661681,0.080033713786678,3
6327,6.200329653198629,6.0,-0.2003296531986294,10
6328,6.2002202639397845,6.0,-0.20022026393978454,6
6329,6.126384488542828,6.0,-0.12638448854282824,2
6330,6.200093891249691,6.0,-0.2000938912496908,9
6331,6.200266542847064,6.0,-0.20026654284706424,1
6332,6.2000627799465775,6.0,-0.2000627799465775,3
6333,6.200184373108781,6.0,-0.20018437310878134,5
6334,6.200211474089135,6.0,-0.20021147408913542,7
6335,6.2002611078421115,6.0,-0.20026110784211149,4
6336,6.239666776804553,6.313593064521326,0.07392628771677323,8
6337,6.198698826593912,6.313593064521326,0.11489423792741427,7
6338,6.244604269542544,6.313593064521326,0.06898879497878241,10
6339,6.299096117252341,6.313593064521326,0.014496947268985316,9
6340,6.270515173038668,6.313593064521326,0.043077891482657726,4
6341,6.327932317365493,6.313593064521326,-0.014339252844166595,3
6342,6.253057816097422,6.313593064521326,0.06053524842390434,5
6343,6.223733476559572,6.313593064521326,0.08985958796175364,6
6344,6.196710115598329,6.313593064521326,0.11688294892299744,1
6345,6.279214322832308,6.079181246047625,-0.20003307678468296,9
6346,6.124715716168088,6.079181246047625,-0.04553447012046252,1
6347,5.981100621789963,6.079181246047625,0.09808062425766195,10
6348,6.06210597702146,6.079181246047625,0.017075269026165074,8
6349,6.1405808207273855,6.079181246047625,-0.06139957467976043,7
6350,6.164096396661492,6.079181246047625,-0.08491515061386679,5
6351,6.10657146965149,6.079181246047625,-0.027390223603864783,3
6352,6.042697194217639,6.079181246047625,0.036484051829986264,6
6353,6.071545278360851,6.079181246047625,0.007635967686773881,4
6354,5.823391196364555,5.623249290397901,-0.20014190596665404,9
6355,5.813900314881232,5.623249290397901,-0.19065102448333082,6
6356,5.814771780838322,5.623249290397901,-0.19152249044042158,7
6357,5.823526794629279,5.623249290397901,-0.20027750423137824,3
6358,5.744941179889199,5.623249290397901,-0.12169188949129861,8
6359,5.723943326173499,5.623249290397901,-0.10069403577559832,10
6360,5.806306096141151,5.623249290397901,-0.18305680574325045,5
6361,5.8234561293450575,5.623249290397901,-0.20020683894715674,1
6362,5.629880697600868,5.623249290397901,-0.006631407202966955,4
6363,5.965599037249103,6.033423755486949,0.06782471823784686,10
6364,5.9321786386524655,6.033423755486949,0.1012451168344839,4
6365,5.990445378803752,6.033423755486949,0.04297837668319726,5
6366,5.968763953576647,6.033423755486949,0.0646598019103024,3
6367,5.98587121638582,6.033423755486949,0.047552539101129554,7
6368,5.926560940674828,6.033423755486949,0.10686281481212134,9
6369,5.949953500265584,6.033423755486949,0.08347025522136509,6
6370,6.0497445150515095,6.033423755486949,-0.016320759564560028,8
6371,5.833292968047683,6.033423755486949,0.20013078743926638,1
6372,6.354518296554572,6.6020599913279625,0.24754169477339083,3
6373,6.3417843581876685,6.6020599913279625,0.260275633140294,8
6374,6.339236791604208,6.6020599913279625,0.2628231997237549,4
6375,6.303243806290933,6.6020599913279625,0.29881618503702967,1
6376,6.1816145859724045,6.6020599913279625,0.42044540535555797,9
6377,6.177874863429034,6.6020599913279625,0.42418512789892837,2
6378,6.39534378474238,6.6020599913279625,0.20671620658558254,10
6379,6.402234132931388,6.6020599913279625,0.19982585839657485,5
6380,6.378161657092538,6.6020599913279625,0.22389833423542438,7
6381,5.9602261831085315,6.36005731412298,0.3998311310144489,1
6382,6.044866033758398,6.36005731412298,0.31519128036458266,2
6383,6.0676389022216,6.36005731412298,0.2924184119013802,10
6384,5.74630441670813,6.36005731412298,0.6137528974148507,6
6385,6.087926995964754,6.36005731412298,0.27213031815822664,3
6386,6.150887739900255,6.36005731412298,0.20916957422272553,5
6387,6.159913943526763,6.36005731412298,0.20014337059621745,7
6388,5.980215918120043,6.36005731412298,0.379841396002937,8
6389,5.957214400778941,6.36005731412298,0.4028429133440392,4
6390,6.13919650498494,6.26142703676955,0.12223053178461019,2
6391,6.203428822757105,6.26142703676955,0.05799821401244554,7
6392,6.215254913958511,6.26142703676955,0.046172122811038996,10
6393,6.314007753148857,6.26142703676955,-0.052580716379306836,5
6394,6.21190242007606,6.26142703676955,0.04952461669348995,1
6395,6.283733247563281,6.26142703676955,-0.022306210793730408,8
6396,6.16327154022958,6.26142703676955,0.09815549653997024,6
6397,6.242024219462907,6.26142703676955,0.019402817306643172,4
6398,6.313970917569566,6.26142703676955,-0.05254388080001604,9
6399,6.289325348065533,6.124634624019139,-0.16469072404639373,7
6400,6.077628201501749,6.124634624019139,0.04700642251738962,10
6401,6.0481995435697335,6.124634624019139,0.07643508044940539,5
6402,6.054942768788334,6.124634624019139,0.06969185523080501,8
6403,5.994059524131527,6.124634624019139,0.1305750998876123,6
6404,6.10785637457099,6.124634624019139,0.016778249448148763,3
6405,6.01316692784674,6.124634624019139,0.11146769617239904,2
6406,6.058303378380672,6.124634624019139,0.06633124563846682,1
6407,6.037831108240861,6.124634624019139,0.0868035157782776,9
6408,6.13919650498494,6.363611979892144,0.22441547490720382,2
6409,6.282569808949404,6.363611979892144,0.08104217094274002,3
6410,6.203428822757105,6.363611979892144,0.16018315713503917,7
6411,6.16327154022958,6.363611979892144,0.20034043966256387,6
6412,6.242024219462907,6.363611979892144,0.1215877604292368,4
6413,6.215254913958511,6.363611979892144,0.14835706593363263,10
6414,6.314007753148857,6.363611979892144,0.049604226743286794,5
6415,6.283733247563281,6.363611979892144,0.07987873232886322,8
6416,6.313970917569566,6.363611979892144,0.04964106232257759,9
6417,5.998732954055062,5.707570176097937,-0.2911627779571253,9
6418,5.98203631976901,5.707570176097937,-0.2744661436710736,1
6419,6.20828277890303,5.707570176097937,-0.500712602805093,5
6420,5.959709404470894,5.707570176097937,-0.25213922837295755,4
6421,5.980612338691487,5.707570176097937,-0.2730421625935504,8
6422,5.9075322773752745,5.707570176097937,-0.19996210127733782,6
6423,6.074406198341987,5.707570176097937,-0.3668360222440503,3
6424,6.0620550017772565,5.707570176097937,-0.3544848256793198,10
6425,5.947018550880796,5.707570176097937,-0.2394483747828593,2
6426,6.209170745172785,6.32221929473392,0.1130485495611353,10
6427,6.259806614841536,6.32221929473392,0.062412679892384304,8
6428,6.269102164528756,6.32221929473392,0.05311713020516429,5
6429,6.237604935106282,6.32221929473392,0.08461435962763808,4
6430,6.2594507560536865,6.32221929473392,0.06276853868023391,3
6431,6.2715806089421005,6.32221929473392,0.05063868579181996,9
6432,6.180168583172628,6.32221929473392,0.1420507115612928,1
6433,6.200935403311073,6.32221929473392,0.12128389142284757,7
6434,6.129117029434871,6.32221929473392,0.19310226529904906,6
6435,6.40085147932012,6.600972895686748,0.2001214163666285,9
6436,6.4007311876551025,6.600972895686748,0.20024170803164587,10
6437,6.400739009972969,6.600972895686748,0.20023388571377954,1
6438,6.400607207558399,6.600972895686748,0.20036568812834954,2
6439,6.400776770025935,6.600972895686748,0.20019612566081335,8
6440,6.400666660960577,6.600972895686748,0.20030623472617126,6
6441,6.400899736028412,6.600972895686748,0.20007315965833605,7
6442,6.400824866935974,6.600972895686748,0.20014802875077464,3
6443,6.400804216962567,6.600972895686748,0.20016867872418143,5
6444,5.795560086889461,5.9954289654317074,0.19986887854224644,9
6445,6.03288761109054,5.9954289654317074,-0.03745864565883217,10
6446,5.970886391222751,5.9954289654317074,0.024542574208956225,7
6447,6.1627848517825345,5.9954289654317074,-0.1673558863508271,1
6448,6.0699377904056995,5.9954289654317074,-0.07450882497399203,2
6449,6.063714806516192,5.9954289654317074,-0.06828584108448421,4
6450,6.1198020084425675,5.9954289654317074,-0.12437304301086005,3
6451,6.088914433411732,5.9954289654317074,-0.09348546798002477,5
6452,6.059956846059531,5.9954289654317074,-0.064527880627824,8
6453,6.166850765376699,6.193124598354461,0.02627383297776209,5
6454,6.096760200982364,6.193124598354461,0.09636439737209734,10
6455,6.129786538149119,6.193124598354461,0.06333806020534194,1
6456,6.210602405930562,6.193124598354461,-0.017477807576100624,2
6457,6.143635949436963,6.193124598354461,0.0494886489174986,9
6458,6.225617230848416,6.193124598354461,-0.03249263249395451,8
6459,6.256273624444858,6.193124598354461,-0.06314902609039663,3
6460,6.066663047639381,6.193124598354461,0.12646155071508058,6
6461,6.27918307303695,6.193124598354461,-0.0860584746824884,4
6462,5.7430931132110095,5.45075702813707,-0.2923360850739396,6
6463,6.272662851979435,5.45075702813707,-0.8219058238423651,7
6464,6.128307387794766,5.45075702813707,-0.6775503596576957,2
6465,6.1954280163060576,5.45075702813707,-0.7446709881689877,1
6466,6.2702661353353175,5.45075702813707,-0.8195091071982477,3
6467,6.205465364781731,5.45075702813707,-0.7547083366446614,4
6468,6.219906695728225,5.45075702813707,-0.7691496675911553,10
6469,6.039621843024062,5.45075702813707,-0.5888648148869917,9
6470,6.171955114627887,5.45075702813707,-0.7211980864908174,8
6471,6.2715806089421005,6.283301228703549,0.01172061976144878,9
6472,6.2594507560536865,6.283301228703549,0.02385047264986273,3
6473,6.1407262557240365,6.283301228703549,0.14257497297951272,2
6474,6.269102164528756,6.283301228703549,0.014199064174793108,5
6475,6.259806614841536,6.283301228703549,0.023494613862013125,8
6476,6.200935403311073,6.283301228703549,0.08236582539247639,7
6477,6.129117029434871,6.283301228703549,0.15418419926867788,6
6478,6.237604935106282,6.283301228703549,0.0456962935972669,4
6479,6.180168583172628,6.283301228703549,0.10313264553092161,1
6480,5.650107418699321,4.380211241711606,-1.2698961769877144,5
6481,5.612737797215209,4.380211241711606,-1.2325265555036022,7
6482,5.680397634249263,4.380211241711606,-1.3001863925376567,4
6483,5.629147388680464,4.380211241711606,-1.248936146968858,9
6484,5.6017768594675275,4.380211241711606,-1.221565617755921,6
6485,5.674186721408263,4.380211241711606,-1.2939754796966563,3
6486,5.635844224653571,4.380211241711606,-1.2556329829419646,2
6487,5.665809947207377,4.380211241711606,-1.2855987054957705,8
6488,5.722732088591996,4.380211241711606,-1.3425208468803893,10
6489,6.237956435397964,6.230448921378274,-0.007507514019690298,3
6490,6.059576307059115,6.230448921378274,0.17087261431915923,2
6491,6.13360654750467,6.230448921378274,0.09684237387360373,1
6492,6.412343240837636,6.230448921378274,-0.18189431945936185,4
6493,6.223556586749377,6.230448921378274,0.0068923346288967124,9
6494,6.272618501905716,6.230448921378274,-0.042169580527441575,6
6495,6.171050245812683,6.230448921378274,0.059398675565590864,8
6496,6.261555605174763,6.230448921378274,-0.031106683796489065,7
6497,6.218561609317373,6.230448921378274,0.011887312060901323,10
6498,6.078974134147398,6.278753600952829,0.19977946680543113,1
6499,6.0786840921244565,6.278753600952829,0.20006950882837238,3
6500,6.0788539797112655,6.278753600952829,0.19989962124156335,7
6501,6.078736093865572,6.278753600952829,0.20001750708725652,6
6502,6.078738182786227,6.278753600952829,0.2000154181666023,8
6503,6.078293373839801,6.278753600952829,0.20046022711302758,4
6504,6.078581478420885,6.278753600952829,0.20017212253194394,10
6505,6.078631049640446,6.278753600952829,0.20012255131238277,9
6506,6.078568028040335,6.278753600952829,0.20018557291249373,5
6507,5.399755298581791,5.599883072073688,0.20012777349189648,6
6508,5.399633588935155,5.599883072073688,0.2002494831385322,10
6509,5.399760752067104,5.599883072073688,0.20012232000658337,9
6510,5.399489563013032,5.599883072073688,0.2003935090606559,5
6511,5.399771297374121,5.599883072073688,0.20011177469956642,1
6512,5.39950248088076,5.599883072073688,0.2003805911929275,8
6513,5.3996430299291704,5.599883072073688,0.20024004214451718,2
6514,5.3996057512833575,5.599883072073688,0.20027732079033012,4
6515,5.430611906887665,5.599883072073688,0.16927116518602237,3
6516,4.830117319256015,4.153204900084284,-0.6769124191717308,9
6517,4.88374053355597,4.153204900084284,-0.7305356334716855,4
6518,4.823621044562727,4.153204900084284,-0.6704161444784429,10
6519,4.469262941010321,4.153204900084284,-0.31605804092603673,2
6520,4.763690312015258,4.153204900084284,-0.6104854119309735,1
6521,4.6910976533760085,4.153204900084284,-0.5378927532917244,8
6522,5.263866340050058,4.153204900084284,-1.1106614399657735,5
6523,4.7484717927871145,4.153204900084284,-0.5952668927028304,7
6524,4.353399160204942,4.153204900084284,-0.2001942601206581,6
6525,6.138256179172238,7.498310553789601,1.3600543746173628,2
6526,6.085844107130275,7.498310553789601,1.4124664466593257,8
6527,6.238752432733857,7.498310553789601,1.2595581210557443,4
6528,6.120901463827149,7.498310553789601,1.3774090899624518,7
6529,6.041389222915176,7.498310553789601,1.456921330874425,6
6530,5.920132760642125,7.498310553789601,1.5781777931474759,3
6531,6.210510428820378,7.498310553789601,1.2878001249692232,5
6532,6.054393863192354,7.498310553789601,1.4439166905972467,9
6533,6.03282004546637,7.498310553789601,1.4654905083232306,1
6534,6.1576096546525765,6.357934847000454,0.2003251923478775,5
6535,6.248328706347859,6.357934847000454,0.10960614065259477,2
6536,6.157663904703669,6.357934847000454,0.20027094229678521,6
6537,6.157703899169058,6.357934847000454,0.20023094783139594,3
6538,6.22359161998776,6.357934847000454,0.1343432270126943,4
6539,6.547485265786163,6.357934847000454,-0.18955041878570889,1
6540,6.236061502370293,6.357934847000454,0.12187334463016075,9
6541,6.158103281818958,6.357934847000454,0.19983156518149592,7
6542,6.240243710377051,6.357934847000454,0.11769113662340303,10
6543,5.163651331500745,4.963787827345556,-0.19986350415518928,1
6544,5.163843324001865,4.963787827345556,-0.20005549665630973,10
6545,5.163805125635978,4.963787827345556,-0.20001729829042247,5
6546,5.163692659285127,4.963787827345556,-0.19990483193957154,6
6547,5.16383550985651,4.963787827345556,-0.20004768251095406,7
6548,5.1213236728471525,4.963787827345556,-0.15753584550159694,9
6549,5.163910700492194,4.963787827345556,-0.20012287314663801,2
6550,5.164042966572223,4.963787827345556,-0.20025513922666782,8
6551,5.16363688477761,4.963787827345556,-0.19984905743205417,3
6552,5.863915588886374,6.220108088040055,0.3561924991536811,5
6553,5.81780050569018,6.220108088040055,0.4023075823498754,8
6554,5.872059107714935,6.220108088040055,0.3480489803251201,1
6555,5.868501248598351,6.220108088040055,0.351606839441704,3
6556,5.875362979545187,6.220108088040055,0.34474510849486784,2
6557,5.871922646265441,6.220108088040055,0.3481854417746142,6
6558,5.871771444901449,6.220108088040055,0.34833664313860613,4
6559,5.87192969466142,6.220108088040055,0.3481783933786353,10
6560,5.856876395523319,6.220108088040055,0.36323169251673626,9
6561,5.93955086052855,7.4954055631461936,1.5558547026176432,6
6562,6.015267216445261,7.4954055631461936,1.4801383467009321,8
6563,5.895411425103009,7.4954055631461936,1.5999941380431846,5
6564,5.987998782158309,7.4954055631461936,1.5074067809878846,3
6565,6.014962316776939,7.4954055631461936,1.480443246369255,9
6566,5.946796449720316,7.4954055631461936,1.5486091134258775,2
6567,6.123911377847817,7.4954055631461936,1.3714941852983769,4
6568,5.9600956308181745,7.4954055631461936,1.535309932328019,7
6569,5.973153574035676,7.4954055631461936,1.5222519891105177,1
6570,5.897085017123521,6.096910013008056,0.19982499588453528,9
6571,5.896740055944853,6.096910013008056,0.20016995706320362,8
6572,5.896494476041645,6.096910013008056,0.20041553696641135,3
6573,5.897019619013002,6.096910013008056,0.19989039399505426,1
6574,5.897046087479501,6.096910013008056,0.1998639255285548,6
6575,5.897002953770389,6.096910013008056,0.19990705923766683,7
6576,5.896763740121023,6.096910013008056,0.20014627288703313,10
6577,5.896733695054722,6.096910013008056,0.20017631795333468,4
6578,5.897065365290953,6.096910013008056,0.19984464771710364,5
6579,5.86465751283683,5.149834696715785,-0.7148228161210453,5
6580,5.941836861879487,5.149834696715785,-0.7920021651637024,1
6581,5.797819257660708,5.149834696715785,-0.6479845609449235,10
6582,5.889044336244631,5.149834696715785,-0.7392096395288466,8
6583,5.9046221995729615,5.149834696715785,-0.7547875028571767,9
6584,5.96769696238289,5.149834696715785,-0.8178622656671051,3
6585,5.915011410035078,5.149834696715785,-0.7651767133192928,2
6586,5.878615924973442,5.149834696715785,-0.7287812282576569,4
6587,5.826560649817907,5.149834696715785,-0.6767259531021219,6
6588,5.896017109945788,6.0,0.10398289005421191,3
6589,5.874533203721916,6.0,0.12546679627808377,1
6590,5.836287124188635,6.0,0.16371287581136507,8
6591,5.817947672021811,6.0,0.18205232797818915,4
6592,5.799721293889119,6.0,0.20027870611088083,5
6593,5.799723931309765,6.0,0.2002760686902354,2
6594,5.850688323728017,6.0,0.14931167627198327,9
6595,5.802641122391186,6.0,0.19735887760881443,10
6596,5.799865821814781,6.0,0.20013417818521884,6
6597,5.772151278483238,5.939808685806208,0.1676574073229693,2
6598,5.739448203971108,5.939808685806208,0.2003604818350997,1
6599,5.762944375509215,5.939808685806208,0.17686431029699268,10
6600,5.754490393731648,5.939808685806208,0.18531829207455974,8
6601,5.773648375036263,5.939808685806208,0.16616031076994453,7
6602,5.739555550727658,5.939808685806208,0.20025313507854925,5
6603,5.839228352238833,5.939808685806208,0.1005803335673745,3
6604,5.7398697552637294,5.939808685806208,0.19993893054247813,9
6605,5.773012543630626,5.939808685806208,0.16679614217558125,4
6606,6.088322300085543,5.888179493918325,-0.2001428061672179,4
6607,6.07664476915779,5.888179493918325,-0.18846527523946488,5
6608,6.088342219554275,5.888179493918325,-0.20016272563595017,1
6609,6.087948677184576,5.888179493918325,-0.19976918326625093,9
6610,6.088274487631494,5.888179493918325,-0.20009499371316863,6
6611,6.087888506927369,5.888179493918325,-0.19970901300904398,8
6612,6.005468823149604,5.888179493918325,-0.1172893292312791,2
6613,6.087874369494589,5.888179493918325,-0.19969487557626397,3
6614,6.088355913391457,5.888179493918325,-0.2001764194731317,10
6615,6.260655302786351,6.060697840353612,-0.1999574624327396,9
6616,5.982203481085777,6.060697840353612,0.0784943592678351,1
6617,5.975034811442048,6.060697840353612,0.08566302891156408,4
6618,5.943191009520845,6.060697840353612,0.1175068308327667,3
6619,5.908623800096983,6.060697840353612,0.15207404025662896,10
6620,5.99901726138189,6.060697840353612,0.06168057897172208,5
6621,5.9570593472644635,6.060697840353612,0.1036384930891483,6
6622,5.995537713638726,6.060697840353612,0.06516012671488625,8
6623,6.017584990643927,6.060697840353612,0.04311284970968465,2
6624,5.792514850832106,5.814394112097142,0.021879261265036476,2
6625,5.817867353955738,5.814394112097142,-0.003473241858595877,5
6626,5.8788940435503125,5.814394112097142,-0.06449993145317023,8
6627,5.808509209713703,5.814394112097142,0.0058849023834390835,4
6628,5.782409996110403,5.814394112097142,0.03198411598673889,9
6629,5.913547605544641,5.814394112097142,-0.09915349344749913,1
6630,5.879164753287453,5.814394112097142,-0.06477064119031084,7
6631,5.7531108620816696,5.814394112097142,0.061283250015472746,6
6632,5.879202539296306,5.814394112097142,-0.06480842719916335,10
6633,6.007682080949975,6.060932673519882,0.05325059256990716,3
6634,5.9709615788790895,6.060932673519882,0.08997109464079234,7
6635,6.046563969127562,6.060932673519882,0.014368704392319742,1
6636,5.994849930410336,6.060932673519882,0.0660827431095461,8
6637,6.041126202070891,6.060932673519882,0.019806471448990948,10
6638,6.008616854783053,6.060932673519882,0.05231581873682867,5
6639,5.861244815938818,6.060932673519882,0.1996878575810639,4
6640,5.9461606016632205,6.060932673519882,0.11477207185666138,2
6641,5.978208127174399,6.060932673519882,0.08272454634548243,9
6642,5.9672731590098955,6.167317334748176,0.20004417573828004,1
6643,6.026875525659833,6.167317334748176,0.14044180908834214,6
6644,6.194873891801297,6.167317334748176,-0.027556557053121544,8
6645,6.082722114775891,6.167317334748176,0.08459521997228414,2
6646,6.075492480751878,6.167317334748176,0.09182485399629758,4
6647,6.045312792389539,6.167317334748176,0.12200454235863667,9
6648,6.115502765362146,6.167317334748176,0.05181456938602924,5
6649,6.0677275477452035,6.167317334748176,0.09958978700297205,3
6650,6.137274632947134,6.167317334748176,0.030042701801041183,10
6651,6.743865790009968,6.298853076409706,-0.44501271360026173,9
6652,6.743778361614265,6.298853076409706,-0.4449252852045582,3
6653,6.647402885832569,6.298853076409706,-0.3485498094228623,2
6654,6.601646924391797,6.298853076409706,-0.3027938479820902,10
6655,6.7439119798721485,6.298853076409706,-0.44505890346244215,4
6656,6.587434130590106,6.298853076409706,-0.2885810541803995,8
6657,6.7438648190507,6.298853076409706,-0.4450117426409932,5
6658,6.690473653695879,6.298853076409706,-0.3916205772861723,1
6659,6.69110430868713,6.298853076409706,-0.39225123227742387,6
6660,5.879019241789273,6.079181246047625,0.2001620042583525,5
6661,5.879157970572668,6.079181246047625,0.20002327547495735,6
6662,5.878876207732039,6.079181246047625,0.20030503831558644,1
6663,5.942876762053432,6.079181246047625,0.13630448399419315,4
6664,5.879112840927106,6.079181246047625,0.20006840512051927,9
6665,5.878924059619552,6.079181246047625,0.20025718642807355,10
6666,5.879331493228769,6.079181246047625,0.19984975281885653,2
6667,5.879240752342754,6.079181246047625,0.19994049370487144,7
6668,5.8788567892766235,6.079181246047625,0.20032445677100164,3
6669,5.797615724764192,5.663700925389648,-0.1339147993745442,1
6670,5.863350913260985,5.663700925389648,-0.1996499878713367,3
6671,5.803547939129455,5.663700925389648,-0.13984701373980712,4
6672,5.8012448840003605,5.663700925389648,-0.13754395861071256,9
6673,5.772313670665257,5.663700925389648,-0.10861274527560916,6
6674,5.75871038298386,5.663700925389648,-0.09500945759421242,8
6675,5.735234199402733,5.663700925389648,-0.07153327401308474,10
6676,5.815517460989294,5.663700925389648,-0.1518165355996457,7
6677,5.788850100100031,5.663700925389648,-0.12514917471038345,5
6678,5.484966659659372,6.004321373782642,0.5193547141232706,6
6679,5.644094865903591,6.004321373782642,0.36022650787905075,2
6680,5.5939390687186386,6.004321373782642,0.41038230506400364,3
6681,5.64375615105881,6.004321373782642,0.3605652227238325,8
6682,5.560010332768372,6.004321373782642,0.4443110410142701,1
6683,5.804109711039372,6.004321373782642,0.2002116627432704,7
6684,5.711174991429616,6.004321373782642,0.2931463823530258,4
6685,5.68276706775504,6.004321373782642,0.32155430602760227,9
6686,5.720727108531884,6.004321373782642,0.28359426525075815,5
6687,6.02247110462828,6.222716471147583,0.20024536651930358,1
6688,6.022576706425633,6.222716471147583,0.20013976472195072,8
6689,6.022476648549181,6.222716471147583,0.20023982259840256,5
6690,6.022608308384956,6.222716471147583,0.20010816276262755,4
6691,6.02248718805219,6.222716471147583,0.20022928309539356,3
6692,6.022869980948611,6.222716471147583,0.19984649019897205,10
6693,6.022606075075855,6.222716471147583,0.20011039607172787,6
6694,6.075876366490287,6.222716471147583,0.14684010465729624,7
6695,6.022778120235682,6.222716471147583,0.1999383509119017,9
6696,6.159861048793902,6.079181246047625,-0.08067980274627651,7
6697,6.041661129025341,6.079181246047625,0.03752011702228408,2
6698,6.030999717125218,6.079181246047625,0.04818152892240679,8
6699,6.009190505148733,6.079181246047625,0.06999074089889223,1
6700,6.076644955586008,6.079181246047625,0.0025362904616175186,5
6701,5.812459590672797,6.079181246047625,0.2667216553748277,10
6702,6.116754733802388,6.079181246047625,-0.03757348775476288,4
6703,6.0717578844195295,6.079181246047625,0.007423361628095648,9
6704,5.879189732839652,6.079181246047625,0.19999151320797282,6
6705,5.353466014567128,5.786751422145561,0.4332854075784329,1
6706,5.339340999764884,5.786751422145561,0.44741042238067674,5
6707,5.378916825075873,5.786751422145561,0.40783459706968817,3
6708,5.134118482198739,5.786751422145561,0.6526329399468223,7
6709,5.2674788543224755,5.786751422145561,0.5192725678230854,6
6710,5.2886790267532255,5.786751422145561,0.4980723953923354,2
6711,5.284200810017492,5.786751422145561,0.5025506121280685,10
6712,5.375213449945011,5.786751422145561,0.41153797220055033,8
6713,5.5866720268345995,5.786751422145561,0.20007939531096142,9
6714,5.976040156630293,6.176091259055681,0.20005110242538837,5
6715,5.975740560222487,6.176091259055681,0.20035069883319423,8
6716,5.975660288320382,6.176091259055681,0.20043097073529914,1
6717,5.975822816409331,6.176091259055681,0.20026844264635013,10
6718,5.97593334190132,6.176091259055681,0.20015791715436126,3
6719,5.975622086530319,6.176091259055681,0.200469172525362,2
6720,5.976183126093296,6.176091259055681,0.19990813296238574,4
6721,5.975882338502449,6.176091259055681,0.2002089205532327,7
6722,5.975936354185569,6.176091259055681,0.20015490487011256,9
6723,5.879491441041389,6.079181246047625,0.19968980500623612,7
6724,5.889222348252664,6.079181246047625,0.1899588977949609,3
6725,5.879542560296788,6.079181246047625,0.19963868575083676,9
6726,5.879200764963702,6.079181246047625,0.19998048108392297,8
6727,5.971713370880542,6.079181246047625,0.10746787516708345,1
6728,5.887511775037367,6.079181246047625,0.19166947101025844,4
6729,5.879015181299656,6.079181246047625,0.20016606474796905,6
6730,5.949830180345522,6.079181246047625,0.12935106570210309,2
6731,5.886545078919892,6.079181246047625,0.19263616712773324,5
6732,6.110535993036317,5.995196291597179,-0.11533970143913752,5
6733,6.023511998677054,5.995196291597179,-0.02831570707987474,6
6734,6.105632054090776,5.995196291597179,-0.11043576249359699,7
6735,6.126049113149678,5.995196291597179,-0.1308528215524989,4
6736,6.133576341386353,5.995196291597179,-0.1383800497891734,10
6737,6.066891085437808,5.995196291597179,-0.07169479384062871,1
6738,6.028721162930308,5.995196291597179,-0.03352487133312909,2
6739,6.11782305095471,5.995196291597179,-0.12262675935753098,8
6740,6.106186517801467,5.995196291597179,-0.11099022620428745,3
6741,5.994546577391965,6.079181246047625,0.08463466865566005,10
6742,5.976078731619218,6.079181246047625,0.10310251442840723,7
6743,5.92906149377466,6.079181246047625,0.15011975227296492,6
6744,5.935547984158044,6.079181246047625,0.14363326188958148,2
6745,5.954811455613054,6.079181246047625,0.12436979043457086,3
6746,5.915095654733826,6.079181246047625,0.16408559131379885,1
6747,5.9722667626896975,6.079181246047625,0.10691448335792764,4
6748,5.952556212587282,6.079181246047625,0.1266250334603427,5
6749,5.9493294826644,6.079181246047625,0.12985176338322546,8
6750,5.647768281228348,6.0,0.3522317187716517,4
6751,5.666264554812896,6.0,0.33373544518710396,2
6752,5.676769493235072,6.0,0.32323050676492837,3
6753,5.601866112234692,6.0,0.398133887765308,6
6754,5.799868277197073,6.0,0.20013172280292668,9
6755,5.6253919890764505,6.0,0.37460801092354945,1
6756,5.80002564229557,6.0,0.19997435770442973,10
6757,5.799408639661574,6.0,0.20059136033842595,8
6758,5.619325012223457,6.0,0.3806749877765432,5
6759,5.875747089240551,6.015359755409214,0.13961266616866386,3
6760,5.974782209034618,6.015359755409214,0.040577546374596096,10
6761,5.824694679946707,6.015359755409214,0.19066507546250744,7
6762,5.903348842136854,6.015359755409214,0.11201091327236057,4
6763,5.815228530110219,6.015359755409214,0.2001312252989953,8
6764,5.943882483493673,6.015359755409214,0.07147727191554143,1
6765,5.893300486488229,6.015359755409214,0.12205926892098518,6
6766,5.843680349687443,6.015359755409214,0.17167940572177098,5
6767,5.882400476666583,6.015359755409214,0.13295927874263125,2
6768,5.514160088391571,5.5301996982030825,0.016039609811511646,1
6769,5.730086015751428,5.5301996982030825,-0.19988631754834518,6
6770,5.729459936430424,5.5301996982030825,-0.19926023822734162,10
6771,5.71534217942425,5.5301996982030825,-0.18514248122116772,7
6772,5.7155323027383576,5.5301996982030825,-0.185332604535275,5
6773,5.709301974527059,5.5301996982030825,-0.17910227632397646,9
6774,5.6921753876155075,5.5301996982030825,-0.1619756894124249,8
6775,5.400816796785994,5.5301996982030825,0.1293829014170882,2
6776,5.6515349957537495,5.5301996982030825,-0.12133529755066697,3
6777,5.818449230491857,6.0,0.18155076950814308,4
6778,5.919979504383851,6.0,0.08002049561614921,9
6779,5.91391874397952,6.0,0.08608125602047956,3
6780,5.918756663745353,6.0,0.08124333625464697,2
6781,5.875425439255812,6.0,0.12457456074418793,1
6782,5.9104562378152234,6.0,0.08954376218477655,5
6783,6.072282580942672,6.0,-0.07228258094267215,10
6784,5.928675671969668,6.0,0.0713243280303324,8
6785,5.970258237433696,6.0,0.029741762566303898,6
6786,6.130459584716374,6.330413773349191,0.1999541886328169,7
6787,6.120448098888383,6.330413773349191,0.2099656744608076,6
6788,6.130478386898158,6.330413773349191,0.19993538645103293,3
6789,6.130442904477393,6.330413773349191,0.19997086887179805,5
6790,6.130278733678653,6.330413773349191,0.20013503967053836,9
6791,6.130485258350482,6.330413773349191,0.19992851499870934,8
6792,6.130499726723135,6.330413773349191,0.1999140466260556,4
6793,6.130459095865665,6.330413773349191,0.19995467748352613,10
6794,6.130537322350084,6.330413773349191,0.1998764509991071,2
6795,5.945984108535912,5.607455023214668,-0.3385290853212437,4
6796,5.984480721323964,5.607455023214668,-0.3770256981092954,2
6797,5.910181947008647,5.607455023214668,-0.3027269237939789,7
6798,5.950410186002379,5.607455023214668,-0.3429551627877103,8
6799,5.914819209842721,5.607455023214668,-0.3073641866280523,6
6800,5.922961199389412,5.607455023214668,-0.3155061761747433,9
6801,5.909536046703063,5.607455023214668,-0.3020810234883946,10
6802,5.956098242749967,5.607455023214668,-0.3486432195352984,5
6803,5.773499814428309,5.607455023214668,-0.16604479121364069,1
6804,6.03379699542996,6.103461622094705,0.06966462666474449,6
6805,6.183708310413802,6.103461622094705,-0.08024668831909754,2
6806,6.059059591023609,6.103461622094705,0.04440203107109575,9
6807,6.122415009909751,6.103461622094705,-0.01895338781504652,5
6808,6.040688763874257,6.103461622094705,0.06277285822044831,7
6809,6.118717490204263,6.103461622094705,-0.015255868109558257,4
6810,6.119334162822626,6.103461622094705,-0.015872540727920992,8
6811,6.025116878571572,6.103461622094705,0.07834474352313325,10
6812,5.903153704938919,6.103461622094705,0.20030791715578555,1
6813,5.824572314848555,6.024731889655249,0.200159574806694,4
6814,5.824628174217862,6.024731889655249,0.20010371543738703,8
6815,5.824649143636886,6.024731889655249,0.20008274601836273,6
6816,5.824637323779274,6.024731889655249,0.2000945658759754,9
6817,5.824401571313761,6.024731889655249,0.2003303183414884,10
6818,5.8247280104894426,6.024731889655249,0.20000387916580653,5
6819,5.8247642264628885,6.024731889655249,0.1999676631923606,7
6820,5.824895889756145,6.024731889655249,0.19983599989910417,2
6821,5.9308479310389846,6.024731889655249,0.09388395861626453,3
6822,5.6927482504016025,4.711807229041191,-0.9809410213604117,10
6823,5.508295950394312,4.711807229041191,-0.7964887213531213,7
6824,5.732894003533534,4.711807229041191,-1.0210867744923435,5
6825,5.674585528613502,4.711807229041191,-0.9627782995723111,1
6826,5.759252721952941,4.711807229041191,-1.0474454929117503,2
6827,5.764725220285957,4.711807229041191,-1.0529179912447661,6
6828,5.6598758057727965,4.711807229041191,-0.9480685767316057,9
6829,5.57720334217971,4.711807229041191,-0.8653961131385195,4
6830,5.637442965769818,4.711807229041191,-0.9256357367286272,3
6831,5.868548404609293,5.824054205231849,-0.04449419937744459,10
6832,6.011449982053075,5.824054205231849,-0.18739577682122643,7
6833,6.089882531382109,5.824054205231849,-0.26582832615026053,1
6834,6.0241916081971345,5.824054205231849,-0.20013740296528582,4
6835,6.037574497232286,5.824054205231849,-0.2135202920004371,9
6836,6.085985165401681,5.824054205231849,-0.2619309601698321,8
6837,6.059311228061224,5.824054205231849,-0.23525702282937555,5
6838,6.024253789401338,5.824054205231849,-0.20019958416948924,6
6839,6.024383709265139,5.824054205231849,-0.20032950403329064,3
6840,5.241652423599779,6.301029995663981,1.0593775720642027,4
6841,5.37925085284139,6.301029995663981,0.921779142822591,1
6842,5.421184190135517,6.301029995663981,0.8798458055284639,10
6843,5.515752789079839,6.301029995663981,0.7852772065841425,6
6844,5.466560390684517,6.301029995663981,0.8344696049794642,5
6845,5.581982543301589,6.301029995663981,0.7190474523623926,8
6846,5.40683765264479,6.301029995663981,0.8941923430191911,9
6847,5.476973587050284,6.301029995663981,0.8240564086136972,2
6848,5.355035120739623,6.301029995663981,0.9459948749243585,3
6849,6.388426361184314,6.188647295999718,-0.19977906518459676,4
6850,6.145802786992309,6.188647295999718,0.04284450900740833,6
6851,6.243463740625873,6.188647295999718,-0.0548164446261552,7
6852,6.3169920227996315,6.188647295999718,-0.12834472679991382,3
6853,6.308653338427225,6.188647295999718,-0.12000604242750779,10
6854,6.305945752005432,6.188647295999718,-0.11729845600571398,5
6855,6.246233215415452,6.188647295999718,-0.05758591941573421,9
6856,6.22665828005039,6.188647295999718,-0.038010984050671937,2
6857,6.277446357022084,6.188647295999718,-0.08879906102236657,1
6858,6.362698952932253,6.977723605288848,0.6150246523565945,8
6859,6.253967656116289,6.977723605288848,0.7237559491725589,7
6860,6.357435857510428,6.977723605288848,0.6202877477784199,10
6861,6.221130003187216,6.977723605288848,0.7565936021016313,2
6862,6.289107234391848,6.977723605288848,0.6886163708969999,1
6863,6.414234148760465,6.977723605288848,0.5634894565283828,4
6864,6.32078967713957,6.977723605288848,0.6569339281492779,3
6865,6.267671552419623,6.977723605288848,0.7100520528692247,9
6866,6.3338128839864725,6.977723605288848,0.6439107213023751,5
6867,6.022730823392655,6.0,-0.022730823392654642,3
6868,6.083302956783186,6.0,-0.08330295678318578,4
6869,5.988395485646481,6.0,0.011604514353519058,1
6870,6.04259135724313,6.0,-0.04259135724313001,2
6871,5.995047929387213,6.0,0.004952070612787018,5
6872,6.0188447565057315,6.0,-0.018844756505731475,8
6873,5.960837852597479,6.0,0.03916214740252144,9
6874,5.995002169789425,6.0,0.004997830210575316,7
6875,5.943907284244193,6.0,0.0560927157558071,6
6876,6.2116511787536615,4.103803720955957,-2.107847457797704,2
6877,6.142928364704958,4.103803720955957,-2.039124643749001,6
6878,6.209965535412764,4.103803720955957,-2.106161814456807,3
6879,6.175178567903759,4.103803720955957,-2.071374846947802,7
6880,6.187692163723643,4.103803720955957,-2.0838884427676856,5
6881,6.162020313699112,4.103803720955957,-2.058216592743155,9
6882,6.203001997338221,4.103803720955957,-2.099198276382264,1
6883,6.149035508401771,4.103803720955957,-2.0452317874458137,10
6884,6.181423561456468,4.103803720955957,-2.0776198405005104,8
6885,6.147012530934113,6.720572720364261,0.5735601894301485,3
6886,6.150624772447371,6.720572720364261,0.5699479479168907,1
6887,6.144960383354502,6.720572720364261,0.5756123370097592,10
6888,6.179751770951111,6.720572720364261,0.54082094941315,8
6889,6.081375785122435,6.720572720364261,0.6391969352418263,6
6890,6.183067310351391,6.720572720364261,0.5375054100128702,7
6891,6.153826169662374,6.720572720364261,0.566746550701887,4
6892,6.178638190028618,6.720572720364261,0.5419345303356433,9
6893,6.189737114830072,6.720572720364261,0.5308356055341896,5
6894,6.0433041521304895,6.103803720955957,0.0604995688254677,5
6895,5.973990923764404,6.103803720955957,0.12981279719155303,6
6896,6.0279528616931355,6.103803720955957,0.07585085926282176,1
6897,6.020193654121792,6.103803720955957,0.08361006683416505,9
6898,6.141247481481473,6.103803720955957,-0.03744376052551601,4
6899,6.094702956411609,6.103803720955957,0.009100764544347939,2
6900,6.078421451236014,6.103803720955957,0.02538226971994284,8
6901,6.0956311908268885,6.103803720955957,0.008172530129068711,3
6902,6.0451523373905145,6.103803720955957,0.05865138356544275,7
6903,6.117087354805616,6.0,-0.11708735480561572,1
6904,6.083414032073947,6.0,-0.08341403207394738,9
6905,6.080854596109467,6.0,-0.0808545961094671,10
6906,6.09964054336701,6.0,-0.09964054336701,5
6907,6.0962663750636645,6.0,-0.09626637506366453,7
6908,6.172073539132923,6.0,-0.17207353913292334,8
6909,6.119785890642801,6.0,-0.11978589064280065,4
6910,5.799777345316911,6.0,0.2002226546830892,6
6911,6.170949449217838,6.0,-0.17094944921783828,3
6912,5.831199369760107,6.0,0.16880063023989322,5
6913,5.848564079159191,6.0,0.15143592084080915,9
6914,5.8580468714972875,6.0,0.14195312850271247,4
6915,5.839511539350921,6.0,0.16048846064907885,10
6916,5.802196528056671,6.0,0.19780347194332926,6
6917,5.890063621656685,6.0,0.10993637834331516,3
6918,5.924065082171156,6.0,0.0759349178288442,2
6919,5.881330107407331,6.0,0.1186698925926688,1
6920,5.873582587046991,6.0,0.12641741295300868,7
6921,5.542597665802113,5.342422680822207,-0.20017498497990616,8
6922,5.627548037406149,5.342422680822207,-0.28512535658394267,5
6923,5.623018293591157,5.342422680822207,-0.2805956127689502,9
6924,5.627915078092317,5.342422680822207,-0.28549239727011066,3
6925,5.618542561667303,5.342422680822207,-0.276119880845096,6
6926,5.542705179879601,5.342422680822207,-0.20028249905739415,7
6927,5.659836628066309,5.342422680822207,-0.317413947244102,2
6928,5.657026750089633,5.342422680822207,-0.31460406926742657,4
6929,5.793690274063843,5.342422680822207,-0.4512675932416368,1
6930,5.815124778116276,6.079181246047625,0.26405646793134885,1
6931,5.878922627904569,6.079181246047625,0.20025861814305568,4
6932,5.878879252302491,6.079181246047625,0.2003019937451338,9
6933,5.878935409160143,6.079181246047625,0.20024583688748177,7
6934,5.878973232618128,6.079181246047625,0.20020801342949746,3
6935,5.878823328359927,6.079181246047625,0.20035791768769773,10
6936,5.87892285168613,6.079181246047625,0.20025839436149528,2
6937,5.879095493034017,6.079181246047625,0.20008575301360843,5
6938,5.878837566010177,6.079181246047625,0.20034368003744785,8
6939,6.078894365733151,6.278753600952829,0.19985923521967752,5
6940,6.0789762719091485,6.278753600952829,0.1997773290436804,4
6941,6.079015943441792,6.278753600952829,0.19973765751103656,2
6942,6.078791801716404,6.278753600952829,0.19996179923642465,3
6943,6.078639062962645,6.278753600952829,0.20011453799018408,9
6944,6.078947823841701,6.278753600952829,0.1998057771111279,10
6945,6.078926669133061,6.278753600952829,0.19982693181976785,8
6946,6.078962206749793,6.278753600952829,0.19979139420303582,7
6947,6.0789724697954775,6.278753600952829,0.1997811311573514,1
6948,6.200729389771149,6.414973347970818,0.21424395819966957,5
6949,6.178702519115391,6.414973347970818,0.23627082885542716,9
6950,6.169090265924225,6.414973347970818,0.2458830820465936,10
6951,6.171664657560003,6.414973347970818,0.2433086904108155,7
6952,6.215271717534934,6.414973347970818,0.19970163043588407,3
6953,6.209938705788574,6.414973347970818,0.20503464218224376,8
6954,6.214430164375028,6.414973347970818,0.20054318359578982,4
6955,6.026287647363579,6.414973347970818,0.3886857006072395,6
6956,6.208376337963597,6.414973347970818,0.2065970100072212,2
6957,5.893286995197273,5.77451696572855,-0.11877002946872306,2
6958,5.867272444308299,5.77451696572855,-0.09275547857974953,3
6959,5.8640839302340355,5.77451696572855,-0.08956696450548574,5
6960,5.887963834543546,5.77451696572855,-0.11344686881499655,4
6961,5.821078835904871,5.77451696572855,-0.04656187017632085,10
6962,5.878531318190479,5.77451696572855,-0.10401435246192925,7
6963,5.898626239799183,5.77451696572855,-0.12410927407063355,1
6964,5.682473005979088,5.77451696572855,0.09204395974946156,6
6965,5.9745353232648,5.77451696572855,-0.2000183575362504,9
6966,6.177406446042233,6.377124042346456,0.19971759630422348,7
6967,6.176923880598942,6.377124042346456,0.20020016174751465,10
6968,6.177032848569501,6.377124042346456,0.20009119377695495,2
6969,6.18631933558865,6.377124042346456,0.19080470675780603,8
6970,6.176789103956541,6.377124042346456,0.20033493838991578,9
6971,6.183638988380571,6.377124042346456,0.193485053965885,5
6972,6.176785651926555,6.377124042346456,0.2003383904199012,3
6973,6.177319626318241,6.377124042346456,0.19980441602821575,1
6974,6.176954453413337,6.377124042346456,0.20016958893311898,6
6975,6.13919650498494,5.93801909747621,-0.20117740750873025,2
6976,6.313970917569566,5.93801909747621,-0.3759518200933565,9
6977,6.21190242007606,5.93801909747621,-0.2738833225998505,1
6978,6.242024219462907,5.93801909747621,-0.30400512198669727,4
6979,6.16327154022958,5.93801909747621,-0.2252524427533702,6
6980,6.314007753148857,5.93801909747621,-0.3759886556726473,5
6981,6.282569808949404,5.93801909747621,-0.34455071147319405,3
6982,6.283733247563281,5.93801909747621,-0.34571415008707085,8
6983,6.203428822757105,5.93801909747621,-0.2654097252808949,7
6984,5.876693772867808,6.0,0.12330622713219164,3
6985,5.802451466538096,6.0,0.19754853346190426,9
6986,5.893659081829071,6.0,0.10634091817092894,8
6987,5.799757353916885,6.0,0.20024264608311526,7
6988,5.877131015967366,6.0,0.12286898403263358,4
6989,5.820272377021307,6.0,0.17972762297869327,2
6990,5.8359565075846,6.0,0.1640434924154004,5
6991,5.787904203936153,6.0,0.21209579606384743,6
6992,5.862221195914803,6.0,0.1377788040851966,1
6993,5.99213707000208,6.332236415491443,0.3400993454893628,3
6994,5.996461953962541,6.332236415491443,0.335774461528902,4
6995,5.997017832669889,6.332236415491443,0.3352185828215539,8
6996,6.015373870783475,6.332236415491443,0.31686254470796804,10
6997,6.097944920444112,6.332236415491443,0.23429149504733093,1
6998,5.912584453650587,6.332236415491443,0.41965196184085585,6
6999,5.919458923049594,6.332236415491443,0.41277749244184925,2
7000,5.933480158221489,6.332236415491443,0.39875625726995434,9
7001,5.952550826266121,6.332236415491443,0.37968558922532214,7
7002,5.482315202170372,6.176091259055681,0.6937760568853095,2
7003,5.56559824233665,6.176091259055681,0.6104930167190314,9
7004,5.526230825193319,6.176091259055681,0.6498604338623624,5
7005,5.975914862384561,6.176091259055681,0.20017639667112075,10
7006,5.785385946169867,6.176091259055681,0.39070531288581467,8
7007,5.529893668144159,6.176091259055681,0.6461975909115223,7
7008,5.605113642197923,6.176091259055681,0.5709776168577587,1
7009,5.671775505976431,6.176091259055681,0.5043157530792506,3
7010,5.6076552927743775,6.176091259055681,0.5684359662813039,4
7011,5.9650109464449255,6.165244326125311,0.20023337968038568,4
7012,5.972707900599065,6.165244326125311,0.19253642552624584,1
7013,5.965049019157398,6.165244326125311,0.2001953069679132,6
7014,5.96502174326302,6.165244326125311,0.200222582862291,8
7015,6.059009678262123,6.165244326125311,0.1062346478631877,7
7016,5.966859210051332,6.165244326125311,0.1983851160739789,2
7017,5.998873693419276,6.165244326125311,0.1663706327060348,5
7018,6.075003336709645,6.165244326125311,0.09024098941566638,9
7019,6.166423734377994,6.165244326125311,-0.001179408252682812,3
7020,6.769712858759356,6.969415912353981,0.19970305359462515,8
7021,6.7690706645904815,6.969415912353981,0.20034524776349993,4
7022,6.769339414591351,6.969415912353981,0.20007649776263037,2
7023,6.769350550846815,6.969415912353981,0.2000653615071668,6
7024,6.769116511470424,6.969415912353981,0.2002994008835577,9
7025,6.769459848117368,6.969415912353981,0.1999560642366136,1
7026,6.7694857137852935,6.969415912353981,0.19993019856868788,10
7027,6.7698492867118905,6.969415912353981,0.19956662564209093,7
7028,6.769591355144101,6.969415912353981,0.19982455720988046,3
7029,6.2468272773170455,6.447158031342219,0.20033075402517397,3
7030,6.246806524438989,6.447158031342219,0.20035150690323,5
7031,6.2473726622032375,6.447158031342219,0.19978536913898193,9
7032,6.247349092641585,6.447158031342219,0.19980893870063454,10
7033,6.246818711598724,6.447158031342219,0.20033931974349528,8
7034,6.247033514780846,6.447158031342219,0.20012451656137387,6
7035,6.2470867761908,6.447158031342219,0.20007125515141944,2
7036,6.24714321349724,6.447158031342219,0.20001481784497965,7
7037,6.246750112983738,6.447158031342219,0.20040791835848104,4
7038,6.529011237617777,6.72916478969277,0.20015355207499308,10
7039,6.528966097852434,6.72916478969277,0.20019869184033556,9
7040,6.529265829871472,6.72916478969277,0.19989895982129813,5
7041,6.529067541022405,6.72916478969277,0.2000972486703647,1
7042,6.528917206666302,6.72916478969277,0.20024758302646806,7
7043,6.5291479065961315,6.72916478969277,0.20001688309663823,6
7044,6.528873098156124,6.72916478969277,0.20029169153664572,4
7045,6.528914982704647,6.72916478969277,0.2002498069881229,3
7046,6.529356064588089,6.72916478969277,0.19980872510468117,8
7047,6.5108798841697935,6.3979400086720375,-0.11293987549775597,5
7048,6.368972391350052,6.3979400086720375,0.028967617321985273,8
7049,6.483476722627092,6.3979400086720375,-0.08553671395505447,10
7050,6.458025543051562,6.3979400086720375,-0.060085534379524574,9
7051,6.510671155336621,6.3979400086720375,-0.11273114666458373,3
7052,6.455972647587119,6.3979400086720375,-0.05803263891508159,2
7053,6.411138642838732,6.3979400086720375,-0.013198634166694312,1
7054,6.457995438853629,6.3979400086720375,-0.06005543018159187,4
7055,6.461540563065996,6.3979400086720375,-0.0636005543939584,6
7056,6.227031989376118,6.4269989587565375,0.19996696938041936,3
7057,6.226677021684286,6.4269989587565375,0.20032193707225154,10
7058,6.227354928220647,6.4269989587565375,0.19964403053589042,6
7059,6.2268913841985265,6.4269989587565375,0.20010757455801098,1
7060,6.22697797521903,6.4269989587565375,0.20002098353750775,4
7061,6.227095201329065,6.4269989587565375,0.19990375742747268,2
7062,6.227348639672418,6.4269989587565375,0.19965031908411923,7
7063,6.226865695001841,6.4269989587565375,0.20013326375469642,9
7064,6.425897083212172,6.4269989587565375,0.0011018755443652495,5
7065,6.154952168947428,4.778151250383644,-1.3768009185637844,3
7066,5.786931292490209,4.778151250383644,-1.0087800421065651,8
7067,6.14508069676798,4.778151250383644,-1.3669294463843364,1
7068,6.214199364466517,4.778151250383644,-1.4360481140828734,4
7069,6.056045501142616,4.778151250383644,-1.2778942507589726,2
7070,6.251543135380659,4.778151250383644,-1.4733918849970156,9
7071,6.0794492598525505,4.778151250383644,-1.3012980094689066,10
7072,6.156967276357858,4.778151250383644,-1.3788160259742144,7
7073,6.155244958581931,4.778151250383644,-1.377093708198287,6
7074,6.52619635861863,6.380211241711606,-0.1459851169070232,6
7075,6.356616128828051,6.380211241711606,0.023595112883555203,2
7076,6.5133439395656785,6.380211241711606,-0.1331326978540721,7
7077,6.406445736699634,6.380211241711606,-0.02623449498802799,8
7078,6.557806253929546,6.380211241711606,-0.17759501221793972,4
7079,6.4229241402959145,6.380211241711606,-0.04271289858430816,10
7080,6.580097513294103,6.380211241711606,-0.19988627158249628,5
7081,6.484548207096212,6.380211241711606,-0.10433696538460602,3
7082,6.524999657234307,6.380211241711606,-0.14478841552270083,9
7083,6.102692820844242,6.3979400086720375,0.2952471878277958,10
7084,6.155245579359441,6.3979400086720375,0.24269442931259633,1
7085,6.1633907307761,6.3979400086720375,0.2345492778959377,3
7086,6.197680536397555,6.3979400086720375,0.2002594722744826,4
7087,6.197671147579387,6.3979400086720375,0.20026886109265085,9
7088,6.197531845706418,6.3979400086720375,0.20040816296561914,8
7089,6.197894346285219,6.3979400086720375,0.20004566238681853,5
7090,6.197734638162516,6.3979400086720375,0.20020537050952125,7
7091,6.197746382420215,6.3979400086720375,0.20019362625182247,6
7092,3.7562731533598175,3.556302500767288,-0.19997065259252933,1
7093,3.7564592105191927,3.556302500767288,-0.20015670975190458,3
7094,3.7565105684945888,3.556302500767288,-0.2002080677273006,9
7095,3.756391672716738,3.556302500767288,-0.20008917194944997,5
7096,3.7566374014332027,3.556302500767288,-0.20033490066591453,10
7097,3.756214149144142,3.556302500767288,-0.1999116483768537,2
7098,3.756537671961653,3.556302500767288,-0.20023517119436463,4
7099,3.7563552385828363,3.556302500767288,-0.2000527378155481,7
7100,3.7561957930426506,3.556302500767288,-0.19989329227536246,8
7101,6.433728223520788,6.633468455579586,0.1997402320587982,4
7102,6.433689261908406,6.633468455579586,0.1997791936711799,1
7103,6.433746494506326,6.633468455579586,0.19972196107326035,3
7104,6.4332431845924765,6.633468455579586,0.20022527098710974,10
7105,6.433888391594221,6.633468455579586,0.19958006398536554,9
7106,6.433740623399468,6.633468455579586,0.19972783218011791,5
7107,6.4333945273257465,6.633468455579586,0.20007392825383974,6
7108,6.433042712000033,6.633468455579586,0.20042574357955356,2
7109,6.433543580767031,6.633468455579586,0.19992487481255505,7
7110,6.04338565945919,6.243038048686294,0.19965238922710427,10
7111,6.042996614653777,6.243038048686294,0.20004143403251717,6
7112,6.042685104896352,6.243038048686294,0.20035294378994273,1
7113,6.0428043234674504,6.243038048686294,0.20023372521884397,5
7114,6.0429008175161245,6.243038048686294,0.2001372311701699,3
7115,6.042916887242647,6.243038048686294,0.2001211614436471,4
7116,6.0429437498036975,6.243038048686294,0.2000942988825969,2
7117,6.0431445012902545,6.243038048686294,0.19989354739603993,7
7118,6.0428464196115765,6.243038048686294,0.20019162907471788,9
7119,6.305115231478683,6.187520720836463,-0.11759451064222048,9
7120,6.29539831393091,6.187520720836463,-0.10787759309444755,6
7121,6.2145177387743455,6.187520720836463,-0.026997017937882895,7
7122,6.2978745407678645,6.187520720836463,-0.11035381993140181,5
7123,6.29399907249071,6.187520720836463,-0.10647835165424713,1
7124,6.042181974378672,6.187520720836463,0.14533874645779044,8
7125,6.239522473160992,6.187520720836463,-0.05200175232452953,3
7126,6.170953018669168,6.187520720836463,0.016567702167294307,2
7127,6.311740156352402,6.187520720836463,-0.12421943551593895,4
7128,5.441664025600312,6.176091259055681,0.734427233455369,7
7129,5.6493080508280595,6.176091259055681,0.5267832082276218,5
7130,5.948319650086339,6.176091259055681,0.22777160896934223,4
7131,5.445931889198876,6.176091259055681,0.7301593698568052,10
7132,5.460221379848266,6.176091259055681,0.715869879207415,3
7133,5.60281692012552,6.176091259055681,0.5732743389301618,6
7134,5.4326934470233414,6.176091259055681,0.7433978120323399,8
7135,5.399234769931636,6.176091259055681,0.7768564891240457,2
7136,5.869298048872335,6.176091259055681,0.30679321018334615,9
7137,4.97105542891491,4.770852011642144,-0.2002034172727658,3
7138,4.970636411386503,4.770852011642144,-0.19978439974435958,2
7139,4.970907912360403,4.770852011642144,-0.20005590071825896,6
7140,4.970635108648955,4.770852011642144,-0.19978309700681152,10
7141,4.9711370415547735,4.770852011642144,-0.20028502991262975,9
7142,4.971005304137401,4.770852011642144,-0.2001532924952576,1
7143,4.970920253803476,4.770852011642144,-0.2000682421613318,4
7144,4.970888281986612,4.770852011642144,-0.20003627034446847,8
7145,4.971141066857506,4.770852011642144,-0.20028905521536178,7
7146,6.197797845683353,6.3979400086720375,0.20014216298868437,6
7147,6.198142645195548,6.3979400086720375,0.19979736347648913,5
7148,6.19786700487662,6.3979400086720375,0.20007300379541793,3
7149,6.1978614444339355,6.3979400086720375,0.200078564238102,4
7150,6.274905837175117,6.3979400086720375,0.12303417149692031,7
7151,6.197799437535909,6.3979400086720375,0.20014057113612882,9
7152,6.197645764234629,6.3979400086720375,0.2002942444374085,8
7153,6.197969182058461,6.3979400086720375,0.19997082661357624,1
7154,6.19779830440938,6.3979400086720375,0.20014170426265743,2
7155,6.612089893511321,6.419955748489758,-0.192134145021563,7
7156,6.343618725995883,6.419955748489758,0.07633702249387486,2
7157,6.475480000730556,6.419955748489758,-0.055524252240798155,6
7158,6.422847571713404,6.419955748489758,-0.002891823223645673,10
7159,6.491870486031014,6.419955748489758,-0.0719147375412561,5
7160,6.47062458026147,6.419955748489758,-0.050668831771711886,4
7161,6.411685462666006,6.419955748489758,0.008270285823751777,3
7162,6.219884387635888,6.419955748489758,0.20007136085386978,1
7163,6.220022007032858,6.419955748489758,0.19993374145690002,8
7164,6.6196886366978696,6.819543935541868,0.19985529884399877,8
7165,6.619473138462579,6.819543935541868,0.200070797079289,2
7166,6.61920531080564,6.819543935541868,0.20033862473622843,3
7167,6.6193699439100975,6.819543935541868,0.20017399163177085,5
7168,6.619485233939653,6.819543935541868,0.20005870160221573,10
7169,6.619198448385635,6.819543935541868,0.20034548715623313,7
7170,6.619609043338461,6.819543935541868,0.199934892203407,9
7171,6.619340715004675,6.819543935541868,0.20020322053719308,4
7172,6.61949091296404,6.819543935541868,0.2000530225778281,1
7173,5.3283788350253944,5.128399268717806,-0.19997956630758829,10
7174,5.328390694674871,5.128399268717806,-0.19999142595706498,2
7175,5.328568803325363,5.128399268717806,-0.20016953460755715,5
7176,5.328142626360184,5.128399268717806,-0.19974335764237772,4
7177,5.328056493835843,5.128399268717806,-0.1996572251180364,3
7178,5.328394885449331,5.128399268717806,-0.19999561673152488,8
7179,5.328719240273241,5.128399268717806,-0.20031997155543468,7
7180,5.328538886150853,5.128399268717806,-0.20013961743304698,1
7181,5.328271863764975,5.128399268717806,-0.19987259504716892,6
7182,5.2199755472504785,4.948070481518941,-0.27190506573153783,8
7183,5.147794855869058,4.948070481518941,-0.19972437435011692,5
7184,5.171565382658268,4.948070481518941,-0.22349490113932724,2
7185,5.216154906039168,4.948070481518941,-0.26808442452022696,4
7186,5.160499819793356,4.948070481518941,-0.2124293382744149,7
7187,5.187199198746538,4.948070481518941,-0.23912871722759732,9
7188,5.197937052905643,4.948070481518941,-0.24986657138670232,3
7189,5.148094270540587,4.948070481518941,-0.20002378902164608,6
7190,5.148504869460848,4.948070481518941,-0.2004343879419075,10
7191,6.356177266219427,6.4679039465228,0.11172668030337363,3
7192,6.356113027176453,6.4679039465228,0.11179091934634755,9
7193,6.356429206271229,6.4679039465228,0.11147474025157145,7
7194,6.3559726397920695,6.4679039465228,0.11193130673073082,5
7195,6.356267722934761,6.4679039465228,0.11163622358803948,1
7196,6.356180437787517,6.4679039465228,0.1117235087352837,2
7197,6.356307929668409,6.4679039465228,0.11159601685439124,4
7198,6.267747283857844,6.4679039465228,0.20015666266495646,8
7199,6.356075010742486,6.4679039465228,0.11182893578031461,10
7200,6.4848202883800745,6.284656282788515,-0.20016400559155922,1
7201,6.48474763173042,6.284656282788515,-0.20009134894190428,2
7202,6.484518969908812,6.284656282788515,-0.1998626871202971,3
7203,6.484813616413593,6.284656282788515,-0.2001573336250777,6
7204,6.084649045905106,6.284656282788515,0.20000723688340916,8
7205,6.485149284059885,6.284656282788515,-0.2004930012713695,4
7206,6.484712033742353,6.284656282788515,-0.20005575095383765,5
7207,6.484479976224277,6.284656282788515,-0.19982369343576156,7
7208,6.485061703246339,6.284656282788515,-0.20040542045782406,10
7209,6.356429206271229,6.556302500767287,0.19987329449605795,7
7210,6.356267722934761,6.556302500767287,0.200034777832526,1
7211,6.356075010742486,6.556302500767287,0.2002274900248011,10
7212,6.356307929668409,6.556302500767287,0.19999457109887775,4
7213,6.356177266219427,6.556302500767287,0.20012523454786013,3
7214,6.356113027176453,6.556302500767287,0.20018947359083406,9
7215,6.3559726397920695,6.556302500767287,0.20032986097521732,5
7216,6.356180437787517,6.556302500767287,0.2001220629797702,2
7217,6.3563834873145995,6.556302500767287,0.19991901345268737,6
7218,5.058587069692101,4.858537197569639,-0.20004987212246217,2
7219,5.058361190253989,4.858537197569639,-0.19982399268435014,4
7220,5.058243806710691,4.858537197569639,-0.1997066091410522,6
7221,5.058783228696229,4.858537197569639,-0.20024603112659012,3
7222,5.058090043551928,4.858537197569639,-0.19955284598228928,8
7223,5.05862242544412,4.858537197569639,-0.2000852278744807,7
7224,5.058879275252639,4.858537197569639,-0.2003420776829996,9
7225,5.058132705093227,4.858537197569639,-0.199595507523588,10
7226,5.058224909463166,4.858537197569639,-0.1996877118935272,5
7227,5.430820620259329,5.230448921378274,-0.20037169888105488,3
7228,5.430655460776182,5.230448921378274,-0.20020653939790822,6
7229,5.430878175023175,5.230448921378274,-0.20042925364490127,1
7230,5.4308680718749205,5.230448921378274,-0.20041915049664638,7
7231,5.43053108485805,5.230448921378274,-0.2000821634797756,10
7232,5.430684481558702,5.230448921378274,-0.20023556018042754,4
7233,5.430753888425474,5.230448921378274,-0.2003049670471997,9
7234,5.430680401528794,5.230448921378274,-0.20023148015051984,5
7235,5.430845563295871,5.230448921378274,-0.20039664191759687,8
7236,4.928048984057439,4.728028954420519,-0.2000200296369199,5
7237,4.928167070821567,4.728028954420519,-0.20013811640104784,2
7238,4.927992375773709,4.728028954420519,-0.19996342135319,4
7239,4.9283809215306515,4.728028954420519,-0.2003519671101328,1
7240,4.9281409263431,4.728028954420519,-0.20011197192258123,8
7241,4.92815429599774,4.728028954420519,-0.2001253415772215,7
7242,4.927905368185485,4.728028954420519,-0.199876413764966,6
7243,4.928366510643071,4.728028954420519,-0.20033755622255267,3
7244,4.928368015417687,4.728028954420519,-0.2003390609971687,9
7245,5.658673631160174,4.0,-1.6586736311601742,1
7246,5.5518132914609835,4.0,-1.5518132914609835,8
7247,5.603054424160282,4.0,-1.6030544241602822,7
7248,5.637915541750961,4.0,-1.637915541750961,4
7249,5.730455448038581,4.0,-1.7304554480385814,2
7250,5.602672410500172,4.0,-1.6026724105001717,9
7251,5.60258452779373,4.0,-1.6025845277937298,6
7252,5.602626220654285,4.0,-1.602626220654285,5
7253,5.686845238905281,4.0,-1.6868452389052813,3
7254,6.142465619789673,6.049218022670182,-0.09324759711949149,3
7255,6.056907458147213,6.049218022670182,-0.007689435477031381,6
7256,6.14248165217984,6.049218022670182,-0.09326362950965805,7
7257,6.142145036257891,6.049218022670182,-0.09292701358770916,5
7258,6.1423242014552475,6.049218022670182,-0.09310617878506555,10
7259,6.1425336872097995,6.049218022670182,-0.0933156645396176,9
7260,6.1425809364932675,6.049218022670182,-0.09336291382308559,1
7261,6.142457486852806,6.049218022670182,-0.09323946418262441,8
7262,6.142302029400339,6.049218022670182,-0.09308400673015704,4
7263,5.692846220317629,4.826074802700826,-0.8667714176168033,4
7264,5.7157869863430895,4.826074802700826,-0.8897121836422635,7
7265,6.086979465072119,4.826074802700826,-1.260904662371293,5
7266,5.447162112654253,4.826074802700826,-0.6210873099534266,10
7267,5.32273338009784,4.826074802700826,-0.4966585773970138,9
7268,5.8139940261081255,4.826074802700826,-0.9879192234072995,8
7269,5.61043054230891,4.826074802700826,-0.7843557396080838,2
7270,5.673665412268527,4.826074802700826,-0.8475906095677006,1
7271,5.758233113306003,4.826074802700826,-0.9321583106051774,6
7272,4.536016017456271,5.760422483423212,1.2244064659669407,2
7273,4.616543319019721,5.760422483423212,1.143879164403491,3
7274,4.434375945905216,5.760422483423212,1.3260465375179962,9
7275,4.5075371918951515,5.760422483423212,1.2528852915280604,5
7276,4.693712850120422,5.760422483423212,1.0667096333027901,1
7277,4.5826020040071125,5.760422483423212,1.1778204794160994,10
7278,4.498742432251046,5.760422483423212,1.2616800511721662,7
7279,4.720456687759034,5.760422483423212,1.0399657956641777,6
7280,4.58201842610309,5.760422483423212,1.1784040573201215,8
7281,4.24110139500416,4.041392685158225,-0.19970870984593425,5
7282,3.9973203469997065,4.041392685158225,0.04407233815851885,7
7283,4.173465727517809,4.041392685158225,-0.1320730423595835,8
7284,4.11212127882885,4.041392685158225,-0.07072859367062456,9
7285,4.162394507778211,4.041392685158225,-0.12100182261998604,6
7286,4.24157137988589,4.041392685158225,-0.20017869472766492,3
7287,4.218432745489833,4.041392685158225,-0.17704006033160802,4
7288,4.138281808285382,4.041392685158225,-0.09688912312715647,10
7289,4.1912135892767814,4.041392685158225,-0.1498209041185561,1
7290,5.5134317805181094,5.00987563371216,-0.5035561468059493,1
7291,5.209852891568115,5.00987563371216,-0.19997725785595488,9
7292,5.574988974200644,5.00987563371216,-0.5651133404884838,7
7293,5.209839224390458,5.00987563371216,-0.19996359067829772,10
7294,5.574979823925928,5.00987563371216,-0.5651041902137681,6
7295,5.516765106779854,5.00987563371216,-0.5068894730676936,2
7296,5.574496476913652,5.00987563371216,-0.5646208432014914,8
7297,5.320092902971794,5.00987563371216,-0.3102172692596339,3
7298,5.547950706386642,5.00987563371216,-0.5380750726744816,4
7299,5.7751055627275525,5.02938377768521,-0.7457217850423428,1
7300,5.852417539463249,5.02938377768521,-0.8230337617780394,8
7301,5.745359517046251,5.02938377768521,-0.7159757393610411,3
7302,5.843146430664654,5.02938377768521,-0.8137626529794444,7
7303,5.778203537654133,5.02938377768521,-0.7488197599689235,2
7304,5.857833943272051,5.02938377768521,-0.8284501655868413,4
7305,5.48241310260235,5.02938377768521,-0.4530293249171402,10
7306,5.842637451229624,5.02938377768521,-0.8132536735444145,6
7307,5.500644403984748,5.02938377768521,-0.47126062629953847,9
7308,5.344775540588239,5.544811911757776,0.20003637116953676,10
7309,5.344786453070035,5.544811911757776,0.20002545868774124,6
7310,5.3451083030548485,5.544811911757776,0.19970360870292758,8
7311,5.345188288940503,5.544811911757776,0.1996236228172732,9
7312,5.345085584563307,5.544811911757776,0.19972632719446892,7
7313,5.344867447922766,5.544811911757776,0.19994446383500986,2
7314,5.344815912948591,5.544811911757776,0.19999599880918506,3
7315,5.344784727489324,5.544811911757776,0.20002718426845245,5
7316,5.344858095666002,5.544811911757776,0.19995381609177443,1
7317,5.241835427742837,5.041392685158225,-0.20044274258461137,7
7318,5.241543106525481,5.041392685158225,-0.20015042136725558,10
7319,5.2416196828093184,5.041392685158225,-0.20022699765109309,6
7320,5.2414006248885405,5.041392685158225,-0.20000793973031517,8
7321,5.241383202964435,5.041392685158225,-0.19999051780621002,5
7322,5.2414278079904495,5.041392685158225,-0.20003512283222413,1
7323,5.241223947419269,5.041392685158225,-0.19983126226104364,2
7324,5.241674819588266,5.041392685158225,-0.20028213443004095,3
7325,5.241614394072605,5.041392685158225,-0.20022170891437963,9
7326,5.482956547968757,5.61066016308988,0.12770361512112238,6
7327,5.421240762600803,5.61066016308988,0.18941940048907657,1
7328,5.472556988763557,5.61066016308988,0.13810317432632235,9
7329,5.410698274458881,5.61066016308988,0.19996188863099817,2
7330,5.433661385167048,5.61066016308988,0.17699877792283125,8
7331,5.41080363386274,5.61066016308988,0.19985652922713992,5
7332,5.418362002055497,5.61066016308988,0.19229816103438235,10
7333,5.4104659046936625,5.61066016308988,0.20019425839621707,3
7334,5.562530592510918,5.61066016308988,0.04812957057896128,4
7335,4.8867357754841665,5.045322978786658,0.1585872033024911,7
7336,5.012713115819344,5.045322978786658,0.0326098629673135,5
7337,4.979730670182078,5.045322978786658,0.06559230860457976,9
7338,5.120368697198373,5.045322978786658,-0.07504571841171526,6
7339,5.037176515023196,5.045322978786658,0.008146463763461398,3
7340,5.041841485679478,5.045322978786658,0.0034814931071798227,1
7341,5.04918063569167,5.045322978786658,-0.0038576569050121634,8
7342,4.995964574114323,5.045322978786658,0.049358404672334544,4
7343,4.970518131281524,5.045322978786658,0.07480484750513394,2
7344,4.881694073371872,4.0178677189635055,-0.8638263544083662,6
7345,4.667906617708475,4.0178677189635055,-0.6500388987449695,10
7346,4.687324581451601,4.0178677189635055,-0.6694568624880954,4
7347,4.671970098705829,4.0178677189635055,-0.6541023797423238,5
7348,4.702101771058571,4.0178677189635055,-0.6842340520950652,8
7349,4.5624302876311695,4.0178677189635055,-0.5445625686676641,2
7350,4.694326045335806,4.0178677189635055,-0.676458326372301,7
7351,4.927354106123155,4.0178677189635055,-0.9094863871596495,1
7352,4.46010613149659,4.0178677189635055,-0.4422384125330847,9
7353,5.357176433734501,5.96189547366785,0.6047190399333493,1
7354,5.542818676655999,5.96189547366785,0.41907679701185074,10
7355,5.125070457637173,5.96189547366785,0.8368250160306774,7
7356,5.5425573675993585,5.96189547366785,0.41933810606849153,6
7357,5.388892956894284,5.96189547366785,0.573002516773566,4
7358,5.542666541985103,5.96189547366785,0.41922893168274733,5
7359,5.37608782259092,5.96189547366785,0.5858076510769301,9
7360,5.523313177940173,5.96189547366785,0.43858229572767726,8
7361,5.513384767851168,5.96189547366785,0.4485107058166822,3
7362,3.8222100518835433,4.022428371185487,0.200218319301944,2
7363,3.8221797006252047,4.022428371185487,0.20024867056028262,3
7364,3.8226243409530456,4.022428371185487,0.19980403023244175,5
7365,3.8222420230237555,4.022428371185487,0.20018634816173186,1
7366,3.8222554576141476,4.022428371185487,0.2001729135713397,9
7367,3.8224160448807476,4.022428371185487,0.20001232630473975,8
7368,3.8221447885273583,4.022428371185487,0.20028358265812907,6
7369,3.822212947541909,4.022428371185487,0.20021542364357847,7
7370,3.834064246026248,4.022428371185487,0.1883641251592394,10
7371,5.173694120373756,4.468347330412158,-0.7053467899615979,10
7372,5.174026459032864,4.468347330412158,-0.705679128620706,2
7373,5.228160192530526,4.468347330412158,-0.759812862118368,7
7374,5.174192544624208,4.468347330412158,-0.7058452142120499,1
7375,5.173768089298304,4.468347330412158,-0.7054207588861461,6
7376,5.339494398515179,4.468347330412158,-0.8711470681030216,8
7377,5.173899884625324,4.468347330412158,-0.705552554213166,5
7378,5.137561825389458,4.468347330412158,-0.6692144949773002,9
7379,5.173739269212338,4.468347330412158,-0.7053919388001804,4
7380,5.865556439965365,5.748188027006201,-0.11736841295916456,1
7381,5.917275592735467,5.748188027006201,-0.1690875657292663,7
7382,5.921942973122568,5.748188027006201,-0.17375494611636721,5
7383,5.787197732009206,5.748188027006201,-0.03900970500300538,4
7384,5.878375547503309,5.748188027006201,-0.1301875204971079,9
7385,5.9481275369534625,5.748188027006201,-0.19993950994726184,6
7386,5.851747299723123,5.748188027006201,-0.10355927271692256,2
7387,5.948487885004953,5.748188027006201,-0.20029985799875227,8
7388,5.948207110238011,5.748188027006201,-0.20001908323181006,10
7389,4.189013592089475,4.389095173354185,0.2000815812647101,4
7390,4.239983569645212,4.389095173354185,0.14911160370897303,10
7391,4.1888644590440665,4.389095173354185,0.20023071431011896,2
7392,4.188898651281277,4.389095173354185,0.2001965220729085,3
7393,4.353796944108215,4.389095173354185,0.0352982292459707,6
7394,4.188686762662648,4.389095173354185,0.20040841069153714,7
7395,4.462224520543946,4.389095173354185,-0.07312934718976027,8
7396,4.276373385866036,4.389095173354185,0.11272178748814898,5
7397,4.1889480575363685,4.389095173354185,0.20014711581781697,1
7398,4.3791380291337,4.17897694729317,-0.20016108184053039,1
7399,4.379131353128923,4.17897694729317,-0.20015440583575295,3
7400,4.378740817841182,4.17897694729317,-0.19976387054801226,4
7401,4.379079244150322,4.17897694729317,-0.20010229685715242,10
7402,4.3791179189984275,4.17897694729317,-0.2001409717052578,6
7403,4.378790125731842,4.17897694729317,-0.19981317843867252,7
7404,4.535838497658107,4.17897694729317,-0.35686155036493705,5
7405,4.379287513063037,4.17897694729317,-0.2003105657698674,2
7406,4.771707774261197,4.17897694729317,-0.5927308269680269,9
7407,5.8949174041896715,5.781036938621132,-0.11388046556853926,1
7408,5.878342100677254,5.781036938621132,-0.09730516205612183,4
7409,5.716864413602302,5.781036938621132,0.0641725250188303,5
7410,5.844920032519433,5.781036938621132,-0.06388309389830038,6
7411,5.7571604060676425,5.781036938621132,0.02387653255348976,2
7412,5.74216152265732,5.781036938621132,0.03887541596381183,8
7413,5.807637451710757,5.781036938621132,-0.02660051308962519,9
7414,5.909679398601493,5.781036938621132,-0.1286424599803606,10
7415,5.815107901259093,5.781036938621132,-0.034070962637961166,3
7416,4.927354106123155,4.0,-0.9273541061231549,1
7417,4.694326045335806,4.0,-0.6943260453358064,7
7418,4.702101771058571,4.0,-0.7021017710585706,8
7419,4.667906617708475,4.0,-0.6679066177084749,10
7420,4.46010613149659,4.0,-0.4601061314965902,9
7421,4.826158035259905,4.0,-0.8261580352599047,3
7422,4.687324581451601,4.0,-0.6873245814516009,4
7423,4.5624302876311695,4.0,-0.5624302876311695,2
7424,4.671970098705829,4.0,-0.6719700987058292,5
7425,5.293000178992049,4.812913356642856,-0.4800868223491932,10
7426,5.1767682949021205,4.812913356642856,-0.36385493825926485,6
7427,5.260917441115517,4.812913356642856,-0.44800408447266094,3
7428,5.304818234847677,4.812913356642856,-0.49190487820482165,9
7429,5.2278171700719875,4.812913356642856,-0.41490381342913185,4
7430,5.210323286269965,4.812913356642856,-0.3974099296271092,1
7431,5.169330083301112,4.812913356642856,-0.3564167266582565,2
7432,5.194242440796082,4.812913356642856,-0.38132908415322664,5
7433,5.206854934970396,4.812913356642856,-0.3939415783275404,8
7434,5.488995739913534,5.68930885912362,0.20031311921008577,4
7435,5.4891572905691,5.68930885912362,0.20015156855451988,9
7436,5.489202484699702,5.68930885912362,0.20010637442391754,7
7437,5.489234254875111,5.68930885912362,0.20007460424850887,1
7438,5.489061945449386,5.68930885912362,0.20024691367423397,8
7439,5.489574938941375,5.68930885912362,0.19973392018224523,2
7440,5.489449981229061,5.68930885912362,0.1998588778945587,5
7441,5.4892439543579545,5.68930885912362,0.2000649047656653,10
7442,5.489396350801532,5.68930885912362,0.19991250832208785,3
7443,5.8557837407121855,5.851258348719076,-0.004525391993109196,2
7444,6.105261302640407,5.851258348719076,-0.2540029539213302,9
7445,6.051438327763711,5.851258348719076,-0.20017997904463503,3
7446,6.05140623527855,5.851258348719076,-0.20014788655947324,6
7447,6.104664785333375,5.851258348719076,-0.2534064366142985,10
7448,6.044361115158022,5.851258348719076,-0.19310276643894575,5
7449,6.090327840542817,5.851258348719076,-0.2390694918237406,4
7450,6.051616670197461,5.851258348719076,-0.20035832147838484,7
7451,6.051645868649402,5.851258348719076,-0.20038751993032555,1
7452,4.988972316536986,5.189209489582306,0.20023717304531985,3
7453,4.989366043242411,5.189209489582306,0.19984344633989526,9
7454,4.9894082953098255,5.189209489582306,0.19980119427248066,5
7455,4.98898987454605,5.189209489582306,0.2002196150362563,8
7456,4.988909303580565,5.189209489582306,0.2003001860017415,2
7457,5.030431153472623,5.189209489582306,0.15877833610968306,10
7458,4.989421467408163,5.189209489582306,0.19978802217414326,6
7459,4.988978233653905,5.189209489582306,0.20023125592840163,4
7460,4.989565790142832,5.189209489582306,0.19964369943947435,1
7461,4.248957642125169,4.049218022670182,-0.19973961945498697,2
7462,4.3953661437166796,4.049218022670182,-0.3461481210464976,10
7463,4.2492605492739655,4.049218022670182,-0.20004252660378352,8
7464,4.248815789297375,4.049218022670182,-0.19959776662719264,9
7465,4.568621776814448,4.049218022670182,-0.5194037541442658,7
7466,4.718941209892593,4.049218022670182,-0.6697231872224112,4
7467,4.58891872940382,4.049218022670182,-0.5397007067336377,5
7468,4.377071823230642,4.049218022670182,-0.3278538005604599,6
7469,4.337800373374089,4.049218022670182,-0.2885823507039067,1
7470,5.920781114931909,4.7160033436348,-1.2047777712971088,7
7471,5.920374575245965,4.7160033436348,-1.204371231611165,4
7472,5.8716422841507265,4.7160033436348,-1.1556389405159262,1
7473,5.8877358495733985,4.7160033436348,-1.1717325059385981,6
7474,5.8413417606598115,4.7160033436348,-1.1253384170250111,10
7475,5.920560498006942,4.7160033436348,-1.204557154372142,2
7476,5.927825019880615,4.7160033436348,-1.2118216762458145,3
7477,5.920510444309436,4.7160033436348,-1.2045071006746353,5
7478,5.920605514512466,4.7160033436348,-1.2046021708776653,9
7479,5.381620480994379,6.763427993562937,1.3818075125685576,8
7480,6.563335366865887,6.763427993562937,0.20009262669704952,6
7481,5.382100747127918,6.763427993562937,1.3813272464350188,9
7482,5.381956920980858,6.763427993562937,1.3814710725820785,5
7483,5.381608353521603,6.763427993562937,1.3818196400413338,3
7484,5.381589240977918,6.763427993562937,1.3818387525850193,1
7485,5.38145617012344,6.763427993562937,1.381971823439497,7
7486,5.382132867689692,6.763427993562937,1.3812951258732449,2
7487,5.382225828358888,6.763427993562937,1.3812021652040487,4
7488,5.920374575245965,3.832508912706236,-2.087865662539729,4
7489,5.8877358495733985,3.832508912706236,-2.0552269368671623,6
7490,5.8716422841507265,3.832508912706236,-2.0391333714444904,1
7491,5.920510444309436,3.832508912706236,-2.0880015316031995,5
7492,5.920781114931909,3.832508912706236,-2.088272202225673,7
7493,5.927825019880615,3.832508912706236,-2.0953161071743787,3
7494,5.8413417606598115,3.832508912706236,-2.0088328479535753,10
7495,5.920605514512466,3.832508912706236,-2.0880966018062295,9
7496,6.042841081519656,3.832508912706236,-2.21033216881342,8
7497,5.27917070610397,5.079181246047625,-0.19998946005634455,1
7498,5.279341206897477,5.079181246047625,-0.20015996084985233,7
7499,5.279076426444687,5.079181246047625,-0.19989518039706233,2
7500,5.278802773375065,5.079181246047625,-0.19962152732743998,9
7501,5.279393137587692,5.079181246047625,-0.20021189154006702,4
7502,5.279236466434912,5.079181246047625,-0.20005522038728696,6
7503,5.278973205135868,5.079181246047625,-0.19979195908824288,5
7504,5.279442466108858,5.079181246047625,-0.2002612200612326,3
7505,5.279051432969847,5.079181246047625,-0.19987018692222147,10
7506,4.58201842610309,3.4771212547196626,-1.1048971713834277,8
7507,4.536016017456271,3.4771212547196626,-1.0588947627366085,2
7508,4.720456687759034,3.4771212547196626,-1.2433354330393716,6
7509,4.498742432251046,3.4771212547196626,-1.021621177531383,7
7510,4.434375945905216,3.4771212547196626,-0.9572546911855531,9
7511,4.5075371918951515,3.4771212547196626,-1.0304159371754888,5
7512,4.616543319019721,3.4771212547196626,-1.1394220643000583,3
7513,4.5826020040071125,3.4771212547196626,-1.1054807492874499,10
7514,4.693712850120422,3.4771212547196626,-1.2165915954007591,1
7515,4.881694073371872,5.285557309007774,0.4038632356359022,6
7516,4.694326045335806,5.285557309007774,0.5912312636719674,7
7517,4.5624302876311695,5.285557309007774,0.7231270213766043,2
7518,4.667906617708475,5.285557309007774,0.617650691299299,10
7519,4.826158035259905,5.285557309007774,0.45939927374786915,3
7520,4.687324581451601,5.285557309007774,0.598232727556173,4
7521,4.927354106123155,5.285557309007774,0.35820320288461893,1
7522,4.671970098705829,5.285557309007774,0.6135872103019446,5
7523,4.702101771058571,5.285557309007774,0.5834555379492032,8
7524,5.605078631008983,6.2552725051033065,0.6501938740943238,1
7525,5.61405219169966,6.2552725051033065,0.6412203134036467,7
7526,5.53908120934651,6.2552725051033065,0.7161912957567962,9
7527,5.624609942710686,6.2552725051033065,0.6306625623926205,6
7528,5.5716793505870035,6.2552725051033065,0.683593154516303,5
7529,5.552545085223386,6.2552725051033065,0.7027274198799205,10
7530,5.619491919767845,6.2552725051033065,0.6357805853354614,3
7531,5.591329937566722,6.2552725051033065,0.6639425675365844,4
7532,5.690141834900597,6.2552725051033065,0.5651306702027092,8
7533,5.045381859985541,4.845098040014257,-0.20028381997128442,6
7534,5.045293315173938,4.845098040014257,-0.20019527515968072,10
7535,5.045317137958332,4.845098040014257,-0.20021909794407478,2
7536,5.045121825830909,4.845098040014257,-0.20002378581665248,9
7537,5.045192848181868,4.845098040014257,-0.20009480816761105,5
7538,5.045163084992964,4.845098040014257,-0.20006504497870736,7
7539,5.044744520867922,4.845098040014257,-0.19964648085366488,3
7540,5.045288138874069,4.845098040014257,-0.20019009885981198,1
7541,5.044671206950516,4.845098040014257,-0.19957316693625948,4
7542,5.542497070179131,6.079181246047625,0.5366841758684942,9
7543,5.568701255431591,6.079181246047625,0.5104799906160338,7
7544,5.53645503425266,6.079181246047625,0.5427262117949647,6
7545,5.603261204387125,6.079181246047625,0.4759200416605003,8
7546,5.558403900322969,6.079181246047625,0.5207773457246558,3
7547,5.597804993671866,6.079181246047625,0.48137625237575943,4
7548,5.68354955854066,6.079181246047625,0.395631687506965,2
7549,5.549282766810986,6.079181246047625,0.529898479236639,10
7550,5.608707910996458,6.079181246047625,0.4704733350511674,1
7551,4.229900854274443,4.4048337166199385,0.17493286234549554,6
7552,4.295691099999633,4.4048337166199385,0.10914261662030533,1
7553,4.362862565177901,4.4048337166199385,0.04197115144203778,3
7554,4.295267568500506,4.4048337166199385,0.10956614811943233,10
7555,4.303510775920845,4.4048337166199385,0.10132294069909342,7
7556,4.339555614025492,4.4048337166199385,0.06527810259444689,4
7557,4.530630948946571,4.4048337166199385,-0.1257972323266321,5
7558,4.295436597738158,4.4048337166199385,0.10939711888178039,8
7559,4.295409026400235,4.4048337166199385,0.10942469021970336,9
7560,5.4466531007842764,4.79982283099332,-0.6468302697909563,9
7561,5.4144415787317515,4.79982283099332,-0.6146187477384313,4
7562,5.536381411229825,4.79982283099332,-0.7365585802365047,6
7563,5.430702204787752,4.79982283099332,-0.630879373794432,2
7564,5.402575926269787,4.79982283099332,-0.6027530952764666,5
7565,5.5872254394716245,4.79982283099332,-0.7874026084783043,1
7566,5.60294249051301,4.79982283099332,-0.8031196595196901,7
7567,5.4512218363913085,4.79982283099332,-0.6513990053979883,3
7568,5.577558520700032,4.79982283099332,-0.777735689706712,8
7569,5.387639147342195,6.698970004336019,1.3113308569938233,4
7570,5.40852619801172,6.698970004336019,1.2904438063242987,6
7571,5.35218569644004,6.698970004336019,1.3467843078959785,9
7572,5.404692253429885,6.698970004336019,1.2942777509061338,5
7573,5.279466350580492,6.698970004336019,1.4195036537555268,1
7574,5.340204274437094,6.698970004336019,1.3587657298989244,3
7575,5.427748714284886,6.698970004336019,1.271221290051133,8
7576,5.253828674790379,6.698970004336019,1.4451413295456401,7
7577,5.421086222798817,6.698970004336019,1.2778837815372022,10
7578,4.3791380291337,3.494154594018443,-0.8849834351152572,1
7579,4.771707774261197,3.494154594018443,-1.2775531802427538,9
7580,4.3791179189984275,3.494154594018443,-0.8849633249799846,6
7581,4.378790125731842,3.494154594018443,-0.8846355317133994,7
7582,4.379131353128923,3.494154594018443,-0.8849767591104798,3
7583,4.379287513063037,3.494154594018443,-0.8851329190445942,2
7584,4.378740817841182,3.494154594018443,-0.8845862238227391,4
7585,4.6570652600827716,3.494154594018443,-1.1629106660643287,8
7586,4.379079244150322,3.494154594018443,-0.8849246501318793,10
7587,5.5839187381537325,6.079181246047625,0.4952625078938926,4
7588,5.485729454021534,6.079181246047625,0.5934517920260909,2
7589,5.59358468596975,6.079181246047625,0.4855965600778749,10
7590,5.547644930243015,6.079181246047625,0.53153631580461,6
7591,5.619164587724461,6.079181246047625,0.4600166583231644,7
7592,5.54969918607705,6.079181246047625,0.529482059970575,5
7593,5.62257116113303,6.079181246047625,0.45661008491459487,9
7594,5.487500920036702,6.079181246047625,0.5916803260109234,8
7595,5.628659402502914,6.079181246047625,0.4505218435447107,3
7596,4.914842776423631,4.017033339298781,-0.8978094371248506,4
7597,4.567446392622815,4.017033339298781,-0.5504130533240339,5
7598,4.87653480344196,4.017033339298781,-0.8595014641431797,9
7599,4.8868079151534625,4.017033339298781,-0.8697745758546818,8
7600,4.813123817836879,4.017033339298781,-0.7960904785380984,7
7601,4.8566728274868,4.017033339298781,-0.8396394881880189,2
7602,4.70621597624724,4.017033339298781,-0.689182636948459,3
7603,4.783869522044654,4.017033339298781,-0.7668361827458732,10
7604,4.804040539611789,4.017033339298781,-0.787007200313008,6
7605,4.3541591892573885,4.544068044350276,0.18990885509288713,8
7606,4.744159126044323,4.544068044350276,-0.20009108169404755,10
7607,4.343786125967666,4.544068044350276,0.20028191838260945,7
7608,4.343739747519054,4.544068044350276,0.20032829683122166,5
7609,4.343913583175322,4.544068044350276,0.20015446117495372,9
7610,4.343955400728158,4.544068044350276,0.2001126436221181,1
7611,4.461768067917712,4.544068044350276,0.08229997643256404,4
7612,4.344301225230964,4.544068044350276,0.19976681911931138,2
7613,4.533043446908392,4.544068044350276,0.011024597441883444,6
7614,4.4819144274619465,3.342422680822206,-1.1394917466397403,8
7615,4.64533880849428,3.342422680822206,-1.302916127672074,9
7616,4.644768892848302,3.342422680822206,-1.3023462120260958,3
7617,4.644761955235421,3.342422680822206,-1.3023392744132152,4
7618,4.6449488704071555,3.342422680822206,-1.3025261895849494,1
7619,4.645096514936943,3.342422680822206,-1.3026738341147373,6
7620,4.761422924497053,3.342422680822206,-1.4190002436748466,7
7621,4.645409818541271,3.342422680822206,-1.302987137719065,10
7622,4.644847254193091,3.342422680822206,-1.3024245733708848,5
7623,2.6878054813166643,4.1027766148834415,1.4149711335667772,1
7624,2.5751111868014624,4.1027766148834415,1.527665428081979,3
7625,2.7895392380947173,4.1027766148834415,1.3132373767887242,4
7626,2.6637649436460897,4.1027766148834415,1.4390116712373517,2
7627,2.6115404347679583,4.1027766148834415,1.4912361801154832,9
7628,2.650664434346353,4.1027766148834415,1.4521121805370885,10
7629,2.718723979471554,4.1027766148834415,1.3840526354118876,7
7630,2.7264412429857146,4.1027766148834415,1.376335371897727,8
7631,2.606598679552333,4.1027766148834415,1.4961779353311084,6
7632,4.928546369586376,3.9190780923760737,-1.0094682772103019,4
7633,4.788860571971689,3.9190780923760737,-0.8697824795956155,6
7634,4.83174355803124,3.9190780923760737,-0.9126654656551665,2
7635,4.927622958382862,3.9190780923760737,-1.0085448660067886,1
7636,4.8686053707708865,3.9190780923760737,-0.9495272783948128,8
7637,4.946814745060186,3.9190780923760737,-1.027736652684112,9
7638,4.860641932442763,3.9190780923760737,-0.9415638400666895,3
7639,4.832854571649967,3.9190780923760737,-0.9137764792738929,5
7640,4.775742374824652,3.9190780923760737,-0.8566642824485786,10
7641,5.696542838853475,6.0,0.3034571611465253,9
7642,5.6970572701212445,6.0,0.3029427298787555,7
7643,5.630143519253374,6.0,0.369856480746626,3
7644,5.721975935773457,6.0,0.2780240642265426,8
7645,5.647878210808268,6.0,0.35212178919173187,5
7646,5.863224335248046,6.0,0.13677566475195402,2
7647,5.722677031358974,6.0,0.2773229686410259,4
7648,5.6479862543149135,6.0,0.3520137456850865,1
7649,5.655900868904079,6.0,0.3440991310959207,10
7650,5.53645503425266,5.7363965022766426,0.19994146802398216,6
7651,5.549282766810986,5.7363965022766426,0.18711373546565646,10
7652,5.597804993671866,5.7363965022766426,0.13859150860477687,4
7653,5.68354955854066,5.7363965022766426,0.05284694373598242,2
7654,5.603261204387125,5.7363965022766426,0.13313529788951772,8
7655,5.542497070179131,5.7363965022766426,0.1938994320975116,9
7656,5.608707910996458,5.7363965022766426,0.12768859128018484,1
7657,5.527978458492069,5.7363965022766426,0.2084180437845733,5
7658,5.558403900322969,5.7363965022766426,0.17799260195367328,3
7659,5.007681796298755,4.562173863364649,-0.44550793293410607,3
7660,5.040108106122749,4.562173863364649,-0.47793424275810015,9
7661,4.925105598281784,4.562173863364649,-0.3629317349171357,10
7662,5.169438950562944,4.562173863364649,-0.6072650871982956,6
7663,5.0852713782699155,4.562173863364649,-0.5230975149052668,4
7664,4.825814055665339,4.562173863364649,-0.2636401923006906,5
7665,5.074518910450508,4.562173863364649,-0.5123450470858595,7
7666,5.081379392920357,4.562173863364649,-0.5192055295557081,1
7667,4.863741526218286,4.562173863364649,-0.30156766285363723,2
7668,5.185030269836357,4.445604203273597,-0.7394260665627597,9
7669,5.175432242647933,4.445604203273597,-0.7298280393743353,1
7670,5.179239514064257,4.445604203273597,-0.7336353107906595,7
7671,4.977368811366176,4.445604203273597,-0.5317646080925789,5
7672,5.021987975992033,4.445604203273597,-0.5763837727184358,2
7673,5.321155405141736,4.445604203273597,-0.8755512018681388,8
7674,5.120605218778779,4.445604203273597,-0.675001015505182,3
7675,5.280748056487187,4.445604203273597,-0.83514385321359,4
7676,5.007779571377293,4.445604203273597,-0.5621753681036958,10
7677,5.368564707228331,5.477121254719663,0.10855654749133148,5
7678,5.459155080320796,5.477121254719663,0.017966174398866386,7
7679,5.417040575964109,5.477121254719663,0.06008067875555323,6
7680,5.36796983630037,5.477121254719663,0.10915141841929277,1
7681,5.377089756328855,5.477121254719663,0.10003149839080727,2
7682,5.3448403072735,5.477121254719663,0.13228094744616303,4
7683,5.387953712506766,5.477121254719663,0.08916754221289658,10
7684,5.315298036002798,5.477121254719663,0.16182321871686423,3
7685,5.322894284836051,5.477121254719663,0.15422696988361118,9
7686,5.264183848931754,5.064457989226918,-0.19972585970483614,8
7687,5.2646000662430215,5.064457989226918,-0.20014207701610331,10
7688,5.26429813827278,5.064457989226918,-0.1998401490458619,7
7689,5.264569782468755,5.064457989226918,-0.20011179324183725,2
7690,5.26473580985233,5.064457989226918,-0.20027782062541188,3
7691,5.264448211948705,5.064457989226918,-0.19999022272178646,4
7692,5.264810441947753,5.064457989226918,-0.20035245272083468,6
7693,5.264431134495166,5.064457989226918,-0.19997314526824805,1
7694,5.2642960083263235,5.064457989226918,-0.19983801909940535,5
7695,5.521139356914133,7.176091259055681,1.6549519021415486,10
7696,5.570388355270101,7.176091259055681,1.6057029037855806,7
7697,5.631131447411934,7.176091259055681,1.5449598116437473,8
7698,5.53245724337527,7.176091259055681,1.6436340156804112,3
7699,5.532954675950196,7.176091259055681,1.643136583105485,1
7700,5.542314736572722,7.176091259055681,1.6337765224829592,6
7701,5.498901712474857,7.176091259055681,1.6771895465808244,2
7702,5.511194769029909,7.176091259055681,1.6648964900257726,4
7703,5.582203640444859,7.176091259055681,1.5938876186108226,9
7704,6.095003862855984,6.041392685158225,-0.053611177697758805,6
7705,6.044727886764307,6.041392685158225,-0.0033352016060819167,9
7706,6.138476354632551,6.041392685158225,-0.09708366947432534,8
7707,6.082410371897074,6.041392685158225,-0.04101768673884898,4
7708,5.841025026532999,6.041392685158225,0.20036765862522632,5
7709,6.103327547444428,6.041392685158225,-0.061934862286202375,1
7710,6.02457304561986,6.041392685158225,0.016819639538365294,3
7711,5.963680113785202,6.041392685158225,0.07771257137302356,2
7712,6.044426219184823,6.041392685158225,-0.003033534026597451,7
7713,6.0562072860998315,5.541579243946581,-0.5146280421532508,8
7714,6.106700238918625,5.541579243946581,-0.5651209949720446,5
7715,6.094763498411746,5.541579243946581,-0.5531842544651653,10
7716,6.200091115730534,5.541579243946581,-0.6585118717839533,7
7717,6.133856174310633,5.541579243946581,-0.5922769303640525,9
7718,5.800219839241525,5.541579243946581,-0.25864059529494465,1
7719,6.115278484301225,5.541579243946581,-0.5736992403546441,4
7720,6.106266888108495,5.541579243946581,-0.5646876441619142,6
7721,6.018495211717079,5.541579243946581,-0.4769159677704984,2
7722,4.794302210082143,4.994317152669637,0.20001494258749375,10
7723,4.794201112952683,4.994317152669637,0.2001160397169537,8
7724,4.794288357933636,4.994317152669637,0.20002879473600021,5
7725,4.794397455548944,4.994317152669637,0.19991969712069224,3
7726,4.794422568638592,4.994317152669637,0.19989458403104443,9
7727,4.794278908090269,4.994317152669637,0.20003824457936759,2
7728,4.9755240670749,4.994317152669637,0.018793085594736247,4
7729,4.794741450126128,4.994317152669637,0.19957570254350898,1
7730,4.7942968543377384,4.994317152669637,0.20002029833189816,7
7731,5.649852909558691,5.079181246047625,-0.5706716635110656,7
7732,5.5618899351189075,5.079181246047625,-0.4827086890712824,5
7733,5.777100304621056,5.079181246047625,-0.6979190585734312,8
7734,5.707433975536402,5.079181246047625,-0.6282527294887768,1
7735,5.510325772907689,5.079181246047625,-0.43114452686006377,2
7736,5.778662307225015,5.079181246047625,-0.6994810611773898,9
7737,5.350132115899345,5.079181246047625,-0.27095086985171957,3
7738,5.7598099712608075,5.079181246047625,-0.6806287252131824,6
7739,5.639643853610165,5.079181246047625,-0.5604626075625401,10
7740,4.4655977571479895,4.54282542695918,0.07722766981119022,2
7741,4.5880793313405634,4.54282542695918,-0.04525390438138377,3
7742,4.606556418440107,4.54282542695918,-0.0637309914809272,6
7743,4.716344800934308,4.54282542695918,-0.17351937397512796,8
7744,4.678284782375974,4.54282542695918,-0.13545935541679466,7
7745,4.742615421724148,4.54282542695918,-0.19978999476496817,9
7746,4.742888259505078,4.54282542695918,-0.20006283254589796,4
7747,4.414095443494851,4.54282542695918,0.1287299834643285,1
7748,4.53783082133036,4.54282542695918,0.004994605628819926,5
7749,5.716820209044018,6.477121254719663,0.7603010456756447,5
7750,5.73338533405925,6.477121254719663,0.7437359206604128,1
7751,5.819047551052627,6.477121254719663,0.6580737036670357,8
7752,5.720494106894734,6.477121254719663,0.7566271478249282,7
7753,5.747250195440895,6.477121254719663,0.7298710592787678,9
7754,5.704110932094054,6.477121254719663,0.7730103226256082,3
7755,5.757660867361643,6.477121254719663,0.7194603873580192,6
7756,5.84536763016694,6.477121254719663,0.6317536245527222,4
7757,5.823337214115567,6.477121254719663,0.653784040604096,10
7758,5.371400228355472,5.571708831808688,0.200308603453216,5
7759,5.3719468159040025,5.571708831808688,0.19976201590468534,7
7760,5.457705918241187,5.571708831808688,0.11400291356750092,8
7761,5.371414915635874,5.571708831808688,0.20029391617281345,9
7762,5.371866280273614,5.571708831808688,0.1998425515350739,3
7763,5.302843668423668,5.571708831808688,0.2688651633850201,2
7764,5.4489769039557965,5.571708831808688,0.12273192785289133,4
7765,5.427846818736579,5.571708831808688,0.1438620130721091,1
7766,5.432301439759206,5.571708831808688,0.13940739204948205,10
7767,6.068981054779663,6.633468455579586,0.5644874007999228,9
7768,6.0947154347651225,6.633468455579586,0.5387530208144637,8
7769,5.782555360522217,6.633468455579586,0.8509130950573693,5
7770,6.162801284645385,6.633468455579586,0.47066717093420163,7
7771,6.12714979557621,6.633468455579586,0.5063186600033758,4
7772,6.151390692041495,6.633468455579586,0.48207776353809084,2
7773,6.257761462131061,6.633468455579586,0.3757069934485253,3
7774,6.433316774998443,6.633468455579586,0.2001516805811434,1
7775,6.086103899695213,6.633468455579586,0.5473645558843732,6
7776,6.3184277600226215,6.363047594521094,0.044619834498472066,2
7777,6.33141939206308,6.363047594521094,0.031628202458013455,9
7778,6.162747256039726,6.363047594521094,0.20030033848136775,10
7779,6.162758859654252,6.363047594521094,0.20028873486684162,4
7780,6.335468722091257,6.363047594521094,0.02757887242983692,1
7781,6.3752911200934745,6.363047594521094,-0.012243525572380953,7
7782,6.191372838519873,6.363047594521094,0.17167475600122017,5
7783,6.330625968973821,6.363047594521094,0.0324216255472729,8
7784,6.314889193030385,6.363047594521094,0.04815840149070816,6
7785,4.412355876715989,4.212187604403958,-0.20016827231203127,9
7786,4.545487449113537,4.212187604403958,-0.33329984470957896,2
7787,4.327448995531365,4.212187604403958,-0.11526139112740719,3
7788,4.421196766077354,4.212187604403958,-0.20900916167339556,4
7789,4.573111976967706,4.212187604403958,-0.36092437256374765,8
7790,4.411936114723275,4.212187604403958,-0.19974851031931706,10
7791,4.412325287947251,4.212187604403958,-0.20013768354329287,6
7792,4.411876689756408,4.212187604403958,-0.19968908535244978,7
7793,4.41222076090817,4.212187604403958,-0.20003315650421172,1
7794,5.516029204659536,4.972619339059624,-0.5434098655999122,2
7795,5.17285381161552,4.972619339059624,-0.20023447255589577,7
7796,5.502834003872302,4.972619339059624,-0.5302146648126778,3
7797,5.286961676783284,4.972619339059624,-0.3143423377236605,1
7798,5.617543161092725,4.972619339059624,-0.6449238220331015,5
7799,5.5565261249573155,4.972619339059624,-0.5839067858976916,4
7800,5.552139856206779,4.972619339059624,-0.5795205171471549,10
7801,5.346386379571828,4.972619339059624,-0.3737670405122042,9
7802,5.3317905712109015,4.972619339059624,-0.35917123215127766,6
7803,5.440301321685402,6.079181246047625,0.6388799243622234,9
7804,5.214426177512849,6.079181246047625,0.8647550685347758,3
7805,5.5104789949065855,6.079181246047625,0.5687022511410396,4
7806,5.3685303588107445,6.079181246047625,0.7106508872368806,8
7807,5.638859656105955,6.079181246047625,0.4403215899416697,10
7808,5.610660329341227,6.079181246047625,0.4685209167063977,5
7809,5.038213371533748,6.079181246047625,1.0409678745138775,7
7810,5.4379556151244115,6.079181246047625,0.6412256309232136,6
7811,5.531118550551787,6.079181246047625,0.5480626954958385,2
7812,4.753192812968651,5.073791642808014,0.32059882983936294,4
7813,4.753648511880643,5.073791642808014,0.320143130927371,8
7814,4.413123263896667,5.073791642808014,0.660668378911347,10
7815,4.873604196258504,5.073791642808014,0.20018744654950993,2
7816,4.753303663082448,5.073791642808014,0.32048797972556553,5
7817,4.753452227981847,5.073791642808014,0.3203394148261669,6
7818,4.753357598813715,5.073791642808014,0.32043404399429853,1
7819,4.753370114547608,5.073791642808014,0.3204215282604057,3
7820,4.753353980457772,5.073791642808014,0.3204376623502423,9
7821,5.532504404651496,4.704853744566289,-0.8276506600852072,9
7822,5.484365862894045,4.704853744566289,-0.779512118327756,4
7823,5.020790178297172,4.704853744566289,-0.315936433730883,1
7824,5.487312903198664,4.704853744566289,-0.782459158632375,2
7825,5.5731594451414725,4.704853744566289,-0.868305700575184,8
7826,5.500373299716854,4.704853744566289,-0.7955195551505652,7
7827,5.573030572869549,4.704853744566289,-0.8681768283032607,10
7828,5.516358607795023,4.704853744566289,-0.811504863228734,5
7829,5.518142427442285,4.704853744566289,-0.8132886828759966,3
7830,5.318567058716065,5.518513939877887,0.19994688116182235,1
7831,5.3183221711397115,5.518513939877887,0.20019176873817557,6
7832,5.318192101922208,5.518513939877887,0.20032183795567882,4
7833,5.318200869976348,5.518513939877887,0.2003130699015392,8
7834,5.3186061494759995,5.518513939877887,0.19990779040188755,3
7835,5.31853646189332,5.518513939877887,0.1999774779845671,7
7836,5.318485473506416,5.518513939877887,0.20002846637147087,2
7837,5.318443545698799,5.518513939877887,0.20007039417908778,5
7838,5.3180897653785975,5.518513939877887,0.20042417449928962,9
7839,4.753370114547608,4.953663063747091,0.2002929491994827,3
7840,4.753192812968651,4.953663063747091,0.20047025077843994,4
7841,4.33326147549368,4.953663063747091,0.6204015882534106,7
7842,4.753452227981847,4.953663063747091,0.2002108357652439,6
7843,4.753303663082448,4.953663063747091,0.20035940066464253,5
7844,4.753353980457772,4.953663063747091,0.2003090832893193,9
7845,4.753357598813715,4.953663063747091,0.20030546493337553,1
7846,4.753648511880643,4.953663063747091,0.200014551866448,8
7847,4.873604196258504,4.953663063747091,0.08005886748858693,2
7848,5.9116974803517,4.792391689498253,-1.1193057908534474,1
7849,5.813640376759281,4.792391689498253,-1.0212486872610285,3
7850,5.917865373611986,4.792391689498253,-1.1254736841137332,8
7851,5.883031122507653,4.792391689498253,-1.0906394330094002,4
7852,5.872351679106621,4.792391689498253,-1.0799599896083683,9
7853,5.758316572738672,4.792391689498253,-0.9659248832404197,2
7854,4.992758765229562,4.792391689498253,-0.20036707573130919,5
7855,6.079314661970326,4.792391689498253,-1.2869229724720732,6
7856,6.188360812261623,4.792391689498253,-1.3959691227633702,10
7857,5.058775406464625,4.117271295655764,-0.9415041108088609,5
7858,5.158966846265465,4.117271295655764,-1.0416955506097008,1
7859,5.159436705491401,4.117271295655764,-1.0421654098356363,6
7860,5.0590219774480865,4.117271295655764,-0.941750681792322,9
7861,5.11056749933108,4.117271295655764,-0.9932962036753157,4
7862,4.9740764574009315,4.117271295655764,-0.8568051617451671,2
7863,5.209028991627963,4.117271295655764,-1.0917576959721984,8
7864,5.074879547920511,4.117271295655764,-0.9576082522647464,10
7865,5.0591467855180525,4.117271295655764,-0.9418754898622881,7
7866,5.5797945122743355,6.3979400086720375,0.818145496397702,9
7867,5.632783483726872,6.3979400086720375,0.7651565249451657,1
7868,5.518280699980509,6.3979400086720375,0.8796593086915285,6
7869,5.575309275855493,6.3979400086720375,0.8226307328165445,3
7870,5.643534315976316,6.3979400086720375,0.7544056926957214,10
7871,5.564436755435637,6.3979400086720375,0.8335032532364002,4
7872,5.597487606687618,6.3979400086720375,0.8004524019844199,8
7873,5.666166670683296,6.3979400086720375,0.7317733379887414,7
7874,5.5201247865009275,6.3979400086720375,0.87781522217111,5
7875,4.368067166880941,4.568201724066995,0.200134557186054,5
7876,4.367861344075254,4.568201724066995,0.20034037999174092,9
7877,4.3459066262882216,4.568201724066995,0.22229509777877343,6
7878,4.2510687634140485,4.568201724066995,0.3171329606529465,10
7879,4.368024156710996,4.568201724066995,0.20017756735599868,2
7880,4.125394595828044,4.568201724066995,0.4428071282389512,3
7881,4.063460784843223,4.568201724066995,0.5047409392237716,1
7882,4.33624281318356,4.568201724066995,0.231958910883435,4
7883,4.3686208376804,4.568201724066995,0.19958088638659532,8
7884,5.2086337151403574,4.357172257723033,-0.851461457417324,10
7885,5.264428903600751,4.357172257723033,-0.9072566458777178,1
7886,5.238850469209986,4.357172257723033,-0.8816782114869524,4
7887,5.22652112805268,4.357172257723033,-0.869348870329647,3
7888,5.1840026279398925,4.357172257723033,-0.8268303702168591,7
7889,5.205208408696304,4.357172257723033,-0.8480361509732708,9
7890,5.195096291290931,4.357172257723033,-0.8379240335678979,5
7891,5.125941556290382,4.357172257723033,-0.7687692985673484,2
7892,5.260308518406929,4.357172257723033,-0.9031362606838957,6
7893,5.385547316937012,5.089905111439398,-0.29564220549761355,4
7894,5.385603175016576,5.089905111439398,-0.295698063577178,2
7895,5.385435649950907,5.089905111439398,-0.29553053851150857,6
7896,5.385630857698264,5.089905111439398,-0.2957257462588663,5
7897,5.387719131083677,5.089905111439398,-0.2978140196442789,8
7898,5.385437398830689,5.089905111439398,-0.2955322873912909,7
7899,5.290164744711447,5.089905111439398,-0.200259633272049,1
7900,5.385618946866882,5.089905111439398,-0.29571383542748375,3
7901,5.385511382405343,5.089905111439398,-0.29560627096594505,10
7902,4.557268587196999,4.683947130751513,0.12667854355451347,3
7903,4.879054413043292,4.683947130751513,-0.19510728229177943,9
7904,4.878967414178534,4.683947130751513,-0.19502028342702182,6
7905,4.878983129547602,4.683947130751513,-0.19503599879608924,4
7906,4.879225463410179,4.683947130751513,-0.195278332658666,7
7907,4.8792826099193185,4.683947130751513,-0.19533547916780591,8
7908,4.879077598484607,4.683947130751513,-0.19513046773309473,2
7909,4.878946305488789,4.683947130751513,-0.19499917473727635,1
7910,4.87884505939863,4.683947130751513,-0.19489792864711752,5
7911,5.879052944269018,5.903089986991944,0.024037042722925506,6
7912,5.878800982047021,5.903089986991944,0.024289004944923143,5
7913,5.703000980384805,5.903089986991944,0.20008900660713902,1
7914,5.8789346410496375,5.903089986991944,0.024155345942306283,3
7915,5.879216496709702,5.903089986991944,0.023873490282241505,7
7916,5.878918561686082,5.903089986991944,0.024171425305861582,8
7917,5.879300961667894,5.903089986991944,0.023789025324049362,10
7918,5.879172702191981,5.903089986991944,0.023917284799963134,9
7919,5.865122059469895,5.903089986991944,0.03796792752204858,2
7920,5.427597458407051,5.390122251506701,-0.03747520690035078,4
7921,5.590405280228941,5.390122251506701,-0.20028302872224035,5
7922,5.589938472885837,5.390122251506701,-0.19981622137913657,2
7923,5.590023659181789,5.390122251506701,-0.19990140767508802,1
7924,5.590414159545689,5.390122251506701,-0.200291908038988,3
7925,5.589809955412259,5.390122251506701,-0.19968770390555868,10
7926,5.590244442078543,5.390122251506701,-0.20012219057184222,6
7927,5.590195644107412,5.390122251506701,-0.20007339260071166,7
7928,5.590443221282304,5.390122251506701,-0.20032096977560343,8
7929,5.677515369806457,5.477121254719663,-0.2003941150867945,3
7930,5.442002409301595,5.477121254719663,0.03511884541806776,4
7931,5.526670830747875,5.477121254719663,-0.04954957602821253,1
7932,5.574456548682624,5.477121254719663,-0.0973352939629617,5
7933,5.608895485433492,5.477121254719663,-0.13177423071382943,10
7934,5.5808476400762315,5.477121254719663,-0.10372638535656886,7
7935,5.641953614589519,5.477121254719663,-0.16483235986985623,9
7936,5.561618318471415,5.477121254719663,-0.08449706375175214,8
7937,5.554878996736212,5.477121254719663,-0.07775774201654961,2
7938,6.262255362092215,6.4623979978989565,0.20014263580674196,5
7939,6.262135852629889,6.4623979978989565,0.20026214526906738,4
7940,6.361771816551322,6.4623979978989565,0.10062618134763479,3
7941,6.262368440202886,6.4623979978989565,0.20002955769607045,8
7942,6.262337042960905,6.4623979978989565,0.20006095493805187,9
7943,6.262255616655493,6.4623979978989565,0.20014238124346395,10
7944,6.2622449972149505,6.4623979978989565,0.200153000684006,1
7945,6.262166660126387,6.4623979978989565,0.20023133777256952,2
7946,6.26199778576938,6.4623979978989565,0.20040021212957626,6
7947,6.019105950659603,4.76789761601809,-1.2512083346415128,4
7948,6.033337864675522,4.76789761601809,-1.2654402486574314,2
7949,5.551802254355221,4.76789761601809,-0.7839046383371304,7
7950,6.0034776643359535,4.76789761601809,-1.2355800483178632,1
7951,6.062927480291984,4.76789761601809,-1.2950298642738938,8
7952,6.027665231194233,4.76789761601809,-1.259767615176143,6
7953,6.025606708140203,4.76789761601809,-1.2577090921221128,5
7954,6.055822763359593,4.76789761601809,-1.287925147341503,3
7955,6.049321361668655,4.76789761601809,-1.2814237456505646,10
7956,5.375987758107544,4.743509764728429,-0.6324779933791156,6
7957,5.375917661929162,4.743509764728429,-0.6324078972007339,1
7958,5.376114727760801,4.743509764728429,-0.6326049630323727,9
7959,5.554777468252202,4.743509764728429,-0.8112677035237734,5
7960,5.376188078331514,4.743509764728429,-0.6326783136030851,2
7961,5.375815531146254,4.743509764728429,-0.6323057664178258,10
7962,5.326191995924334,4.743509764728429,-0.5826822311959052,8
7963,4.975924173403438,4.743509764728429,-0.23241440867500973,3
7964,5.376131971748219,4.743509764728429,-0.6326222070197902,4
7965,4.319906576165989,4.643452676486188,0.3235461003201987,8
7966,4.443406333388285,4.643452676486188,0.20004634309790248,10
7967,4.208522022401806,4.643452676486188,0.4349306540843818,9
7968,4.092220844690574,4.643452676486188,0.5512318317956142,2
7969,4.41683974025705,4.643452676486188,0.22661293622913803,4
7970,4.216009690797013,4.643452676486188,0.4274429856891748,1
7971,4.219914486823974,4.643452676486188,0.4235381896622137,6
7972,4.443473367287805,4.643452676486188,0.19997930919838325,3
7973,4.579028158552673,4.643452676486188,0.06442451793351456,5
7974,5.611878366244281,5.811709026696192,0.19983066045191133,5
7975,5.611957477339145,5.811709026696192,0.19975154935704698,9
7976,5.611531122929187,5.811709026696192,0.20017790376700528,1
7977,5.611990795427771,5.811709026696192,0.19971823126842114,4
7978,5.611979136115819,5.811709026696192,0.1997298905803735,7
7979,5.611387418067047,5.811709026696192,0.20032160862914505,3
7980,5.612013694563028,5.811709026696192,0.1996953321331647,10
7981,5.6116043581397745,5.811709026696192,0.20010466855641784,6
7982,5.612147551799991,5.811709026696192,0.19956147489620157,8
7983,5.087068304405138,4.887054378050957,-0.20001392635418114,8
7984,5.087396268564664,4.887054378050957,-0.2003418905137071,4
7985,5.086788221502298,4.887054378050957,-0.19973384345134093,1
7986,5.086969825972134,4.887054378050957,-0.19991544792117732,2
7987,4.88369811147119,4.887054378050957,0.003356266579766398,7
7988,5.141803102157171,4.887054378050957,-0.2547487241062143,3
7989,5.087045379128243,4.887054378050957,-0.1999910010772865,9
7990,5.086769337894952,4.887054378050957,-0.19971495984399557,10
7991,5.086933105494046,4.887054378050957,-0.19987872744308888,6
7992,4.05733234553034,3.857332496431269,-0.1999998490990711,2
7993,4.057278382322332,3.857332496431269,-0.1999458858910632,1
7994,4.057318042442456,3.857332496431269,-0.19998554601118723,10
7995,4.057237896588205,3.857332496431269,-0.19990540015693625,6
7996,4.057611554909812,3.857332496431269,-0.200279058478543,9
7997,4.057080249654259,3.857332496431269,-0.1997477532229901,3
7998,4.057032194210246,3.857332496431269,-0.19969969777897667,8
7999,4.057505714928148,3.857332496431269,-0.20017321849687875,4
8000,4.0576917164991935,3.857332496431269,-0.2003592200679245,7
8001,3.6618617977676804,3.792391689498254,0.1305298917305735,6
8002,3.945686600391154,3.792391689498254,-0.15329491089290004,10
8003,3.945812557792185,3.792391689498254,-0.1534208682939311,7
8004,3.9464636391705707,3.792391689498254,-0.15407194967231685,4
8005,3.9463529524437897,3.792391689498254,-0.1539612629455358,2
8006,3.94623504603147,3.792391689498254,-0.153843356533216,1
8007,3.946423028421104,3.792391689498254,-0.15403133892285004,9
8008,3.9459246945241317,3.792391689498254,-0.15353300502587786,3
8009,3.946287112885458,3.792391689498254,-0.1538954233872043,8
8010,3.5632734394787207,3.763427993562937,0.20015455408421623,9
8011,3.563194672663404,3.763427993562937,0.20023332089953305,3
8012,3.563109497256344,3.763427993562937,0.20031849630659293,8
8013,3.705275149140356,3.763427993562937,0.05815284442258095,10
8014,3.5630939291955226,3.763427993562937,0.2003340643674143,2
8015,3.563201762321135,3.763427993562937,0.20022623124180194,6
8016,3.5631096410537912,3.763427993562937,0.20031835250914565,1
8017,3.563164156045042,3.763427993562937,0.20026383751789467,5
8018,3.5631748513548893,3.763427993562937,0.20025314220804757,4
8019,3.744188383076817,3.544068044350276,-0.20012033872654067,9
8020,3.7438176981838094,3.544068044350276,-0.19974965383353327,2
8021,3.744012446929294,3.544068044350276,-0.19994440257901802,1
8022,3.7438813830311375,3.544068044350276,-0.19981333868086137,5
8023,3.7441336230033215,3.544068044350276,-0.20006557865304542,3
8024,3.7440036625368034,3.544068044350276,-0.19993561818652728,4
8025,3.7444969938382764,3.544068044350276,-0.20042894948800027,7
8026,3.744439598499769,3.544068044350276,-0.20037155414949304,8
8027,3.7444098144284865,3.544068044350276,-0.2003417700782104,6
8028,4.070524792101452,3.9242792860618816,-0.1462455060395702,8
8029,4.124522619807231,3.9242792860618816,-0.20024333374534953,5
8030,4.124540906155492,3.9242792860618816,-0.20026162009361004,3
8031,4.073414565649248,3.9242792860618816,-0.1491352795873664,10
8032,3.8448046834468164,3.9242792860618816,0.07947460261506523,6
8033,3.9441052783055164,3.9242792860618816,-0.019825992243634794,7
8034,4.118570297768111,3.9242792860618816,-0.1942910117062291,4
8035,4.083676514797476,3.9242792860618816,-0.1593972287355947,9
8036,4.061889971205697,3.9242792860618816,-0.13761068514381547,1
8037,6.197865093788776,6.3979400086720375,0.20007491488326146,9
8038,6.19778377925577,6.3979400086720375,0.2001562294162671,5
8039,6.197876365138271,6.3979400086720375,0.20006364353376682,6
8040,6.197557612498258,6.3979400086720375,0.2003823961737794,7
8041,6.197649239280096,6.3979400086720375,0.20029076939194113,1
8042,6.1979135863195065,6.3979400086720375,0.20002642235253099,3
8043,6.1982341392415305,6.3979400086720375,0.19970586943050694,4
8044,6.198100665335492,6.3979400086720375,0.19983934333654574,8
8045,6.197628104823214,6.3979400086720375,0.20031190384882347,10
8046,4.33255907198422,4.382017042574868,0.04945797059064816,10
8047,4.181909168473953,4.382017042574868,0.20010787410091524,2
8048,4.226313251865715,4.382017042574868,0.1557037907091532,1
8049,4.492556206318751,4.382017042574868,-0.11053916374388262,3
8050,4.275474053328751,4.382017042574868,0.10654298924611716,4
8051,4.182285377862581,4.382017042574868,0.19973166471228776,6
8052,4.581650795918185,4.382017042574868,-0.199633753343317,5
8053,4.1973311663801764,4.382017042574868,0.1846858761946919,8
8054,4.275817190991621,4.382017042574868,0.10619985158324763,9
8055,5.878976068013409,6.079181246047625,0.20020517803421622,3
8056,5.878938343932165,6.079181246047625,0.20024290211545992,4
8057,5.772650623944564,6.079181246047625,0.30653062210306103,7
8058,5.446472102838331,6.079181246047625,0.6327091432092944,1
8059,5.826851221275637,6.079181246047625,0.25233002477198774,10
8060,5.678933937284496,6.079181246047625,0.4002473087631291,6
8061,5.925794382207823,6.079181246047625,0.1533868638398017,5
8062,5.634454705800244,6.079181246047625,0.44472654024738123,2
8063,5.838584108089066,6.079181246047625,0.24059713795855941,9
8064,5.671446121098252,5.658011396657113,-0.013434724441139245,1
8065,5.668264556046711,5.658011396657113,-0.010253159389598032,4
8066,5.6337304654965585,5.658011396657113,0.024280931160554076,8
8067,5.583310202769114,5.658011396657113,0.07470119388799823,6
8068,5.721342141908727,5.658011396657113,-0.06333074525161475,5
8069,5.688183096163808,5.658011396657113,-0.030171699506695404,3
8070,5.45818220469368,5.658011396657113,0.19982919196343296,10
8071,5.731097889598492,5.658011396657113,-0.07308649294137926,7
8072,5.576860984437692,5.658011396657113,0.08115041221942043,2
8073,4.079068616851108,3.8790958795000727,-0.1999727373510356,2
8074,4.079198933888702,3.8790958795000727,-0.20010305438862952,1
8075,4.07940983572368,3.8790958795000727,-0.20031395622360693,5
8076,4.0794548182935895,3.8790958795000727,-0.20035893879351674,9
8077,4.079114794875425,3.8790958795000727,-0.200018915375352,7
8078,4.0795510995193744,3.8790958795000727,-0.20045522001930172,3
8079,4.078899419687314,3.8790958795000727,-0.19980354018724134,8
8080,4.07930466339542,3.8790958795000727,-0.20020878389534724,6
8081,4.0794091682456335,3.8790958795000727,-0.20031328874556076,4
8082,5.263866340050058,6.079181246047625,0.8153149059975675,5
8083,4.823621044562727,6.079181246047625,1.255560201484898,10
8084,4.7484717927871145,6.079181246047625,1.3307094532605106,7
8085,4.6910976533760085,6.079181246047625,1.3880835926716166,8
8086,4.469262941010321,6.079181246047625,1.6099183050373043,2
8087,4.88374053355597,6.079181246047625,1.1954407124916555,4
8088,4.830117319256015,6.079181246047625,1.2490639267916102,9
8089,4.763690312015258,6.079181246047625,1.3154909340323675,1
8090,5.2835506788156685,6.079181246047625,0.7956305672319566,3
8091,4.295691099999633,4.495544337546448,0.19985323754681517,1
8092,4.339555614025492,4.495544337546448,0.15598872352095672,4
8093,4.530630948946571,4.495544337546448,-0.03508661140012226,5
8094,4.295409026400235,4.495544337546448,0.2001353111462132,9
8095,4.295267568500506,4.495544337546448,0.20027676904594216,10
8096,4.295436597738158,4.495544337546448,0.20010773980829022,8
8097,4.362862565177901,4.495544337546448,0.1326817723685476,3
8098,4.303510775920845,4.495544337546448,0.19203356162560326,7
8099,4.295372325572901,4.495544337546448,0.20017201197354773,2
8100,5.554777468252202,6.102135154272175,0.5473576860199731,5
8101,5.375815531146254,6.102135154272175,0.7263196231259208,10
8102,5.326191995924334,6.102135154272175,0.7759431583478413,8
8103,5.375917661929162,6.102135154272175,0.7262174923430127,1
8104,5.901992376332684,6.102135154272175,0.2001427779394911,7
8105,5.375987758107544,6.102135154272175,0.726147396164631,6
8106,5.376131971748219,6.102135154272175,0.7260031825239563,4
8107,5.376114727760801,6.102135154272175,0.7260204265113739,9
8108,5.376188078331514,6.102135154272175,0.7259470759406614,2
8109,5.326191995924334,5.176091259055681,-0.15010073686865244,8
8110,5.375815531146254,5.176091259055681,-0.19972427209057297,10
8111,5.375917661929162,5.176091259055681,-0.19982640287348108,1
8112,5.901992376332684,5.176091259055681,-0.7259011172770027,7
8113,4.975924173403438,5.176091259055681,0.20016708565224306,3
8114,5.376114727760801,5.176091259055681,-0.2000234687051199,9
8115,5.375987758107544,5.176091259055681,-0.1998964990518628,6
8116,5.376188078331514,5.176091259055681,-0.20009681927583234,2
8117,5.376131971748219,5.176091259055681,-0.20004071269253743,4
8118,3.662432579110251,3.462397997898956,-0.20003458121129514,10
8119,3.6626426272857326,3.462397997898956,-0.20024462938677656,2
8120,3.662153691237859,3.462397997898956,-0.19975569333890286,3
8121,3.662601899754506,3.462397997898956,-0.20020390185554993,5
8122,3.662510877451057,3.462397997898956,-0.20011287955210078,9
8123,3.662361958479867,3.462397997898956,-0.1999639605809107,6
8124,3.662435423870871,3.462397997898956,-0.2000374259719151,4
8125,3.6624384259329794,3.462397997898956,-0.20004042803402333,7
8126,3.6625240797805576,3.462397997898956,-0.20012608188160153,1
8127,6.121988088090367,6.049218022670182,-0.07277006542018505,1
8128,6.122101422928041,6.049218022670182,-0.07288340025785889,9
8129,6.122229764230748,6.049218022670182,-0.073011741560566,4
8130,5.848919063722471,6.049218022670182,0.20029895894771066,7
8131,6.122002690063619,6.049218022670182,-0.07278466739343692,10
8132,6.122103663666591,6.049218022670182,-0.07288564099640915,8
8133,6.122179112525009,6.049218022670182,-0.07296108985482697,5
8134,6.1221664460018275,6.049218022670182,-0.07294842333164553,2
8135,6.122112146887943,6.049218022670182,-0.0728941242177612,6
8136,4.503212721010323,4.303196057420489,-0.2000166635898344,6
8137,4.503043371350952,4.303196057420489,-0.19984731393046307,5
8138,4.322824968860153,4.303196057420489,-0.019628911439664165,7
8139,4.369341002119879,4.303196057420489,-0.06614494469939025,8
8140,4.503060417261081,4.303196057420489,-0.1998643598405927,3
8141,4.4088337812556215,4.303196057420489,-0.10563772383513292,9
8142,4.409450449834889,4.303196057420489,-0.10625439241440038,1
8143,4.503186911817208,4.303196057420489,-0.19999085439671926,4
8144,4.502927995619167,4.303196057420489,-0.19973193819867863,10
8145,3.899015411063826,3.6989700043360174,-0.20004540672780857,9
8146,3.898896993453688,3.6989700043360174,-0.19992698911767048,5
8147,3.8986334795577484,3.6989700043360174,-0.199663475221731,7
8148,3.8989841562300356,3.6989700043360174,-0.20001415189401817,4
8149,3.898769344118549,3.6989700043360174,-0.1997993397825315,10
8150,3.8992065933805824,3.6989700043360174,-0.20023658904456498,6
8151,3.899103593262856,3.6989700043360174,-0.20013358892683852,2
8152,3.8987124309519787,3.6989700043360174,-0.1997424266159613,8
8153,3.8988822080871874,3.6989700043360174,-0.19991220375117003,1
8154,4.8622392567423205,4.817565369559781,-0.044673887182539396,7
8155,5.0174633714016865,4.817565369559781,-0.19989800184190543,3
8156,4.912233709818504,4.817565369559781,-0.09466834025872295,10
8157,4.840442551630655,4.817565369559781,-0.02287718207087419,6
8158,4.895777734454341,4.817565369559781,-0.07821236489455963,9
8159,4.893193752893656,4.817565369559781,-0.0756283833338749,4
8160,4.772768619217535,4.817565369559781,0.04479675034224595,8
8161,4.6174822447779835,4.817565369559781,0.20008312478179757,2
8162,5.017499114938503,4.817565369559781,-0.199933745378722,5
8163,5.254851560260354,5.505149978319906,0.2502984180595522,6
8164,5.305210184852668,5.505149978319906,0.19993979346723822,5
8165,5.304976246922444,5.505149978319906,0.20017373139746208,4
8166,5.304804259829496,5.505149978319906,0.20034571849040983,7
8167,5.3048279465695725,5.505149978319906,0.2003220317503338,8
8168,5.304916769369426,5.505149978319906,0.2002332089504799,3
8169,5.301787433926892,5.505149978319906,0.2033625443930145,10
8170,5.30478142461033,5.505149978319906,0.20036855370957607,1
8171,5.305005221183614,5.505149978319906,0.2001447571362922,9
8172,4.5982252355704905,4.3979400086720375,-0.20028522689845296,5
8173,4.598066303119143,4.3979400086720375,-0.20012629444710583,10
8174,4.597685533278688,4.3979400086720375,-0.19974552460665063,2
8175,4.598247316925666,4.3979400086720375,-0.2003073082536284,6
8176,4.598242914345311,4.3979400086720375,-0.2003029056732739,9
8177,4.598066750629178,4.3979400086720375,-0.2001267419571402,4
8178,4.5980561468808645,4.3979400086720375,-0.200116138208827,1
8179,4.597939127697604,4.3979400086720375,-0.19999911902556633,8
8180,4.597961591268024,4.3979400086720375,-0.20002158259598612,3
8181,4.92151336558084,4.721810615212546,-0.199702750368294,4
8182,4.922039039727075,4.721810615212546,-0.2002284245145285,9
8183,4.921800202802458,4.721810615212546,-0.19998958758991137,2
8184,4.921847465214629,4.721810615212546,-0.20003685000208282,10
8185,4.9215757314782165,4.721810615212546,-0.19976511626567017,8
8186,4.92156523707075,4.721810615212546,-0.19975462185820358,6
8187,4.921771623949164,4.721810615212546,-0.1999610087366177,3
8188,4.921968834660457,4.721810615212546,-0.20015821944791057,5
8189,4.921997934600322,4.721810615212546,-0.20018731938777545,7
8190,4.032918815319615,4.505149978319906,0.47223116300029133,1
8191,4.032733092097696,4.505149978319906,0.47241688622221023,10
8192,4.033274095672097,4.505149978319906,0.4718758826478089,4
8193,4.033433555730904,4.505149978319906,0.4717164225890027,9
8194,4.705026064349084,4.505149978319906,-0.19987608602917817,8
8195,4.033167824700495,4.505149978319906,0.4719821536194111,2
8196,4.033396403206647,4.505149978319906,0.4717535751132589,7
8197,4.0329868004013605,4.505149978319906,0.4721631779185458,6
8198,4.033241869711281,4.505149978319906,0.4719081086086252,3
8199,3.6278588143209287,3.2380461031287955,-0.38981271119213323,10
8200,3.661786997102367,3.2380461031287955,-0.4237408939735716,6
8201,3.4380501504845355,3.2380461031287955,-0.20000404735574007,5
8202,3.685660918394081,3.2380461031287955,-0.4476148152652857,4
8203,3.5861983252930316,3.2380461031287955,-0.34815222216423614,7
8204,3.6921093600446837,3.2380461031287955,-0.4540632569158882,2
8205,3.578447991166914,3.2380461031287955,-0.34040188803811855,1
8206,3.53879186647568,3.2380461031287955,-0.3007457633468844,3
8207,3.6878394438323725,3.2380461031287955,-0.449793340703577,9
8208,4.391077242706648,4.5910646070265,0.19998736431985265,9
8209,4.390633358131654,4.5910646070265,0.2004312488948461,10
8210,4.3909496144018885,4.5910646070265,0.20011499262461196,4
8211,4.391124158875268,4.5910646070265,0.19994044815123235,2
8212,4.391053452908017,4.5910646070265,0.20001115411848325,5
8213,4.790624502865538,4.5910646070265,-0.19955989583903744,3
8214,4.390900939657842,4.5910646070265,0.20016366736865887,6
8215,4.390782707231802,4.5910646070265,0.20028189979469868,8
8216,4.390765376688828,4.5910646070265,0.20029923033767272,1
8217,4.622201272568236,4.8221680793680175,0.19996680679978152,6
8218,4.622144643859521,4.8221680793680175,0.20002343550849666,3
8219,4.622598547305335,4.8221680793680175,0.19956953206268224,5
8220,4.622147648914089,4.8221680793680175,0.2000204304539288,2
8221,4.6221310283919905,4.8221680793680175,0.20003705097602698,10
8222,4.622056968732293,4.8221680793680175,0.2001111106357243,1
8223,4.622448596286129,4.8221680793680175,0.19971948308188825,8
8224,4.621867395075725,4.8221680793680175,0.20030068429229253,4
8225,4.62212478315622,4.8221680793680175,0.20004329621179728,7
8226,5.326457594164826,3.230448921378274,-2.096008672786552,5
8227,4.453592954013044,3.230448921378274,-1.22314403263477,2
8228,5.0746235952486645,3.230448921378274,-1.8441746738703904,10
8229,4.968818416940742,3.230448921378274,-1.738369495562468,6
8230,5.058208636543214,3.230448921378274,-1.82775971516494,7
8231,5.024437533051728,3.230448921378274,-1.7939886116734538,8
8232,5.097503592460073,3.230448921378274,-1.8670546710817986,4
8233,5.131338561090035,3.230448921378274,-1.9008896397117612,9
8234,5.2905120480376775,3.230448921378274,-2.0600631266594034,3
8235,4.1356495049114255,2.6020599913279625,-1.533589513583463,6
8236,4.214468527783369,2.6020599913279625,-1.6124085364554066,8
8237,4.366028199981725,2.6020599913279625,-1.763968208653763,4
8238,4.309854094720658,2.6020599913279625,-1.707794103392695,9
8239,4.295436935203311,2.6020599913279625,-1.6933769438753483,1
8240,4.220721462930373,2.6020599913279625,-1.6186614716024108,7
8241,4.312374615324385,2.6020599913279625,-1.7103146239964229,10
8242,3.9784259348735924,2.6020599913279625,-1.37636594354563,2
8243,4.460164003319548,2.6020599913279625,-1.8581040119915855,3
8244,3.208670339418584,3.008600171761917,-0.20007016765666696,1
8245,3.2087546367334854,3.008600171761917,-0.2001544649715683,3
8246,3.2087159797322404,3.008600171761917,-0.20011580797032336,2
8247,3.208641962770126,3.008600171761917,-0.20004179100820885,10
8248,3.2086790748263763,3.008600171761917,-0.2000789030644592,7
8249,3.209041623923802,3.008600171761917,-0.20044145216188491,8
8250,3.2086953772922593,3.008600171761917,-0.2000952055303422,6
8251,3.2090543008121966,3.008600171761917,-0.20045412905027948,9
8252,3.2085305202630403,3.008600171761917,-0.19993034850112323,5
8253,6.137733877366087,5.949390006644912,-0.18834387072117487,5
8254,6.149097749582161,5.949390006644912,-0.1997077429372487,10
8255,5.82474424353565,5.949390006644912,0.12464576310926212,8
8256,6.149649684683229,5.949390006644912,-0.200259678038317,4
8257,6.129933354839708,5.949390006644912,-0.18054334819479578,3
8258,6.149372880979529,5.949390006644912,-0.1999828743346166,9
8259,6.149172799898491,5.949390006644912,-0.19978279325357828,6
8260,6.149426968443231,5.949390006644912,-0.2000369617983182,7
8261,6.149443866112543,5.949390006644912,-0.20005385946763088,1
8262,5.6172943639469395,6.778151250383644,1.1608568864367044,8
8263,5.221008809142747,6.778151250383644,1.557142441240897,7
8264,5.190703481635083,6.778151250383644,1.5874477687485609,10
8265,5.150742322303188,6.778151250383644,1.627408928080456,9
8266,5.243495313388312,6.778151250383644,1.5346559369953319,1
8267,5.073240789475033,6.778151250383644,1.7049104609086108,6
8268,5.036678939898132,6.778151250383644,1.7414723104855119,5
8269,6.578437825166741,6.778151250383644,0.1997134252169026,4
8270,5.21306182833767,6.778151250383644,1.5650894220459737,2
8271,6.582081096421508,7.0,0.41791890357849226,6
8272,6.582016968156374,7.0,0.41798303184362595,4
8273,6.582000044781833,7.0,0.4179999552181668,9
8274,6.581687772235206,7.0,0.41831222776479393,1
8275,6.799966202577149,7.0,0.20003379742285077,8
8276,6.582037752170744,7.0,0.41796224782925595,10
8277,6.581955648820946,7.0,0.4180443511790539,5
8278,6.581941934081932,7.0,0.4180580659180677,2
8279,6.582215039507324,7.0,0.41778496049267577,3
8280,5.131515901654948,5.331589240955137,0.20007333930018856,7
8281,5.514671420090018,5.331589240955137,-0.1830821791348809,2
8282,5.455275375291511,5.331589240955137,-0.12368613433637421,1
8283,5.476195427298871,5.331589240955137,-0.1446061863437338,5
8284,5.433184076644474,5.331589240955137,-0.1015948356893368,4
8285,5.458137683029234,5.331589240955137,-0.126548442074097,3
8286,5.444488979255897,5.331589240955137,-0.11289973830075972,9
8287,5.49061914766368,5.331589240955137,-0.15902990670854322,10
8288,5.531526970392983,5.331589240955137,-0.19993772943784638,6
8289,4.976113054931043,5.176091259055681,0.19997820412463874,5
8290,4.975943091593768,5.176091259055681,0.20014816746191322,7
8291,4.975904300202882,5.176091259055681,0.20018695885279936,2
8292,4.975784028719154,5.176091259055681,0.2003072303365272,1
8293,4.976245391664127,5.176091259055681,0.19984586739155397,9
8294,4.976352271222823,5.176091259055681,0.19973898783285815,6
8295,4.976192016805815,5.176091259055681,0.19989924224986666,3
8296,4.976153177567098,5.176091259055681,0.19993808148858339,8
8297,4.975918019386266,5.176091259055681,0.20017323966941536,10
8298,6.291794879139702,6.170555058521209,-0.12123982061849325,10
8299,6.370994196210503,6.170555058521209,-0.200439137689294,6
8300,6.231560534367825,6.170555058521209,-0.061005475846616086,3
8301,6.229854684094377,6.170555058521209,-0.05929962557316859,4
8302,6.220586489782223,6.170555058521209,-0.05003143126101417,9
8303,6.26998219222116,6.170555058521209,-0.09942713369995104,5
8304,6.311724973460023,6.170555058521209,-0.14116991493881414,1
8305,6.2988251601137,6.170555058521209,-0.12827010159249141,2
8306,6.362341479208013,6.170555058521209,-0.19178642068680407,8
8307,5.946374012509037,6.146128035678238,0.1997540231692012,1
8308,5.9461775942069925,6.146128035678238,0.19995044147124563,10
8309,5.946391761271505,6.146128035678238,0.19973627440673347,8
8310,5.946409651287743,6.146128035678238,0.19971838439049527,3
8311,5.946168194351834,6.146128035678238,0.19995984132640388,2
8312,5.946108997712911,6.146128035678238,0.20001903796532705,4
8313,5.946438221532262,6.146128035678238,0.19968981414597575,6
8314,5.946362488610019,6.146128035678238,0.19976554706821936,9
8315,5.94598736783804,6.146128035678238,0.20014066784019846,7
8316,6.182376099021363,5.982271233039568,-0.20010486598179522,10
8317,6.182500637673738,5.982271233039568,-0.20022940463416994,5
8318,6.1821334844429225,5.982271233039568,-0.19986225140335456,1
8319,6.182337580955908,5.982271233039568,-0.20006634791633982,8
8320,6.182177165467405,5.982271233039568,-0.19990593242783739,2
8321,6.182565518474276,5.982271233039568,-0.20029428543470829,4
8322,6.1825224360083215,5.982271233039568,-0.20025120296875354,6
8323,6.182504693172785,5.982271233039568,-0.20023346013321675,3
8324,6.1823368491376165,5.982271233039568,-0.20006561609804852,9
8325,5.577558520700032,6.209246848753374,0.6316883280533414,8
8326,5.4144415787317515,6.209246848753374,0.7948052700216222,4
8327,5.536381411229825,6.209246848753374,0.6728654375235488,6
8328,5.734861485161428,6.209246848753374,0.4743853635919457,10
8329,5.5872254394716245,6.209246848753374,0.6220214092817491,1
8330,5.4466531007842764,6.209246848753374,0.7625937479690972,9
8331,5.430702204787752,6.209246848753374,0.7785446439656214,2
8332,5.60294249051301,6.209246848753374,0.6063043582403633,7
8333,5.4512218363913085,6.209246848753374,0.7580250123620651,3
8334,5.949896986318785,5.750045312011768,-0.1998516743070171,8
8335,5.949751590200543,5.750045312011768,-0.19970627818877507,7
8336,5.949800467930427,5.750045312011768,-0.199755155918659,2
8337,5.949879767274974,5.750045312011768,-0.19983445526320676,3
8338,5.949779587125131,5.750045312011768,-0.1997342751133635,5
8339,5.919616445428496,5.750045312011768,-0.1695711334167287,6
8340,5.949930820485216,5.750045312011768,-0.19988550847344833,10
8341,5.9499155512484645,5.750045312011768,-0.1998702392366969,9
8342,5.950057520724247,5.750045312011768,-0.20001220871247938,4
8343,5.811617240236194,5.401055725771844,-0.41056151446434974,10
8344,5.800088648900375,5.401055725771844,-0.399032923128531,3
8345,5.792258341586219,5.401055725771844,-0.3912026158143753,9
8346,5.843175541203955,5.401055725771844,-0.4421198154321111,7
8347,5.815835748436353,5.401055725771844,-0.41478002266450886,2
8348,5.618322237998642,5.401055725771844,-0.21726651222679827,4
8349,5.858846533966125,5.401055725771844,-0.4577908081942814,6
8350,5.776149260336829,5.401055725771844,-0.37509353456498484,5
8351,5.8231585989001555,5.401055725771844,-0.42210287312831163,1
8352,6.257454613719856,6.419129307741976,0.16167469402211943,1
8353,6.282183145090351,6.419129307741976,0.13694616265162463,2
8354,6.260230731003784,6.419129307741976,0.15889857673819208,6
8355,6.286334303146995,6.419129307741976,0.13279500459498106,7
8356,6.286148233990204,6.419129307741976,0.13298107375177182,10
8357,6.238595310219767,6.419129307741976,0.18053399752220844,5
8358,6.286634183724973,6.419129307741976,0.13249512401700247,8
8359,6.286261318846734,6.419129307741976,0.1328679888952422,4
8360,6.275078441978612,6.419129307741976,0.14405086576336412,3
8361,6.446720073966692,6.380211241711606,-0.06650883225508597,4
8362,6.4230192427529875,6.380211241711606,-0.04280800104138116,9
8363,6.46697803509838,6.380211241711606,-0.08676679338677395,8
8364,6.556578874223959,6.380211241711606,-0.17636763251235266,6
8365,6.52485970636764,6.380211241711606,-0.14464846465603376,7
8366,6.382738332018688,6.380211241711606,-0.0025270903070815365,2
8367,6.291405760562985,6.380211241711606,0.08880548114862119,1
8368,6.454355481992819,6.380211241711606,-0.07414424028121225,5
8369,6.391978101054354,6.380211241711606,-0.011766859342747793,3
8370,6.304757976397094,6.505149978319906,0.20039200192281204,1
8371,6.305128575386045,6.505149978319906,0.20002140293386095,2
8372,6.305080576208482,6.505149978319906,0.2000694021114242,7
8373,6.305042206704753,6.505149978319906,0.20010777161515314,6
8374,6.304683773812743,6.505149978319906,0.20046620450716368,10
8375,6.3055397007331315,6.505149978319906,0.19961027758677474,8
8376,6.305110623868962,6.505149978319906,0.20003935445094445,4
8377,6.305155278496191,6.505149978319906,0.19999469982371565,5
8378,6.305408270657415,6.505149978319906,0.19974170766249166,9
8379,6.004162825877389,6.204119982655925,0.19995715677853632,2
8380,6.0041909845776615,6.204119982655925,0.19992899807826348,9
8381,6.003858620464509,6.204119982655925,0.20026136219141577,10
8382,6.003977556871025,6.204119982655925,0.20014242578490027,7
8383,6.004088103874793,6.204119982655925,0.20003187878113238,5
8384,6.004090514922637,6.204119982655925,0.20002946773328834,3
8385,6.004288095306897,6.204119982655925,0.19983188734902768,6
8386,6.004112497952205,6.204119982655925,0.2000074847037201,1
8387,6.0041435262122596,6.204119982655925,0.19997645644366546,8
8388,5.536381411229825,4.939019776448666,-0.5973616347811586,6
8389,5.734861485161428,4.939019776448666,-0.7958417087127616,10
8390,5.577558520700032,4.939019776448666,-0.6385387442513659,8
8391,5.4466531007842764,4.939019776448666,-0.5076333243356101,9
8392,5.430702204787752,4.939019776448666,-0.49168242833908593,2
8393,5.5872254394716245,4.939019776448666,-0.6482056630229582,1
8394,5.4144415787317515,4.939019776448666,-0.47542180228308517,4
8395,5.4512218363913085,4.939019776448666,-0.5122020599426422,3
8396,5.60294249051301,4.939019776448666,-0.663922714064344,7
8397,5.5800030953522235,4.79309160017658,-0.7869114951756435,6
8398,5.640512303172904,4.79309160017658,-0.8474207029963239,8
8399,5.546013508919622,4.79309160017658,-0.7529219087430423,4
8400,5.562249968297136,4.79309160017658,-0.7691583681205563,10
8401,5.463288960293939,4.79309160017658,-0.670197360117359,5
8402,5.556010723325264,4.79309160017658,-0.7629191231486843,2
8403,5.547847091881922,4.79309160017658,-0.7547554917053416,9
8404,5.354239698161166,4.79309160017658,-0.561148097984586,1
8405,5.572331112599559,4.79309160017658,-0.7792395124229792,3
8406,6.122179112525009,6.32221929473392,0.2000401822089115,5
8407,6.1221664460018275,6.32221929473392,0.20005284873209295,2
8408,6.122103663666591,6.32221929473392,0.20011563106732932,8
8409,6.122101422928041,6.32221929473392,0.2001178718058796,9
8410,6.122446243902242,6.32221929473392,0.19977305083167884,3
8411,6.121988088090367,6.32221929473392,0.20023120664355343,1
8412,6.122002690063619,6.32221929473392,0.20021660467030156,10
8413,6.122112146887943,6.32221929473392,0.20010714784597727,6
8414,6.122229764230748,6.32221929473392,0.19998953050317247,4
8415,6.582215039507324,6.382017042574868,-0.20019799693245588,3
8416,6.182047943275104,6.382017042574868,0.19996909929976425,7
8417,6.581687772235206,6.382017042574868,-0.19967072966033772,1
8418,6.581955648820946,6.382017042574868,-0.19993860624607773,5
8419,6.582016968156374,6.382017042574868,-0.1999999255815057,4
8420,6.582037752170744,6.382017042574868,-0.2000207095958757,10
8421,6.581941934081932,6.382017042574868,-0.19992489150706394,2
8422,6.582081096421508,6.382017042574868,-0.2000640538466394,6
8423,6.582000044781833,6.382017042574868,-0.19998300220696485,9
8424,6.216159567084748,6.366982975977851,0.15082340889310242,9
8425,6.321356717544198,6.366982975977851,0.045626258433652644,8
8426,6.232724064540278,6.366982975977851,0.13425891143757251,3
8427,6.287528670722085,6.366982975977851,0.07945430525576569,10
8428,6.166997719939203,6.366982975977851,0.19998525603864792,4
8429,6.210809639433494,6.366982975977851,0.15617333654435672,6
8430,6.244012424273584,6.366982975977851,0.12297055170426674,1
8431,6.242010019895814,6.366982975977851,0.12497295608203629,7
8432,6.232926700031966,6.366982975977851,0.13405627594588498,5
8433,5.99652427585987,6.176091259055681,0.17956698319581132,4
8434,6.07784801945995,6.176091259055681,0.09824323959573178,7
8435,6.119698150330519,6.176091259055681,0.05639310872516212,8
8436,5.975860795328075,6.176091259055681,0.200230463727606,9
8437,6.037779678489183,6.176091259055681,0.13831158056649873,2
8438,6.121459366999838,6.176091259055681,0.05463189205584307,1
8439,6.026161516473101,6.176091259055681,0.14992974258258052,10
8440,6.035102853713187,6.176091259055681,0.1409884053424939,3
8441,6.048409220516514,6.176091259055681,0.1276820385391675,6
8442,6.335754855368733,6.535863520712453,0.20010866534371985,1
8443,6.335896620041563,6.535863520712453,0.19996690067088974,5
8444,6.33561883857633,6.535863520712453,0.20024468213612234,3
8445,6.336079301873876,6.535863520712453,0.19978421883857678,10
8446,6.335845757291155,6.535863520712453,0.20001776342129762,8
8447,6.33611260388611,6.535863520712453,0.19975091682634272,9
8448,6.335950149156428,6.535863520712453,0.19991337155602462,7
8449,6.336153761441029,6.535863520712453,0.19970975927142387,6
8450,6.3359665443018125,6.535863520712453,0.1998969764106402,2
8451,5.724519696944066,5.924279286061882,0.1997595891178161,10
8452,5.724515760634356,5.924279286061882,0.1997635254275263,3
8453,5.724711999953585,5.924279286061882,0.1995672861082971,2
8454,5.724328732464425,5.924279286061882,0.19995055359745706,9
8455,5.724269995349515,5.924279286061882,0.20000929071236673,7
8456,5.723834845219914,5.924279286061882,0.20044444084196833,1
8457,5.72448627318346,5.924279286061882,0.19979301287842244,6
8458,5.724438385277377,5.924279286061882,0.19984090078450478,4
8459,5.724727104220886,5.924279286061882,0.1995521818409962,8
8460,5.985110943548804,6.062205808819713,0.07709486527090892,9
8461,6.044260408874046,6.062205808819713,0.017945399945666907,7
8462,5.952227175448641,6.062205808819713,0.10997863337107194,2
8463,5.862120562257838,6.062205808819713,0.20008524656187543,4
8464,5.993600480535692,6.062205808819713,0.0686053282840211,1
8465,5.862528434090061,6.062205808819713,0.19967737472965208,5
8466,6.065857617126616,6.062205808819713,-0.003651808306902815,10
8467,6.097296274208448,6.062205808819713,-0.03509046538873495,8
8468,5.889816206723114,6.062205808819713,0.17238960209659915,6
8469,6.200319974621292,6.0,-0.20031997462129159,3
8470,6.199850091324022,6.0,-0.19985009132402176,2
8471,6.200196221541072,6.0,-0.20019622154107175,9
8472,6.200006815228279,6.0,-0.2000068152282788,1
8473,5.947418121944377,6.0,0.052581878055622866,4
8474,6.200092185957796,6.0,-0.20009218595779643,6
8475,6.2002280739619335,6.0,-0.20022807396193354,7
8476,6.200203583206813,6.0,-0.20020358320681275,8
8477,6.200276281697921,6.0,-0.20027628169792067,10
8478,6.150413508520187,6.12057393120585,-0.029839577314337618,9
8479,6.251910022222125,6.12057393120585,-0.13133609101627552,5
8480,6.233551077085044,6.12057393120585,-0.11297714587919483,6
8481,6.2995036420960595,6.12057393120585,-0.17892971089020993,7
8482,6.28753622895533,6.12057393120585,-0.16696229774948002,2
8483,6.320432004352603,6.12057393120585,-0.1998580731467534,8
8484,6.233164105722377,6.12057393120585,-0.11259017451652742,4
8485,6.272480887067133,6.12057393120585,-0.15190695586128378,10
8486,6.320271039381774,6.12057393120585,-0.19969710817592468,1
8487,4.866812518672339,4.66661156841903,-0.20020095025330953,10
8488,4.866423322991825,4.66661156841903,-0.19981175457279488,7
8489,4.860326401616837,4.66661156841903,-0.19371483319780758,9
8490,4.848236341165968,4.66661156841903,-0.18162477274693867,2
8491,4.866363179049246,4.66661156841903,-0.19975161063021662,1
8492,4.814863014020663,4.66661156841903,-0.14825144560163306,4
8493,4.866602601270657,4.66661156841903,-0.199991032851627,8
8494,4.747320074133133,4.66661156841903,-0.08070850571410304,3
8495,4.81308980754279,4.66661156841903,-0.14647823912376,6
8496,6.817619033962065,7.0178677189635055,0.20024868500144066,9
8497,6.817503516873161,7.0178677189635055,0.2003642020903449,7
8498,6.817827945901326,7.0178677189635055,0.2000397730621799,4
8499,6.817717286106085,7.0178677189635055,0.20015043285742085,2
8500,6.817725763446492,7.0178677189635055,0.20014195551701341,5
8501,6.8177164573381965,7.0178677189635055,0.20015126162530894,6
8502,6.817534214362153,7.0178677189635055,0.20033350460135235,10
8503,6.8176634031005205,7.0178677189635055,0.20020431586298493,8
8504,6.818113076085016,7.0178677189635055,0.19975464287848954,3
8505,6.213038851931459,6.079181246047625,-0.13385760588383366,6
8506,6.088719176639959,6.079181246047625,-0.009537930592333765,8
8507,5.87900402543738,6.079181246047625,0.2001772206102448,1
8508,6.013983666591368,6.079181246047625,0.0651975794562567,5
8509,6.050152732393163,6.079181246047625,0.02902851365446235,9
8510,6.01362664780477,6.079181246047625,0.06555459824285492,2
8511,6.009903173112239,6.079181246047625,0.06927807293538635,4
8512,6.017957888432644,6.079181246047625,0.06122335761498121,3
8513,6.169398397715484,6.079181246047625,-0.09021715166785871,10
8514,6.366955970352444,6.567144045195657,0.20018807484321322,5
8515,6.3667678026489165,6.567144045195657,0.20037624254674036,10
8516,6.367267610094412,6.567144045195657,0.19987643510124453,8
8517,6.367243559494583,6.567144045195657,0.19990048570107355,7
8518,6.36702194241096,6.567144045195657,0.20012210278469666,9
8519,6.3670850189884876,6.567144045195657,0.2000590262071693,6
8520,6.367264847379828,6.567144045195657,0.19987919781582875,2
8521,6.36729306999356,6.567144045195657,0.1998509752020965,3
8522,6.367357331098548,6.567144045195657,0.19978671409710902,4
8523,5.7462713734624575,5.414973347970818,-0.33129802549163934,6
8524,5.671491397446016,5.414973347970818,-0.25651804947519796,8
8525,5.694619196644208,5.414973347970818,-0.2796458486733897,9
8526,5.699246553128751,5.414973347970818,-0.2842732051579331,2
8527,5.614978035177797,5.414973347970818,-0.20000468720697917,4
8528,5.680434957525125,5.414973347970818,-0.26546160955430675,5
8529,5.6691200618001,5.414973347970818,-0.25414671382928145,10
8530,5.6153750567512075,5.414973347970818,-0.20040170878038932,3
8531,5.698437611598395,5.414973347970818,-0.28346426362757704,1
8532,6.029394997904891,6.021189299069938,-0.008205698834952813,6
8533,6.022991609968871,6.021189299069938,-0.0018023108989329018,8
8534,6.013005971878554,6.021189299069938,0.008183327191384038,2
8535,6.221318397228616,6.021189299069938,-0.20012909815867808,7
8536,5.983768414824377,6.021189299069938,0.037420884245561226,5
8537,6.014482715272251,6.021189299069938,0.00670658379768696,10
8538,5.909222111032068,6.021189299069938,0.11196718803787054,9
8539,6.003957343922084,6.021189299069938,0.017231955147853917,1
8540,5.927659034926445,6.021189299069938,0.09353026414349319,4
8541,5.967829241791666,6.517195897949974,0.5493666561583082,2
8542,5.928507040383845,6.517195897949974,0.5886888575661287,4
8543,6.181315153645652,6.517195897949974,0.3358807443043217,7
8544,6.017517433678424,6.517195897949974,0.4996784642715504,5
8545,5.827949055609816,6.517195897949974,0.6892468423401583,9
8546,5.87409666803034,6.517195897949974,0.6430992299196339,10
8547,6.0232275006824025,6.517195897949974,0.49396839726757147,1
8548,6.006292240248346,6.517195897949974,0.5109036577016282,6
8549,5.9708163918944415,6.517195897949974,0.5463795060555325,8
8550,6.134407892247022,5.934498451243568,-0.1999094410034541,10
8551,6.1705011296166985,5.934498451243568,-0.23600267837313016,5
8552,6.142558752060189,5.934498451243568,-0.20806030081662108,7
8553,6.011665546084717,5.934498451243568,-0.07716709484114848,9
8554,6.162635489017101,5.934498451243568,-0.228137037773533,2
8555,6.164046977619382,5.934498451243568,-0.22954852637581347,6
8556,6.134282078287846,5.934498451243568,-0.19978362704427788,4
8557,6.275692217618306,5.934498451243568,-0.34119376637473753,8
8558,6.134309163724113,5.934498451243568,-0.19981071248054505,3
8559,5.970760810731371,6.32221929473392,0.3514584840025492,6
8560,5.957869306613386,6.32221929473392,0.36434998812053454,2
8561,6.100647565390348,6.32221929473392,0.22157172934357217,1
8562,5.934968606587538,6.32221929473392,0.3872506881463824,3
8563,5.981865930522554,6.32221929473392,0.3403533642113663,5
8564,6.062594120888145,6.32221929473392,0.25962517384577577,8
8565,5.939953090023274,6.32221929473392,0.3822662047106462,4
8566,5.929473553243197,6.32221929473392,0.3927457414907236,10
8567,5.989777519109278,6.32221929473392,0.33244177562464206,7
8568,6.1007994865388975,6.301029995663981,0.20023050912508378,10
8569,6.100877003394676,6.301029995663981,0.20015299226930505,8
8570,6.100907739659055,6.301029995663981,0.20012225600492606,6
8571,6.101003030570378,6.301029995663981,0.20002696509360351,3
8572,6.100873784161208,6.301029995663981,0.2001562115027733,2
8573,6.10086486748398,6.301029995663981,0.20016512818000098,9
8574,6.100741172335748,6.301029995663981,0.2002888233282336,5
8575,6.101038383171889,6.301029995663981,0.1999916124920924,4
8576,6.100910401384494,6.301029995663981,0.2001195942794869,1
8577,5.82457095406569,6.531478917042255,0.7069079629765653,4
8578,5.676849773565748,6.531478917042255,0.8546291434765072,1
8579,5.702418615652122,6.531478917042255,0.8290603013901334,6
8580,5.579896386709615,6.531478917042255,0.9515825303326402,2
8581,5.690718948458908,6.531478917042255,0.8407599685833471,9
8582,6.02654927924667,6.531478917042255,0.504929637795585,10
8583,5.618458851565789,6.531478917042255,0.9130200654764664,5
8584,5.710657682937438,6.531478917042255,0.8208212341048178,8
8585,5.76792436490444,6.531478917042255,0.7635545521378155,3
8586,5.984316898421414,6.003115717099806,0.01879881867839206,5
8587,5.873067393568167,6.003115717099806,0.1300483235316392,7
8588,5.829770942641546,6.003115717099806,0.17334477445826035,1
8589,5.819314569254537,6.003115717099806,0.18380114784526924,2
8590,5.992818454943963,6.003115717099806,0.010297262155843256,3
8591,5.845156051844409,6.003115717099806,0.1579596652553974,4
8592,5.802856532240532,6.003115717099806,0.20025918485927452,6
8593,5.819362349529004,6.003115717099806,0.18375336757080252,8
8594,5.898073859668333,6.003115717099806,0.10504185743147332,10
8595,6.186958505587544,6.3979400086720375,0.21098150308449348,3
8596,6.113229862260918,6.3979400086720375,0.28471014641111925,8
8597,6.174270670914969,6.3979400086720375,0.22366933775706865,4
8598,6.164818761486521,6.3979400086720375,0.2331212471855162,9
8599,6.112306214575446,6.3979400086720375,0.28563379409659184,2
8600,6.198181948176899,6.3979400086720375,0.19975806049513878,1
8601,6.198335206306023,6.3979400086720375,0.1996048023660144,6
8602,6.170798500161115,6.3979400086720375,0.22714150851092274,5
8603,6.198066395422831,6.3979400086720375,0.19987361324920627,7
8604,3.9733683280589585,3.9242792860618816,-0.049089041997076865,3
8605,3.870532951609107,3.9242792860618816,0.05374633445277466,1
8606,3.849689341343507,3.9242792860618816,0.07458994471837466,2
8607,3.8476624503959087,3.9242792860618816,0.07661683566597288,4
8608,3.8180199622331097,3.9242792860618816,0.1062593238287719,7
8609,3.9891672365098723,3.9242792860618816,-0.06488795044799067,10
8610,3.9339314656144033,3.9242792860618816,-0.009652179552521734,5
8611,3.958424324397397,3.9242792860618816,-0.0341450383355153,8
8612,3.828585584855388,3.9242792860618816,0.09569370120649356,6
8613,4.634503057971134,4.597826770377936,-0.036676287593198076,8
8614,4.556347880540289,4.597826770377936,0.041478889837646804,9
8615,4.469211511765202,4.597826770377936,0.12861525861273382,1
8616,4.525069504184296,4.597826770377936,0.07275726619363976,5
8617,4.737065558789089,4.597826770377936,-0.139238788411153,7
8618,4.39759438983657,4.597826770377936,0.20023238054136616,3
8619,4.4584512269808325,4.597826770377936,0.13937554339710356,6
8620,4.604954565927882,4.597826770377936,-0.007127795549945581,4
8621,4.545407892242666,4.597826770377936,0.052418878135269686,2
8622,4.789703745603674,3.42845877351558,-1.3612449720880941,8
8623,4.862946354608689,3.42845877351558,-1.434487581093109,10
8624,4.668208782640063,3.42845877351558,-1.2397500091244829,4
8625,4.779403860331456,3.42845877351558,-1.350945086815876,5
8626,4.727693082419295,3.42845877351558,-1.2992343089037148,1
8627,4.793860741354262,3.42845877351558,-1.365401967838682,3
8628,4.83818939468464,3.42845877351558,-1.4097306211690603,2
8629,4.6805856773118215,3.42845877351558,-1.2521269037962415,9
8630,4.839422725302404,3.42845877351558,-1.4109639517868238,6
8631,6.173121086427976,6.4623979978989565,0.28927691147098056,1
8632,6.176972406336593,6.4623979978989565,0.2854255915623636,5
8633,6.1867084146634275,6.4623979978989565,0.27568958323552906,9
8634,6.109392536919733,6.4623979978989565,0.35300546097922325,7
8635,6.198116783372498,6.4623979978989565,0.26428121452645836,10
8636,6.200935515497329,6.4623979978989565,0.26146248240162784,4
8637,6.204013205704452,6.4623979978989565,0.25838479219450416,3
8638,6.160658146901065,6.4623979978989565,0.30173985099789125,2
8639,6.183135487261968,6.4623979978989565,0.2792625106369888,6
8640,5.951434752225323,6.898664858722267,0.947230106496944,3
8641,5.951505163093206,6.898664858722267,0.9471596956290611,8
8642,6.044344441730336,6.898664858722267,0.8543204169919312,4
8643,5.951233629533293,6.898664858722267,0.9474312291889735,1
8644,5.951302511390245,6.898664858722267,0.9473623473320218,5
8645,5.951740429417534,6.898664858722267,0.9469244293047332,6
8646,5.951923964931972,6.898664858722267,0.9467408937902944,2
8647,5.951514054663836,6.898664858722267,0.9471508040584311,7
8648,6.45221346393501,6.898664858722267,0.4464513947872568,9
8649,5.796947896198815,5.847276448275631,0.05032855207681575,7
8650,5.76141230537362,5.847276448275631,0.08586414290201105,6
8651,5.87059756568536,5.847276448275631,-0.023321117409729197,10
8652,5.717754798012039,5.847276448275631,0.12952165026359186,4
8653,5.888838711871095,5.847276448275631,-0.041562263595464444,5
8654,5.647430816099654,5.847276448275631,0.19984563217597717,3
8655,5.761373313838795,5.847276448275631,0.08590313443683595,9
8656,5.735916979494627,5.847276448275631,0.11135946878100356,2
8657,5.719805682764061,5.847276448275631,0.12747076551156944,1
8658,5.641737585979731,5.44178936653435,-0.199948219445381,5
8659,5.55175638217714,5.44178936653435,-0.10996701564278943,3
8660,5.4317671073914315,5.44178936653435,0.010022259142918877,10
8661,5.4696854784486915,5.44178936653435,-0.02789611191434105,8
8662,5.520040726089934,5.44178936653435,-0.07825135955558338,4
8663,5.490568062363921,5.44178936653435,-0.048778695829570395,1
8664,5.57521397217198,5.44178936653435,-0.1334246056376296,9
8665,5.639520652228539,5.44178936653435,-0.1977312856941884,6
8666,5.348283492344649,5.44178936653435,0.09350587418970147,7
8667,5.878927415450827,4.530839778616521,-1.3480876368343058,9
8668,5.879402299106466,4.530839778616521,-1.3485625204899447,5
8669,5.879362678161549,4.530839778616521,-1.3485228995450278,10
8670,5.879120994927454,4.530839778616521,-1.3482812163109328,8
8671,5.879133786556421,4.530839778616521,-1.3482940079399004,3
8672,5.801401976242242,4.530839778616521,-1.270562197625721,4
8673,5.878912245351696,4.530839778616521,-1.3480724667351751,7
8674,5.878853992429196,4.530839778616521,-1.3480142138126752,2
8675,5.116891684887323,4.530839778616521,-0.5860519062708018,1
8676,6.407159058359607,6.607455023214668,0.2002959648550613,3
8677,6.407459440367829,6.607455023214668,0.1999955828468396,9
8678,6.407688229076969,6.607455023214668,0.19976679413769904,7
8679,6.407354678754326,6.607455023214668,0.20010034446034197,10
8680,6.407316761329065,6.607455023214668,0.2001382618856029,2
8681,6.407551514561342,6.607455023214668,0.1999035086533265,5
8682,6.407122537549066,6.607455023214668,0.20033248566560236,8
8683,6.40740428030004,6.607455023214668,0.20005074291462854,6
8684,6.40721234852178,6.607455023214668,0.20024267469288848,1
8685,5.776338197589797,4.440909082065217,-1.3354291155245797,8
8686,5.9265026297032595,4.440909082065217,-1.4855935476380422,9
8687,5.899299778745442,4.440909082065217,-1.4583906966802251,1
8688,5.877304143874715,4.440909082065217,-1.436395061809498,10
8689,5.764303649281272,4.440909082065217,-1.323394567216055,6
8690,5.867555061739667,4.440909082065217,-1.4266459796744497,5
8691,5.8936126268652576,4.440909082065217,-1.4527035448000403,7
8692,5.881658027355612,4.440909082065217,-1.4407489452903945,4
8693,5.892570041825136,4.440909082065217,-1.451660959759919,2
8694,6.2187200158003595,5.596597095626461,-0.6221229201738989,9
8695,6.2186721790117945,5.596597095626461,-0.6220750833853339,10
8696,6.212993737544529,5.596597095626461,-0.6163966419180689,1
8697,6.159429640425731,5.596597095626461,-0.5628325447992708,5
8698,6.235473942180341,5.596597095626461,-0.6388768465538801,2
8699,6.218411350289492,5.596597095626461,-0.6218142546630316,7
8700,6.218424731366905,5.596597095626461,-0.6218276357404449,3
8701,6.056711944752714,5.596597095626461,-0.46011484912625367,8
8702,6.218860335126378,5.596597095626461,-0.622263239499917,4
8703,4.808119195757772,4.275080898456858,-0.533038297300914,6
8704,4.809690437747209,4.275080898456858,-0.5346095392903507,10
8705,4.8196941289979325,4.275080898456858,-0.5446132305410742,2
8706,4.847035252536619,4.275080898456858,-0.5719543540797609,5
8707,4.85970480492338,4.275080898456858,-0.584623906466522,1
8708,4.862797600674628,4.275080898456858,-0.5877167022177696,4
8709,4.815641369666649,4.275080898456858,-0.5405604712097904,9
8710,4.877497780838858,4.275080898456858,-0.6024168823820002,3
8711,4.734985415625747,4.275080898456858,-0.4599045171688889,8
8712,5.586836584830513,5.110589710299249,-0.476246874531264,4
8713,5.699871136816819,5.110589710299249,-0.5892814265175703,7
8714,5.495752731504246,5.110589710299249,-0.38516302120499724,2
8715,5.510053367855158,5.110589710299249,-0.3994636575559092,8
8716,5.642628289609817,5.110589710299249,-0.5320385793105684,3
8717,5.454681384495891,5.110589710299249,-0.3440916741966422,5
8718,5.493803768944289,5.110589710299249,-0.38321405864504055,6
8719,5.691901647483185,5.110589710299249,-0.5813119371839361,10
8720,5.637817443276163,5.110589710299249,-0.5272277329769146,9
8721,5.551182722859773,5.041392685158225,-0.5097900377015474,8
8722,5.686413489036481,5.041392685158225,-0.6450208038782552,6
8723,5.706989486437353,5.041392685158225,-0.6655968012791273,10
8724,5.503509417725738,5.041392685158225,-0.4621167325675124,2
8725,5.504704486537587,5.041392685158225,-0.463311801379362,4
8726,5.626264254962057,5.041392685158225,-0.5848715698038314,9
8727,5.61824535723396,5.041392685158225,-0.5768526720757343,3
8728,5.527794363043632,5.041392685158225,-0.48640167788540634,5
8729,5.573732723523905,5.041392685158225,-0.53234003836568,1
8730,6.319426472023792,7.0,0.6805735279762084,4
8731,6.199075763112394,7.0,0.8009242368876057,2
8732,6.20776323541557,7.0,0.7922367645844304,5
8733,6.1986714362277,7.0,0.8013285637722998,10
8734,6.226761720796129,7.0,0.7732382792038708,9
8735,6.226032979918866,7.0,0.7739670200811339,8
8736,6.198862959772352,7.0,0.8011370402276476,6
8737,6.198666942399812,7.0,0.8013330576001882,3
8738,6.198823286970374,7.0,0.8011767130296263,1
8739,6.198862959772352,5.998808399880894,-0.20005455989145826,6
8740,6.198823286970374,5.998808399880894,-0.20001488708947956,1
8741,6.20776323541557,5.998808399880894,-0.20895483553467553,5
8742,6.199075763112394,5.998808399880894,-0.20026736323150018,2
8743,6.198666942399812,5.998808399880894,-0.19985854251891766,3
8744,6.319426472023792,5.998808399880894,-0.3206180721428975,4
8745,6.1986714362277,5.998808399880894,-0.19986303634680613,10
8746,6.226761720796129,5.998808399880894,-0.22795332091523512,9
8747,6.084445551020233,5.998808399880894,-0.08563715113933856,7
8748,6.040648908752631,7.602059991327962,1.5614110825753302,3
8749,5.959332800273698,7.602059991327962,1.6427271910542638,6
8750,5.877531276923251,7.602059991327962,1.7245287144047108,7
8751,6.0175258929888,7.602059991327962,1.5845340983391614,8
8752,6.032877884461438,7.602059991327962,1.5691821068665233,10
8753,5.939971270402369,7.602059991327962,1.6620887209255928,1
8754,5.941412294077719,7.602059991327962,1.6606476972502424,2
8755,5.947470768817896,7.602059991327962,1.654589222510066,5
8756,6.069590707245417,7.602059991327962,1.532469284082545,4
8757,5.853409731414164,5.653212513775344,-0.20019721763882004,8
8758,5.852910099291442,5.653212513775344,-0.19969758551609829,1
8759,5.853227024388593,5.653212513775344,-0.20001451061324893,5
8760,5.852976409195887,5.653212513775344,-0.19976389542054296,7
8761,5.85295043922388,5.653212513775344,-0.1997379254485363,9
8762,5.852783920139467,5.653212513775344,-0.1995714063641234,3
8763,5.853040658315748,5.653212513775344,-0.19982814454040376,2
8764,5.853000765995016,5.653212513775344,-0.19978825221967167,4
8765,5.852867355177052,5.653212513775344,-0.19965484140170808,10
8766,5.40852619801172,5.0,-0.4085261980117201,6
8767,5.253828674790379,5.0,-0.25382867479037863,7
8768,5.387639147342195,5.0,-0.3876391473421954,4
8769,5.279466350580492,5.0,-0.27946635058049196,1
8770,5.200053842332726,5.0,-0.20005384233272583,2
8771,5.427748714284886,5.0,-0.4277487142848857,8
8772,5.340204274437094,5.0,-0.34020427443709433,3
8773,5.421086222798817,5.0,-0.4210862227988166,10
8774,5.35218569644004,5.0,-0.3521856964400403,9
8775,5.76792436490444,4.661812685537261,-1.1061116793671788,3
8776,5.377435769743301,4.661812685537261,-0.7156230842060403,7
8777,5.702418615652122,4.661812685537261,-1.040605930114861,6
8778,5.676849773565748,4.661812685537261,-1.0150370880284871,1
8779,5.579896386709615,4.661812685537261,-0.9180837011723542,2
8780,5.710657682937438,4.661812685537261,-1.0488449974001766,8
8781,5.82457095406569,4.661812685537261,-1.162758268528429,4
8782,5.618458851565789,4.661812685537261,-0.9566461660285279,5
8783,5.690718948458908,4.661812685537261,-1.0289062629216472,9
8784,5.908228354822995,6.7160033436348,0.8077749888118051,7
8785,6.0842927142712036,6.7160033436348,0.6317106293635968,9
8786,6.08402565420542,6.7160033436348,0.6319776894293803,8
8787,6.067208318607456,6.7160033436348,0.6487950250273444,3
8788,6.194919837595322,6.7160033436348,0.5210835060394787,4
8789,6.057220200946745,6.7160033436348,0.6587831426880557,1
8790,6.168797093275772,6.7160033436348,0.5472062503590287,10
8791,6.041258697937187,6.7160033436348,0.6747446456976132,5
8792,6.043513876386479,6.7160033436348,0.6724894672483215,2
8793,6.739364040404302,6.939519252618618,0.20015521221431598,10
8794,6.7393780581107565,6.939519252618618,0.20014119450786172,3
8795,6.7397624616635445,6.939519252618618,0.1997567909550737,4
8796,6.739373919588164,6.939519252618618,0.2001453330304539,2
8797,6.73927290209936,6.939519252618618,0.200246350519258,9
8798,6.744358256056112,6.939519252618618,0.19516099656250585,1
8799,6.739232799068066,6.939519252618618,0.20028645355055197,5
8800,6.7394509050471125,6.939519252618618,0.2000683475715057,8
8801,6.739422044681833,6.939519252618618,0.20009720793678554,6
8802,4.675080273953963,4.249027052547187,-0.42605322140677604,4
8803,4.632915755643367,4.249027052547187,-0.3838887030961802,6
8804,4.506538932670631,4.249027052547187,-0.2575118801234444,2
8805,4.449078329193825,4.249027052547187,-0.20005127664663824,3
8806,4.580414877403271,4.249027052547187,-0.3313878248560842,10
8807,4.515359348794313,4.249027052547187,-0.26633229624712573,1
8808,4.539043803481711,4.249027052547187,-0.29001675093452395,8
8809,4.583692555022694,4.249027052547187,-0.33466550247550675,7
8810,4.449365139520029,4.249027052547187,-0.20033808697284172,9
8811,2.3471212187464108,1.6334684555795864,-0.7136527631668244,2
8812,2.382282989052948,1.6334684555795864,-0.7488145334733616,9
8813,2.329017912133301,1.6334684555795864,-0.6955494565537144,7
8814,2.2938902336087477,1.6334684555795864,-0.6604217780291612,10
8815,2.430965610429062,1.6334684555795864,-0.7974971548494756,3
8816,2.2775956909435013,1.6334684555795864,-0.6441272353639149,6
8817,2.486974290427975,1.6334684555795864,-0.8535058348483886,8
8818,2.4039930028950054,1.6334684555795864,-0.770524547315419,1
8819,2.3239953703571663,1.6334684555795864,-0.6905269147775799,5
8820,2.3239953703571663,2.182300499593339,-0.14169487076382747,5
8821,2.2938902336087477,2.182300499593339,-0.11158973401540884,10
8822,2.533791702566416,2.182300499593339,-0.35149120297307723,4
8823,2.430965610429062,2.182300499593339,-0.24866511083572318,3
8824,2.2775956909435013,2.182300499593339,-0.09529519135016251,6
8825,2.382282989052948,2.182300499593339,-0.19998248945960917,9
8826,2.4039930028950054,2.182300499593339,-0.22169250330166657,1
8827,2.3471212187464108,2.182300499593339,-0.16482071915307195,2
8828,2.329017912133301,2.182300499593339,-0.14671741253996196,7
8829,5.6804443950679,4.008600171761918,-1.6718442233059818,3
8830,5.527103320932894,4.008600171761918,-1.518503149170976,10
8831,5.4960779397309425,4.008600171761918,-1.4874777679690245,6
8832,5.513713870776245,4.008600171761918,-1.505113699014327,7
8833,5.635735738067272,4.008600171761918,-1.6271355663053537,8
8834,5.559743400243829,4.008600171761918,-1.5511432284819113,5
8835,5.684010537948602,4.008600171761918,-1.675410366186684,4
8836,5.613256950226302,4.008600171761918,-1.604656778464384,2
8837,5.551898468384439,4.008600171761918,-1.5432982966225213,1
8838,5.805111205483807,5.400710636773232,-0.4044005687105754,8
8839,5.722669626860238,5.400710636773232,-0.32195899008700657,7
8840,6.034328789347253,5.400710636773232,-0.6336181525740212,2
8841,5.975018269101692,5.400710636773232,-0.5743076323284608,6
8842,5.822547358259099,5.400710636773232,-0.42183672148586737,3
8843,5.833209496594677,5.400710636773232,-0.432498859821445,10
8844,5.79668864505435,5.400710636773232,-0.3959780082811184,9
8845,5.789291202862944,5.400710636773232,-0.38858056608971214,5
8846,5.898946752853434,5.400710636773232,-0.4982361160802027,1
8847,6.078632170423819,6.078819183098848,0.00018701267502940766,6
8848,5.985927797525459,6.078819183098848,0.09289138557338905,1
8849,5.9590037689521065,6.078819183098848,0.1198154141467418,5
8850,5.88904553445912,6.078819183098848,0.18977364863972834,7
8851,5.8790730032473375,6.078819183098848,0.19974617985151077,10
8852,5.960921412658533,6.078819183098848,0.11789777044031524,3
8853,6.0736642794711475,6.078819183098848,0.005154903627700769,2
8854,5.957793776487599,6.078819183098848,0.12102540661124905,8
8855,5.9500358487194385,6.078819183098848,0.1287833343794098,9
8856,5.855262830306604,4.736149402104994,-1.1191134282016098,5
8857,6.01255581682453,4.736149402104994,-1.2764064147195358,4
8858,5.967300521163958,4.736149402104994,-1.2311511190589641,2
8859,5.983690819351759,4.736149402104994,-1.2475414172467651,1
8860,5.882864639023311,4.736149402104994,-1.1467152369183173,10
8861,5.862248911919806,4.736149402104994,-1.1260995098148117,3
8862,5.8623218073186605,4.736149402104994,-1.1261724052136666,8
8863,5.85426072037542,4.736149402104994,-1.1181113182704259,9
8864,5.832431694462253,4.736149402104994,-1.0962822923572588,7
8865,5.5313670634715155,6.0,0.4686329365284845,10
8866,5.71019527770732,6.0,0.28980472229268006,4
8867,5.649834211176542,6.0,0.3501657888234577,8
8868,5.6678669325453965,6.0,0.33213306745460347,6
8869,5.594058182655886,6.0,0.4059418173441136,1
8870,5.52289970262286,6.0,0.4771002973771399,5
8871,5.667993876242863,6.0,0.3320061237571368,9
8872,5.454509336105816,6.0,0.5454906638941841,7
8873,5.5050955194740405,6.0,0.4949044805259595,2
8874,5.021811951159834,4.821840927200454,-0.19997102395937993,8
8875,5.0218681994101155,4.821840927200454,-0.20002727220966143,1
8876,5.064225826470881,4.821840927200454,-0.2423848992704265,7
8877,5.021579269736362,4.821840927200454,-0.19973834253590805,10
8878,5.021975182437046,4.821840927200454,-0.20013425523659212,3
8879,5.021551503164147,4.821840927200454,-0.19971057596369324,2
8880,5.021994251374976,4.821840927200454,-0.20015332417452214,9
8881,5.0216263676221535,4.821840927200454,-0.19978544042169943,5
8882,5.022006888453754,4.821840927200454,-0.20016596125330022,4
8883,5.848258812977634,5.648360010980932,-0.19989880199670207,2
8884,5.848321898476199,5.648360010980932,-0.19996188749526667,5
8885,5.848207095856269,5.648360010980932,-0.1998470848753371,9
8886,5.848282483118189,5.648360010980932,-0.19992247213725722,10
8887,5.8481081779013255,5.648360010980932,-0.19974816692039354,1
8888,5.848609458760904,5.648360010980932,-0.20024944777997167,7
8889,5.848149502363828,5.648360010980932,-0.19978949138289614,8
8890,5.848546970740718,5.648360010980932,-0.20018695975978584,6
8891,5.848461444727853,5.648360010980932,-0.20010143374692113,4
8892,6.19615234601814,6.3979400086720375,0.20178766265389747,5
8893,6.160114577574227,6.3979400086720375,0.23782543109781074,3
8894,6.1980814808642215,6.3979400086720375,0.199858527807816,8
8895,6.197950524212973,6.3979400086720375,0.1999894844590644,7
8896,6.19774087068387,6.3979400086720375,0.20019913798816713,9
8897,6.197677446713585,6.3979400086720375,0.2002625619584526,10
8898,6.197935409388069,6.3979400086720375,0.20000459928396808,2
8899,6.197697643122105,6.3979400086720375,0.2002423655499328,4
8900,6.197749559558196,6.3979400086720375,0.20019044911384132,1
8901,6.627034431333824,7.217483944213907,0.5904495128800828,5
8902,6.65766751721606,7.217483944213907,0.5598164269978465,6
8903,6.650987309917948,7.217483944213907,0.5664966342959588,2
8904,6.762678212609445,7.217483944213907,0.4548057316044618,10
8905,6.697827051407012,7.217483944213907,0.5196568928068945,8
8906,6.629494275613513,7.217483944213907,0.587989668600394,4
8907,6.561799544673292,7.217483944213907,0.6556843995406147,7
8908,6.801066377309402,7.217483944213907,0.4164175669045047,9
8909,6.6191927691679435,7.217483944213907,0.5982911750459632,1
8910,6.162997561078308,5.050147658020303,-1.112849903058005,4
8911,6.03736267638498,5.050147658020303,-0.9872150183646768,9
8912,6.0379197542805905,5.050147658020303,-0.9877720962602874,5
8913,6.075959887513773,5.050147658020303,-1.0258122294934697,8
8914,5.892431305348173,5.050147658020303,-0.8422836473278696,7
8915,6.016252340757141,5.050147658020303,-0.9661046827368382,1
8916,6.071542428414142,5.050147658020303,-1.0213947703938393,3
8917,5.867543832565427,5.050147658020303,-0.8173961745451237,2
8918,6.147942112528394,5.050147658020303,-1.097794454508091,10
8919,3.7592005017016126,3.959041392321093,0.1998408906194804,9
8920,3.7588630506790137,3.959041392321093,0.20017834164207926,10
8921,3.7586202036014265,3.959041392321093,0.20042118871966652,1
8922,3.8134750409941782,3.959041392321093,0.14556635132691476,4
8923,3.7587640418503625,3.959041392321093,0.20027735047073048,7
8924,3.758836961520053,3.959041392321093,0.20020443080104,3
8925,3.7589771965203265,3.959041392321093,0.2000641958007665,5
8926,3.759022963193474,3.959041392321093,0.2000184291276188,2
8927,3.758978193460906,3.959041392321093,0.20006319886018709,6
8928,5.3262480933250185,6.477121254719663,1.1508731613946441,3
8929,4.9853283573414,6.477121254719663,1.4917928973782626,7
8930,5.120349040609921,6.477121254719663,1.3567722141097418,9
8931,5.4148678147843885,6.477121254719663,1.062253439935274,4
8932,5.233138530604222,6.477121254719663,1.2439827241154404,5
8933,5.3490327641577045,6.477121254719663,1.1280884905619581,10
8934,5.126922947696851,6.477121254719663,1.3501983070228114,1
8935,5.2625910664893,6.477121254719663,1.2145301882303627,2
8936,5.124930855016195,6.477121254719663,1.3521903997034679,6
8937,6.731475669903362,7.544068044350276,0.8125923744469139,6
8938,6.731476432428178,7.544068044350276,0.8125916119220973,3
8939,6.731141408921447,7.544068044350276,0.8129266354288287,8
8940,6.731512048086444,7.544068044350276,0.812555996263832,2
8941,7.344103645179991,7.544068044350276,0.19996439917028486,9
8942,6.731219905925498,7.544068044350276,0.8128481384247781,7
8943,6.731098901740609,7.544068044350276,0.812969142609667,10
8944,6.731453703131331,7.544068044350276,0.8126143412189446,1
8945,6.731337616063711,7.544068044350276,0.8127304282865646,5
8946,5.879218431939751,6.079181246047625,0.19996281410787375,2
8947,5.8790803703770615,6.079181246047625,0.20010087567056356,5
8948,5.8791272209617045,6.079181246047625,0.20005402508592063,3
8949,5.878714124045245,6.079181246047625,0.20046712200238037,10
8950,5.879052169264026,6.079181246047625,0.20012907678359948,9
8951,5.879076943134557,6.079181246047625,0.20010430291306847,8
8952,5.879146093317719,6.079181246047625,0.2000351527299058,4
8953,5.879170246544107,6.079181246047625,0.20001099950351797,6
8954,5.879084948979107,6.079181246047625,0.2000962970685185,7
8955,5.946298340947501,6.146128035678238,0.1998296947307372,3
8956,5.946238681071529,6.146128035678238,0.1998893546067091,6
8957,5.946191830709587,6.146128035678238,0.19993620496865105,2
8958,5.94574519805999,6.146128035678238,0.20038283761824793,5
8959,6.048259557904712,6.146128035678238,0.09786847777352659,1
8960,5.946392017106692,6.146128035678238,0.19973601857154577,9
8961,5.94597638275408,6.146128035678238,0.20015165292415826,4
8962,5.9464094466016535,6.146128035678238,0.19971858907658468,7
8963,5.946305876799441,6.146128035678238,0.1998221588787974,8
8964,4.94632000046259,5.146128035678238,0.19980803521564816,10
8965,4.94601462385306,5.146128035678238,0.2001134118251784,7
8966,4.945745266617455,5.146128035678238,0.20038276906078334,2
8967,4.946287978733457,5.146128035678238,0.19984005694478135,1
8968,4.946374805554061,5.146128035678238,0.1997532301241769,4
8969,4.945930619053393,5.146128035678238,0.20019741662484503,3
8970,4.94626343590853,5.146128035678238,0.19986459976970838,5
8971,4.9458724999666215,5.146128035678238,0.2002555357116167,6
8972,4.990460734589709,5.146128035678238,0.15566730108852944,9
8973,5.334138892471784,5.534026106056135,0.19988721358435146,8
8974,5.438024318499,5.534026106056135,0.09600178755713529,2
8975,5.52676306982351,5.534026106056135,0.00726303623262492,5
8976,5.419066989545307,5.534026106056135,0.11495911651082835,6
8977,5.523544544444826,5.534026106056135,0.010481561611308976,7
8978,5.333803338564727,5.534026106056135,0.20022276749140833,9
8979,5.4236483000244275,5.534026106056135,0.11037780603170777,10
8980,5.406210418303112,5.534026106056135,0.12781568775302343,1
8981,5.334200732562111,5.534026106056135,0.19982537349402474,4
8982,5.978129163068653,7.434568904034199,1.4564397409655463,9
8983,7.054750219716678,7.434568904034199,0.3798186843175211,10
8984,5.978136491346652,7.434568904034199,1.4564324126875468,5
8985,5.978108990205987,7.434568904034199,1.456459913828212,1
8986,5.977827433306907,7.434568904034199,1.4567414707272919,8
8987,5.978062410964031,7.434568904034199,1.4565064930701679,4
8988,6.004097629598165,7.434568904034199,1.4304712744360337,6
8989,5.978047796468103,7.434568904034199,1.456521107566096,2
8990,5.977954090880392,7.434568904034199,1.4566148131538075,7
8991,5.625837997501526,5.826074802700826,0.20023680519930043,3
8992,5.625787169043252,5.826074802700826,0.20028763365757385,4
8993,5.5337332134549495,5.826074802700826,0.2923415892458765,2
8994,5.625854107777933,5.826074802700826,0.2002206949228933,6
8995,5.626131819269447,5.826074802700826,0.19994298343137906,1
8996,5.62629190522152,5.826074802700826,0.1997828974793059,8
8997,5.626220970831892,5.826074802700826,0.1998538318689338,10
8998,5.605637714088476,5.826074802700826,0.2204370886123499,9
8999,5.476781827366063,5.826074802700826,0.34929297533476333,7
9000,5.916614006620101,6.401400540781544,0.4847865341614428,10
9001,5.869268985536024,6.401400540781544,0.5321315552455195,9
9002,5.886373846733526,6.401400540781544,0.5150266940480179,3
9003,5.9177462437063,6.401400540781544,0.483654297075244,8
9004,5.881306615687841,6.401400540781544,0.5200939250937031,5
9005,5.75495264308205,6.401400540781544,0.6464478976994936,2
9006,5.908183391772322,6.401400540781544,0.4932171490092214,6
9007,5.892807836896738,6.401400540781544,0.5085927038848057,1
9008,5.962145515487586,6.401400540781544,0.4392550252939573,4
9009,5.535911609707999,6.079181246047625,0.5432696363396259,5
9010,5.576829515012021,6.079181246047625,0.5023517310356045,6
9011,5.592027069262424,6.079181246047625,0.487154176785201,8
9012,5.474379074419455,6.079181246047625,0.6048021716281697,7
9013,5.503452088324698,6.079181246047625,0.5757291577229271,2
9014,5.546497936784673,6.079181246047625,0.5326833092629517,9
9015,5.538776525772844,6.079181246047625,0.5404047202747808,10
9016,5.590690650668844,6.079181246047625,0.4884905953787815,1
9017,5.5662325851977545,6.079181246047625,0.5129486608498706,3
9018,5.693102675597833,5.021189299069938,-0.6719133765278951,10
9019,5.667217431965386,5.021189299069938,-0.6460281328954478,9
9020,5.6269016688116515,5.021189299069938,-0.6057123697417133,3
9021,5.4621366903496735,5.021189299069938,-0.44094739127973526,7
9022,5.559269377878646,5.021189299069938,-0.5380800788087079,1
9023,5.583164333417619,5.021189299069938,-0.5619750343476806,6
9024,5.628648830454679,5.021189299069938,-0.6074595313847411,5
9025,5.6306053920102785,5.021189299069938,-0.6094160929403403,2
9026,5.64253699632668,5.021189299069938,-0.6213476972567413,4
9027,5.6517905966785635,5.604118006192035,-0.0476725904865285,5
9028,5.610183850519975,5.604118006192035,-0.006065844327939551,3
9029,5.556051130095186,5.604118006192035,0.04806687609684879,2
9030,5.663834448893872,5.604118006192035,-0.05971644270183685,4
9031,5.673688735768667,5.604118006192035,-0.06957072957663168,6
9032,5.500923785093873,5.604118006192035,0.10319422109816223,7
9033,5.768690722021788,5.604118006192035,-0.16457271582975252,10
9034,5.648115691178242,5.604118006192035,-0.043997684986207375,9
9035,5.679506237364828,5.604118006192035,-0.07538823117279314,1
9036,5.273957565207764,4.124504224834283,-1.1494533403734817,4
9037,5.178218069669277,4.124504224834283,-1.053713844834994,6
9038,5.093718331866352,4.124504224834283,-0.9692141070320694,2
9039,5.130782079423557,4.124504224834283,-1.0062778545892739,8
9040,5.1377277392202805,4.124504224834283,-1.0132235143859978,5
9041,5.174599324802339,4.124504224834283,-1.0500950999680567,10
9042,5.264158889609755,4.124504224834283,-1.1396546647754722,9
9043,5.115271426094509,4.124504224834283,-0.9907672012602262,1
9044,5.15475419246176,4.124504224834283,-1.0302499676274772,7
9045,4.243980286101684,3.5575072019056577,-0.6864730841960265,7
9046,4.443647393835494,3.5575072019056577,-0.8861401919298366,2
9047,4.299900439577915,3.5575072019056577,-0.7423932376722568,1
9048,4.6640881608313896,3.5575072019056577,-1.1065809589257318,9
9049,4.6616657737909275,3.5575072019056577,-1.1041585718852698,8
9050,4.812561064960338,3.5575072019056577,-1.2550538630546804,3
9051,4.735469624169597,3.5575072019056577,-1.1779624222639393,5
9052,4.651328094809719,3.5575072019056577,-1.093820892904061,10
9053,4.743517819127818,3.5575072019056577,-1.18601061722216,6
9054,3.1538623883462433,2.9542425094393248,-0.19961987890691857,8
9055,3.154116945553756,2.9542425094393248,-0.19987443611443112,10
9056,3.1539433638614116,2.9542425094393248,-0.19970085442208685,9
9057,3.15415574127187,2.9542425094393248,-0.19991323183254517,6
9058,3.154437480663719,2.9542425094393248,-0.20019497122439445,4
9059,3.153918483524863,2.9542425094393248,-0.19967597408553805,7
9060,3.1540936348153146,2.9542425094393248,-0.1998511253759898,1
9061,3.154017980156857,2.9542425094393248,-0.19977547071753232,3
9062,3.1545772496873945,2.9542425094393248,-0.20033474024806974,2
9063,4.141903852542271,3.942008053022313,-0.1998957995199575,10
9064,4.141709081500724,3.942008053022313,-0.19970102847841087,5
9065,3.863924952243435,3.942008053022313,0.07808310077887803,2
9066,4.142350138488078,3.942008053022313,-0.20034208546576515,6
9067,4.142195512027607,3.942008053022313,-0.2001874590052939,8
9068,4.141649635720704,3.942008053022313,-0.1996415826983906,7
9069,4.1418920076889565,3.942008053022313,-0.19988395466664333,9
9070,4.141820033002542,3.942008053022313,-0.19981197998022893,1
9071,4.14175825464986,3.942008053022313,-0.19975020162754653,3
9072,3.7120925549657047,3.5118833609788744,-0.20020919398683024,1
9073,3.711400956419511,3.5118833609788744,-0.19951759544063652,7
9074,3.712108307687463,3.5118833609788744,-0.20022494670858837,6
9075,3.7119968536602386,3.5118833609788744,-0.20011349268136414,10
9076,3.711887244062517,3.5118833609788744,-0.20000388308364236,2
9077,3.7119609798287323,3.5118833609788744,-0.20007761884985786,3
9078,3.712035165421135,3.5118833609788744,-0.20015180444226077,9
9079,3.712286535356275,3.5118833609788744,-0.20040317437740063,4
9080,3.712332472987549,3.5118833609788744,-0.20044911200867466,5
9081,6.421891896793096,6.621974524899735,0.2000826281066388,5
9082,6.421574039522359,6.621974524899735,0.20040048537737576,6
9083,6.421908378933634,6.621974524899735,0.20006614596610106,9
9084,6.421928944393653,6.621974524899735,0.20004558050608168,1
9085,6.42156098999809,6.621974524899735,0.20041353490164493,8
9086,6.422126254756728,6.621974524899735,0.19984827014300688,7
9087,6.421546789762363,6.621974524899735,0.20042773513737178,10
9088,6.422061459070753,6.621974524899735,0.19991306582898183,4
9089,6.421962110136288,6.621974524899735,0.20001241476344678,2
9090,5.6233860372723345,5.423360578084977,-0.2000254591873576,8
9091,5.687137176455415,5.423360578084977,-0.26377659837043765,6
9092,5.655770555976724,5.423360578084977,-0.23240997789174678,10
9093,5.703904627586683,5.423360578084977,-0.28054404950170575,1
9094,5.662425709545238,5.423360578084977,-0.23906513146026143,3
9095,5.78577627425296,5.423360578084977,-0.3624156961679832,9
9096,5.623646549698409,5.423360578084977,-0.20028597161343242,2
9097,5.755497184871913,5.423360578084977,-0.33213660678693646,4
9098,5.765662646215198,5.423360578084977,-0.3423020681302207,7
9099,5.477533563429205,5.6776069527204935,0.2000733892912887,3
9100,5.477564859913662,5.6776069527204935,0.20004209280683138,9
9101,5.477505214929019,5.6776069527204935,0.20010173779147422,2
9102,5.803798202963837,5.6776069527204935,-0.12619125024334377,5
9103,5.477557675079399,5.6776069527204935,0.20004927764109492,4
9104,5.4775502670113,5.6776069527204935,0.20005668570919344,6
9105,5.477669836766663,5.6776069527204935,0.1999371159538308,1
9106,5.4775627997617855,5.6776069527204935,0.20004415295870803,10
9107,5.477778519382196,5.6776069527204935,0.1998284333382978,7
9108,5.800120513529233,6.0,0.19987948647076692,5
9109,5.799851437834519,6.0,0.20014856216548083,3
9110,5.800019124605521,6.0,0.19998087539447873,10
9111,5.799630519667497,6.0,0.2003694803325029,8
9112,5.8000437713006345,6.0,0.19995622869936547,6
9113,5.800041704316489,6.0,0.1999582956835111,2
9114,5.799856654229275,6.0,0.20014334577072468,7
9115,5.800313202793652,6.0,0.19968679720634785,1
9116,5.799924777761212,6.0,0.20007522223878826,4
9117,5.946175963809913,6.146128035678238,0.1999520718683252,4
9118,5.945916642085493,6.146128035678238,0.20021139359274542,7
9119,5.946282360010784,6.146128035678238,0.19984567566745426,8
9120,5.9464596521277295,6.146128035678238,0.19966838355050864,3
9121,5.946009177699793,6.146128035678238,0.20011885797844542,10
9122,5.946284715822725,6.146128035678238,0.19984331985551318,2
9123,5.946248133823777,6.146128035678238,0.19987990185446147,5
9124,5.9466098312969695,6.146128035678238,0.19951820438126866,9
9125,5.945907899383799,6.146128035678238,0.20022013629443958,6
9126,5.961795553887487,6.161846959528519,0.2000514056410312,8
9127,5.962235148322026,6.161846959528519,0.19961181120649218,5
9128,5.962085693048304,6.161846959528519,0.19976126648021442,7
9129,5.962003391179331,6.161846959528519,0.1998435683491877,3
9130,5.961515976643184,6.161846959528519,0.20033098288533502,1
9131,5.961849808049191,6.161846959528519,0.1999971514793275,2
9132,5.962032242280756,6.161846959528519,0.19981471724776245,6
9133,5.962077600664795,6.161846959528519,0.1997693588637235,10
9134,5.961513815331733,6.161846959528519,0.20033314419678572,4
9135,5.878958737842496,6.079181246047625,0.20022250820512877,6
9136,5.9367327381799235,6.079181246047625,0.14244850786770158,10
9137,5.8790573637183865,6.079181246047625,0.2001238823292386,5
9138,5.8791977473621175,6.079181246047625,0.19998349868550758,3
9139,5.879533465284595,6.079181246047625,0.19964778076302991,9
9140,5.878860697566375,6.079181246047625,0.20032054848125025,1
9141,5.89667883100265,6.079181246047625,0.18250241504497478,2
9142,5.878829701749561,6.079181246047625,0.2003515442980639,4
9143,5.879384883350209,6.079181246047625,0.19979636269741619,7
9144,3.3034323967989443,3.103803720955957,-0.1996286758429875,1
9145,3.3042734032663823,3.103803720955957,-0.2004696823104255,2
9146,3.3042168386824793,3.103803720955957,-0.20041311772652248,8
9147,3.3041674900385503,3.103803720955957,-0.20036376908259346,7
9148,3.303934903741237,3.103803720955957,-0.20013118278528008,5
9149,3.3041700153726743,3.103803720955957,-0.2003662944167175,3
9150,3.3036022792747763,3.103803720955957,-0.19979855831881954,4
9151,3.303850861971347,3.103803720955957,-0.20004714101539012,6
9152,3.3039465040180134,3.103803720955957,-0.20014278306205657,9
9153,7.379582981457011,7.244277120801843,-0.13530586065516825,7
9154,7.379931091782669,7.244277120801843,-0.135653970980826,1
9155,7.38023577878141,7.244277120801843,-0.1359586579795673,8
9156,7.379377561653828,7.244277120801843,-0.13510044085198558,2
9157,7.379706674562465,7.244277120801843,-0.1354295537606225,9
9158,7.380111466452131,7.244277120801843,-0.13583434565028796,6
9159,7.379516541575644,7.244277120801843,-0.13523942077380102,3
9160,7.379803672090069,7.244277120801843,-0.13552655128822622,4
9161,7.379765835473982,7.244277120801843,-0.13548871467213974,5
9162,6.883195510787933,7.08278537031645,0.19958985952851727,4
9163,6.8827538550004945,7.08278537031645,0.2000315153159553,9
9164,6.882837951915178,7.08278537031645,0.19994741840127173,7
9165,6.882794392728435,7.08278537031645,0.19999097758801465,2
9166,6.883038783833043,7.08278537031645,0.19974658648340693,10
9167,6.882801751581617,7.08278537031645,0.19998361873483272,6
9168,6.882606424425744,7.08278537031645,0.2001789458907055,1
9169,6.8830323315889,7.08278537031645,0.19975303872754946,8
9170,6.883049357022616,7.08278537031645,0.19973601329383417,3
9171,5.943221591851406,6.133538908370218,0.19031731651881145,2
9172,5.933436077448766,6.133538908370218,0.20010283092145187,6
9173,6.2503868229966155,6.133538908370218,-0.11684791462639765,1
9174,5.933490411726945,6.133538908370218,0.20004849664327295,5
9175,5.9333341548631084,6.133538908370218,0.20020475350710942,9
9176,5.9563385990820095,6.133538908370218,0.1772003092882084,10
9177,5.933255420181291,6.133538908370218,0.20028348818892727,7
9178,5.9405654315324234,6.133538908370218,0.19297347683779442,3
9179,5.933498777489307,6.133538908370218,0.200040130880911,4
9180,6.238551419478341,6.778151250383644,0.5395998309053027,4
9181,6.263403533036139,6.778151250383644,0.5147477173475048,9
9182,6.50712978655388,6.778151250383644,0.2710214638297641,1
9183,6.002264151048987,6.778151250383644,0.7758870993346569,7
9184,6.208223105747389,6.778151250383644,0.569928144636255,5
9185,6.206212723282887,6.778151250383644,0.5719385271007571,2
9186,6.026414648901685,6.778151250383644,0.7517366014819586,6
9187,6.321539605357437,6.778151250383644,0.4566116450262072,8
9188,6.209686304163195,6.778151250383644,0.5684649462204492,3
9189,7.38023577878141,7.57978359661681,0.1995478178354002,8
9190,7.379377561653828,7.57978359661681,0.20040603496298193,2
9191,7.379803672090069,7.57978359661681,0.1999799245267413,4
9192,7.379765835473982,7.57978359661681,0.20001776114282777,5
9193,7.379582981457011,7.57978359661681,0.20020061515979926,7
9194,7.379516541575644,7.57978359661681,0.2002670550411665,3
9195,7.379706674562465,7.57978359661681,0.20007692205434502,9
9196,7.379931091782669,7.57978359661681,0.19985250483414152,1
9197,7.380111466452131,7.57978359661681,0.19967213016467955,6
9198,5.5330399541203095,5.27415784926368,-0.2588821048566299,7
9199,5.661605127965708,5.27415784926368,-0.38744727870202844,2
9200,5.663026435038466,5.27415784926368,-0.38886858577478645,4
9201,5.4799661358531795,5.27415784926368,-0.2058082865894999,5
9202,5.631013260724085,5.27415784926368,-0.35685541146040567,8
9203,5.567759056982649,5.27415784926368,-0.2936012077189698,6
9204,5.614608832514643,5.27415784926368,-0.340450983250963,9
9205,5.538022573620422,5.27415784926368,-0.26386472435674246,10
9206,5.488893647034476,5.27415784926368,-0.2147357977707962,3
9207,5.542635187649989,5.342422680822207,-0.20021250682778202,6
9208,5.542326539899298,5.342422680822207,-0.19990385907709118,4
9209,5.542482553315378,5.342422680822207,-0.20005987249317148,5
9210,5.542143575920204,5.342422680822207,-0.19972089509799762,7
9211,5.542345100060458,5.342422680822207,-0.19992241923825116,8
9212,5.542477722163423,5.342422680822207,-0.20005504134121654,10
9213,5.542630067232752,5.342422680822207,-0.20020738641054514,3
9214,5.542042639579207,5.342422680822207,-0.19961995875700023,1
9215,5.542509442593637,5.342422680822207,-0.2000867617714306,9
9216,5.6260232000831305,5.826074802700826,0.2000516026176955,2
9217,5.626206526721088,5.826074802700826,0.1998682759797381,6
9218,5.626027199561234,5.826074802700826,0.20004760313959213,9
9219,5.626164698120892,5.826074802700826,0.19991010457993408,4
9220,5.625636258315983,5.826074802700826,0.2004385443848431,1
9221,5.625750407357923,5.826074802700826,0.20032439534290258,3
9222,5.625973370663696,5.826074802700826,0.2001014320371297,5
9223,5.886897101636982,5.826074802700826,-0.06082229893615576,10
9224,5.626006729477457,5.826074802700826,0.20006807322336861,8
9225,4.559912158694733,4.359835482339888,-0.20007667635484427,2
9226,4.560308118921936,4.359835482339888,-0.20047263658204795,7
9227,4.560162352028675,4.359835482339888,-0.20032686968878632,5
9228,4.559729685964171,4.359835482339888,-0.19989420362428234,3
9229,4.560127247871918,4.359835482339888,-0.20029176553202976,8
9230,4.5600377255923155,4.359835482339888,-0.20020224325242708,1
9231,4.56017958356078,4.359835482339888,-0.20034410122089152,4
9232,4.560169511648013,4.359835482339888,-0.2003340293081246,6
9233,4.560062781819658,4.359835482339888,-0.2002272994797698,9
9234,6.563316000735489,6.763427993562937,0.20011199282744752,4
9235,6.563617866022391,6.763427993562937,0.1998101275405455,9
9236,6.563329986629071,6.763427993562937,0.2000980069338656,2
9237,6.5635730302413595,6.763427993562937,0.19985496332157737,5
9238,6.563439076175685,6.763427993562937,0.19998891738725177,1
9239,6.5637445372763255,6.763427993562937,0.19968345628661144,7
9240,6.563409218243646,6.763427993562937,0.20001877531929058,10
9241,6.563287053160592,6.763427993562937,0.20014094040234465,8
9242,6.563701778132773,6.763427993562937,0.19972621543016356,3
9243,5.707133536259949,5.832508912706237,0.1253753764462875,3
9244,5.69190230787664,5.832508912706237,0.1406066048295962,8
9245,5.762047671096955,5.832508912706237,0.0704612416092818,4
9246,5.83609186551434,5.832508912706237,-0.003582952808103279,6
9247,5.821901198857653,5.832508912706237,0.010607713848584055,5
9248,5.632409829700518,5.832508912706237,0.20009908300571855,1
9249,5.816972792017093,5.832508912706237,0.015536120689144006,10
9250,5.67038246257872,5.832508912706237,0.16212645012751636,9
9251,5.764997349261795,5.832508912706237,0.06751156344444187,7
9252,4.3541591892573885,3.871164132802949,-0.48299505645443963,8
9253,4.268783937858949,3.871164132802949,-0.3976198050559998,3
9254,4.461768067917712,3.871164132802949,-0.5906039351147627,4
9255,4.343955400728158,3.871164132802949,-0.47279126792520865,1
9256,4.343786125967666,3.871164132802949,-0.4726219931647173,7
9257,4.343913583175322,3.871164132802949,-0.47274945037237304,9
9258,4.533043446908392,3.871164132802949,-0.6618793141054433,6
9259,4.343739747519054,3.871164132802949,-0.4725756147161051,5
9260,4.344301225230964,3.871164132802949,-0.4731370924280154,2
9261,5.356359341408196,5.426023015689876,0.06966367428167963,3
9262,5.226361298879709,5.426023015689876,0.19966171681016665,1
9263,5.433013114390693,5.426023015689876,-0.006990098700817349,5
9264,5.452635318753852,5.426023015689876,-0.026612303063975773,6
9265,5.495595478068306,5.426023015689876,-0.06957246237842973,10
9266,5.290463530850429,5.426023015689876,0.13555948483944658,8
9267,5.261417174911152,5.426023015689876,0.16460584077872387,7
9268,5.409520278482305,5.426023015689876,0.01650273720757056,4
9269,5.27781837783323,5.426023015689876,0.1482046378566455,9
9270,8.029498046283157,8.229681842317676,0.2001837960345192,3
9271,8.029560377842994,8.229681842317676,0.20012146447468204,8
9272,8.029306382656259,8.229681842317676,0.20037545966141757,2
9273,8.029196837321324,8.229681842317676,0.20048500499635225,7
9274,8.029932268212647,8.229681842317676,0.19974957410502903,1
9275,8.029254720836402,8.229681842317676,0.20042712148127428,10
9276,8.030047026683077,8.229681842317676,0.1996348156345995,4
9277,8.029748389788214,8.229681842317676,0.19993345252946249,5
9278,8.02983820080385,8.229681842317676,0.1998436415138265,9
9279,8.029932268212647,8.229681842317676,0.19974957410502903,1
9280,8.029560377842994,8.229681842317676,0.20012146447468204,8
9281,8.029254720836402,8.229681842317676,0.20042712148127428,10
9282,8.029934649601866,8.229681842317676,0.19974719271580987,6
9283,8.029498046283157,8.229681842317676,0.2001837960345192,3
9284,8.02983820080385,8.229681842317676,0.1998436415138265,9
9285,8.029196837321324,8.229681842317676,0.20048500499635225,7
9286,8.030047026683077,8.229681842317676,0.1996348156345995,4
9287,8.029306382656259,8.229681842317676,0.20037545966141757,2
9288,8.214772705871791,8.414973347970818,0.200200642099027,10
9289,8.215333449040841,8.414973347970818,0.19963989892997702,9
9290,8.214883194763152,8.414973347970818,0.20009015320766643,8
9291,8.214516222843054,8.414973347970818,0.20045712512776426,2
9292,8.214617500793175,8.414973347970818,0.20035584717764365,1
9293,8.215212919957619,8.414973347970818,0.1997604280131995,3
9294,8.215481832669157,8.414973347970818,0.19949151530166098,5
9295,8.21521025633227,8.414973347970818,0.19976309163854822,6
9296,8.215009213555916,8.414973347970818,0.1999641344149019,4
9297,4.71510741574235,4.515343893088381,-0.1997635226539689,2
9298,4.715593337078418,4.515343893088381,-0.20024944399003708,3
9299,4.715299967169371,4.515343893088381,-0.19995607408099048,4
9300,4.715242208916002,4.515343893088381,-0.19989831582762108,10
9301,4.715241537356329,4.515343893088381,-0.19989764426794832,8
9302,4.715297021008322,4.515343893088381,-0.19995312791994113,9
9303,4.628697596026525,4.515343893088381,-0.11335370293814417,7
9304,4.715224600752929,4.515343893088381,-0.19988070766454857,5
9305,4.715649340921674,4.515343893088381,-0.2003054478332933,1
9306,1.8991455473282013,1.6989700043360187,-0.20017554299218254,9
9307,1.899227690305557,1.6989700043360187,-0.2002576859695382,10
9308,1.8989846175014584,1.6989700043360187,-0.20001461316543967,2
9309,1.8993687185792347,1.6989700043360187,-0.20039871424321598,5
9310,1.8988182494334014,1.6989700043360187,-0.19984824509738264,6
9311,2.043441943535842,1.6989700043360187,-0.3444719391998232,8
9312,1.8987865314711678,1.6989700043360187,-0.19981652713514908,7
9313,1.898709088956056,1.6989700043360187,-0.1997390846200373,3
9314,2.1532909100379665,1.6989700043360187,-0.4543209057019477,4
9315,4.631319355792455,4.431363764158987,-0.19995559163346766,10
9316,4.746060220723905,4.431363764158987,-0.31469645656491796,5
9317,4.672543546918547,4.431363764158987,-0.2411797827595601,6
9318,4.723385782200701,4.431363764158987,-0.2920220180417141,1
9319,4.766681650391916,4.431363764158987,-0.3353178862329287,7
9320,4.631512044030082,4.431363764158987,-0.20014827987109474,9
9321,4.799822755183256,4.431363764158987,-0.36845899102426927,2
9322,4.762356192937787,4.431363764158987,-0.3309924287788002,3
9323,4.724368651823116,4.431363764158987,-0.2930048876641287,8
9324,5.5009079374323555,5.406540180433956,-0.09436775699839917,7
9325,5.50117550355006,5.406540180433956,-0.0946353231161039,4
9326,5.501351363766321,5.406540180433956,-0.09481118333236438,10
9327,5.501172201170386,5.406540180433956,-0.09463202073642929,2
9328,5.501086903403478,5.406540180433956,-0.09454672296952182,5
9329,5.501007724069075,5.406540180433956,-0.094467543635119,1
9330,5.50109161760575,5.406540180433956,-0.09455143717179393,3
9331,5.606506821429656,5.406540180433956,-0.19996664099569994,9
9332,5.500888022283311,5.406540180433956,-0.09434784184935463,8
9333,6.200133790095855,6.400365273349939,0.20023148325408435,4
9334,6.200078014243307,6.400365273349939,0.2002872591066316,6
9335,6.200197124169787,6.400365273349939,0.20016814918015235,10
9336,6.200660472400632,6.400365273349939,0.19970480094930743,1
9337,6.200087289291249,6.400365273349939,0.20027798405869035,8
9338,6.279888406898542,6.400365273349939,0.12047686645139688,2
9339,6.200116916496285,6.400365273349939,0.20024835685365439,5
9340,6.284493426817942,6.400365273349939,0.11587184653199678,9
9341,6.2001499615230555,6.400365273349939,0.20021531182688346,3
9342,6.137769873530965,6.301029995663981,0.16326012213301588,6
9343,6.101220695035093,6.301029995663981,0.19980930062888813,5
9344,6.101114155826329,6.301029995663981,0.1999158398376526,7
9345,6.196513513926228,6.301029995663981,0.10451648173775308,4
9346,6.1997222757336115,6.301029995663981,0.1013077199303698,1
9347,6.208865517138793,6.301029995663981,0.09216447852518783,3
9348,6.322968723853778,6.301029995663981,-0.02193872818979692,9
9349,6.201939615559668,6.301029995663981,0.09909038010431281,2
9350,6.1776958437939165,6.301029995663981,0.1233341518700648,8
9351,4.645096514936943,4.845098040014257,0.2000015250773135,6
9352,4.644768892848302,4.845098040014257,0.20032914716595496,3
9353,4.761422924497053,4.845098040014257,0.08367511551720419,7
9354,4.644761955235421,4.845098040014257,0.20033608477883558,4
9355,4.6449488704071555,4.845098040014257,0.20014916960710138,1
9356,4.841504094814427,4.845098040014257,0.0035939451998299177,2
9357,4.644847254193091,4.845098040014257,0.20025078582116596,5
9358,4.645409818541271,4.845098040014257,0.19968822147298582,10
9359,4.64533880849428,4.845098040014257,0.19975923151997677,9
9360,4.494743397138706,3.845098040014257,-0.6496453571244487,9
9361,4.317858313169195,3.845098040014257,-0.47276027315493785,2
9362,4.2671031309851735,3.845098040014257,-0.42200509097091654,10
9363,4.3021465621134185,3.845098040014257,-0.4570485220991616,6
9364,4.124980210452076,3.845098040014257,-0.27988217043781916,7
9365,4.255938405930321,3.845098040014257,-0.410840365916064,1
9366,4.400638104603592,3.845098040014257,-0.5555400645893354,4
9367,4.379621920377584,3.845098040014257,-0.5345238803633272,8
9368,4.436748981119166,3.845098040014257,-0.5916509411049091,5
9369,4.715224600752929,4.845098040014257,0.12987343926132766,5
9370,4.715593337078418,4.845098040014257,0.12950470293583916,3
9371,4.715297021008322,4.845098040014257,0.1298010190059351,9
9372,5.045182469101178,4.845098040014257,-0.20008442908692103,6
9373,4.715299967169371,4.845098040014257,0.12979807284488576,4
9374,4.715241537356329,4.845098040014257,0.12985650265792792,8
9375,4.71510741574235,4.845098040014257,0.12999062427190733,2
9376,4.715242208916002,4.845098040014257,0.12985583109825516,10
9377,4.715649340921674,4.845098040014257,0.12944869909258294,1
9378,5.4426133795285825,6.707570176097937,1.2649567965693542,3
9379,5.173481418311968,6.707570176097937,1.5340887577859688,10
9380,5.424965533995801,6.707570176097937,1.282604642102136,1
9381,5.449517885629732,6.707570176097937,1.2580522904682043,9
9382,5.357634665472117,6.707570176097937,1.3499355106258193,8
9383,5.379716175454158,6.707570176097937,1.3278540006437787,6
9384,5.4835965538136335,6.707570176097937,1.2239736222843032,5
9385,6.056217654902314,6.707570176097937,0.6513525211956228,4
9386,5.30906278366364,6.707570176097937,1.398507392434297,2
9387,6.18671366183564,6.386677283960838,0.19996362212519792,9
9388,6.186562554038261,6.386677283960838,0.20011472992257673,2
9389,6.187099831410004,6.386677283960838,0.1995774525508338,5
9390,6.1867345890705705,6.386677283960838,0.19994269489026717,3
9391,6.186317158723784,6.386677283960838,0.2003601252370535,6
9392,6.186916385817187,6.386677283960838,0.1997608981436505,8
9393,6.186732404439107,6.386677283960838,0.19994487952173046,7
9394,6.186619595106958,6.386677283960838,0.20005768885387987,10
9395,6.186805937218002,6.386677283960838,0.19987134674283524,4
9396,5.46456546105576,5.664641975556125,0.20007651450036512,2
9397,5.46433587327719,5.664641975556125,0.20030610227893497,3
9398,5.493120729155102,5.664641975556125,0.1715212464010234,7
9399,5.464514105454246,5.664641975556125,0.2001278701018796,1
9400,5.8648058888474015,5.664641975556125,-0.20016391329127625,6
9401,5.464368460620142,5.664641975556125,0.2002735149359829,5
9402,5.464394499811987,5.664641975556125,0.20024747574413837,8
9403,5.464423999883256,5.664641975556125,0.20021797567286903,4
9404,5.4644128654865955,5.664641975556125,0.2002291100695297,9
9405,4.5424339487219925,4.342225229360791,-0.20020871936120166,7
9406,4.542144455646488,4.342225229360791,-0.19991922628569725,5
9407,4.542478372070714,4.342225229360791,-0.200253142709923,3
9408,4.542139454727781,4.342225229360791,-0.19991422536699055,6
9409,4.541983874772777,4.342225229360791,-0.19975864541198618,10
9410,4.542097032370921,4.342225229360791,-0.1998718030101303,8
9411,4.542459675525526,4.342225229360791,-0.2002344461647354,4
9412,4.542084720136735,4.342225229360791,-0.19985949077594434,2
9413,4.542335581700645,4.342225229360791,-0.20011035233985464,1
9414,5.093972193837259,5.672097857935717,0.578125664098458,1
9415,4.766856984815218,5.672097857935717,0.9052408731204995,10
9416,5.04580284612617,5.672097857935717,0.6262950118095469,5
9417,4.933308203733518,5.672097857935717,0.7387896542021988,8
9418,4.989533431072367,5.672097857935717,0.6825644268633502,4
9419,5.107310056221896,5.672097857935717,0.5647878017138215,9
9420,4.8406776941746985,5.672097857935717,0.8314201637610186,6
9421,5.02644512752151,5.672097857935717,0.6456527304142075,3
9422,5.142225095876068,5.672097857935717,0.5298727620596493,7
9423,2.63269428700419,3.083502619830268,0.45080833282607813,10
9424,2.731822649256055,3.083502619830268,0.3516799705742133,5
9425,2.8386164934698197,3.083502619830268,0.2448861263604485,8
9426,2.8835251681180716,3.083502619830268,0.1999774517121966,1
9427,2.8044076259695,3.083502619830268,0.2790949938607681,7
9428,2.8833611694260393,3.083502619830268,0.20014145040422893,4
9429,2.74351290124292,3.083502619830268,0.3399897185873484,9
9430,2.6992177481993527,3.083502619830268,0.3842848716309155,3
9431,2.55494747902055,3.083502619830268,0.528555140809718,2
9432,3.526605781558533,3.3014640731433,-0.22514170841523296,9
9433,3.5015675003562037,3.3014640731433,-0.20010342721290364,1
9434,3.501650373148689,3.3014640731433,-0.20018630000538895,5
9435,3.501411946541418,3.3014640731433,-0.19994787339811815,2
9436,3.501851780878298,3.3014640731433,-0.2003877077349978,8
9437,3.5016494766512194,3.3014640731433,-0.20018540350791936,3
9438,3.501623230192438,3.3014640731433,-0.2001591570491379,4
9439,3.5017381496021285,3.3014640731433,-0.20027407645882844,10
9440,3.501551076385398,3.3014640731433,-0.20008700324209805,6
9441,5.787653345907577,5.987634987448437,0.19998164154085973,2
9442,5.787324714349582,5.987634987448437,0.20031027309885463,1
9443,5.78799980584017,5.987634987448437,0.19963518160826688,10
9444,5.78744158405274,5.987634987448437,0.2001934033956969,9
9445,5.787723852798691,5.987634987448437,0.19991113464974575,5
9446,5.787697009242391,5.987634987448437,0.1999379782060453,7
9447,5.787515709110057,5.987634987448437,0.20011927833837984,8
9448,5.78783462462049,5.987634987448437,0.199800362827947,6
9449,5.7876514856940515,5.987634987448437,0.19998350175438517,3
9450,6.306488974740363,6.506505032404872,0.20001605766450936,9
9451,6.306359993723478,6.506505032404872,0.2001450386813941,8
9452,6.3064765860859975,6.506505032404872,0.20002844631887484,2
9453,6.30649970477658,6.506505032404872,0.20000532762829248,3
9454,6.306876812553013,6.506505032404872,0.19962821985185908,5
9455,6.30643581030922,6.506505032404872,0.20006922209565214,4
9456,6.306653073903755,6.506505032404872,0.19985195850111737,10
9457,6.30627177671272,6.506505032404872,0.20023325569215267,6
9458,6.306360970399946,6.506505032404872,0.2001440620049264,1
9459,6.267789975963861,6.068185861746161,-0.19960411421770008,8
9460,6.1826569899684785,6.068185861746161,-0.1144711282223172,7
9461,6.268341635943325,6.068185861746161,-0.2001557741971638,1
9462,6.23471798387669,6.068185861746161,-0.16653212213052893,4
9463,6.2239144700121045,6.068185861746161,-0.15572860826594326,2
9464,6.268496535443428,6.068185861746161,-0.20031067369726685,3
9465,6.245887011706952,6.068185861746161,-0.17770114996079034,9
9466,6.2273565381658935,6.068185861746161,-0.15917067641973226,6
9467,6.268275145777066,6.068185861746161,-0.20008928403090476,5
9468,5.709124412640642,5.509202522331103,-0.19992189030953877,8
9469,5.709252218189791,5.509202522331103,-0.20004969585868793,3
9470,5.709400809188822,5.509202522331103,-0.20019828685771923,10
9471,5.709617906078962,5.509202522331103,-0.20041538374785883,7
9472,5.709044142655217,5.509202522331103,-0.199841620324114,5
9473,5.709007861574065,5.509202522331103,-0.19980533924296218,4
9474,5.709450189075,5.509202522331103,-0.2002476667438966,1
9475,5.709488578251342,5.509202522331103,-0.2002860559202393,2
9476,5.7092763988457405,5.509202522331103,-0.20007387651463748,9
9477,5.473015732528755,5.673020907128897,0.20000517460014144,5
9478,5.5168023799860455,5.673020907128897,0.15621852714285112,2
9479,5.47561524426972,5.673020907128897,0.19740566285917627,7
9480,5.473137164782223,5.673020907128897,0.19988374234667372,9
9481,5.472995279949433,5.673020907128897,0.20002562717946404,3
9482,5.87295139378955,5.673020907128897,-0.19993048666065327,4
9483,5.473188745360688,5.673020907128897,0.1998321617682084,10
9484,5.699258507531025,5.673020907128897,-0.02623760040212808,8
9485,5.472995817178247,5.673020907128897,0.20002508995064971,6
9486,6.025255942713537,5.892094602690481,-0.13316134002305624,3
9487,5.953431983608515,5.892094602690481,-0.06133738091803398,9
9488,5.916122397576917,5.892094602690481,-0.024027794886436027,7
9489,5.851538027920359,5.892094602690481,0.040556574770121756,10
9490,6.045608882838733,5.892094602690481,-0.15351428014825252,6
9491,5.841086012172295,5.892094602690481,0.05100859051818585,8
9492,5.889232722046047,5.892094602690481,0.002861880644434045,4
9493,5.974114589990451,5.892094602690481,-0.08201998729997051,5
9494,5.914501947223198,5.892094602690481,-0.02240734453271731,1
9495,5.872905913277786,5.673020907128897,-0.1998850061488895,10
9496,5.872965138386929,5.673020907128897,-0.19994423125803262,8
9497,5.873033402718741,5.673020907128897,-0.2000124955898448,4
9498,5.873210794472758,5.673020907128897,-0.20018988734386145,1
9499,5.873321919063358,5.673020907128897,-0.20030101193446104,2
9500,5.873075849141551,5.673020907128897,-0.20005494201265428,9
9501,5.8729826513704175,5.673020907128897,-0.1999617442415209,3
9502,5.873039752936702,5.673020907128897,-0.20001884580780516,6
9503,5.865489479288605,5.673020907128897,-0.1924685721597088,7
9504,6.006810763664342,6.207095540419218,0.20028477675487544,1
9505,6.007145050754343,6.207095540419218,0.19995048966487428,3
9506,6.0070588611376925,6.207095540419218,0.20003667928152513,9
9507,6.007423104499556,6.207095540419218,0.19967243591966177,6
9508,6.0068173526933455,6.207095540419218,0.20027818772587214,8
9509,6.006831154183672,6.207095540419218,0.20026438623554554,5
9510,6.007040911296551,6.207095540419218,0.20005462912266658,7
9511,6.0069619256875395,6.207095540419218,0.20013361473167812,2
9512,6.006955291742409,6.207095540419218,0.20014024867680824,4
9513,4.638392280418775,4.176091259055681,-0.4623010213630936,3
9514,4.70860642419154,4.176091259055681,-0.5325151651358588,4
9515,4.691624317524714,4.176091259055681,-0.5155330584690327,9
9516,4.646734470965489,4.176091259055681,-0.47064321190980785,5
9517,4.7013079429516225,4.176091259055681,-0.5252166838959411,10
9518,5.358701537685648,4.176091259055681,-1.1826102786299666,7
9519,4.698018371241441,4.176091259055681,-0.52192711218576,8
9520,4.376000426351396,4.176091259055681,-0.19990916729571495,1
9521,4.70907184031703,4.176091259055681,-0.5329805812613486,2
9522,5.9903443586858085,5.146128035678238,-0.8442163230075703,5
9523,6.05024264314547,5.146128035678238,-0.9041146074672319,7
9524,5.893265186274518,5.146128035678238,-0.7471371505962798,10
9525,5.956266965980472,5.146128035678238,-0.8101389303022337,9
9526,6.00237507769069,5.146128035678238,-0.8562470420124519,3
9527,6.050612623038973,5.146128035678238,-0.9044845873607352,8
9528,6.057749620841927,5.146128035678238,-0.9116215851636884,1
9529,6.012764512944754,5.146128035678238,-0.8666364772665158,4
9530,6.0426804325732055,5.146128035678238,-0.8965523968949674,2
9531,6.079079134528845,6.533517862016968,0.45443872748812275,1
9532,5.971795415065563,6.533517862016968,0.5617224469514044,3
9533,6.0628362508450895,6.533517862016968,0.47068161117187834,7
9534,5.996986389883322,6.533517862016968,0.536531472133646,6
9535,6.188426120323381,6.533517862016968,0.3450917416935866,5
9536,6.078623203646124,6.533517862016968,0.45489465837084353,2
9537,6.078300926251327,6.533517862016968,0.45521693576564104,4
9538,6.000863023904543,6.533517862016968,0.5326548381124248,8
9539,5.884557712914601,6.533517862016968,0.6489601491023667,10
9540,4.307877189607051,4.4623979978989565,0.15452080829190518,6
9541,4.262122589477583,4.4623979978989565,0.2002754084213736,7
9542,4.262376606924159,4.4623979978989565,0.20002139097479787,8
9543,4.309953718746202,4.4623979978989565,0.15244427915275427,5
9544,4.262133016382236,4.4623979978989565,0.20026498151672012,1
9545,4.262695118177659,4.4623979978989565,0.19970287972129785,3
9546,4.262652170497168,4.4623979978989565,0.19974582740178892,10
9547,4.575434269431851,4.4623979978989565,-0.11303627153289408,2
9548,4.662441777755292,4.4623979978989565,-0.20004377985633504,4
9549,6.292659871749536,5.0,-1.2926598717495361,2
9550,6.129377934173087,5.0,-1.1293779341730872,10
9551,6.169611546552579,5.0,-1.169611546552579,7
9552,6.124494102296703,5.0,-1.124494102296703,9
9553,6.372423380797197,5.0,-1.3724233807971968,6
9554,6.124109870814612,5.0,-1.1241098708146122,1
9555,6.124485663081336,5.0,-1.1244856630813356,8
9556,6.106835153453758,5.0,-1.1068351534537584,5
9557,6.124221193100668,5.0,-1.1242211931006683,3
9558,6.352724402468428,6.152288344383057,-0.20043605808537102,1
9559,6.352371879811175,6.152288344383057,-0.20008353542811808,7
9560,6.352479287446657,6.152288344383057,-0.20019094306360063,3
9561,6.352123272818616,6.152288344383057,-0.1998349284355596,5
9562,6.352427379390232,6.152288344383057,-0.200139035007175,10
9563,6.352616824465901,6.152288344383057,-0.20032848008284443,4
9564,6.352288018814832,6.152288344383057,-0.19999967443177535,9
9565,6.352261061418651,6.152288344383057,-0.19997271703559427,2
9566,6.352120041870029,6.152288344383057,-0.19983169748697271,6
9567,5.438712278783482,5.238522812218293,-0.2001894665651891,9
9568,5.439708791947098,5.238522812218293,-0.20118597972880448,3
9569,5.270611640134027,5.238522812218293,-0.032088827915734086,10
9570,5.303639278271196,5.238522812218293,-0.06511646605290267,1
9571,5.4392854023059325,5.238522812218293,-0.2007625900876393,8
9572,5.439755565061159,5.238522812218293,-0.20123275284286546,4
9573,5.439641728930418,5.238522812218293,-0.201118916712125,2
9574,5.646133466812451,5.238522812218293,-0.4076106545941576,7
9575,5.439174858228437,5.238522812218293,-0.20065204601014397,5
9576,5.439174858228437,5.639486489268586,0.20031163104014915,5
9577,5.439755565061159,5.639486489268586,0.19973092420742766,4
9578,5.438712278783482,5.639486489268586,0.20077421048510402,9
9579,5.439641728930418,5.639486489268586,0.19984476033816811,2
9580,5.303639278271196,5.639486489268586,0.33584721099739046,1
9581,5.4392854023059325,5.639486489268586,0.20020108696265382,8
9582,5.439708791947098,5.639486489268586,0.19977769732148865,3
9583,5.646133466812451,5.639486489268586,-0.006646977543864452,7
9584,5.86599806523892,5.639486489268586,-0.226511575970334,6
9585,5.872059107714935,5.672097857935717,-0.1999612497792178,1
9586,5.871922646265441,5.672097857935717,-0.19982478832972372,6
9587,5.863915588886374,5.672097857935717,-0.1918177309506568,5
9588,5.87192969466142,5.672097857935717,-0.1998318367257026,10
9589,5.868501248598351,5.672097857935717,-0.1964033906626339,3
9590,5.81780050569018,5.672097857935717,-0.1457026477544625,8
9591,5.856876395523319,5.672097857935717,-0.18477853758760165,9
9592,5.875362979545187,5.672097857935717,-0.20326512160947008,2
9593,5.871771444901449,5.672097857935717,-0.1996735869657318,4
9594,6.00523717535012,6.176091259055681,0.170854083705561,10
9595,6.0398200089513345,6.176091259055681,0.13627125010434682,1
9596,6.114684705231563,6.176091259055681,0.06140655382411797,4
9597,6.069212501777295,6.176091259055681,0.1068787572783867,2
9598,5.9851346712948255,6.176091259055681,0.1909565877608559,6
9599,5.975904755916188,6.176091259055681,0.20018650313949315,5
9600,5.975803252392939,6.176091259055681,0.20028800666274194,9
9601,5.975775110902045,6.176091259055681,0.20031614815363596,8
9602,6.000497543334462,6.176091259055681,0.1755937157212193,3
9603,5.5134317805181094,5.774838005983815,0.2614062254657057,1
9604,5.574988974200644,5.774838005983815,0.19984903178317115,7
9605,5.547950706386642,5.774838005983815,0.22688729959717335,4
9606,5.516765106779854,5.774838005983815,0.25807289920396137,2
9607,5.574979823925928,5.774838005983815,0.19985818205788686,6
9608,5.974805062712393,5.774838005983815,-0.19996705672857829,5
9609,5.209852891568115,5.774838005983815,0.5649851144157001,9
9610,5.209839224390458,5.774838005983815,0.5649987815933573,10
9611,5.574496476913652,5.774838005983815,0.20034152907016356,8
9612,5.722677031358974,4.681241237375588,-1.0414357939833865,4
9613,5.661755248743378,4.681241237375588,-0.9805140113677906,6
9614,5.696542838853475,4.681241237375588,-1.015301601477887,9
9615,5.630143519253374,4.681241237375588,-0.9489022818777864,3
9616,5.721975935773457,4.681241237375588,-1.0407346983978698,8
9617,5.6970572701212445,4.681241237375588,-1.015816032745657,7
9618,5.647878210808268,4.681241237375588,-0.9666369734326805,5
9619,5.655900868904079,4.681241237375588,-0.9746596315284917,10
9620,5.6479862543149135,4.681241237375588,-0.9667450169393259,1
9621,5.969633978323001,4.017033339298781,-1.9526006390242205,2
9622,5.836806033551847,4.017033339298781,-1.819772694253066,3
9623,5.883830560570295,4.017033339298781,-1.866797221271514,4
9624,5.860296663491129,4.017033339298781,-1.843263324192348,5
9625,5.860241686332355,4.017033339298781,-1.843208347033574,7
9626,5.763610817381663,4.017033339298781,-1.746577478082882,10
9627,5.86254986260938,4.017033339298781,-1.8455165233105992,6
9628,5.8818500739219735,4.017033339298781,-1.8648167346231928,9
9629,5.796080397830056,4.017033339298781,-1.7790470585312752,1
9630,5.608707910996458,6.123165370902919,0.5144574599064615,1
9631,5.549282766810986,6.123165370902919,0.5738826040919331,10
9632,5.53645503425266,6.123165370902919,0.5867103366502588,6
9633,5.597804993671866,6.123165370902919,0.5253603772310536,4
9634,5.558403900322969,6.123165370902919,0.56476147057995,3
9635,5.542497070179131,6.123165370902919,0.5806683007237883,9
9636,5.527978458492069,6.123165370902919,0.59518691241085,5
9637,5.68354955854066,6.123165370902919,0.4396158123622591,2
9638,5.568701255431591,6.123165370902919,0.5544641154713279,7
9639,5.79668864505435,6.835500327867319,1.0388116828129688,9
9640,5.822547358259099,6.835500327867319,1.0129529696082198,3
9641,5.789291202862944,6.835500327867319,1.046209125004375,5
9642,5.805111205483807,6.835500327867319,1.0303891223835118,8
9643,6.034328789347253,6.835500327867319,0.801171538520066,2
9644,5.975018269101692,6.835500327867319,0.8604820587656263,6
9645,5.898946752853434,6.835500327867319,0.9365535750138845,1
9646,6.081291697964937,6.835500327867319,0.754208629902382,4
9647,5.722669626860238,6.835500327867319,1.1128307010070806,7
9648,6.0736642794711475,6.078819183098848,0.005154903627700769,2
9649,5.9590037689521065,6.078819183098848,0.1198154141467418,5
9650,5.985927797525459,6.078819183098848,0.09289138557338905,1
9651,5.9500358487194385,6.078819183098848,0.1287833343794098,9
9652,5.8790730032473375,6.078819183098848,0.19974617985151077,10
9653,6.116058320756006,6.078819183098848,-0.03723913765715814,4
9654,5.88904553445912,6.078819183098848,0.18977364863972834,7
9655,5.960921412658533,6.078819183098848,0.11789777044031524,3
9656,6.078632170423819,6.078819183098848,0.00018701267502940766,6
9657,4.697012402423435,3.633468455579586,-1.0635439468438488,4
9658,4.53762381873096,3.633468455579586,-0.9041553631513741,7
9659,4.680868509923043,3.633468455579586,-1.0474000543434565,6
9660,4.6845210011242395,3.633468455579586,-1.0510525455446533,8
9661,4.548971142341828,3.633468455579586,-0.9155026867622418,9
9662,4.436264759008343,3.633468455579586,-0.8027963034287566,5
9663,4.736291785306267,3.633468455579586,-1.1028233297266805,2
9664,4.549923906510625,3.633468455579586,-0.9164554509310392,1
9665,4.826130788809079,3.633468455579586,-1.1926623332294932,10
9666,4.691624317524714,6.278753600952829,1.5871292834281148,9
9667,4.638392280418775,6.278753600952829,1.640361320534054,3
9668,4.70907184031703,6.278753600952829,1.569681760635799,2
9669,5.677835598734321,6.278753600952829,0.6009180022185081,6
9670,4.646734470965489,6.278753600952829,1.6320191299873397,5
9671,4.698018371241441,6.278753600952829,1.5807352297113875,8
9672,4.70860642419154,6.278753600952829,1.5701471767612887,4
9673,4.7013079429516225,6.278753600952829,1.5774456580012064,10
9674,5.358701537685648,6.278753600952829,0.9200520632671809,7
9675,4.646734470965489,3.819872821950546,-0.8268616490149432,5
9676,4.376000426351396,3.819872821950546,-0.5561276044008503,1
9677,4.698018371241441,3.819872821950546,-0.8781455492908954,8
9678,5.677835598734321,3.819872821950546,-1.8579627767837747,6
9679,4.70907184031703,3.819872821950546,-0.889199018366484,2
9680,4.7013079429516225,3.819872821950546,-0.8814351210010765,10
9681,4.70860642419154,3.819872821950546,-0.8887336022409942,4
9682,4.638392280418775,3.819872821950546,-0.8185194584682289,3
9683,4.691624317524714,3.819872821950546,-0.8717514955741681,9
9684,6.121863453591086,6.32221929473392,0.20035584114283456,5
9685,6.121963433373986,6.32221929473392,0.20025586135993478,1
9686,6.122336768263796,6.32221929473392,0.19988252647012406,6
9687,6.121864413087394,6.32221929473392,0.20035488164652637,4
9688,6.1222149328237165,6.32221929473392,0.20000436191020388,3
9689,6.122450570750017,6.32221929473392,0.19976872398390366,9
9690,6.122229143872526,6.32221929473392,0.19999015086139416,8
9691,6.122334326861493,6.32221929473392,0.1998849678724275,7
9692,6.12213172912634,6.32221929473392,0.20008756560758023,2
9693,5.854288129917083,5.737272176535544,-0.11701595338153847,2
9694,5.762179192351443,5.737272176535544,-0.024907015815898603,9
9695,5.914549650769086,5.737272176535544,-0.17727747423354145,1
9696,5.873075675974139,5.737272176535544,-0.1358034994385946,7
9697,5.816866723822583,5.737272176535544,-0.07959454728703896,4
9698,5.859607482090473,5.737272176535544,-0.12233530555492855,6
9699,5.799912425844799,5.737272176535544,-0.06264024930925505,5
9700,5.799921207908269,5.737272176535544,-0.06264903137272437,10
9701,5.79993935949673,5.737272176535544,-0.06266718296118601,3
9702,5.6941066866203895,3.886490725172482,-1.8076159614479077,10
9703,5.700156020272615,3.886490725172482,-1.8136652951001335,5
9704,5.724170766167104,3.886490725172482,-1.8376800409946221,7
9705,5.837241760891628,3.886490725172482,-1.9507510357191458,1
9706,5.647948532544683,3.886490725172482,-1.7614578073722016,8
9707,5.707535088715991,3.886490725172482,-1.8210443635435092,4
9708,5.685584224498835,3.886490725172482,-1.7990934993263532,9
9709,5.699824051891916,3.886490725172482,-1.8133333267194343,3
9710,5.654228802436905,3.886490725172482,-1.7677380772644233,6
9711,5.597427863187727,5.797267540830717,0.1998396776429896,8
9712,5.46926762810251,5.797267540830717,0.32799991272820694,6
9713,5.548280229630783,5.797267540830717,0.2489873111999339,9
9714,5.597382373767487,5.797267540830717,0.19988516706323,7
9715,5.5968197187232285,5.797267540830717,0.20044782210748835,2
9716,5.597396257522151,5.797267540830717,0.19987128330856585,3
9717,5.597308301660665,5.797267540830717,0.19995923917005154,1
9718,5.886575279110822,5.797267540830717,-0.0893077382801053,10
9719,5.597209316198105,5.797267540830717,0.20005822463261147,4
9720,5.8415351544145695,5.371067862271736,-0.47046729214283367,9
9721,5.841567425742662,5.371067862271736,-0.47049956347092614,4
9722,5.8414596551190865,5.371067862271736,-0.47039179284735066,7
9723,5.841020499572712,5.371067862271736,-0.4699526373009766,5
9724,5.84126564514581,5.371067862271736,-0.47019778287407377,1
9725,5.570984240061865,5.371067862271736,-0.19991637779012894,8
9726,5.841468132898117,5.371067862271736,-0.47040027062638146,2
9727,5.721596775368761,5.371067862271736,-0.3505289130970253,10
9728,5.841613617689042,5.371067862271736,-0.47054575541730603,3
9729,5.38653317682224,5.647715410691554,0.26118223386931394,10
9730,5.422379302248694,5.647715410691554,0.22533610844286045,5
9731,5.447871151528253,5.647715410691554,0.19984425916330117,7
9732,5.447510463303281,5.647715410691554,0.200204947388273,2
9733,5.538199145617734,5.647715410691554,0.10951626507381995,1
9734,5.447679585798929,5.647715410691554,0.20003582489262506,9
9735,5.447681291893206,5.647715410691554,0.20003411879834854,6
9736,5.447838276747175,5.647715410691554,0.199877133944379,3
9737,5.447539824126386,5.647715410691554,0.20017558656516865,4
9738,5.137457275056747,4.872738827472669,-0.2647184475840776,7
9739,5.072659815826602,4.872738827472669,-0.19992098835393257,4
9740,5.725785638539898,4.872738827472669,-0.8530468110672293,1
9741,5.072479076146342,4.872738827472669,-0.19974024867367302,9
9742,5.238172427494869,4.872738827472669,-0.36543360002220027,2
9743,5.11261278739109,4.872738827472669,-0.23987395991842053,3
9744,5.0726107487615195,4.872738827472669,-0.19987192128885045,8
9745,5.072622567901861,4.872738827472669,-0.19988374042919155,5
9746,5.189633236144528,4.872738827472669,-0.3168944086718586,6
9747,6.109483545104644,7.332438459915605,1.2229549148109609,1
9748,6.014972972615963,7.332438459915605,1.3174654872996419,7
9749,6.015029175909156,7.332438459915605,1.317409284006449,9
9750,6.014786033191964,7.332438459915605,1.3176524267236411,6
9751,6.014844094550722,7.332438459915605,1.317594365364883,10
9752,6.015174760349069,7.332438459915605,1.3172636995665359,4
9753,6.014896619913749,7.332438459915605,1.317541840001856,3
9754,6.014870493967467,7.332438459915605,1.3175679659481379,8
9755,6.014811454654787,7.332438459915605,1.3176270052608183,2
9756,3.2969512576186073,3.096910013008056,-0.2000412446105515,7
9757,3.2968545828243867,3.096910013008056,-0.1999445698163309,4
9758,3.2969998407422096,3.096910013008056,-0.20008982773415385,2
9759,3.497515897636483,3.096910013008056,-0.40060588462842706,5
9760,3.2969071186193943,3.096910013008056,-0.19999710561133854,6
9761,3.2967925917953242,3.096910013008056,-0.19988257878726845,1
9762,3.2972260992928284,3.096910013008056,-0.2003160862847726,8
9763,3.296941800443598,3.096910013008056,-0.20003178743554217,9
9764,3.2970859727630906,3.096910013008056,-0.20017595975503477,10
9765,5.852345057477111,5.146128035678238,-0.7062170217988726,8
9766,5.884562866109494,5.146128035678238,-0.738434830431256,1
9767,5.856035499623856,5.146128035678238,-0.7099074639456182,3
9768,5.875685141350664,5.146128035678238,-0.7295571056724262,9
9769,5.52953917593754,5.146128035678238,-0.3834111402593017,7
9770,5.74164111656715,5.146128035678238,-0.595513080888912,2
9771,5.949353645844741,5.146128035678238,-0.8032256101665025,5
9772,5.670904326546631,5.146128035678238,-0.5247762908683926,10
9773,5.868060208782642,5.146128035678238,-0.7219321731044035,6
9774,5.93955086052855,7.4271224218663345,1.4875715613377842,6
9775,5.946796449720316,7.4271224218663345,1.4803259721460185,2
9776,6.014962316776939,7.4271224218663345,1.412160105089396,9
9777,6.015267216445261,7.4271224218663345,1.4118552054210731,8
9778,5.9600956308181745,7.4271224218663345,1.46702679104816,7
9779,6.123911377847817,7.4271224218663345,1.3032110440185178,4
9780,5.895411425103009,7.4271224218663345,1.5317109967633256,5
9781,5.987998782158309,7.4271224218663345,1.4391236397080256,3
9782,5.973153574035676,7.4271224218663345,1.4539688478306587,1
9783,5.649834211176542,5.0,-0.6498342111765423,8
9784,5.5313670634715155,5.0,-0.5313670634715155,10
9785,5.5050955194740405,5.0,-0.5050955194740405,2
9786,5.667993876242863,5.0,-0.6679938762428632,9
9787,5.454509336105816,5.0,-0.4545093361058159,7
9788,5.6678669325453965,5.0,-0.6678669325453965,6
9789,5.52289970262286,5.0,-0.5228997026228601,5
9790,5.594058182655886,5.0,-0.5940581826558864,1
9791,5.71019527770732,5.0,-0.7101952777073199,4
9792,7.267110343696557,7.860936620700094,0.5938262770035365,6
9793,7.202347392794431,7.860936620700094,0.6585892279056624,2
9794,7.371299023428171,7.860936620700094,0.4896375972719227,8
9795,7.14894760448419,7.860936620700094,0.7119890162159033,7
9796,7.312636705626546,7.860936620700094,0.5482999150735477,9
9797,7.147832582012015,7.860936620700094,0.7131040386880789,5
9798,7.592925986470062,7.860936620700094,0.26801063423003146,1
9799,7.421204854072615,7.860936620700094,0.4397317666274789,10
9800,7.377907311074194,7.860936620700094,0.4830293096258993,4
9801,5.375206322632469,5.174931593528442,-0.20027472910402633,6
9802,5.375218596972314,5.174931593528442,-0.2002870034438713,8
9803,5.374836009042303,5.174931593528442,-0.19990441551386073,1
9804,5.375084388741291,5.174931593528442,-0.20015279521284857,9
9805,5.3752854540212045,5.174931593528442,-0.20035386049276216,5
9806,5.374881077032556,5.174931593528442,-0.19994948350411335,2
9807,5.1709860016384885,5.174931593528442,0.003945591889953803,10
9808,5.375118291036503,5.174931593528442,-0.20018669750806062,3
9809,5.33334294964852,5.174931593528442,-0.1584113561200775,7
9810,7.536174506275957,8.09642333059527,0.5602488243193129,9
9811,7.53615848308691,8.09642333059527,0.5602648475083596,2
9812,7.535875859994713,8.09642333059527,0.5605474706005573,5
9813,7.53575769099807,8.09642333059527,0.5606656395972003,6
9814,7.535879756943539,8.09642333059527,0.5605435736517306,8
9815,7.535752237624854,8.09642333059527,0.5606710929704164,3
9816,7.098526784491576,8.09642333059527,0.9978965461036937,10
9817,7.535967247938147,8.09642333059527,0.5604560826571232,7
9818,7.535762865343022,8.09642333059527,0.5606604652522478,1
9819,6.035167755615361,6.021189299069938,-0.013978456545422624,1
9820,5.94286601875118,6.021189299069938,0.07832328031875857,6
9821,5.966917057309497,6.021189299069938,0.0542722417604411,5
9822,5.9360542948759685,6.021189299069938,0.0851350041939698,10
9823,6.018423856048557,6.021189299069938,0.0027654430213814862,8
9824,6.008741835291139,6.021189299069938,0.01244746377879924,7
9825,6.05733587719585,6.021189299069938,-0.03614657812591204,9
9826,5.92710320298055,6.021189299069938,0.0940860960893879,2
9827,6.003823046118436,6.021189299069938,0.017366252951502403,3
9828,5.500000809232551,5.729326809646861,0.22932600041430984,1
9829,5.478092467514003,5.729326809646861,0.2512343421328582,9
9830,5.476345441841024,5.729326809646861,0.25298136780583746,3
9831,5.445747918795352,5.729326809646861,0.28357889085150934,7
9832,5.462308688965579,5.729326809646861,0.26701812068128206,5
9833,5.437320976475296,5.729326809646861,0.29200583317156514,2
9834,5.49701294728577,5.729326809646861,0.23231386236109142,10
9835,5.509430755384051,5.729326809646861,0.21989605426280967,6
9836,5.5291703249907025,5.729326809646861,0.20015648465615854,4
9837,5.1650361965886065,5.346352974450639,0.18131677786203237,10
9838,5.378689463170312,5.346352974450639,-0.03233648871967354,9
9839,5.367479281288189,5.346352974450639,-0.02112630683754979,6
9840,5.255599693550857,5.346352974450639,0.09075328089978196,5
9841,5.4217015880854795,5.346352974450639,-0.07534861363484069,8
9842,5.262569039005212,5.346352974450639,0.08378393544542728,2
9843,5.4250304616459495,5.346352974450639,-0.07867748719531065,7
9844,5.419824734448134,5.346352974450639,-0.07347175999749478,1
9845,5.4266932069538125,5.346352974450639,-0.08034023250317368,4
9846,5.676706849269797,5.149527013754348,-0.5271798355154491,3
9847,5.518748283316953,5.149527013754348,-0.3692212695626056,10
9848,5.665390462238103,5.149527013754348,-0.5158634484837554,6
9849,5.874954732968833,5.149527013754348,-0.7254277192144851,4
9850,5.720789095662755,5.149527013754348,-0.5712620819084071,9
9851,5.522337709494639,5.149527013754348,-0.37281069574029146,2
9852,5.679320632660939,5.149527013754348,-0.5297936189065915,8
9853,5.735919767293189,5.149527013754348,-0.5863927535388411,1
9854,5.685724340413856,5.149527013754348,-0.5361973266595079,5
9855,5.055152607786306,5.2552725051033065,0.2001198973170002,9
9856,5.055235272096582,5.2552725051033065,0.20003723300672416,3
9857,5.055055443351226,5.2552725051033065,0.2002170617520802,4
9858,5.455001677099557,5.2552725051033065,-0.19972917199625062,1
9859,5.054919233451587,5.2552725051033065,0.20035327165171957,5
9860,5.05517680797139,5.2552725051033065,0.20009569713191677,7
9861,5.054978346983024,5.2552725051033065,0.20029415812028262,6
9862,5.055067186028712,5.2552725051033065,0.2002053190745947,2
9863,5.055173730544569,5.2552725051033065,0.2000987745587377,8
9864,5.976302164044896,6.176091259055681,0.199789095010785,10
9865,5.976007194692783,6.176091259055681,0.2000840643628985,7
9866,5.975803169337079,6.176091259055681,0.2002880897186028,1
9867,5.976228422295767,6.176091259055681,0.19986283675991423,9
9868,5.975826185534368,6.176091259055681,0.2002650735213134,8
9869,5.975947920920097,6.176091259055681,0.20014333813558416,3
9870,5.975969216092636,6.176091259055681,0.20012204296304503,4
9871,5.976096053168993,6.176091259055681,0.1999952058866885,2
9872,5.975995940587848,6.176091259055681,0.20009531846783357,5
9873,5.101436460053186,5.301029995663981,0.19959353561079496,5
9874,5.101344953084301,5.301029995663981,0.1996850425796799,3
9875,5.101421365581931,5.301029995663981,0.1996086300820501,8
9876,5.101020930697375,5.301029995663981,0.20000906496660598,4
9877,5.101111795188594,5.301029995663981,0.19991820047538766,10
9878,5.10107215073711,5.301029995663981,0.19995784492687108,2
9879,5.48113245620068,5.301029995663981,-0.18010246053669832,6
9880,5.100908507358834,5.301029995663981,0.20012148830514764,7
9881,5.101407597265061,5.301029995663981,0.19962239839891982,9
9882,2.8990912243720186,2.6989700043360187,-0.20012122003599986,10
9883,2.898906423127714,2.6989700043360187,-0.19993641879169521,9
9884,2.898647804152061,2.6989700043360187,-0.19967779981604217,1
9885,2.8991942817712864,2.6989700043360187,-0.2002242774352676,3
9886,2.899089338512415,2.6989700043360187,-0.20011933417639627,2
9887,2.791118459977794,2.6989700043360187,-0.09214845564177532,8
9888,2.8991953317637145,2.6989700043360187,-0.20022532742769572,6
9889,2.898946568902552,2.6989700043360187,-0.19997656456653345,5
9890,2.8992953320334505,2.6989700043360187,-0.20032532769743172,4
9891,2.4008097811632108,3.0791812460476247,0.6783714648844139,1
9892,2.338390961018952,3.0791812460476247,0.7407902850286727,9
9893,2.4771806722441565,3.0791812460476247,0.6020005738034682,4
9894,2.30923239240249,3.0791812460476247,0.7699488536451349,2
9895,2.8787311840012317,3.0791812460476247,0.20045006204639293,7
9896,2.396403875917813,3.0791812460476247,0.6827773701298119,6
9897,2.2217133811881005,3.0791812460476247,0.8574678648595242,3
9898,2.5381643001748646,3.0791812460476247,0.5410169458727601,10
9899,2.422956336758412,3.0791812460476247,0.6562249092892127,5
9900,2.8155337876488433,2.615529223637133,-0.20000456401171052,2
9901,2.815586408094173,2.615529223637133,-0.20005718445704002,9
9902,2.815228074661172,2.615529223637133,-0.1996988510240394,1
9903,2.815406970674281,2.615529223637133,-0.199877747037148,10
9904,2.8154685227466736,2.615529223637133,-0.19993929910954078,7
9905,2.8152001054214075,2.615529223637133,-0.19967088178427472,3
9906,2.8151361639107964,2.615529223637133,-0.19960694027366355,6
9907,2.8155016689948598,2.615529223637133,-0.19997244535772696,8
9908,2.815833253630344,2.615529223637133,-0.20030402999321106,5
9909,2.8540210982280114,2.650501794878367,-0.20351930334964452,9
9910,2.930364858098773,2.650501794878367,-0.279863063220406,2
9911,2.9699702326281057,2.650501794878367,-0.31946843774973877,6
9912,3.0031443304617795,2.650501794878367,-0.35264253558341263,10
9913,3.2337873578695353,2.650501794878367,-0.5832855629911684,4
9914,2.850843532347894,2.650501794878367,-0.2003417374695271,8
9915,2.850167050612982,2.650501794878367,-0.19966525573461524,7
9916,2.9109319737663624,2.650501794878367,-0.26043017888799547,1
9917,3.1994201241411377,2.650501794878367,-0.5489183292627708,3
9918,3.2727099366433086,2.630427875025024,-0.6422820616182845,10
9919,3.2724240692481805,2.630427875025024,-0.6419961942231565,9
9920,3.2728501617818204,2.630427875025024,-0.6424222867567964,7
9921,2.8467898724807283,2.630427875025024,-0.21636199745570428,8
9922,3.272674918918808,2.630427875025024,-0.642247043893784,1
9923,3.272696928405533,2.630427875025024,-0.6422690533805091,3
9924,3.272397927788513,2.630427875025024,-0.6419700527634888,6
9925,3.2723236053863047,2.630427875025024,-0.6418957303612807,5
9926,3.272764826079032,2.630427875025024,-0.6423369510540078,4
9927,3.756262204772756,3.556302500767288,-0.19995970400546792,3
9928,3.7564038546300846,3.556302500767288,-0.20010135386279648,4
9929,3.756224723150431,3.556302500767288,-0.19992222238314294,10
9930,3.75625280481435,3.556302500767288,-0.19995030404706204,8
9931,3.7561170137544386,3.556302500767288,-0.19981451298715047,6
9932,3.756197457517212,3.556302500767288,-0.19989495674992375,9
9933,3.7563661114602698,3.556302500767288,-0.20006361069298162,1
9934,3.7561688474955837,3.556302500767288,-0.1998663467282955,7
9935,3.7561959589687683,3.556302500767288,-0.1998934582014802,2
9936,2.8991942817712864,2.9912260756924947,0.0920317939212083,3
9937,2.898647804152061,2.9912260756924947,0.09257827154043374,1
9938,2.898946568902552,2.9912260756924947,0.09227950678994246,5
9939,3.1912745029283722,2.9912260756924947,-0.20004842723587757,7
9940,2.898906423127714,2.9912260756924947,0.0923196525647807,9
9941,2.8991953317637145,2.9912260756924947,0.09203074392878019,6
9942,2.8992953320334505,2.9912260756924947,0.09193074365904419,4
9943,2.791118459977794,2.9912260756924947,0.2001076157147006,8
9944,2.899089338512415,2.9912260756924947,0.09213673718007964,2
9945,3.1477884951437436,2.9474337218870508,-0.20035477325669282,6
9946,3.1475301617998674,2.9474337218870508,-0.20009643991281667,2
9947,3.1473743812144495,2.9474337218870508,-0.19994065932739868,10
9948,3.1478110764109393,2.9474337218870508,-0.2003773545238885,8
9949,3.147005957023683,2.9474337218870508,-0.19957223513663225,9
9950,3.1476706009537905,2.9474337218870508,-0.2002368790667397,4
9951,2.7862246534884836,2.9474337218870508,0.1612090683985672,1
9952,3.147262425425176,2.9474337218870508,-0.1998287035381252,5
9953,3.1294225007436807,2.9474337218870508,-0.1819887788566299,3
9954,3.479347052484194,3.4885507165004443,0.00920366401625028,10
9955,3.479712445480972,3.4885507165004443,0.008838271019472543,9
9956,3.479308805557505,3.4885507165004443,0.009241910942939136,8
9957,3.479129390827895,3.4885507165004443,0.009421325672549496,5
9958,3.47932809111591,3.4885507165004443,0.009222625384534222,7
9959,3.4791840204662017,3.4885507165004443,0.009366696034242672,6
9960,3.479058149131635,3.4885507165004443,0.009492567368809546,2
9961,3.4790862669366525,3.4885507165004443,0.009464449563791888,3
9962,3.479261405703058,3.4885507165004443,0.009289310797386374,4
9963,3.710479175353024,3.510545010206612,-0.19993416514641194,6
9964,3.710907956033445,3.510545010206612,-0.200362945826833,10
9965,3.71037230249642,3.510545010206612,-0.1998272922898079,3
9966,3.710868407657662,3.510545010206612,-0.20032339745104988,9
9967,3.710489854474968,3.510545010206612,-0.19994484426835601,1
9968,3.7102750414460384,3.510545010206612,-0.19973003123942634,7
9969,3.7109908644155185,3.510545010206612,-0.20044585420890648,5
9970,3.710550197215968,3.510545010206612,-0.200005187009356,8
9971,3.7103337676454475,3.510545010206612,-0.1997887574388355,4
9972,3.497304691006378,2.419955748489758,-1.07734894251662,4
9973,3.497283743937146,2.419955748489758,-1.077327995447388,7
9974,3.4972948928407583,2.419955748489758,-1.0773391443510003,3
9975,3.4972729743981867,2.419955748489758,-1.0773172259084287,10
9976,3.4973056960681697,2.419955748489758,-1.0773499475784116,1
9977,3.4972213941243524,2.419955748489758,-1.0772656456345944,5
9978,3.497154256584739,2.419955748489758,-1.0771985080949809,9
9979,3.4970469443125096,2.419955748489758,-1.0770911958227516,8
9980,2.6196291762148602,2.419955748489758,-0.19967342772510221,2
9981,5.478883608900742,5.278753600952829,-0.20013000794791314,7
9982,5.478862606869525,5.278753600952829,-0.2001090059166959,2
9983,5.4791333143909835,5.278753600952829,-0.20037971343815464,5
9984,5.478854132246751,5.278753600952829,-0.20010053129392258,10
9985,5.478527584925303,5.278753600952829,-0.1997739839724737,3
9986,5.478816127788132,5.278753600952829,-0.20006252683530334,4
9987,5.478663316159895,5.278753600952829,-0.1999097152070659,1
9988,5.478711945786495,5.278753600952829,-0.19995834483366615,8
9989,5.4789279122823995,5.278753600952829,-0.20017431132957064,6
9990,5.834627425472444,6.004321373782642,0.16969394831019802,2
9991,5.897085017123521,6.004321373782642,0.10723635665912123,9
9992,5.897019619013002,6.004321373782642,0.10730175476964021,1
9993,5.896740055944853,6.004321373782642,0.10758131783778957,8
9994,5.896494476041645,6.004321373782642,0.1078268977409973,3
9995,5.896733695054722,6.004321373782642,0.10758767872792063,4
9996,5.896763740121023,6.004321373782642,0.10755763366161908,10
9997,5.897002953770389,6.004321373782642,0.10731842001225278,7
9998,5.897065365290953,6.004321373782642,0.10725600849168959,5
9999,5.8481081779013255,6.176091259055681,0.3279830811543558,1
10000,5.848258812977634,6.176091259055681,0.3278324460780473,2
10001,5.848282483118189,6.176091259055681,0.32780877593749214,10
10002,5.848546970740718,6.176091259055681,0.3275442883149635,6
10003,5.848149502363828,6.176091259055681,0.3279417566918532,8
10004,5.848461444727853,6.176091259055681,0.32762981432782823,4
10005,5.848207095856269,6.176091259055681,0.32788416319941227,9
10006,5.848321898476199,6.176091259055681,0.3277693605794827,5
10007,5.848609458760904,6.176091259055681,0.3274818002947777,7
10008,5.017312398833845,5.008600171761918,-0.008712227071926648,2
10009,4.808482669302746,5.008600171761918,0.2001175024591717,10
10010,4.808325252418347,5.008600171761918,0.20027491934357133,4
10011,4.808573018651018,5.008600171761918,0.20002715311090036,1
10012,4.8084721306091485,5.008600171761918,0.2001280411527695,3
10013,4.808422631304572,5.008600171761918,0.2001775404573456,8
10014,4.808412658052526,5.008600171761918,0.20018751370939203,6
10015,4.80864905807944,5.008600171761918,0.1999511136824781,9
10016,4.808764141913831,5.008600171761918,0.19983602984808702,7
10017,6.019540890028228,5.819543935541868,-0.1999969544863598,7
10018,6.019427970908262,5.819543935541868,-0.19988403536639332,1
10019,6.019710557512868,5.819543935541868,-0.20016662197099944,2
10020,6.019486216229085,5.819543935541868,-0.19994228068721664,9
10021,6.019585639605792,5.819543935541868,-0.2000417040639233,10
10022,6.01938923319765,5.819543935541868,-0.19984529765578163,4
10023,6.019476924775481,5.819543935541868,-0.1999329892336128,8
10024,6.019249430922845,5.819543935541868,-0.19970549538097693,3
10025,5.629160487833201,5.819543935541868,0.19038344770866722,6
10026,5.6349277898848085,5.600972895686748,-0.03395489419806008,4
10027,5.67598791220839,5.600972895686748,-0.07501501652164144,9
10028,5.694831966922795,5.600972895686748,-0.09385907123604653,1
10029,5.70674796939427,5.600972895686748,-0.10577507370752137,3
10030,5.800980704877387,5.600972895686748,-0.20000780919063832,5
10031,5.7826796472456135,5.600972895686748,-0.18170675155886507,10
10032,5.657227843241261,5.600972895686748,-0.056254947554512214,2
10033,5.681051687381937,5.600972895686748,-0.08007879169518883,7
10034,5.710838740028801,5.600972895686748,-0.10986584434205238,8
10035,6.262393597976,6.4623979978989565,0.20000439992295682,6
10036,6.262243899533879,6.4623979978989565,0.20015409836507736,4
10037,6.262347799804423,6.4623979978989565,0.20005019809453373,3
10038,6.262444525307002,6.4623979978989565,0.19995347259195473,5
10039,6.262281250197889,6.4623979978989565,0.2001167477010677,9
10040,6.262382262225369,6.4623979978989565,0.20001573567358744,7
10041,6.262585613451307,6.4623979978989565,0.19981238444764937,2
10042,6.2624039396334075,6.4623979978989565,0.19999405826554906,1
10043,6.262391581909627,6.4623979978989565,0.20000641598932933,10
10044,2.540039448660006,2.886490725172482,0.34645127651247565,1
10045,2.6862678994143145,2.886490725172482,0.2002228257581673,3
10046,2.6863558408882504,2.886490725172482,0.20013488428423143,9
10047,2.6861879678442553,2.886490725172482,0.20030275732822655,4
10048,2.686330808982575,2.886490725172482,0.2001599161899068,5
10049,2.6863224281046416,2.886490725172482,0.20016829706784023,10
10050,2.6864788311214527,2.886490725172482,0.20001189405102915,8
10051,2.2866736063228474,2.886490725172482,0.5998171188496344,2
10052,2.686374017339238,2.886490725172482,0.20011670783324398,6
10053,6.198165227230009,6.3979400086720375,0.1997747814420281,2
10054,6.197729153322381,6.3979400086720375,0.2002108553496562,4
10055,6.30831760121252,6.3979400086720375,0.0896224074595171,8
10056,6.197742940693001,6.3979400086720375,0.2001970679790368,10
10057,6.197789940369494,6.3979400086720375,0.2001500683025439,3
10058,6.197609363191606,6.3979400086720375,0.2003306454804319,9
10059,6.197734985315604,6.3979400086720375,0.20020502335643364,5
10060,6.198110349897719,6.3979400086720375,0.1998296587743189,7
10061,6.197925095604099,6.3979400086720375,0.20001491306793806,1
10062,6.598148455341184,6.3979400086720375,-0.20020844666914694,10
10063,6.597924669476105,6.3979400086720375,-0.19998466080406718,5
10064,6.597600303776719,6.3979400086720375,-0.19966029510468175,6
10065,6.59790939128658,6.3979400086720375,-0.1999693826145421,3
10066,6.5980743375766435,6.3979400086720375,-0.20013432890460603,4
10067,6.5980458760601834,6.3979400086720375,-0.20010586738814595,9
10068,6.597984710770394,6.3979400086720375,-0.20004470209835645,1
10069,6.598049908432518,6.3979400086720375,-0.20010989976048066,7
10070,6.5981111813851205,6.3979400086720375,-0.20017117271308305,8
10071,6.446311887340475,6.246498580795801,-0.19981330654467477,3
10072,6.389307800560983,6.246498580795801,-0.14280921976518268,1
10073,6.372750975088915,6.246498580795801,-0.12625239429311463,9
10074,6.436915151022472,6.246498580795801,-0.19041657022667113,7
10075,6.372802894280215,6.246498580795801,-0.12630431348441462,2
10076,6.318000919436088,6.246498580795801,-0.0715023386402871,10
10077,6.332288045874619,6.246498580795801,-0.08578946507881824,4
10078,6.446331110663101,6.246498580795801,-0.19983252986730005,5
10079,6.28086595873509,6.246498580795801,-0.034367377939289234,6
10080,5.941836861879487,5.286613631657004,-0.6552232302224832,1
10081,5.94786642988944,5.286613631657004,-0.6612527982324359,7
10082,5.826560649817907,5.286613631657004,-0.5399470181609027,6
10083,5.889044336244631,5.286613631657004,-0.6024307045876274,8
10084,5.86465751283683,5.286613631657004,-0.5780438811798261,5
10085,5.915011410035078,5.286613631657004,-0.6283977783780736,2
10086,5.797819257660708,5.286613631657004,-0.5112056260037043,10
10087,5.9046221995729615,5.286613631657004,-0.6180085679159575,9
10088,5.878615924973442,5.286613631657004,-0.5920022933164377,4
10089,5.878916092683759,6.079181246047625,0.2002651533638664,10
10090,5.88821408131453,6.079181246047625,0.19096716473309527,4
10091,5.878953352840531,6.079181246047625,0.200227893207094,9
10092,5.8557727213633095,6.079181246047625,0.2234085246843156,6
10093,5.885760523194055,6.079181246047625,0.19342072285357048,3
10094,5.879002778833562,6.079181246047625,0.20017846721406318,8
10095,5.897367501556008,6.079181246047625,0.1818137444916168,1
10096,5.879412692585923,6.079181246047625,0.19976855346170197,2
10097,5.8794796842773085,6.079181246047625,0.19970156177031662,7
10098,4.086746815318541,3.886490725172482,-0.2002560901460595,1
10099,4.086522197837708,3.886490725172482,-0.20003147266522658,10
10100,4.08660785055672,3.886490725172482,-0.2001171253842382,2
10101,4.086415940009553,3.886490725172482,-0.1999252148370716,4
10102,4.086853234140301,3.886490725172482,-0.2003625089678196,7
10103,4.0864970992274685,3.886490725172482,-0.20000637405498667,5
10104,4.086467157186796,3.886490725172482,-0.19997643201431403,8
10105,4.086344538350863,3.886490725172482,-0.19985381317838113,6
10106,4.171617788230845,3.886490725172482,-0.28512706305836355,3
10107,5.53245724337527,5.698970004336019,0.16651276096074863,3
10108,5.582203640444859,5.698970004336019,0.11676636389116002,9
10109,5.631131447411934,5.698970004336019,0.06783855692408469,8
10110,5.542314736572722,5.698970004336019,0.15665526776329664,6
10111,5.511194769029909,5.698970004336019,0.18777523530610996,4
10112,5.498901712474857,5.698970004336019,0.20006829186116182,2
10113,5.532954675950196,5.698970004336019,0.16601532838582234,1
10114,5.498633259101868,5.698970004336019,0.2003367452341509,5
10115,5.570388355270101,5.698970004336019,0.12858164906591796,7
10116,5.834776038175122,5.704150516839799,-0.13062552133532357,2
10117,5.862083203122816,5.704150516839799,-0.15793268628301682,10
10118,5.82204837945562,5.704150516839799,-0.11789786261582158,8
10119,5.857184386406537,5.704150516839799,-0.15303386956673837,1
10120,5.8551763424617285,5.704150516839799,-0.15102582562192968,9
10121,5.785799474998913,5.704150516839799,-0.08164895815911422,5
10122,5.844797144772946,5.704150516839799,-0.14064662793314753,6
10123,5.800900420429785,5.704150516839799,-0.09674990358998592,7
10124,5.843251641227833,5.704150516839799,-0.13910112438803424,4
10125,5.460101745027598,5.260071387985075,-0.2000303570425226,10
10126,5.460274154017735,5.260071387985075,-0.20020276603265952,8
10127,5.460247728491138,5.260071387985075,-0.20017634050606326,9
10128,5.554910123048644,5.260071387985075,-0.2948387350635686,2
10129,5.460431050013023,5.260071387985075,-0.20035966202794775,7
10130,5.459839140844439,5.260071387985075,-0.19976775285936377,3
10131,5.460103385761687,5.260071387985075,-0.20003199777661163,1
10132,5.5337086047154855,5.260071387985075,-0.2736372167304104,5
10133,5.4601797660025415,5.260071387985075,-0.2001083780174664,6
10134,5.938175299867331,5.738066714777469,-0.20010858508986207,7
10135,5.937855543084306,5.738066714777469,-0.1997888283068372,1
10136,5.937880406526812,5.738066714777469,-0.19981369174934294,3
10137,5.9380740748165195,5.738066714777469,-0.2000073600390504,5
10138,5.93844389788861,5.738066714777469,-0.20037718311114094,8
10139,5.937882912973758,5.738066714777469,-0.19981619819628893,6
10140,5.938096966643414,5.738066714777469,-0.20003025186594492,9
10141,5.938157780797517,5.738066714777469,-0.20009106602004767,2
10142,5.9382030313458,5.738066714777469,-0.2001363165683312,4
10143,6.013254943592447,6.146128035678238,0.13287309208579146,7
10144,6.048245551653384,6.146128035678238,0.09788248402485422,5
10145,6.0185430019369095,6.146128035678238,0.12758503374132868,6
10146,6.059154636929662,6.146128035678238,0.0869733987485759,3
10147,6.020125318767403,6.146128035678238,0.1260027169108353,10
10148,5.988916297090719,6.146128035678238,0.15721173858751936,4
10149,6.028662011074154,6.146128035678238,0.1174660246040844,2
10150,6.029847955808698,6.146128035678238,0.11628007986954003,1
10151,6.0255798474607865,6.146128035678238,0.12054818821745172,9
10152,4.840927161697034,4.477121254719663,-0.3638059069773716,8
10153,4.986265830041841,4.477121254719663,-0.5091445753221784,2
10154,4.973967788250109,4.477121254719663,-0.49684653353044617,3
10155,4.847479110618372,4.477121254719663,-0.3703578558987095,10
10156,5.014459820124687,4.477121254719663,-0.5373385654050242,6
10157,4.929325872898792,4.477121254719663,-0.45220461817912927,9
10158,4.996149431258022,4.477121254719663,-0.5190281765383595,1
10159,4.972031348199889,4.477121254719663,-0.4949100934802262,7
10160,4.927053030458622,4.477121254719663,-0.4499317757389596,5
10161,6.078931109059695,6.278753600952829,0.1998224918931335,2
10162,6.078880110074315,6.278753600952829,0.19987349087851403,9
10163,6.078965589902964,6.278753600952829,0.19978801104986488,4
10164,6.078873329720752,6.278753600952829,0.19988027123207708,5
10165,6.0790252883267595,6.278753600952829,0.19972831262606938,7
10166,6.078863518286638,6.278753600952829,0.19989008266619113,1
10167,6.078900816917756,6.278753600952829,0.19985278403507323,3
10168,6.078916665796291,6.278753600952829,0.19983693515653744,8
10169,6.078515628723606,6.278753600952829,0.2002379722292229,6
10170,6.381046496794977,6.365487984890899,-0.015558511904077754,3
10171,6.450305129313847,6.365487984890899,-0.08481714442294752,4
10172,6.333667532658007,6.365487984890899,0.03182045223289265,7
10173,6.276688488809817,6.365487984890899,0.08879949608108273,8
10174,6.341919492631619,6.365487984890899,0.023568492259280482,2
10175,6.362941728739304,6.365487984890899,0.0025462561515956494,9
10176,6.369356038106368,6.365487984890899,-0.0038680532154682368,1
10177,6.313555130138193,6.365487984890899,0.0519328547527067,5
10178,6.381054575661483,6.365487984890899,-0.01556659077058331,6
10179,6.247168790119558,6.447158031342219,0.19998924122266182,3
10180,6.247280201637,6.447158031342219,0.19987782970521906,8
10181,6.247099962333216,6.447158031342219,0.20005806900900325,5
10182,6.247364199064345,6.447158031342219,0.19979383227787473,7
10183,6.247331565241025,6.447158031342219,0.1998264661011948,6
10184,6.246934092772352,6.447158031342219,0.20022393856986742,9
10185,6.247010792458262,6.447158031342219,0.20014723888395736,2
10186,6.247147122781015,6.447158031342219,0.20001090856120474,10
10187,6.247104175140622,6.447158031342219,0.2000538562015972,1
10188,5.934892183658946,6.0,0.06510781634105367,10
10189,5.8989479056668115,6.0,0.10105209433318851,5
10190,5.90610711253345,6.0,0.09389288746655033,8
10191,5.827213119553428,6.0,0.17278688044657198,4
10192,5.950620036298005,6.0,0.04937996370199471,7
10193,5.909903709949698,6.0,0.09009629005030195,2
10194,5.887372823775644,6.0,0.11262717622435581,1
10195,5.932710140628786,6.0,0.0672898593712139,9
10196,5.924259143257705,6.0,0.07574085674229458,6
10197,6.148405174153506,6.3979400086720375,0.2495348345185313,6
10198,6.113293840005028,6.3979400086720375,0.28464616866700965,2
10199,6.18812979617074,6.3979400086720375,0.2098102125012975,7
10200,6.142483568227074,6.3979400086720375,0.25545644044496374,8
10201,6.1975647288821225,6.3979400086720375,0.20037527978991498,3
10202,6.121596721588683,6.3979400086720375,0.2763432870833542,4
10203,6.050506026177995,6.3979400086720375,0.3474339824940422,9
10204,6.092165171794175,6.3979400086720375,0.30577483687786255,5
10205,6.050274143123051,6.3979400086720375,0.3476658655489864,10
10206,5.7388457422373484,5.938919812244772,0.20007407000742372,2
10207,5.700399113639023,5.938919812244772,0.23852069860574954,4
10208,5.738508511848837,5.938919812244772,0.20041130039593558,9
10209,5.739070318858125,5.938919812244772,0.19984949338664748,10
10210,5.738872823624686,5.938919812244772,0.20004698862008574,3
10211,5.73861630040915,5.938919812244772,0.20030351183562178,8
10212,5.738757532588598,5.938919812244772,0.2001622796561744,6
10213,5.738696486340817,5.938919812244772,0.20022332590395475,1
10214,5.739161136531193,5.938919812244772,0.19975867571357941,5
10215,5.684166972001265,5.484299839346786,-0.19986713265447875,4
10216,5.683979992664277,5.484299839346786,-0.199680153317491,3
10217,5.684273908289542,5.484299839346786,-0.1999740689427565,7
10218,5.684108668289812,5.484299839346786,-0.1998088289430262,8
10219,5.684474876609858,5.484299839346786,-0.2001750372630724,6
10220,5.653078821007672,5.484299839346786,-0.16877898166088645,10
10221,5.683999344973203,5.484299839346786,-0.19969950562641703,1
10222,5.684420826181218,5.484299839346786,-0.20012098683443202,5
10223,5.684208413241684,5.484299839346786,-0.19990857389489847,2
10224,6.237069029178082,7.301029995663981,1.063960966485899,10
10225,6.2616212322689435,7.301029995663981,1.0394087633950377,4
10226,6.196991834145349,7.301029995663981,1.1040381615186323,2
10227,6.2361125851446335,7.301029995663981,1.0649174105193477,8
10228,6.184803650128962,7.301029995663981,1.1162263455350194,7
10229,6.217568797563207,7.301029995663981,1.0834611981007747,1
10230,6.147168745273972,7.301029995663981,1.1538612503900092,6
10231,6.202060245025711,7.301029995663981,1.09896975063827,3
10232,6.226542972587317,7.301029995663981,1.0744870230766645,5
10233,5.799977267897167,5.954242509439325,0.15426524154215837,5
10234,5.802103738390783,5.954242509439325,0.15213877104854223,4
10235,5.838202703286095,5.954242509439325,0.11603980615323017,1
10236,5.923858523062554,5.954242509439325,0.030383986376770977,2
10237,5.8088689976279575,5.954242509439325,0.1453735118113677,3
10238,5.8000456836577845,5.954242509439325,0.1541968257815407,10
10239,5.800018553608719,5.954242509439325,0.15422395583060577,6
10240,5.800020472808898,5.954242509439325,0.15422203663042744,8
10241,5.799902406168137,5.954242509439325,0.1543401032711884,9
10242,5.701050843188661,6.6020599913279625,0.9010091481393019,3
10243,5.693708707437186,6.6020599913279625,0.9083512838907764,6
10244,5.747734263389431,6.6020599913279625,0.8543257279385319,2
10245,5.722389118818839,6.6020599913279625,0.8796708725091236,9
10246,5.7392876597551,6.6020599913279625,0.8627723315728622,1
10247,5.709167000319539,6.6020599913279625,0.8928929910084236,7
10248,5.664143276333388,6.6020599913279625,0.9379167149945742,10
10249,5.689758410495824,6.6020599913279625,0.9123015808321382,5
10250,5.79812518424818,6.6020599913279625,0.8039348070797825,8
10251,6.7721666354609225,6.972202838379064,0.20003620291814173,2
10252,6.771734927373066,6.972202838379064,0.20046791100599837,9
10253,6.771854129079941,6.972202838379064,0.2003487092991234,1
10254,6.772390263155601,6.972202838379064,0.19981257522346318,6
10255,6.772410816514049,6.972202838379064,0.1997920218650151,3
10256,6.7719091674028284,6.972202838379064,0.20029367097623574,5
10257,6.772232239086329,6.972202838379064,0.19997059929273497,10
10258,6.771890173624571,6.972202838379064,0.2003126647544935,7
10259,6.7722483321717055,6.972202838379064,0.19995450620735866,4
10260,6.100640885713707,6.301029995663981,0.20038910995027415,8
10261,6.10083956404815,6.301029995663981,0.20019043161583117,7
10262,6.101043298161002,6.301029995663981,0.19998669750297893,9
10263,6.101046819995703,6.301029995663981,0.1999831756682786,3
10264,6.100859767578274,6.301029995663981,0.2001702280857076,10
10265,6.100946747899676,6.301029995663981,0.2000832477643053,2
10266,6.100883062551112,6.301029995663981,0.2001469331128689,6
10267,6.101039149356637,6.301029995663981,0.19999084630734387,4
10268,6.100648560063034,6.301029995663981,0.20038143560094746,1
10269,6.4481766455292515,6.248267603534647,-0.19990904199460413,10
10270,6.448520142068205,6.248267603534647,-0.20025253853355718,5
10271,6.448180171133786,6.248267603534647,-0.19991256759913867,4
10272,6.4483689294803685,6.248267603534647,-0.20010132594572116,6
10273,6.40867550026566,6.248267603534647,-0.1604078967310123,3
10274,6.448250708119998,6.248267603534647,-0.19998310458535062,2
10275,6.448167280919338,6.248267603534647,-0.19989967738469083,1
10276,6.160525974633323,6.248267603534647,0.0877416289013242,7
10277,6.448369131634235,6.248267603534647,-0.20010152809958726,9
10278,6.309939212375983,6.380211241711606,0.07027202933562293,10
10279,6.212785670885945,6.380211241711606,0.16742557082566112,8
10280,6.179862054032035,6.380211241711606,0.20034918767957155,5
10281,6.25056159761258,6.380211241711606,0.12964964409902624,1
10282,6.247672424644252,6.380211241711606,0.1325388170673545,2
10283,6.180206819722234,6.380211241711606,0.20000442198937218,4
10284,6.181792255901234,6.380211241711606,0.1984189858103722,7
10285,6.1799622237842335,6.380211241711606,0.20024901792737282,6
10286,6.3091566184942085,6.380211241711606,0.07105462321739786,9
10287,5.707175762714183,6.301029995663981,0.5938542329497984,1
10288,5.7074081251589295,6.301029995663981,0.5936218705050518,3
10289,5.707302957467252,6.301029995663981,0.5937270381967297,10
10290,6.100905902935727,6.301029995663981,0.20012409272825415,6
10291,5.737140103254239,6.301029995663981,0.5638898924097422,4
10292,5.707066437960068,6.301029995663981,0.5939635577039128,8
10293,5.707039029780801,6.301029995663981,0.5939909658831803,5
10294,6.10088885486501,6.301029995663981,0.20014114079897105,7
10295,5.706766962622042,6.301029995663981,0.5942630330419396,2
10296,6.1218949076376115,6.32221929473392,0.20032438709630895,10
10297,6.121873370756946,6.32221929473392,0.20034592397697448,5
10298,6.331177059673024,6.32221929473392,-0.008957764939103718,6
10299,6.12251283193258,6.32221929473392,0.1997064628013403,8
10300,6.122037926986951,6.32221929473392,0.20018136774696949,9
10301,6.121921370743099,6.32221929473392,0.20029792399082158,1
10302,6.122417362299382,6.32221929473392,0.19980193243453837,4
10303,6.122217577904224,6.32221929473392,0.20000171682969636,2
10304,6.217943593004877,6.32221929473392,0.10427570172904321,7
10305,6.263277072071226,6.380211241711606,0.1169341696403805,10
10306,6.263135293839749,6.380211241711606,0.11707594787185727,3
10307,6.26317820856797,6.380211241711606,0.11703303314363644,8
10308,6.2631961044115405,6.380211241711606,0.11701513730006585,7
10309,6.263190443078866,6.380211241711606,0.11702079863274051,6
10310,6.263297618097287,6.380211241711606,0.11691362361431956,5
10311,6.26346088282261,6.380211241711606,0.11675035888899643,1
10312,6.263377708628193,6.380211241711606,0.1168335330834136,4
10313,6.5799689699079655,6.380211241711606,-0.19975772819635917,9
10314,6.180363993990045,6.380211241711606,0.1998472477215616,8
10315,6.179963454491998,6.380211241711606,0.20024778721960868,5
10316,6.179865528180143,6.380211241711606,0.2003457135314637,9
10317,6.17997303302522,6.380211241711606,0.2002382086863861,1
10318,6.256883247522456,6.380211241711606,0.1233279941891503,3
10319,6.180034931540513,6.380211241711606,0.20017631017109316,2
10320,6.180114007816596,6.380211241711606,0.20009723389501044,7
10321,6.179935303242985,6.380211241711606,0.20027593846862146,6
10322,6.180140932167311,6.380211241711606,0.20007030954429528,10
10323,6.0755563239301615,5.603198520676098,-0.47235780325406385,4
10324,6.090188023947082,5.603198520676098,-0.48698950327098434,7
10325,6.015492835212431,5.603198520676098,-0.41229431453633314,3
10326,6.1153399809047215,5.603198520676098,-0.5121414602286238,1
10327,6.091276411612675,5.603198520676098,-0.4880778909365775,6
10328,6.160213807649031,5.603198520676098,-0.5570152869729332,2
10329,6.146432950610633,5.603198520676098,-0.5432344299345351,5
10330,6.064174865335145,5.603198520676098,-0.4609763446590476,10
10331,6.106260774958064,5.603198520676098,-0.503062254281966,8
10332,6.3033778814602215,6.32221929473392,0.018841413273698926,10
10333,6.122017443226219,6.32221929473392,0.20020185150770153,2
10334,6.178032386443946,6.32221929473392,0.14418690828997427,1
10335,6.247323448991146,6.32221929473392,0.07489584574277419,9
10336,6.384339040633471,6.32221929473392,-0.06211974589955016,6
10337,6.204751838212827,6.32221929473392,0.11746745652109336,3
10338,6.233887142333657,6.32221929473392,0.08833215240026338,4
10339,6.313243715979614,6.32221929473392,0.008975578754306213,5
10340,6.383536380588565,6.32221929473392,-0.061317085854645015,7
10341,5.883171477717935,6.017033339298781,0.13386186158084534,5
10342,5.817126510767981,6.017033339298781,0.19990682853079988,3
10343,5.960610732051681,6.017033339298781,0.05642260724710013,9
10344,5.817017112362069,6.017033339298781,0.20001622693671184,7
10345,5.917916138390295,6.017033339298781,0.09911720090848597,10
10346,5.86080327565458,6.017033339298781,0.1562300636442009,6
10347,5.851898700853732,6.017033339298781,0.16513463844504894,4
10348,5.816985766733507,6.017033339298781,0.20004757256527395,2
10349,5.8712755184657714,6.017033339298781,0.14575782083300926,8
10350,6.247104175140622,6.197831693328903,-0.049272481811719615,1
10351,6.247147122781015,6.197831693328903,-0.04931542945211209,10
10352,6.247364199064345,6.197831693328903,-0.0495325057354421,7
10353,6.247331565241025,6.197831693328903,-0.04949987191212202,6
10354,5.997801933207078,6.197831693328903,0.20002976012182483,4
10355,6.247168790119558,6.197831693328903,-0.04933709679065501,3
10356,6.246934092772352,6.197831693328903,-0.04910239944344941,9
10357,6.247099962333216,6.197831693328903,-0.04926826900431358,5
10358,6.247010792458262,6.197831693328903,-0.04917909912935947,2
10359,5.994584418054679,6.171480722621874,0.17689630456719563,4
10360,6.148820160710698,6.171480722621874,0.02266056191117638,10
10361,6.095420099741875,6.171480722621874,0.07606062287999915,6
10362,6.062053590846881,6.171480722621874,0.10942713177499286,3
10363,6.134821960648086,6.171480722621874,0.036658761973788145,7
10364,6.055693579349151,6.171480722621874,0.11578714327272355,2
10365,6.0901251791605295,6.171480722621874,0.08135554346134466,8
10366,6.03865606102996,6.171480722621874,0.13282466159191397,9
10367,6.101205544239128,6.171480722621874,0.07027517838274644,5
10368,6.632677332502696,7.105510184769974,0.47283285226727845,1
10369,6.632341706220183,7.105510184769974,0.47316847854979116,9
10370,6.6324425352541425,7.105510184769974,0.4730676495158317,4
10371,6.632118153336459,7.105510184769974,0.47339203143351494,7
10372,6.632442491239871,7.105510184769974,0.47306769353010303,5
10373,6.632589874815436,7.105510184769974,0.4729203099545378,6
10374,6.90542343770224,7.105510184769974,0.20008674706773455,2
10375,6.632619872444696,7.105510184769974,0.4728903123252781,3
10376,6.632447650632991,7.105510184769974,0.4730625341369832,8
10377,6.173015992078392,6.373095987078727,0.20007999500033513,3
10378,6.172801872660977,6.373095987078727,0.20029411441775036,1
10379,6.172922469952372,6.373095987078727,0.20017351712635545,10
10380,6.172841413205108,6.373095987078727,0.200254573873619,7
10381,6.173054199944975,6.373095987078727,0.20004178713375254,8
10382,6.172703788205171,6.373095987078727,0.20039219887355664,2
10383,6.172864082783436,6.373095987078727,0.20023190429529159,6
10384,6.172772804841756,6.373095987078727,0.20032318223697132,5
10385,6.1728661264881,6.373095987078727,0.20022986059062742,4
10386,5.620257401656351,5.419955748489758,-0.20030165316659332,8
10387,5.6198370569185085,5.419955748489758,-0.19988130842875051,5
10388,5.619903579763031,5.419955748489758,-0.1999478312732732,2
10389,5.619838240283948,5.419955748489758,-0.19988249179418993,9
10390,5.620208039760829,5.419955748489758,-0.20025229127107114,4
10391,5.620138938507293,5.419955748489758,-0.20018319001753504,1
10392,5.620021951797865,5.419955748489758,-0.20006620330810687,3
10393,5.62018847645253,5.419955748489758,-0.20023272796277158,6
10394,5.620237001848009,5.419955748489758,-0.2002812533582512,7
10395,6.286208707034166,6.332438459915605,0.04622975288143927,7
10396,6.285925664374297,6.332438459915605,0.04651279554130827,3
10397,6.286162786274733,6.332438459915605,0.046275673640871595,1
10398,6.285992622853302,6.332438459915605,0.04644583706230332,4
10399,6.286285181741699,6.332438459915605,0.046153278173905576,5
10400,6.286400592737262,6.332438459915605,0.04603786717834257,10
10401,6.286411082128257,6.332438459915605,0.04602737778734767,6
10402,6.132609286176086,6.332438459915605,0.19982917373951903,9
10403,6.286053233293835,6.332438459915605,0.04638522662177014,8
10404,5.879202539296306,6.079181246047625,0.19997870675131946,10
10405,5.792514850832106,6.079181246047625,0.2866663952155193,2
10406,5.782409996110403,6.079181246047625,0.2967712499372217,9
10407,5.808509209713703,6.079181246047625,0.2706720363339219,4
10408,5.8788940435503125,6.079181246047625,0.20028720249731258,8
10409,5.793878249918705,6.079181246047625,0.2853029961289204,3
10410,5.817867353955738,6.079181246047625,0.26131389209188693,5
10411,5.879164753287453,6.079181246047625,0.20001649276017197,7
10412,5.7531108620816696,6.079181246047625,0.32607038396595556,6
10413,6.142483568227074,5.124830149413859,-1.0176534188132145,8
10414,6.148405174153506,5.124830149413859,-1.023575024739647,6
10415,6.113293840005028,5.124830149413859,-0.9884636905911686,2
10416,5.376530932781254,5.124830149413859,-0.25170078336739454,1
10417,6.121596721588683,5.124830149413859,-0.996766572174824,4
10418,6.092165171794175,5.124830149413859,-0.9673350223803157,5
10419,6.18812979617074,5.124830149413859,-1.0632996467568807,7
10420,6.050274143123051,5.124830149413859,-0.9254439937091918,10
10421,6.050506026177995,5.124830149413859,-0.925675876764136,9
10422,6.286162786274733,6.486146996806573,0.19998421053183968,1
10423,6.285992622853302,6.486146996806573,0.2001543739532714,4
10424,6.286285181741699,6.486146996806573,0.19986181506487366,5
10425,6.285925664374297,6.486146996806573,0.20022133243227636,3
10426,6.286411082128257,6.486146996806573,0.19973591467831575,6
10427,6.286400592737262,6.486146996806573,0.19974640406931066,10
10428,6.286053233293835,6.486146996806573,0.20009376351273822,8
10429,6.286208707034166,6.486146996806573,0.19993828977240735,7
10430,6.286428104414824,6.486146996806573,0.19971889239174878,2
10431,6.36294876383173,6.174931593528442,-0.18801717030328735,3
10432,6.374727665748853,6.174931593528442,-0.19979607222041107,10
10433,6.375082698435774,6.174931593528442,-0.20015110490733168,1
10434,6.228700337115428,6.174931593528442,-0.05376874358698558,8
10435,5.781777171846596,6.174931593528442,0.3931544216818468,9
10436,6.270090496227781,6.174931593528442,-0.09515890269933891,7
10437,6.374755308916246,6.174931593528442,-0.19982371538780352,5
10438,6.142397905831285,6.174931593528442,0.03253368769715692,6
10439,6.375044866539167,6.174931593528442,-0.20011327301072424,2
10440,6.604323149473722,5.886490725172482,-0.71783242430124,1
10441,6.086725520400785,5.886490725172482,-0.2002347952283028,2
10442,6.621242424591167,5.886490725172482,-0.7347516994186849,5
10443,6.624572105821683,5.886490725172482,-0.7380813806492004,10
10444,6.677141904569284,5.886490725172482,-0.7906511793968019,3
10445,6.539393464748662,5.886490725172482,-0.65290273957618,7
10446,6.648244877542688,5.886490725172482,-0.761754152370206,4
10447,6.540979597034248,5.886490725172482,-0.6544888718617656,8
10448,6.56277148407936,5.886490725172482,-0.676280758906878,9
10449,5.525668075390614,5.725911632295048,0.20024355690443407,10
10450,5.525953129304686,5.725911632295048,0.19995850299036189,5
10451,5.525669961005336,5.725911632295048,0.20024167128971193,6
10452,5.5256039508610115,5.725911632295048,0.20030768143403677,2
10453,5.52551267981585,5.725911632295048,0.20039895247919848,4
10454,5.525897853308703,5.725911632295048,0.20001377898634498,9
10455,5.525912942839563,5.725911632295048,0.1999986894554855,7
10456,5.525703332180283,5.725911632295048,0.20020830011476498,1
10457,5.526037681854515,5.725911632295048,0.19987395044053358,8
10458,5.924543179120707,5.413132050434872,-0.5114111286858343,6
10459,5.884775952712377,5.413132050434872,-0.4716439022775045,7
10460,5.876999100526681,5.413132050434872,-0.4638670500918085,5
10461,5.87697859582447,5.413132050434872,-0.4638465453895977,3
10462,5.876768439812886,5.413132050434872,-0.46363638937801355,2
10463,5.876900754961078,5.413132050434872,-0.46376870452620533,9
10464,6.0388269370617325,5.413132050434872,-0.6256948866268601,8
10465,6.450272289803498,5.413132050434872,-1.0371402393686253,1
10466,5.8767366029613175,5.413132050434872,-0.46360455252644517,4
10467,7.092015694532304,7.292256071356476,0.20024037682417273,9
10468,7.092063557951447,7.292256071356476,0.20019251340502908,4
10469,7.091773922001474,7.292256071356476,0.2004821493550022,6
10470,7.092196210241157,7.292256071356476,0.20005986111531904,2
10471,7.092113946676307,7.292256071356476,0.2001421246801698,7
10472,7.0923928991649605,7.292256071356476,0.19986317219151584,8
10473,7.092593668485641,7.292256071356476,0.19966240287083536,1
10474,7.092180628598614,7.292256071356476,0.20007544275786238,10
10475,7.092046389083325,7.292256071356476,0.20020968227315095,5
10476,6.384361101655887,6.698970004336019,0.3146089026801313,4
10477,6.331518371504949,6.698970004336019,0.3674516328310702,7
10478,6.498682493510826,6.698970004336019,0.20028751082519314,10
10479,6.26202490827817,6.698970004336019,0.4369450960578485,5
10480,6.498843262590103,6.698970004336019,0.20012674174591538,1
10481,6.318686670071471,6.698970004336019,0.38028333426454797,6
10482,6.4225656332841385,6.698970004336019,0.2764043710518802,9
10483,6.3299852395600045,6.698970004336019,0.3689847647760143,8
10484,6.294345986987156,6.698970004336019,0.4046240173488629,3
10485,7.319879035903253,7.519827993775719,0.1999489578724658,10
10486,7.319578460979759,7.519827993775719,0.2002495327959597,3
10487,7.319653765320314,7.519827993775719,0.20017422845540445,9
10488,7.319583896872277,7.519827993775719,0.20024409690344225,2
10489,7.319695498883509,7.519827993775719,0.20013249489220986,1
10490,7.319647480182622,7.519827993775719,0.20018051359309652,4
10491,7.319967420193736,7.519827993775719,0.19986057358198295,6
10492,7.319980478618979,7.519827993775719,0.1998475151567396,7
10493,7.320138824770115,7.519827993775719,0.19968916900560352,8
10494,7.210656222819942,7.188037055006895,-0.022619167813047625,5
10495,7.0336233365064,7.188037055006895,0.15441371850049457,6
10496,7.388315994955339,7.188037055006895,-0.20027893994844437,9
10497,7.259352804853798,7.188037055006895,-0.07131574984690303,7
10498,7.253591892114524,7.188037055006895,-0.0655548371076291,4
10499,7.240431096039969,7.188037055006895,-0.05239404103307432,3
10500,7.273557691096396,7.188037055006895,-0.08552063608950178,2
10501,7.2312913571472555,7.188037055006895,-0.043254302140360856,10
10502,7.237703066809167,7.188037055006895,-0.04966601180227226,1
10503,7.922810966506834,8.071882007306126,0.14907104079929212,8
10504,7.87175333669855,8.071882007306126,0.200128670607576,4
10505,7.872113516955859,8.071882007306126,0.19976849035026678,7
10506,7.922685887155819,8.071882007306126,0.14919612015030737,9
10507,7.922144917884084,8.071882007306126,0.14973708942204222,3
10508,7.922261291763604,8.071882007306126,0.14962071554252176,6
10509,7.871780527264789,8.071882007306126,0.20010148004133654,1
10510,7.8901974686270275,8.071882007306126,0.1816845386790984,10
10511,7.9019140508469565,8.071882007306126,0.1699679564591694,5
10512,5.7823188455230685,5.982271233039568,0.19995238751649946,1
10513,5.782157244586169,5.982271233039568,0.20011398845339912,7
10514,5.782156897590585,5.982271233039568,0.20011433544898338,8
10515,5.782044582266796,5.982271233039568,0.20022665077277235,6
10516,5.782187206365055,5.982271233039568,0.20008402667451275,10
10517,5.782145579141533,5.982271233039568,0.20012565389803516,2
10518,5.782665662246147,5.982271233039568,0.19960557079342056,9
10519,5.782337224319014,5.982271233039568,0.1999340087205539,5
10520,5.782737235322986,5.982271233039568,0.19953399771658198,4
10521,6.773160771519338,6.973127853599698,0.1999670820803603,7
10522,6.843560033990146,6.973127853599698,0.12956781960955244,9
10523,6.773097256406246,6.973127853599698,0.20003059719345195,6
10524,7.089861538600908,6.973127853599698,-0.11673368500120951,5
10525,6.772741101491492,6.973127853599698,0.2003867521082059,10
10526,6.772801124729083,6.973127853599698,0.20032672887061498,4
10527,6.774036270688515,6.973127853599698,0.19909158291118345,8
10528,6.819604005032944,6.973127853599698,0.1535238485667545,1
10529,6.772791329632279,6.973127853599698,0.20033652396741974,3
10530,6.277900962864347,6.077731179652392,-0.20016978321195555,3
10531,6.278115628920018,6.077731179652392,-0.20038444926762633,1
10532,6.27788396895869,6.077731179652392,-0.20015278930629865,4
10533,6.2774817901392375,6.077731179652392,-0.19975061048684584,6
10534,6.277913466075992,6.077731179652392,-0.20018228642360025,8
10535,6.278004822943472,6.077731179652392,-0.2002736432910801,2
10536,6.277993610253267,6.077731179652392,-0.20026243060087534,9
10537,6.277920916836425,6.077731179652392,-0.20018973718403377,7
10538,6.277755187119385,6.077731179652392,-0.20002400746699323,10
10539,6.5980006310636785,6.3979400086720375,-0.20006062239164102,8
10540,6.598363641157377,6.3979400086720375,-0.20042363248533945,3
10541,6.597711178287074,6.3979400086720375,-0.19977116961503683,7
10542,6.198307968199924,6.3979400086720375,0.19963204047211391,5
10543,6.5777477902292825,6.3979400086720375,-0.17980778155724497,10
10544,6.598162289792709,6.3979400086720375,-0.20022228112067175,2
10545,6.597909817191191,6.3979400086720375,-0.19996980851915325,4
10546,6.560170568562155,6.3979400086720375,-0.16223055989011748,1
10547,6.537043743686583,6.3979400086720375,-0.13910373501454565,6
10548,7.06230867159569,7.294466226161593,0.23215755456590337,9
10549,7.082978165823369,7.294466226161593,0.21148806033822432,10
10550,6.792652862883874,7.294466226161593,0.5018133632777193,3
10551,7.019996378173045,7.294466226161593,0.27446984798854857,5
10552,7.09438106435447,7.294466226161593,0.20008516180712377,8
10553,7.094302869484737,7.294466226161593,0.20016335667685592,4
10554,7.0942989966909416,7.294466226161593,0.2001672294706518,1
10555,7.094906991050964,7.294466226161593,0.19955923511062945,2
10556,7.0942134462520245,7.294466226161593,0.2002527799095688,6
10557,7.133380348167748,7.333648756514701,0.20026840834695303,5
10558,7.133761808059718,7.333648756514701,0.19988694845498323,3
10559,7.133394016850412,7.333648756514701,0.20025473966428908,10
10560,7.133852984346373,7.333648756514701,0.19979577216832745,2
10561,7.13385250001742,7.333648756514701,0.1997962564972804,8
10562,7.133400169221718,7.333648756514701,0.20024858729298245,6
10563,7.133822006423067,7.333648756514701,0.19982675009163398,9
10564,7.133686940721901,7.333648756514701,0.1999618157927996,7
10565,7.133698938584451,7.333648756514701,0.1999498179302499,1
10566,6.674398955931554,7.793755472155577,1.1193565162240224,6
10567,6.7950146426999884,7.793755472155577,0.9987408294555884,10
10568,6.799858894396762,7.793755472155577,0.9938965777588145,3
10569,6.698250301505543,7.793755472155577,1.0955051706500338,4
10570,6.674535563777532,7.793755472155577,1.119219908378045,7
10571,6.799837862119654,7.793755472155577,0.9939176100359228,9
10572,6.7151969670035365,7.793755472155577,1.0785585051520403,1
10573,6.613033696841729,7.793755472155577,1.180721775313848,8
10574,6.799716161667129,7.793755472155577,0.9940393104884482,5
10575,6.287103965316361,6.087071205906535,-0.2000327594098259,3
10576,6.28723576465448,6.087071205906535,-0.2001645587479448,7
10577,6.287064603635156,6.087071205906535,-0.1999933977286208,5
10578,6.287323349912328,6.087071205906535,-0.20025214400579294,9
10579,6.2872724674913085,6.087071205906535,-0.20020126158477325,2
10580,6.286908038234169,6.087071205906535,-0.19983683232763383,6
10581,6.286972578652277,6.087071205906535,-0.1999013727457415,10
10582,6.2872482501265345,6.087071205906535,-0.20017704421999927,8
10583,6.287005370681687,6.087071205906535,-0.19993416477515158,4
10584,6.698250301505543,6.0,-0.698250301505543,4
10585,6.799835901836386,6.0,-0.7998359018363859,2
10586,6.674535563777532,6.0,-0.6745355637775319,7
10587,6.674398955931554,6.0,-0.6743989559315544,6
10588,6.799837862119654,6.0,-0.799837862119654,9
10589,6.799716161667129,6.0,-0.7997161616671287,5
10590,6.613033696841729,6.0,-0.6130336968417289,8
10591,6.7151969670035365,6.0,-0.7151969670035365,1
10592,6.7950146426999884,6.0,-0.7950146426999884,10
10593,6.7438648190507,6.544068044350276,-0.1997967747004239,5
10594,6.690473653695879,6.544068044350276,-0.14640560934560298,1
10595,6.743865790009968,6.544068044350276,-0.19979774565969244,9
10596,6.754941990689809,6.544068044350276,-0.21087394633953327,7
10597,6.601646924391797,6.544068044350276,-0.0575788800415209,10
10598,6.647402885832569,6.544068044350276,-0.103334841482293,2
10599,6.7439119798721485,6.544068044350276,-0.19984393552187285,4
10600,6.743778361614265,6.544068044350276,-0.1997103172639889,3
10601,6.587434130590106,6.544068044350276,-0.04336608623983018,8
10602,7.645320785607008,7.845098040014257,0.19977725440724914,5
10603,7.645321434048251,7.845098040014257,0.19977660596600622,7
10604,7.644857409840673,7.845098040014257,0.2002406301735835,2
10605,7.645293305919529,7.845098040014257,0.19980473409472754,8
10606,7.645358441057197,7.845098040014257,0.19973959895706006,4
10607,7.644916482162431,7.845098040014257,0.2001815578518258,9
10608,7.6450972833364546,7.845098040014257,0.20000075667780237,1
10609,7.6449895910297485,7.845098040014257,0.2001084489845084,3
10610,7.6452546379249675,7.845098040014257,0.1998434020892894,10
10611,6.133856174310633,7.301029995663981,1.167173821353348,9
10612,6.200091115730534,7.301029995663981,1.1009388799334472,7
10613,6.199666189520125,7.301029995663981,1.1013638061438566,3
10614,6.106700238918625,7.301029995663981,1.194329756745356,5
10615,6.018495211717079,7.301029995663981,1.2825347839469021,2
10616,6.0562072860998315,7.301029995663981,1.2448227095641498,8
10617,6.106266888108495,7.301029995663981,1.1947631075554863,6
10618,6.115278484301225,7.301029995663981,1.1857515113627564,4
10619,6.094763498411746,7.301029995663981,1.2062664972522352,10
10620,6.775648352051718,6.975431808509263,0.1997834564575447,9
10621,6.775351988681235,6.975431808509263,0.20007981982802736,2
10622,6.775494232605933,6.975431808509263,0.19993757590332972,6
10623,6.775470164542923,6.975431808509263,0.19996164396633986,8
10624,6.775831834899321,6.975431808509263,0.1995999736099412,7
10625,6.775756071633417,6.975431808509263,0.19967573687584572,5
10626,6.775885375504177,6.975431808509263,0.1995464330050858,4
10627,6.775331880378755,6.975431808509263,0.20009992813050737,1
10628,6.775506861569107,6.975431808509263,0.19992494694015583,3
10629,6.384682996274561,6.184691430817598,-0.19999156545696284,8
10630,6.3846189803915205,6.184691430817598,-0.19992754957392211,10
10631,6.384543275762522,6.184691430817598,-0.19985184494492358,2
10632,6.38863199928905,6.184691430817598,-0.20394056847145148,6
10633,6.384932402229687,6.184691430817598,-0.20024097141208852,1
10634,6.384633214657055,6.184691430817598,-0.19994178383945638,5
10635,6.556946627649261,6.184691430817598,-0.37225519683166297,9
10636,6.385126359161806,6.184691430817598,-0.20043492834420729,7
10637,6.449246408822987,6.184691430817598,-0.2645549780053882,3
10638,6.08081784678704,6.281033367247727,0.20021552046068702,6
10639,6.080873292630688,6.281033367247727,0.2001600746170391,2
10640,6.081143159077884,6.281033367247727,0.19989020816984304,5
10641,6.081117724348922,6.281033367247727,0.19991564289880515,7
10642,6.081200298163165,6.281033367247727,0.199833069084562,8
10643,6.081218694841385,6.281033367247727,0.1998146724063421,1
10644,6.081449771908713,6.281033367247727,0.19958359533901415,10
10645,6.081307279576125,6.281033367247727,0.1997260876716025,9
10646,6.08111357040768,6.281033367247727,0.1999197968400468,3
10647,5.212808253119415,5.012837224705172,-0.19997102841424308,1
10648,5.212880307179962,5.012837224705172,-0.20004308247478964,2
10649,5.21256327015188,5.012837224705172,-0.1997260454467078,4
10650,5.212863749534394,5.012837224705172,-0.20002652482922212,6
10651,5.213004461853643,5.012837224705172,-0.20016723714847107,5
10652,5.212506984577114,5.012837224705172,-0.19966975987194235,8
10653,5.213160294866373,5.012837224705172,-0.20032307016120132,3
10654,5.212744907846097,5.012837224705172,-0.19990768314092477,10
10655,5.212774188177082,5.012837224705172,-0.19993696347191037,7
10656,7.535879756943539,7.735997884091794,0.2001181271482544,8
10657,7.535762865343022,7.735997884091794,0.2002350187487716,1
10658,7.535752237624854,7.735997884091794,0.2002456464669402,3
10659,7.476314504136822,7.735997884091794,0.25968337995497137,4
10660,7.53575769099807,7.735997884091794,0.2002401930937241,6
10661,7.535967247938147,7.735997884091794,0.20003063615364702,7
10662,7.535875859994713,7.735997884091794,0.20012202409708113,5
10663,7.536174506275957,7.735997884091794,0.1998233778158367,9
10664,7.53615848308691,7.735997884091794,0.1998394010048834,2
10665,5.501130890912955,5.301029995663981,-0.20010089524897356,10
10666,5.501404755137918,5.301029995663981,-0.20037475947393713,6
10667,5.501027151328852,5.301029995663981,-0.19999715566487097,8
10668,5.501052627267514,5.301029995663981,-0.20002263160353273,7
10669,5.501109135644227,5.301029995663981,-0.20007913998024573,5
10670,5.501378067761519,5.301029995663981,-0.2003480720975377,2
10671,5.500918663587883,5.301029995663981,-0.1998886679239016,1
10672,5.501147045829268,5.301029995663981,-0.2001170501652867,9
10673,5.501112942379385,5.301029995663981,-0.20008294671540394,4
10674,6.374727665748853,6.618633737597086,0.2439060718482322,10
10675,6.270090496227781,6.618633737597086,0.34854324136930437,7
10676,6.375044866539167,6.618633737597086,0.24358887105791904,2
10677,6.374755308916246,6.618633737597086,0.24387842868083975,5
10678,6.375082698435774,6.618633737597086,0.2435510391613116,1
10679,6.142397905831285,6.618633737597086,0.4762358317658002,6
10680,6.228700337115428,6.618633737597086,0.3899334004816577,8
10681,6.36294876383173,6.618633737597086,0.2556849737653559,3
10682,6.186615154937268,6.618633737597086,0.4320185826598175,4
10683,7.465254429809386,7.665017825412472,0.1997633956030862,2
10684,7.464869733069344,7.665017825412472,0.20014809234312825,6
10685,7.35087725361551,7.665017825412472,0.31414057179696275,10
10686,7.465112233935529,7.665017825412472,0.1999055914769432,3
10687,7.445216412796898,7.665017825412472,0.21980141261557407,5
10688,7.465061368619796,7.665017825412472,0.19995645679267593,4
10689,7.465001479355035,7.665017825412472,0.20001634605743757,8
10690,7.465303515829632,7.665017825412472,0.19971430958284042,7
10691,7.465120673089575,7.665017825412472,0.1998971523228974,9
10692,6.561753719170052,6.361727836017593,-0.20002588315245884,8
10693,6.562059516120927,6.361727836017593,-0.2003316801033339,3
10694,6.561863509123574,6.361727836017593,-0.20013567310598113,7
10695,6.561547165875737,6.361727836017593,-0.1998193298581441,5
10696,6.561783220091601,6.361727836017593,-0.20005538407400802,9
10697,6.561340157542405,6.361727836017593,-0.19961232152481223,2
10698,6.561638419917104,6.361727836017593,-0.199910583899511,4
10699,6.561660041293611,6.361727836017593,-0.19993220527601796,10
10700,6.561392053873381,6.361727836017593,-0.19966421785578792,1
10701,7.038169315665516,6.886490725172482,-0.15167859049303356,3
10702,6.6862925397356126,6.886490725172482,0.20019818543686974,2
10703,6.703056801108138,6.886490725172482,0.1834339240643441,6
10704,6.68639512265715,6.886490725172482,0.20009560251533198,8
10705,6.693837892509653,6.886490725172482,0.19265283266282918,10
10706,6.699911806192851,6.886490725172482,0.18657891897963097,9
10707,6.72230833148102,6.886490725172482,0.16418239369146193,5
10708,6.7458870352788844,6.886490725172482,0.14060368989359784,1
10709,6.807901322320872,6.886490725172482,0.07858940285160987,4
10710,6.632614638724792,7.477121254719663,0.8445066159948702,5
10711,6.649908800725245,7.477121254719663,0.8272124539944175,7
10712,6.630234786921719,7.477121254719663,0.846886467797944,1
10713,6.777138383014002,7.477121254719663,0.6999828717056609,9
10714,6.5733225491420555,7.477121254719663,0.9037987055776071,2
10715,6.564455034673658,7.477121254719663,0.9126662200460043,10
10716,6.63918471639248,7.477121254719663,0.8379365383271828,6
10717,6.807914897285072,7.477121254719663,0.6692063574345903,3
10718,6.756545900488381,7.477121254719663,0.7205753542312818,4
10719,5.878825044145892,6.079181246047625,0.20035620190173287,4
10720,5.879704860335193,6.079181246047625,0.19947638571243242,8
10721,5.879105383582466,6.079181246047625,0.20007586246515885,10
10722,5.879366957059129,6.079181246047625,0.19981428898849618,7
10723,6.267413423563673,6.079181246047625,-0.18823217751604826,3
10724,5.879057280575331,6.079181246047625,0.20012396547229372,1
10725,5.879419993367457,6.079181246047625,0.19976125268016798,9
10726,5.8789690334293665,6.079181246047625,0.2002122126182586,6
10727,5.879257299567854,6.079181246047625,0.19992394647977108,2
10728,6.94508682809823,6.744918542441353,-0.2001682856568765,1
10729,6.544954986185775,6.744918542441353,0.19996355625557793,3
10730,6.783307530486518,6.744918542441353,-0.03838898804516422,4
10731,6.944850382604665,6.744918542441353,-0.19993184016331167,6
10732,6.94534763918165,6.744918542441353,-0.2004290967402964,2
10733,6.9447554605881034,6.744918542441353,-0.1998369181467501,8
10734,6.906114603202202,6.744918542441353,-0.16119606076084825,5
10735,6.944940651999045,6.744918542441353,-0.2000221095576915,9
10736,6.945077975152053,6.744918542441353,-0.20015943271069947,10
10737,6.7950146426999884,5.2455126678141495,-1.549501974885839,10
10738,6.674535563777532,5.2455126678141495,-1.4290228959633824,7
10739,6.799858894396762,5.2455126678141495,-1.554346226582613,3
10740,6.613033696841729,5.2455126678141495,-1.3675210290275794,8
10741,6.799716161667129,5.2455126678141495,-1.5542034938529792,5
10742,6.698250301505543,5.2455126678141495,-1.4527376336913935,4
10743,6.799837862119654,5.2455126678141495,-1.5543251943055045,9
10744,6.7151969670035365,5.2455126678141495,-1.469684299189387,1
10745,6.674398955931554,5.2455126678141495,-1.428886288117405,6
10746,6.4985979393238775,6.698970004336019,0.20037206501214122,4
10747,6.499230783155145,6.698970004336019,0.19973922118087373,6
10748,6.498700279782612,6.698970004336019,0.20026972455340708,3
10749,6.498687511914183,6.698970004336019,0.20028249242183538,8
10750,6.678125138564498,6.698970004336019,0.02084486577152056,1
10751,6.493838070872468,6.698970004336019,0.20513193346355063,5
10752,6.513794871259525,6.698970004336019,0.18517513307649391,2
10753,6.777769970496644,6.698970004336019,-0.07879996616062535,10
10754,6.49883858355811,6.698970004336019,0.20013142077790835,7
10755,6.974421921436036,7.174234304941022,0.19981238350498565,4
10756,6.974441967329906,7.174234304941022,0.19979233761111637,9
10757,6.974166324607914,7.174234304941022,0.2000679803331078,10
10758,6.974187121267477,7.174234304941022,0.20004718367354535,3
10759,6.974627614574908,7.174234304941022,0.19960669036611378,1
10760,6.974045282918423,7.174234304941022,0.2001890220225988,2
10761,6.974263277496829,7.174234304941022,0.19997102744419326,6
10762,6.9746318137824534,7.174234304941022,0.19960249115856854,5
10763,6.974349298566156,7.174234304941022,0.19988500637486606,7
10764,6.1806737247882895,6.047140468477217,-0.1335332563110727,10
10765,6.180647554780973,6.047140468477217,-0.13350708630375596,1
10766,6.18034533618685,6.047140468477217,-0.13320486770963313,6
10767,6.2469448616146,6.047140468477217,-0.1998043931373834,4
10768,6.180721239544927,6.047140468477217,-0.13358077106771038,3
10769,6.158278226138425,6.047140468477217,-0.11113775766120781,2
10770,6.246977097351759,6.047140468477217,-0.19983662887454212,9
10771,6.180626818265272,6.047140468477217,-0.13348634978805496,8
10772,6.180932020779717,6.047140468477217,-0.13379155230250017,7
10773,5.873903429520244,5.628388930050312,-0.2455144994699321,3
10774,6.082164454048129,5.628388930050312,-0.45377552399781784,9
10775,5.873037420582197,5.628388930050312,-0.2446484905318851,10
10776,5.938811561184944,5.628388930050312,-0.31042263113463253,6
10777,5.8533449120248635,5.628388930050312,-0.2249559819745519,5
10778,5.876566015455499,5.628388930050312,-0.24817708540518701,1
10779,5.852911077403501,5.628388930050312,-0.22452214735318954,2
10780,5.88926081567909,5.628388930050312,-0.26087188562877817,7
10781,5.922155867419094,5.628388930050312,-0.29376693736878234,8
10782,7.004421012780205,7.204119982655925,0.1996989698757199,8
10783,6.281997183177454,7.204119982655925,0.9221227994784709,4
10784,7.004241758226179,7.204119982655925,0.1998782244297459,5
10785,7.003981348158453,7.204119982655925,0.20013863449747227,2
10786,7.197783192273909,7.204119982655925,0.0063367903820159555,9
10787,7.004087991514476,7.204119982655925,0.20003199114144898,7
10788,7.004323600390548,7.204119982655925,0.19979638226537677,6
10789,7.003916367413647,7.204119982655925,0.2002036152422777,10
10790,7.003882118483517,7.204119982655925,0.20023786417240785,3
10791,6.749353857688675,6.900312496983727,0.1509586392950517,5
10792,6.771162182462019,6.900312496983727,0.12915031452170744,2
10793,6.74489925855638,6.900312496983727,0.15541323842734656,9
10794,6.700097299421253,6.900312496983727,0.20021519756247397,10
10795,6.762078556971227,6.900312496983727,0.13823394001249945,7
10796,6.714913119381545,6.900312496983727,0.18539937760218184,1
10797,6.740800435125659,6.900312496983727,0.15951206185806743,4
10798,6.766071891705069,6.900312496983727,0.13424060527865755,3
10799,6.7424065486503935,6.900312496983727,0.15790594833333316,6
10800,5.799936890410445,6.0,0.2000631095895553,3
10801,5.800252888603309,6.0,0.19974711139669132,5
10802,5.800192677236517,6.0,0.19980732276348334,7
10803,5.799943922613808,6.0,0.2000560773861917,1
10804,5.799722383812806,6.0,0.20027761618719442,4
10805,5.800254266493104,6.0,0.19974573350689617,6
10806,5.799642695924137,6.0,0.2003573040758626,10
10807,5.799904679075909,6.0,0.200095320924091,8
10808,5.799967840088009,6.0,0.20003215991199141,9
10809,4.241456341598106,4.041392685158225,-0.20006365643988033,8
10810,4.2416029227857726,4.041392685158225,-0.2002102376275472,7
10811,4.241908736577585,4.041392685158225,-0.2005160514193598,1
10812,4.2411385391923995,4.041392685158225,-0.1997458540341741,4
10813,4.241194823968936,4.041392685158225,-0.19980213881071052,6
10814,4.241843899535018,4.041392685158225,-0.20045121437679292,9
10815,4.241800667701808,4.041392685158225,-0.20040798254358272,5
10816,4.241860616388107,4.041392685158225,-0.20046793122988138,10
10817,4.241281930399433,4.041392685158225,-0.19988924524120755,2
10818,5.781777171846596,5.352240420182231,-0.4295367516643642,9
10819,6.186615154937268,5.352240420182231,-0.8343747347550368,4
10820,6.374755308916246,5.352240420182231,-1.0225148887340145,5
10821,6.374727665748853,5.352240420182231,-1.022487245566622,10
10822,6.375082698435774,5.352240420182231,-1.0228422782535427,1
10823,6.142397905831285,5.352240420182231,-0.7901574856490541,6
10824,6.270090496227781,5.352240420182231,-0.9178500760455499,7
10825,6.36294876383173,5.352240420182231,-1.0107083436494984,3
10826,6.228700337115428,5.352240420182231,-0.8764599169331966,8
10827,6.0562072860998315,6.0,-0.0562072860998315,8
10828,6.094763498411746,6.0,-0.09476349841174603,10
10829,6.018495211717079,6.0,-0.01849521171707913,2
10830,6.199666189520125,6.0,-0.1996661895201246,3
10831,6.106700238918625,6.0,-0.10670023891862535,5
10832,5.800219839241525,6.0,0.1997801607584746,1
10833,6.200091115730534,6.0,-0.20009111573053406,7
10834,6.133856174310633,6.0,-0.13385617431063324,9
10835,6.106266888108495,6.0,-0.10626688810849494,6
10836,6.18034533618685,6.3807537708039,0.20040843461705027,6
10837,6.180389740386545,6.3807537708039,0.2003640304173553,5
10838,6.180932020779717,6.3807537708039,0.19982175002418323,7
10839,6.180647554780973,6.3807537708039,0.20010621602292744,1
10840,6.2469448616146,6.3807537708039,0.1338089091893,4
10841,6.180721239544927,6.3807537708039,0.20003253125897302,3
10842,6.1806737247882895,6.3807537708039,0.2000800460156107,10
10843,6.180626818265272,6.3807537708039,0.20012695253862844,8
10844,6.246977097351759,6.3807537708039,0.13377667345214128,9
10845,5.8773414160067885,6.07700432679335,0.19966291078656173,6
10846,5.877040216752486,6.07700432679335,0.199964110040864,9
10847,5.877121465758649,6.07700432679335,0.199882861034701,8
10848,5.8771442701592695,6.07700432679335,0.19986005663408069,2
10849,5.8770672146206895,6.07700432679335,0.19993711217266075,7
10850,5.87709336420466,6.07700432679335,0.19991096258869057,1
10851,5.877195845406517,6.07700432679335,0.1998084813868335,4
10852,5.876879532457394,6.07700432679335,0.20012479433595587,10
10853,5.877008176773976,6.07700432679335,0.19999615001937432,5
10854,6.051853051414704,6.252124552505644,0.20027150109094016,9
10855,6.052016468404242,6.252124552505644,0.20010808410140246,2
10856,6.051968072652642,6.252124552505644,0.20015647985300244,7
10857,6.050748608089844,6.252124552505644,0.2013759444158003,10
10858,6.050934794894569,6.252124552505644,0.2011897576110755,8
10859,6.133881407348374,6.252124552505644,0.11824314515726986,3
10860,6.051851245181488,6.252124552505644,0.2002733073241565,4
10861,6.051978332349359,6.252124552505644,0.20014622015628536,6
10862,6.051844010293738,6.252124552505644,0.20028054221190583,5
10863,6.064095022596683,6.006037954997317,-0.05805706759936591,7
10864,6.077907048655531,6.006037954997317,-0.07186909365821403,10
10865,5.961368153836498,6.006037954997317,0.04466980116081842,3
10866,6.077945285616665,6.006037954997317,-0.07190733061934829,4
10867,6.018411771342386,6.006037954997317,-0.012373816345069066,1
10868,5.923373571026142,6.006037954997317,0.08266438397117515,2
10869,5.854611110782882,6.006037954997317,0.15142684421443509,6
10870,5.988064936621588,6.006037954997317,0.017973018375728955,5
10871,5.969517506946522,6.006037954997317,0.03652044805079502,8
10872,6.113192045959462,5.913018683747961,-0.20017336221150117,1
10873,6.113165122920725,5.913018683747961,-0.2001464391727641,10
10874,6.113166788039372,5.913018683747961,-0.2001481042914115,4
10875,6.113331308257597,5.913018683747961,-0.20031262450963627,2
10876,6.113178365197132,5.913018683747961,-0.20015968144917107,3
10877,6.113330263070163,5.913018683747961,-0.20031157932220278,7
10878,6.1130818415401595,5.913018683747961,-0.20006315779219896,9
10879,6.113267759825001,5.913018683747961,-0.20024907607704012,8
10880,6.059901455940127,5.913018683747961,-0.14688277219216683,6
10881,5.942876762053432,5.742725131304698,-0.2001516307487341,4
10882,5.879112840927106,5.742725131304698,-0.13638770962240798,9
10883,5.8788567892766235,5.742725131304698,-0.1361316579719256,3
10884,5.878876207732039,5.742725131304698,-0.1361510764273408,1
10885,5.879240752342754,5.742725131304698,-0.1365156210380558,7
10886,5.879331493228769,5.742725131304698,-0.13660636192407072,2
10887,5.879019241789273,5.742725131304698,-0.13629411048457474,5
10888,5.878924059619552,5.742725131304698,-0.1361989283148537,10
10889,5.794398372966912,5.742725131304698,-0.051673241662213876,8
10890,5.045032962049166,4.845098040014257,-0.1999349220349087,5
10891,5.045104409339781,4.845098040014257,-0.20000636932552407,6
10892,5.045341097395831,4.845098040014257,-0.20024305738157366,4
10893,5.045289372712571,4.845098040014257,-0.20019133269831446,10
10894,5.045566682661285,4.845098040014257,-0.2004686426470279,2
10895,5.0449182758366415,4.845098040014257,-0.19982023582238462,1
10896,5.0449839456464645,4.845098040014257,-0.19988590563220754,8
10897,5.0449436178263545,4.845098040014257,-0.19984557781209755,9
10898,5.0453388560081525,4.845098040014257,-0.20024081599389554,3
10899,6.057237273476191,5.857030798272624,-0.20020647520356682,10
10900,6.057431582192239,5.857030798272624,-0.2004007839196147,2
10901,6.057244559817346,5.857030798272624,-0.20021376154472215,9
10902,6.057193837208566,5.857030798272624,-0.20016303893594234,5
10903,6.05690975482328,5.857030798272624,-0.19987895655065646,8
10904,6.053044569150926,5.857030798272624,-0.1960137708783023,4
10905,6.056906446988602,5.857030798272624,-0.1998756487159783,1
10906,6.057007508624046,5.857030798272624,-0.19997671035142162,3
10907,6.057171335405365,5.857030798272624,-0.20014053713274116,6
10908,5.877903024891512,6.078094150406411,0.20019112551489915,1
10909,5.878055772193657,6.078094150406411,0.20003837821275372,9
10910,5.877933040523009,6.078094150406411,0.2001611098834024,8
10911,5.878297666150395,6.078094150406411,0.19979648425601582,4
10912,5.893337248446324,6.078094150406411,0.1847569019600872,10
10913,5.878122645208645,6.078094150406411,0.19997150519776596,5
10914,5.878341743934155,6.078094150406411,0.199752406472256,2
10915,5.878360868112966,6.078094150406411,0.19973328229344478,6
10916,5.87816749540069,6.078094150406411,0.19992665500572127,7
10917,6.182274964691579,6.382233234970556,0.1999582702789775,6
10918,6.182168328858127,6.382233234970556,0.2000649061124289,5
10919,6.182120944120471,6.382233234970556,0.2001122908500852,2
10920,6.1821231368870775,6.382233234970556,0.20011009808347868,3
10921,6.273919463131854,6.382233234970556,0.10831377183870217,1
10922,6.182470149137799,6.382233234970556,0.19976308583275681,10
10923,6.18235577146139,6.382233234970556,0.19987746350916602,4
10924,6.182351705301868,6.382233234970556,0.199881529668688,9
10925,6.182236046600262,6.382233234970556,0.19999718837029423,7
10926,5.893231355892315,6.093421685162235,0.20019032926991986,2
10927,5.89927944573649,6.093421685162235,0.19414223942574438,10
10928,5.9051678632089555,6.093421685162235,0.18825382195327922,5
10929,5.893562229974047,6.093421685162235,0.1998594551881876,8
10930,5.8931702765221186,6.093421685162235,0.20025140864011615,1
10931,5.893208083341098,6.093421685162235,0.20021360182113668,9
10932,5.893417300397434,6.093421685162235,0.2000043847648003,4
10933,5.8933048648160264,6.093421685162235,0.20011682034620826,7
10934,5.912140160930285,6.093421685162235,0.18128152423194965,3
10935,5.702233693346528,5.78625439578978,0.08402070244325177,6
10936,5.68242597110819,5.78625439578978,0.10382842468159037,9
10937,5.732404933108633,5.78625439578978,0.05384946268114721,4
10938,5.758864266908622,5.78625439578978,0.02739012888115777,7
10939,5.69447253053038,5.78625439578978,0.09178186525940024,8
10940,5.845460479291763,5.78625439578978,-0.059206083501982754,1
10941,5.877631938969134,5.78625439578978,-0.09137754317935354,2
10942,5.7816837510510055,5.78625439578978,0.004570644738774554,5
10943,5.789803697948601,5.78625439578978,-0.0035493021588210993,3
10944,5.763641879106898,5.963787827345556,0.2001459482386574,2
10945,5.763891163892019,5.963787827345556,0.1998966634535364,7
10946,5.7641966138013725,5.963787827345556,0.19959121354418308,3
10947,5.763474401341516,5.963787827345556,0.20031342600403956,10
10948,5.763609179961397,5.963787827345556,0.20017864738415891,4
10949,5.763823936837173,5.963787827345556,0.19996389050838292,5
10950,5.763664079386447,5.963787827345556,0.20012374795910848,9
10951,5.764020858032036,5.963787827345556,0.19976696931351956,8
10952,5.763816481662442,5.963787827345556,0.1999713456831138,1
10953,5.893122665896436,6.093421685162235,0.20029901926579896,3
10954,5.893724803859543,6.093421685162235,0.1996968813026916,5
10955,5.893226508927548,6.093421685162235,0.2001951762346863,9
10956,5.893262911799618,6.093421685162235,0.20015877336261667,4
10957,5.893312679346587,6.093421685162235,0.20010900581564783,2
10958,5.893395891286279,6.093421685162235,0.20002579387595532,7
10959,5.893398956419879,6.093421685162235,0.20002272874235594,8
10960,5.893070210470497,6.093421685162235,0.20035147469173786,10
10961,5.893257644670461,6.093421685162235,0.2001640404917735,1
10962,5.0833147586621195,4.88309335857569,-0.20022140008642975,8
10963,5.083600479696101,4.88309335857569,-0.20050712112041147,4
10964,5.083320623979301,4.88309335857569,-0.20022726540361102,7
10965,5.083126548091742,4.88309335857569,-0.2000331895160521,3
10966,5.0829797296956425,4.88309335857569,-0.19988637111995278,5
10967,5.083365204883163,4.88309335857569,-0.20027184630747286,10
10968,5.083026421926769,4.88309335857569,-0.19993306335107963,2
10969,5.0827321400418235,4.88309335857569,-0.19963878146613379,6
10970,5.083012643776413,4.88309335857569,-0.199919285200723,1
10971,5.32352319865381,5.123851640967086,-0.19967155768672384,1
10972,5.323836434822341,5.123851640967086,-0.19998479385525503,5
10973,5.323795603525997,5.123851640967086,-0.199943962558911,10
10974,5.3239125568417585,5.123851640967086,-0.20006091587467267,6
10975,5.323523638376013,5.123851640967086,-0.19967199740892738,7
10976,5.32374948347078,5.123851640967086,-0.19989784250369436,4
10977,5.3238565059715395,5.123851640967086,-0.2000048650044537,9
10978,5.323431997038112,5.123851640967086,-0.1995803560710261,8
10979,5.323684636464712,5.123851640967086,-0.19983299549762634,2
10980,6.188045146440576,6.176091259055681,-0.011953887384894557,7
10981,6.068905039203859,6.176091259055681,0.10718621985182253,5
10982,6.051958199571807,6.176091259055681,0.12413305948387432,2
10983,6.319536073615717,6.176091259055681,-0.143444814560036,4
10984,6.250338410429958,6.176091259055681,-0.0742471513742764,1
10985,6.21419939645982,6.176091259055681,-0.038108137404138986,10
10986,6.234766063651343,6.176091259055681,-0.05867480459566199,6
10987,6.224243622761585,6.176091259055681,-0.04815236370590359,9
10988,6.337620984461396,6.176091259055681,-0.16152972540571486,8
10989,4.169763603126034,3.3010299956639813,-0.8687336074620529,7
10990,4.37835748936082,3.3010299956639813,-1.0773274936968384,10
10991,4.220803660982273,3.3010299956639813,-0.9197736653182922,9
10992,4.358103911771206,3.3010299956639813,-1.0570739161072247,3
10993,4.407974980752342,3.3010299956639813,-1.1069449850883606,2
10994,4.405378504254262,3.3010299956639813,-1.1043485085902809,5
10995,4.361770299619303,3.3010299956639813,-1.0607403039553214,4
10996,4.746250630160984,3.3010299956639813,-1.4452206344970024,8
10997,4.336492603066467,3.3010299956639813,-1.0354626074024855,1
10998,6.192923195489576,6.392978186542541,0.20005499105296476,3
10999,6.192743225769245,6.392978186542541,0.2002349607732956,6
11000,6.193213235081793,6.392978186542541,0.19976495146074758,9
11001,6.193168193624433,6.392978186542541,0.19980999291810786,1
11002,6.1926502796638285,6.392978186542541,0.20032790687871227,10
11003,6.193104338861669,6.392978186542541,0.19987384768087146,7
11004,6.193201938854647,6.392978186542541,0.19977624768789415,2
11005,6.193089778832042,6.392978186542541,0.19988840771049876,8
11006,6.1929624112536485,6.392978186542541,0.20001577528889225,4
11007,6.383535564650528,6.463445031770428,0.07990946711989988,6
11008,6.2633252497480525,6.463445031770428,0.20011978202237568,5
11009,6.427049087519687,6.463445031770428,0.03639594425074133,4
11010,6.442517007922085,6.463445031770428,0.020928023848343358,9
11011,6.3004774756791395,6.463445031770428,0.16296755609128866,2
11012,6.316110480904049,6.463445031770428,0.14733455086637903,7
11013,6.3770163375057685,6.463445031770428,0.08642869426465971,8
11014,6.263350074070912,6.463445031770428,0.20009495769951613,10
11015,6.273626389418676,6.463445031770428,0.18981864235175205,3
11016,5.751483446428991,5.0,-0.751483446428991,3
11017,5.833598799992653,5.0,-0.8335987999926529,6
11018,5.835187795397405,5.0,-0.8351877953974052,8
11019,5.7568054299038804,5.0,-0.7568054299038804,1
11020,5.811047722553378,5.0,-0.8110477225533783,7
11021,5.771434702819886,5.0,-0.771434702819886,5
11022,5.7922670957488664,5.0,-0.7922670957488664,2
11023,5.716326761128336,5.0,-0.7163267611283359,10
11024,5.832508708789772,5.0,-0.8325087087897716,4
11025,6.344251807808432,6.544068044350276,0.1998162365418441,9
11026,6.343826939384384,6.544068044350276,0.2002411049658921,1
11027,6.344028267603127,6.544068044350276,0.20003977674714868,7
11028,6.344028808905455,6.544068044350276,0.20003923544482038,5
11029,6.343671987122606,6.544068044350276,0.2003960572276693,8
11030,6.344227223144294,6.544068044350276,0.19984082120598146,10
11031,6.344334029829905,6.544068044350276,0.19973401452037098,6
11032,6.344222685937546,6.544068044350276,0.19984535841272955,3
11033,6.34421039909001,6.544068044350276,0.1998576452602654,2
11034,6.509785235372734,6.75427186868346,0.24448663331072673,5
11035,6.553878018452167,6.75427186868346,0.2003938502312934,9
11036,6.480115266555352,6.75427186868346,0.2741566021281088,4
11037,6.460075432122159,6.75427186868346,0.29419643656130123,3
11038,6.440047882672062,6.75427186868346,0.314223986011398,6
11039,6.434131909152815,6.75427186868346,0.32013995953064533,10
11040,6.554369262252996,6.75427186868346,0.19990260643046476,1
11041,6.488754154499576,6.75427186868346,0.2655177141838845,7
11042,6.553990324041102,6.75427186868346,0.20028154464235826,8
11043,6.2503435639896905,6.152288344383057,-0.09805521960663377,8
11044,6.141411705367693,6.152288344383057,0.010876639015363843,3
11045,6.206755836807125,6.152288344383057,-0.05446749242406845,1
11046,6.07858368474754,6.152288344383057,0.07370465963551709,5
11047,6.15626070298281,6.152288344383057,-0.003972358599753534,2
11048,6.232112835873316,6.152288344383057,-0.0798244914902595,9
11049,6.073816516098971,6.152288344383057,0.07847182828408528,10
11050,6.154648780342983,6.152288344383057,-0.002360435959926299,7
11051,6.256566435035383,6.152288344383057,-0.1042780906523264,4
11052,5.7598099712608075,6.079181246047625,0.3193712747868176,6
11053,5.5618899351189075,6.079181246047625,0.5172913109287176,5
11054,5.707433975536402,6.079181246047625,0.37174727051122325,1
11055,5.777100304621056,6.079181246047625,0.3020809414265688,8
11056,5.778662307225015,6.079181246047625,0.30051893882261016,9
11057,5.649852909558691,6.079181246047625,0.4293283364889344,7
11058,5.510325772907689,6.079181246047625,0.5688554731399362,2
11059,5.87895247680559,6.079181246047625,0.20022876924203548,4
11060,5.639643853610165,6.079181246047625,0.43953739243745993,10
11061,6.231363136120406,6.544068044350276,0.31270490822987007,8
11062,6.232889347275179,6.544068044350276,0.31117869707509627,6
11063,6.047290177061603,6.544068044350276,0.4967778672886727,7
11064,6.026225532553694,6.544068044350276,0.5178425117965819,5
11065,6.217172926373292,6.544068044350276,0.32689511797698323,9
11066,6.2239355937579655,6.544068044350276,0.3201324505923102,4
11067,6.098735370910923,6.544068044350276,0.4453326734393528,3
11068,6.184639049258545,6.544068044350276,0.3594289950917311,10
11069,6.166400808222495,6.544068044350276,0.3776672361277811,1
11070,6.050152119441451,5.850033257689769,-0.20011886175168225,2
11071,6.050305521906325,5.850033257689769,-0.2002722642165562,6
11072,6.049808381217046,5.850033257689769,-0.1997751235272771,8
11073,6.050254830709904,5.850033257689769,-0.20022157302013532,5
11074,6.050197395002716,5.850033257689769,-0.2001641373129468,7
11075,6.049890604009793,5.850033257689769,-0.19985734632002394,9
11076,6.050069246940362,5.850033257689769,-0.20003598925059318,10
11077,6.05019304836816,5.850033257689769,-0.2001597906783914,4
11078,6.0499726917448164,5.850033257689769,-0.19993943405504755,3
11079,5.6744696408584385,5.187520720836463,-0.4869489200219759,3
11080,5.78541544524492,5.187520720836463,-0.5978947244084569,4
11081,5.7685536537097715,5.187520720836463,-0.5810329328733088,7
11082,5.664279725554879,5.187520720836463,-0.47675900471841626,5
11083,5.760205828574409,5.187520720836463,-0.5726851077379465,2
11084,5.641046709616204,5.187520720836463,-0.4535259887797416,10
11085,5.757293438981899,5.187520720836463,-0.569772718145436,6
11086,5.772536272093385,5.187520720836463,-0.5850155512569222,8
11087,5.81380537764007,5.187520720836463,-0.6262846568036071,9
11088,6.632447650632991,6.432327792261604,-0.20011985837138724,8
11089,6.6324425352541425,6.432327792261604,-0.20011474299253873,4
11090,6.534821623386787,6.432327792261604,-0.10249383112518284,10
11091,6.632619872444696,6.432327792261604,-0.2002920801830923,3
11092,6.632341706220183,6.432327792261604,-0.20001391395857926,9
11093,6.632677332502696,6.432327792261604,-0.20034954024109197,1
11094,6.632118153336459,6.432327792261604,-0.19979036107485548,7
11095,6.632589874815436,6.432327792261604,-0.2002620825538326,6
11096,6.632442491239871,6.432327792261604,-0.2001146989782674,5
11097,6.5763736778985304,6.776701183988411,0.2003275060898808,4
11098,6.576514671358358,6.776701183988411,0.2001865126300535,1
11099,6.576591722830621,6.776701183988411,0.2001094611577905,8
11100,6.5764397975002895,6.776701183988411,0.20026138648812175,6
11101,6.576469386657786,6.776701183988411,0.20023179733062513,5
11102,6.576540226349544,6.776701183988411,0.2001609576388672,7
11103,6.576382425858032,6.776701183988411,0.20031875813037914,9
11104,6.576812336400517,6.776701183988411,0.1998888475878946,2
11105,6.5764057640775295,6.776701183988411,0.20029541991088173,10
11106,5.2294247170541865,5.02938377768521,-0.20004093936897682,6
11107,5.229216056498765,5.02938377768521,-0.19983227881355514,9
11108,5.229278546702967,5.02938377768521,-0.1998947690177575,10
11109,5.237163285779845,5.02938377768521,-0.2077795080946352,1
11110,5.229776470052437,5.02938377768521,-0.20039269236722745,2
11111,5.2294678510160315,5.02938377768521,-0.2000840733308218,5
11112,5.229322452842105,5.02938377768521,-0.19993867515689523,8
11113,5.229564688263504,5.02938377768521,-0.20018091057829412,7
11114,5.229214333754998,5.02938377768521,-0.19983055606978795,3
11115,6.160141586187666,6.360404054729939,0.20026246854227292,8
11116,6.160237574503665,6.360404054729939,0.20016648022627415,9
11117,6.1603466963902935,6.360404054729939,0.20005735833964522,5
11118,6.16014703464349,6.360404054729939,0.20025702008644863,7
11119,6.1605790090191395,6.360404054729939,0.1998250457107993,4
11120,6.16014612412185,6.360404054729939,0.20025793060808894,1
11121,6.160563308176547,6.360404054729939,0.19984074655339157,3
11122,6.160174758766824,6.360404054729939,0.20022929596311467,10
11123,6.160450041023117,6.360404054729939,0.19995401370682142,2
11124,5.97611471950553,6.176091259055681,0.1999765395501516,3
11125,5.9758570141120755,6.176091259055681,0.20023424494360587,10
11126,5.975891217165999,6.176091259055681,0.20020004188968255,8
11127,5.976338245435403,6.176091259055681,0.19975301362027853,7
11128,5.9762127859548055,6.176091259055681,0.1998784731008758,9
11129,5.976016387318878,6.176091259055681,0.2000748717368035,4
11130,5.975694156707172,6.176091259055681,0.20039710234850894,1
11131,5.976255943940046,6.176091259055681,0.19983531511563513,2
11132,5.975828363822,6.176091259055681,0.20026289523368135,5
11133,5.960271495339252,5.787318756624548,-0.17295273871470407,6
11134,5.773819261151151,5.787318756624548,0.013499495473396905,10
11135,5.837595406596748,5.787318756624548,-0.05027664997219983,2
11136,5.987363676340333,5.787318756624548,-0.20004491971578542,8
11137,5.822114549731075,5.787318756624548,-0.03479579310652703,3
11138,5.807660248189377,5.787318756624548,-0.020341491564829006,5
11139,5.976799723790856,5.787318756624548,-0.18948096716630847,1
11140,5.987549132968639,5.787318756624548,-0.20023037634409135,9
11141,5.966594374635199,5.787318756624548,-0.17927561801065117,4
11142,5.9810851538851395,3.89209460269048,-2.0889905511946596,4
11143,5.813233974451379,3.89209460269048,-1.9211393717608987,5
11144,5.794949671659282,3.89209460269048,-1.902855068968802,7
11145,5.923414751946301,3.89209460269048,-2.031320149255821,8
11146,5.269258464140505,3.89209460269048,-1.3771638614500255,3
11147,5.956206536405325,3.89209460269048,-2.0641119337148455,9
11148,5.935118103586907,3.89209460269048,-2.0430235008964273,6
11149,5.791376640165783,3.89209460269048,-1.8992820374753032,2
11150,5.974440389496426,3.89209460269048,-2.082345786805946,1
11151,3.8969978407652732,4.096910013008056,0.19991217224278302,1
11152,4.2088723650178,4.096910013008056,-0.11196235200974414,8
11153,3.8969237157916514,4.096910013008056,0.19998629721640482,3
11154,4.208383401337672,4.096910013008056,-0.11147338832961573,5
11155,4.2968377532315865,4.096910013008056,-0.19992774022353021,4
11156,4.20882937595809,4.096910013008056,-0.11191936295003391,7
11157,4.208804931796008,4.096910013008056,-0.11189491878795188,9
11158,4.208486875819846,4.096910013008056,-0.11157686281178947,2
11159,4.201814626408093,4.096910013008056,-0.10490461340003687,10
11160,4.935075701262695,3.404833716619938,-1.5302419846427573,2
11161,4.854834874250263,3.404833716619938,-1.4500011576303247,1
11162,4.956317146686179,3.404833716619938,-1.551483430066241,10
11163,4.6619904107892305,3.404833716619938,-1.2571566941692924,6
11164,5.004623050854452,3.404833716619938,-1.5997893342345137,9
11165,4.656526498048861,3.404833716619938,-1.2516927814289232,8
11166,3.913916764266087,3.404833716619938,-0.5090830476461488,3
11167,5.037980281611018,3.404833716619938,-1.6331465649910801,5
11168,5.038022892146759,3.404833716619938,-1.6331891755268209,7
11169,5.616204332700323,5.816506437046357,0.2003021043460338,5
11170,5.6164927508715135,5.816506437046357,0.20001368617484339,1
11171,5.616438638713681,5.816506437046357,0.20006779833267618,7
11172,5.6163356368744815,5.816506437046357,0.20017080017187538,2
11173,5.616591768412876,5.816506437046357,0.19991466863348073,8
11174,5.616338334550221,5.816506437046357,0.2001681024961357,3
11175,5.61656261939903,5.816506437046357,0.19994381764732694,4
11176,5.616217041721016,5.816506437046357,0.20028939532534107,9
11177,5.6163897945732675,5.816506437046357,0.20011664247308936,6
11178,5.404803727857345,4.968482948553935,-0.4363207793034105,10
11179,5.64375615105881,4.968482948553935,-0.6752732025048749,8
11180,5.5939390687186386,4.968482948553935,-0.6254561201647038,3
11181,5.644094865903591,4.968482948553935,-0.6756119173496566,2
11182,5.720727108531884,4.968482948553935,-0.7522441599779492,5
11183,5.711174991429616,4.968482948553935,-0.7426920428756816,4
11184,5.484966659659372,4.968482948553935,-0.5164837111054368,6
11185,5.68276706775504,4.968482948553935,-0.7142841192011051,9
11186,5.560010332768372,4.968482948553935,-0.5915273842144373,1
11187,4.032918815319615,3.833147111912785,-0.19977170340682981,1
11188,4.033274095672097,3.833147111912785,-0.20012698375931226,4
11189,4.033241869711281,3.833147111912785,-0.20009475779849595,3
11190,4.0329868004013605,3.833147111912785,-0.19983968848857536,6
11191,4.032733092097696,3.833147111912785,-0.19958598018491092,10
11192,4.033433555730904,3.833147111912785,-0.20028644381811844,9
11193,4.033396403206647,3.833147111912785,-0.20024929129386226,7
11194,4.033167824700495,3.833147111912785,-0.20002071278771005,2
11195,3.688339348563671,3.833147111912785,0.14480776334911427,5
11196,5.945808039471184,6.146128035678238,0.2003199962070541,6
11197,5.945813607258065,6.146128035678238,0.20031442842017277,4
11198,5.945872278367414,6.146128035678238,0.20025575731082412,5
11199,5.946020757160019,6.146128035678238,0.2001072785182192,10
11200,5.946547909385811,6.146128035678238,0.19958012629242727,2
11201,6.048327308388764,6.146128035678238,0.09780072728947431,7
11202,5.946128621043825,6.146128035678238,0.19999941463441306,8
11203,5.946412279254506,6.146128035678238,0.19971575642373196,1
11204,6.0063850710865365,6.146128035678238,0.13974296459170166,9
11205,3.8969237157916514,4.008600171761918,0.11167645597026654,3
11206,4.208680047936474,4.008600171761918,-0.2000798761745557,6
11207,4.208486875819846,4.008600171761918,-0.19988670405792774,2
11208,3.8969978407652732,4.008600171761918,0.11160233099664474,1
11209,4.208804931796008,4.008600171761918,-0.20020476003409016,9
11210,4.208383401337672,4.008600171761918,-0.199783229575754,5
11211,4.20882937595809,4.008600171761918,-0.20022920419617218,7
11212,4.2088723650178,4.008600171761918,-0.2002721932558824,8
11213,4.201814626408093,4.008600171761918,-0.19321445464617515,10
11214,4.274794860600125,4.0,-0.27479486060012537,2
11215,4.319317980224653,4.0,-0.3193179802246533,9
11216,4.2002992560212045,4.0,-0.20029925602120446,1
11217,4.262169466469163,4.0,-0.26216946646916295,8
11218,4.199971984607986,4.0,-0.19997198460798593,6
11219,4.240521781063818,4.0,-0.24052178106381827,10
11220,4.200056466473731,4.0,-0.20005646647373077,3
11221,4.30087720329591,4.0,-0.3008772032959097,7
11222,4.466751596346736,4.0,-0.4667515963467359,4
11223,4.841327601324444,4.089905111439398,-0.7514224898850461,2
11224,4.8412346638236325,4.089905111439398,-0.7513295523842345,4
11225,4.8413753427010295,4.089905111439398,-0.7514702312616315,6
11226,4.841468478405593,4.089905111439398,-0.7515633669661952,5
11227,4.841588852387246,4.089905111439398,-0.7516837409478478,7
11228,4.8414677151319205,4.089905111439398,-0.7515626036925225,9
11229,4.841246474543433,4.089905111439398,-0.7513413631040349,10
11230,4.2900648782958655,4.089905111439398,-0.2001597668564674,8
11231,4.84132514186712,4.089905111439398,-0.7514200304277221,1
11232,4.148855720615611,3.770852011642144,-0.37800370897346713,6
11233,3.9710599097801293,3.770852011642144,-0.20020789813798556,1
11234,4.209265647439497,3.770852011642144,-0.43841363579735315,10
11235,4.2592091192448445,3.770852011642144,-0.4883571076027007,7
11236,4.547086035974513,3.770852011642144,-0.7762340243323695,4
11237,4.245296162423758,3.770852011642144,-0.47444415078161395,3
11238,4.23089541003986,3.770852011642144,-0.46004339839771635,8
11239,4.07752813746728,3.770852011642144,-0.3066761258251365,5
11240,4.143237995571088,3.770852011642144,-0.37238598392894406,2
11241,3.802201936417753,3.6020599913279625,-0.20014194508979033,10
11242,3.8020008511422843,3.6020599913279625,-0.19994085981432175,4
11243,3.801918930593854,3.6020599913279625,-0.1998589392658916,6
11244,3.8023301284946385,3.6020599913279625,-0.20027013716667597,9
11245,3.8024032611008836,3.6020599913279625,-0.20034326977292105,1
11246,3.801917996975714,3.6020599913279625,-0.19985800564775147,8
11247,3.8022415950829482,3.6020599913279625,-0.20018160375498573,7
11248,3.802001279009149,3.6020599913279625,-0.19994128768118635,5
11249,3.8023126230245885,3.6020599913279625,-0.200252631696626,2
11250,3.6696552149962742,3.869231719730976,0.19957650473470157,7
11251,3.6695704271245395,3.869231719730976,0.19966129260643628,1
11252,3.668856439900905,3.869231719730976,0.20037527983007086,10
11253,3.929544578750264,3.869231719730976,-0.06031285901928829,8
11254,3.6692829939324216,3.869231719730976,0.19994872579855416,2
11255,3.6693955646725525,3.869231719730976,0.19983615505842334,5
11256,3.669050593308544,3.869231719730976,0.2001811264224318,6
11257,3.669483766238684,3.869231719730976,0.19974795349229169,3
11258,3.6695343091264547,3.869231719730976,0.19969741060452106,4
11259,3.4069932520607744,3.206825876031849,-0.20016737602892531,9
11260,3.406941337250556,3.206825876031849,-0.20011546121870705,10
11261,3.6235034655771945,3.206825876031849,-0.4166775895453454,8
11262,3.4600131428077576,3.206825876031849,-0.2531872667759085,6
11263,3.498884175400505,3.206825876031849,-0.292058299368656,2
11264,3.515406947613325,3.206825876031849,-0.3085810715814761,4
11265,3.471705434122328,3.206825876031849,-0.2648795580904788,7
11266,3.560380174604131,3.206825876031849,-0.35355429857228193,5
11267,3.434931305658424,3.206825876031849,-0.22810542962657498,1
11268,3.7895811392944196,3.589949601325708,-0.19963153796871147,8
11269,3.7896719396436365,3.589949601325708,-0.1997223383179283,9
11270,3.789862851760219,3.589949601325708,-0.19991325043451091,4
11271,3.7899854544892504,3.589949601325708,-0.20003585316354222,3
11272,3.790269454620944,3.589949601325708,-0.20031985329523572,6
11273,3.790214424625312,3.589949601325708,-0.20026482329960382,7
11274,3.789971686079885,3.589949601325708,-0.2000220847541767,10
11275,3.7903037551435066,3.589949601325708,-0.20035415381779842,1
11276,3.7901709193652433,3.589949601325708,-0.20022131803953513,2
11277,3.103166782518257,2.903089986991944,-0.20007679552631297,8
11278,3.1033046136570674,2.903089986991944,-0.20021462666512324,9
11279,3.103231440560781,2.903089986991944,-0.2001414535688366,5
11280,3.1030245884593497,2.903089986991944,-0.1999346014674055,6
11281,3.1032526275152454,2.903089986991944,-0.20016264052330124,3
11282,3.1031536381167406,2.903089986991944,-0.2000636511247964,2
11283,3.1030812605844034,2.903089986991944,-0.19999127359245916,4
11284,3.103021923219104,2.903089986991944,-0.19993193622715966,1
11285,3.103299677707062,2.903089986991944,-0.20020969071511763,10
11286,4.604484959696693,4.167317334748176,-0.43716762494851746,8
11287,4.544310770233017,4.167317334748176,-0.37699343548484165,3
11288,4.4937246954570025,4.167317334748176,-0.3264073607088269,2
11289,4.558219427864298,4.167317334748176,-0.39090209311612245,1
11290,4.367045423059992,4.167317334748176,-0.19972808831181688,4
11291,4.367352038937107,4.167317334748176,-0.20003470418893166,7
11292,4.554588456697495,4.167317334748176,-0.38727112194931923,5
11293,4.5264606252165915,4.167317334748176,-0.359143290468416,10
11294,4.508068124614177,4.167317334748176,-0.3407507898660018,6
11295,4.235984945966715,4.035829825252828,-0.20015512071388653,4
11296,4.235664606885091,4.035829825252828,-0.19983478163226298,1
11297,4.2356878930951956,4.035829825252828,-0.19985806784236715,2
11298,4.236217907093692,4.035829825252828,-0.2003880818408632,7
11299,4.235837880242535,4.035829825252828,-0.20000805498970653,5
11300,4.235773053623792,4.035829825252828,-0.19994322837096323,8
11301,4.23569559591401,4.035829825252828,-0.19986577066118194,9
11302,4.235737221239385,4.035829825252828,-0.19990739598655693,6
11303,4.235668502034241,4.035829825252828,-0.19983867678141287,10
11304,5.823892434020088,6.024046225131059,0.20015379111097076,2
11305,5.824104393832217,6.024046225131059,0.19994183129884213,10
11306,5.864667676728266,6.024046225131059,0.15937854840279275,7
11307,5.823977354011455,6.024046225131059,0.20006887111960392,4
11308,5.85175117429465,6.024046225131059,0.17229505083640895,1
11309,5.824146679192621,6.024046225131059,0.19989954593843784,8
11310,5.82429018097755,6.024046225131059,0.19975604415350912,5
11311,5.824326117608342,6.024046225131059,0.19972010752271707,6
11312,5.823961240332767,6.024046225131059,0.20008498479829218,3
11313,5.047980558583944,5.247973266361806,0.19999270777786204,10
11314,5.0481034007467604,5.247973266361806,0.19986986561504594,4
11315,5.0479911315045864,5.247973266361806,0.19998213485721994,1
11316,5.047964235346716,5.247973266361806,0.2000090310150906,8
11317,5.047656667416113,5.247973266361806,0.20031659894569298,2
11318,5.047966070704865,5.247973266361806,0.20000719565694158,3
11319,5.0483724255112925,5.247973266361806,0.19960084085051388,6
11320,5.048193698781338,5.247973266361806,0.19977956758046833,5
11321,5.048188576656983,5.247973266361806,0.19978468970482322,7
11322,6.291775166259031,6.491361693834273,0.1995865275752422,7
11323,6.291389517288798,6.491361693834273,0.19997217654547494,3
11324,6.291547826178193,6.491361693834273,0.1998138676560801,1
11325,6.291373970134753,6.491361693834273,0.19998772369952,10
11326,6.291464509167794,6.491361693834273,0.19989718466647943,4
11327,6.291339158690661,6.491361693834273,0.2000225351436118,6
11328,6.2917161986067,6.491361693834273,0.19964549522757302,5
11329,6.2912550115155845,6.491361693834273,0.20010668231868856,2
11330,6.291098677320761,6.491361693834273,0.20026301651351197,9
11331,5.033383319425728,4.833147111912785,-0.20023620751294313,4
11332,5.03305522123506,4.833147111912785,-0.19990810932227454,2
11333,5.033219459052984,4.833147111912785,-0.20007234714019884,8
11334,5.033161779702361,4.833147111912785,-0.200014667789576,6
11335,5.033326701780114,4.833147111912785,-0.20017958986732864,5
11336,5.03315025069911,4.833147111912785,-0.20000313878632525,10
11337,5.033000144248936,4.833147111912785,-0.1998530323361507,7
11338,5.033132182715315,4.833147111912785,-0.19998507080252992,1
11339,5.033122716590136,4.833147111912785,-0.1999756046773511,9
11340,6.13445443506464,6.334453751150931,0.1999993160862905,4
11341,6.134719465518951,6.334453751150931,0.1997342856319797,10
11342,6.134325049987207,6.334453751150931,0.20012870116372383,3
11343,6.134513175823114,6.334453751150931,0.19994057532781628,8
11344,6.134197753050187,6.334453751150931,0.20025599810074368,6
11345,6.134219709595502,6.334453751150931,0.20023404155542845,2
11346,6.134476900063524,6.334453751150931,0.19997685108740626,5
11347,6.134327142248809,6.334453751150931,0.20012660890212164,9
11348,6.134341120061783,6.334453751150931,0.2001126310891479,7
11349,7.508547159004066,7.708420900134713,0.19987374113064682,9
11350,7.508089976836541,7.708420900134713,0.20033092329817226,2
11351,7.508594137145291,7.708420900134713,0.1998267629894217,10
11352,7.508160614554569,7.708420900134713,0.20026028558014364,7
11353,7.508439818427525,7.708420900134713,0.19998108170718787,3
11354,7.508317047949292,7.708420900134713,0.20010385218542126,5
11355,7.508289435759391,7.708420900134713,0.20013146437532203,1
11356,7.508337376298029,7.708420900134713,0.2000835238366836,4
11357,7.508123298331056,7.708420900134713,0.20029760180365663,8
11358,4.8990673234760695,4.698970004336019,-0.2000973191400508,7
11359,4.899378068573882,4.698970004336019,-0.2004080642378634,5
11360,4.899114028089204,4.698970004336019,-0.20014402375318507,4
11361,4.898812462956737,4.698970004336019,-0.1998424586207186,8
11362,4.8990780278717905,4.698970004336019,-0.20010802353577173,9
11363,4.898972722405471,4.698970004336019,-0.20000271806945236,10
11364,4.899035564450831,4.698970004336019,-0.2000655601148127,3
11365,4.89912264530424,4.698970004336019,-0.20015264096822083,6
11366,4.8986101873189565,4.698970004336019,-0.19964018298293773,2
11367,6.1222972082460405,6.32221929473392,0.1999220864878799,4
11368,6.1224812694957675,6.32221929473392,0.19973802523815287,3
11369,6.122136171577979,6.32221929473392,0.20008312315594168,5
11370,6.122415291318314,6.32221929473392,0.19980400341560678,7
11371,6.122058477783618,6.32221929473392,0.2001608169503024,8
11372,6.122115341752175,6.32221929473392,0.20010395298174544,2
11373,6.121954699453301,6.32221929473392,0.20026459528061924,6
11374,6.122304735511354,6.32221929473392,0.19991455922256662,9
11375,6.122357473431647,6.32221929473392,0.1998618213022736,10
11376,6.081309632269423,6.2812606870550125,0.19995105478558983,4
11377,6.081123399137178,6.2812606870550125,0.20013728791783425,5
11378,6.081461050463068,6.2812606870550125,0.1997996365919441,2
11379,6.08134350881235,6.2812606870550125,0.19991717824266253,9
11380,6.081357735701568,6.2812606870550125,0.1999029513534447,7
11381,6.081131200704761,6.2812606870550125,0.20012948635025118,8
11382,6.081261710161278,6.2812606870550125,0.1999989768937347,3
11383,6.081052627231765,6.2812606870550125,0.20020805982324763,6
11384,6.0810155677839175,6.2812606870550125,0.200245119271095,1
11385,6.030030826405738,6.230448921378274,0.2004180949725365,10
11386,6.0306404270313365,6.230448921378274,0.1998084943469376,5
11387,6.030283205641565,6.230448921378274,0.20016571573670916,7
11388,6.030468764886041,6.230448921378274,0.19998015649223344,9
11389,6.030590433236376,6.230448921378274,0.19985848814189833,6
11390,6.030459196357616,6.230448921378274,0.19998972502065815,3
11391,6.030382516827219,6.230448921378274,0.2000664045510554,1
11392,6.030628940044353,6.230448921378274,0.19981998133392143,4
11393,6.0305312385592575,6.230448921378274,0.19991768281901656,2
11394,5.647768281228348,5.0,-0.6477682812283483,4
11395,5.619325012223457,5.0,-0.6193250122234568,5
11396,5.601866112234692,5.0,-0.601866112234692,6
11397,5.80002564229557,5.0,-0.8000256422955703,10
11398,5.6253919890764505,5.0,-0.6253919890764505,1
11399,5.676769493235072,5.0,-0.6767694932350716,3
11400,5.799408639661574,5.0,-0.799408639661574,8
11401,5.301627853843828,5.0,-0.3016278538438284,7
11402,5.666264554812896,5.0,-0.666264554812896,2
11403,4.461561087514779,4.26150077319828,-0.20006031431649873,5
11404,4.576553048645528,4.26150077319828,-0.3150522754472478,4
11405,4.4612490099672755,4.26150077319828,-0.1997482367689951,2
11406,4.556518657148096,4.26150077319828,-0.2950178839498152,3
11407,4.715254868882517,4.26150077319828,-0.4537540956842365,8
11408,4.461226478726639,4.26150077319828,-0.19972570552835833,1
11409,4.511511068696978,4.26150077319828,-0.250010295498698,6
11410,4.468407495092867,4.26150077319828,-0.2069067218945868,7
11411,4.548478385044116,4.26150077319828,-0.2869776118458356,9
11412,6.8771047841013955,7.077222510411053,0.2001177263096574,4
11413,6.87719463019336,7.077222510411053,0.2000278802176929,10
11414,6.876987708396835,7.077222510411053,0.20023480201421773,9
11415,6.877131580243123,7.077222510411053,0.20009093016792967,7
11416,6.876914067273498,7.077222510411053,0.2003084431375548,1
11417,6.877159800868318,7.077222510411053,0.20006270954273475,3
11418,6.877310933098498,7.077222510411053,0.19991157731255527,6
11419,6.877319904261044,7.077222510411053,0.1999026061500091,5
11420,6.8768764802525055,7.077222510411053,0.20034603015854735,2
11421,6.858460516952965,7.05865374157237,0.20019322461940536,10
11422,6.858542291462377,7.05865374157237,0.20011145010999343,9
11423,6.858580975138713,7.05865374157237,0.20007276643365746,4
11424,6.858766588199188,7.05865374157237,0.19988715337318208,7
11425,6.859028189395464,7.05865374157237,0.19962555217690614,6
11426,6.85833920850612,7.05865374157237,0.20031453306625036,1
11427,6.858229764935569,7.05865374157237,0.20042397663680145,2
11428,6.858423588588439,7.05865374157237,0.20023015298393165,5
11429,6.858409859308643,7.05865374157237,0.20024388226372736,8
11430,5.199778530294295,5.0,-0.19977853029429493,7
11431,4.799950713862379,5.0,0.20004928613762107,2
11432,5.200376593772237,5.0,-0.20037659377223704,4
11433,5.199772446950773,5.0,-0.19977244695077268,1
11434,5.200144441237158,5.0,-0.2001444412371578,6
11435,5.200025077099488,5.0,-0.2000250770994878,8
11436,5.2000933795220226,5.0,-0.20009337952202255,5
11437,5.200261515636512,5.0,-0.2002615156365124,10
11438,5.200069453964296,5.0,-0.20006945396429643,9
11439,4.3909496144018885,3.709269960975831,-0.6816796534260576,4
11440,4.390900939657842,3.709269960975831,-0.6816309786820107,6
11441,4.391124158875268,3.709269960975831,-0.6818541978994372,2
11442,4.390633358131654,3.709269960975831,-0.6813633971558235,10
11443,4.391077242706648,3.709269960975831,-0.681807281730817,9
11444,4.390765376688828,3.709269960975831,-0.6814954157129969,1
11445,4.391053452908017,3.709269960975831,-0.6817834919321863,5
11446,4.390782707231802,3.709269960975831,-0.6815127462559709,8
11447,3.909066942256336,3.709269960975831,-0.19979698128050538,7
11448,3.631633899852714,3.431363764158988,-0.2002701356937262,2
11449,3.631519757092745,3.431363764158988,-0.20015599293375708,8
11450,3.6312374093239006,3.431363764158988,-0.1998736451649128,3
11451,3.631382163597153,3.431363764158988,-0.20001839943816524,1
11452,3.631248794065147,3.431363764158988,-0.19988502990615897,6
11453,3.6316312170459852,3.431363764158988,-0.20026745288699743,5
11454,3.631313594151255,3.431363764158988,-0.19994982999226707,4
11455,3.6313022748977497,3.431363764158988,-0.1999385107387619,9
11456,3.6314754315121256,3.431363764158988,-0.2001116673531378,10
11457,4.800054588331917,5.0,0.19994541166808322,10
11458,4.800354138601271,5.0,0.19964586139872864,4
11459,4.79999266344444,5.0,0.2000073365555597,5
11460,4.79957715144789,5.0,0.20042284855211,1
11461,4.933574144465787,5.0,0.06642585553421299,7
11462,4.809048514499709,5.0,0.19095148550029073,9
11463,4.799977680486759,5.0,0.20002231951324134,2
11464,4.799639918364944,5.0,0.20036008163505592,8
11465,4.799649174738195,5.0,0.20035082526180492,6
11466,5.879688449217998,6.079181246047625,0.1994927968296274,4
11467,5.878986697472372,6.079181246047625,0.20019454857525343,3
11468,5.8796429195958195,6.079181246047625,0.19953832645180558,8
11469,5.879486056657847,6.079181246047625,0.19969518938977782,7
11470,5.879247165973707,6.079181246047625,0.199934080073918,1
11471,5.879264938365185,6.079181246047625,0.1999163076824404,10
11472,5.879473807093667,6.079181246047625,0.1997074389539577,5
11473,5.879594793300242,6.079181246047625,0.19958645274738274,9
11474,5.879452938511275,6.079181246047625,0.1997283075363505,6
11475,3.971030089886194,3.770852011642144,-0.2001780782440501,2
11476,3.971142543065498,3.770852011642144,-0.20029053142335407,6
11477,3.970726290810748,3.770852011642144,-0.19987427916860412,1
11478,3.971051286288529,3.770852011642144,-0.2001992746463852,3
11479,3.9712045928906883,3.770852011642144,-0.2003525812485445,5
11480,3.971191786107224,3.770852011642144,-0.2003397744650801,7
11481,3.970703935662301,3.770852011642144,-0.19985192402015706,4
11482,3.9710930452850146,3.770852011642144,-0.20024103364287082,8
11483,3.9709150196888814,3.770852011642144,-0.2000630080467376,9
11484,6.025116878571572,6.383653821462558,0.3585369428909866,10
11485,6.183762680218438,6.383653821462558,0.19989114124412044,3
11486,6.183708310413802,6.383653821462558,0.1999455110487558,2
11487,6.118717490204263,6.383653821462558,0.2649363312582951,4
11488,6.040688763874257,6.383653821462558,0.34296505758830165,7
11489,6.059059591023609,6.383653821462558,0.3245942304389491,9
11490,6.119334162822626,6.383653821462558,0.26431965863993234,8
11491,6.122415009909751,6.383653821462558,0.2612388115528068,5
11492,6.03379699542996,6.383653821462558,0.3498568260325978,6
11493,6.147729648936783,6.281941933440825,0.13421228450404143,10
11494,6.445197242997009,6.281941933440825,-0.16325530955618373,4
11495,6.444931339006966,6.281941933440825,-0.16298940556614117,9
11496,6.44539240672799,6.281941933440825,-0.1634504732871651,8
11497,6.445521579207631,6.281941933440825,-0.16357964576680573,3
11498,6.445154985356451,6.281941933440825,-0.1632130519156263,6
11499,6.445213982022107,6.281941933440825,-0.1632720485812822,5
11500,6.445430137944647,6.281941933440825,-0.16348820450382195,7
11501,6.445036271730957,6.281941933440825,-0.16309433829013198,1
11502,4.352563091025164,4.152288344383057,-0.20027474664210754,7
11503,4.351885107470055,4.152288344383057,-0.19959676308699859,2
11504,4.35210949822298,4.152288344383057,-0.19982115383992305,5
11505,4.352476267170022,4.152288344383057,-0.20018792278696562,9
11506,4.351944506195194,4.152288344383057,-0.19965616181213708,4
11507,4.352443834097347,4.152288344383057,-0.2001554897142901,1
11508,4.352193840216672,4.152288344383057,-0.19990549583361528,3
11509,4.352299287351277,4.152288344383057,-0.20001094296822064,10
11510,4.352390852951767,4.152288344383057,-0.20010250856871004,6
11511,6.04022470438532,6.176091259055681,0.13586655467036124,7
11512,5.9884901267238595,6.176091259055681,0.18760113233182185,6
11513,6.019534107611179,6.176091259055681,0.15655715144450255,9
11514,5.975994469118406,6.176091259055681,0.20009678993727498,1
11515,6.125571884483476,6.176091259055681,0.05051937457220568,5
11516,5.9762550328592825,6.176091259055681,0.19983622619639885,3
11517,6.376145882311311,6.176091259055681,-0.20005462325562995,8
11518,5.987181478328129,6.176091259055681,0.1889097807275526,10
11519,6.0640339194689545,6.176091259055681,0.11205733958672681,2
11520,4.542630863138043,4.195899652409234,-0.34673121072880875,1
11521,4.395840515323299,4.195899652409234,-0.19994086291406532,7
11522,4.611536743347989,4.195899652409234,-0.41563709093875456,8
11523,4.611706504407059,4.195899652409234,-0.4158068519978251,10
11524,4.518822144969127,4.195899652409234,-0.3229224925598926,3
11525,4.611740480602914,4.195899652409234,-0.41584082819368007,9
11526,4.611247702899305,4.195899652409234,-0.4153480504900706,5
11527,4.611995134693805,4.195899652409234,-0.41609548228457083,6
11528,4.395924131983029,4.195899652409234,-0.20002447957379488,4
11529,3.5013049685932023,3.3010299956639813,-0.20027497292922103,9
11530,3.50067189763732,3.3010299956639813,-0.19964190197333886,4
11531,3.501298928952663,3.3010299956639813,-0.20026893328868178,2
11532,3.500936782788482,3.3010299956639813,-0.1999067871245006,1
11533,3.5010870850282765,3.3010299956639813,-0.20005708936429523,7
11534,3.5009736157785607,3.3010299956639813,-0.19994362011457945,8
11535,3.5012925674735214,3.3010299956639813,-0.2002625718095401,3
11536,3.5009148216645603,3.3010299956639813,-0.199884826000579,6
11537,3.5011531715145967,3.3010299956639813,-0.20012317585061545,10
11538,6.265484794606799,6.079181246047625,-0.18630354855917375,7
11539,6.27955129581355,6.079181246047625,-0.2003700497659251,8
11540,6.191778969517431,6.079181246047625,-0.1125977234698059,4
11541,6.279271536175381,6.079181246047625,-0.20009029012775592,5
11542,6.211450132509713,6.079181246047625,-0.13226888646208756,1
11543,6.237271245607456,6.079181246047625,-0.15808999955983083,6
11544,6.176922074511438,6.079181246047625,-0.09774082846381305,2
11545,6.241149543593926,6.079181246047625,-0.16196829754630127,3
11546,5.908635858755906,6.079181246047625,0.1705453872917193,10
11547,5.511623470917569,5.311753861055754,-0.1998696098618149,6
11548,5.374443566652819,5.311753861055754,-0.06268970559706499,7
11549,5.446921395769976,5.311753861055754,-0.13516753471422138,3
11550,5.471669760312996,5.311753861055754,-0.1599158992572418,9
11551,5.35468405311503,5.311753861055754,-0.04293019205927617,1
11552,5.44683674694601,5.311753861055754,-0.13508288589025597,5
11553,5.391068583242354,5.311753861055754,-0.07931472218659952,2
11554,5.433032871840378,5.311753861055754,-0.12127901078462422,10
11555,5.397625224546775,5.311753861055754,-0.08587136349102042,8
11556,4.841327601324444,5.041392685158225,0.2000650838337812,2
11557,4.841588852387246,5.041392685158225,0.19980383277097946,7
11558,4.8414677151319205,5.041392685158225,0.19992497002630483,9
11559,4.84132514186712,5.041392685158225,0.2000675432911052,1
11560,4.8413753427010295,5.041392685158225,0.20001734245719582,6
11561,5.1762255275870865,5.041392685158225,-0.13483284242886118,3
11562,4.8412346638236325,5.041392685158225,0.20015802133459282,4
11563,4.841246474543433,5.041392685158225,0.20014621061479243,10
11564,4.841468478405593,5.041392685158225,0.19992420675263212,5
11565,4.611706504407059,4.41161970596323,-0.20008679844382904,10
11566,4.395924131983029,4.41161970596323,0.01569557398020116,4
11567,4.611553532825998,4.41161970596323,-0.19993382686276817,2
11568,4.611536743347989,4.41161970596323,-0.19991703738475852,8
11569,4.611740480602914,4.41161970596323,-0.20012077463968403,9
11570,4.542630863138043,4.41161970596323,-0.1310111571748127,1
11571,4.611995134693805,4.41161970596323,-0.2003754287305748,6
11572,4.395840515323299,4.41161970596323,0.015779190639930718,7
11573,4.611247702899305,4.41161970596323,-0.19962799693607458,5
11574,6.078381878191744,4.249198357391113,-1.8291835208006306,8
11575,5.964888625195273,4.249198357391113,-1.7156902678041597,9
11576,5.9786269938635845,4.249198357391113,-1.7294286364724716,6
11577,5.965071334843238,4.249198357391113,-1.7158729774521246,7
11578,5.953559637425746,4.249198357391113,-1.7043612800346333,2
11579,5.981841368552966,4.249198357391113,-1.7326430111618532,3
11580,6.01212246330898,4.249198357391113,-1.7629241059178673,4
11581,6.0149284660891515,4.249198357391113,-1.7657301086980386,5
11582,6.013238327099206,4.249198357391113,-1.7640399697080928,10
11583,5.6834389275891635,5.17897694729317,-0.5044619802959938,4
11584,5.769988007881675,5.17897694729317,-0.5910110605885057,2
11585,5.511370834746587,5.17897694729317,-0.33239388745341714,3
11586,5.750595746809168,5.17897694729317,-0.5716187995159983,9
11587,5.717930599866659,5.17897694729317,-0.5389536525734897,1
11588,5.7758165129087145,5.17897694729317,-0.5968395656155447,5
11589,5.7331795338329785,5.17897694729317,-0.5542025865398088,8
11590,5.761661367840374,5.17897694729317,-0.5826844205472046,10
11591,5.700797027214278,5.17897694729317,-0.5218200799211079,7
11592,5.920078288626801,6.119915410257991,0.19983712163119005,4
11593,5.919838701441569,6.119915410257991,0.2000767088164217,9
11594,5.920232739379193,6.119915410257991,0.19968267087879799,8
11595,5.920199930919776,6.119915410257991,0.19971547933821476,3
11596,5.9201606416259835,6.119915410257991,0.19975476863200736,5
11597,5.919919391544305,6.119915410257991,0.19999601871368622,10
11598,5.920005609829467,6.119915410257991,0.19990980042852424,1
11599,5.920036351700606,6.119915410257991,0.19987905855738486,2
11600,5.919898140117224,6.119915410257991,0.20001727014076653,7
11601,5.799918662279406,6.0,0.20008133772059367,1
11602,5.80032590575383,6.0,0.1996740942461699,10
11603,5.800054225612916,6.0,0.19994577438708383,8
11604,5.799798337384686,6.0,0.20020166261531358,9
11605,5.7996153292001615,6.0,0.20038467079983846,4
11606,5.799656881830925,6.0,0.20034311816907469,5
11607,5.8002393821881935,6.0,0.19976061781180654,7
11608,5.799979410754194,6.0,0.20002058924580624,2
11609,5.799743312625442,6.0,0.2002566873745577,3
11610,4.024339679580818,3.824125833916549,-0.20021384566426859,4
11611,4.024121318836889,3.824125833916549,-0.19999548492034025,6
11612,4.024463836633531,3.824125833916549,-0.2003380027169821,5
11613,4.024020064871068,3.824125833916549,-0.19989423095451864,8
11614,4.024377245862152,3.824125833916549,-0.20025141194560314,1
11615,4.024559167932907,3.824125833916549,-0.20043333401635754,7
11616,4.024357973426314,3.824125833916549,-0.20023213950976482,2
11617,4.0241277320011575,3.824125833916549,-0.20000189808460833,10
11618,4.024028381927975,3.824125833916549,-0.19990254801142582,9
11619,3.940479315075863,3.740362689494244,-0.2001166255816189,1
11620,3.940485347399601,3.740362689494244,-0.20012265790535677,3
11621,3.9402393389952914,3.740362689494244,-0.19987664950104733,10
11622,3.940347949338127,3.740362689494244,-0.1999852598438827,8
11623,3.9403704788440406,3.740362689494244,-0.20000778934979646,6
11624,3.9400887397943847,3.740362689494244,-0.19972605030014057,4
11625,3.9400200192190775,3.740362689494244,-0.1996573297248334,5
11626,3.9400738894538114,3.740362689494244,-0.19971119995956732,7
11627,3.9402970371356822,3.740362689494244,-0.19993434764143814,2
11628,4.086615841772451,3.146128035678238,-0.9404878060942128,8
11629,4.1992660153725865,3.146128035678238,-1.0531379796943483,10
11630,3.9760378401502887,3.146128035678238,-0.8299098044720505,7
11631,4.0882396313767435,3.146128035678238,-0.9421115956985053,1
11632,4.274913280316613,3.146128035678238,-1.128785244638375,4
11633,3.836225712903643,3.146128035678238,-0.6900976772254048,2
11634,4.419552894542538,3.146128035678238,-1.2734248588643,3
11635,4.086401620207541,3.146128035678238,-0.9402735845293027,9
11636,3.785537296206762,3.146128035678238,-0.6394092605285238,6
11637,5.815338406296062,5.380211241711606,-0.4351271645844559,9
11638,5.882459724754998,5.380211241711606,-0.5022484830433918,10
11639,5.821121925493602,5.380211241711606,-0.44091068378199605,6
11640,5.787512658069405,5.380211241711606,-0.4073014163577984,5
11641,5.807362547780084,5.380211241711606,-0.4271513060684775,8
11642,5.8199724001422535,5.380211241711606,-0.4397611584306471,1
11643,5.8142039308981115,5.380211241711606,-0.43399268918650513,7
11644,5.86440742527014,5.380211241711606,-0.48419618355853355,3
11645,5.823746174560623,5.380211241711606,-0.44353493284901635,2
11646,5.4715304406228915,5.271841606536499,-0.19968883408639293,8
11647,5.4717080203043755,5.271841606536499,-0.19986641376787695,3
11648,5.468760521449927,5.271841606536499,-0.19691891491342872,6
11649,5.471695603896317,5.271841606536499,-0.1998539973598188,2
11650,5.471730134535553,5.271841606536499,-0.19988852799905477,1
11651,5.4721812436600255,5.271841606536499,-0.20033963712352687,7
11652,5.472022447114401,5.271841606536499,-0.20018084057790198,4
11653,5.4301174926405436,5.271841606536499,-0.15827588610404497,9
11654,5.471579209324203,5.271841606536499,-0.19973760278770403,5
11655,6.458655237534824,5.365487984890899,-1.0931672526439247,4
11656,6.391339175383304,5.365487984890899,-1.0258511904924044,8
11657,6.390949977145855,5.365487984890899,-1.0254619922549555,7
11658,6.40422244466898,5.365487984890899,-1.0387344597780803,1
11659,6.401625442960675,5.365487984890899,-1.036137458069776,5
11660,6.390953054662877,5.365487984890899,-1.025465069771978,6
11661,6.3908826416393225,5.365487984890899,-1.0253946567484231,9
11662,6.359854750602552,5.365487984890899,-0.9943667657116526,2
11663,6.419019166627709,5.365487984890899,-1.05353118173681,10
11664,6.578658989410977,6.778874472002739,0.20021548259176214,4
11665,6.578508707894736,6.778874472002739,0.20036576410800322,2
11666,6.5791574927692205,6.778874472002739,0.19971697923351872,8
11667,6.578691107760502,6.778874472002739,0.20018336424223726,5
11668,6.579176964714377,6.778874472002739,0.199697507288362,10
11669,6.578600003749935,6.778874472002739,0.20027446825280393,7
11670,6.578586331944404,6.778874472002739,0.20028814005833517,3
11671,6.578736222133932,6.778874472002739,0.20013824986880735,9
11672,6.57876970760892,6.778874472002739,0.20010476439381897,1
11673,6.384871793388171,5.880813592280791,-0.5040582011073793,5
11674,6.385053282877949,5.880813592280791,-0.5042396905971573,7
11675,6.459319202328099,5.880813592280791,-0.5785056100473076,4
11676,6.429618828186207,5.880813592280791,-0.5488052359054159,8
11677,6.47696824572492,5.880813592280791,-0.5961546534441284,3
11678,6.384781745383954,5.880813592280791,-0.5039681531031626,6
11679,6.364544949484742,5.880813592280791,-0.48373135720395055,2
11680,6.384551114631853,5.880813592280791,-0.5037375223510621,9
11681,6.384945080022037,5.880813592280791,-0.5041314877412457,1
11682,6.198151605924516,6.3979400086720375,0.1997884027475214,7
11683,6.197720172663286,6.3979400086720375,0.2002198360087517,4
11684,6.30418528625831,6.3979400086720375,0.09375472241372762,9
11685,6.197811079840134,6.3979400086720375,0.20012892883190325,10
11686,6.197826225610816,6.3979400086720375,0.20011378306122118,6
11687,6.234551887938442,6.3979400086720375,0.16338812073359588,8
11688,6.298377646425435,6.3979400086720375,0.0995623622466022,3
11689,6.266669683782961,6.3979400086720375,0.1312703248890763,1
11690,6.197974943478747,6.3979400086720375,0.1999650651932905,5
11691,6.177672863207995,6.377563035549853,0.19989017234185802,9
11692,6.177803682086038,6.377563035549853,0.1997593534638149,7
11693,6.177778235377467,6.377563035549853,0.1997848001723863,10
11694,6.177648771083425,6.377563035549853,0.19991426446642802,8
11695,6.177734045942607,6.377563035549853,0.19982898960724604,1
11696,6.177764100614852,6.377563035549853,0.1997989349350009,5
11697,6.395287094353217,6.377563035549853,-0.01772405880336425,2
11698,6.177492687563531,6.377563035549853,0.20007034798632173,6
11699,6.177823255422322,6.377563035549853,0.19973978012753157,4
11700,6.059158325289561,5.518513939877887,-0.5406443854116736,2
11701,6.1836547907861465,5.518513939877887,-0.6651408509082595,10
11702,6.225229071233216,5.518513939877887,-0.7067151313553293,3
11703,6.285475541925309,5.518513939877887,-0.7669616020474219,5
11704,6.175233637181844,5.518513939877887,-0.6567196973039566,1
11705,6.223444296833481,5.518513939877887,-0.704930356955594,7
11706,6.253824922931763,5.518513939877887,-0.7353109830538758,8
11707,6.212738425387223,5.518513939877887,-0.694224485509336,4
11708,6.179094549354443,5.518513939877887,-0.6605806094765558,6
11709,6.388426361184314,4.698970004336019,-1.6894563568482956,4
11710,6.308653338427225,4.698970004336019,-1.6096833340912067,10
11711,6.305945752005432,4.698970004336019,-1.6069757476694129,5
11712,6.277446357022084,4.698970004336019,-1.5784763526860655,1
11713,6.243463740625873,4.698970004336019,-1.544493736289854,7
11714,6.145802786992309,4.698970004336019,-1.4468327826562906,6
11715,6.3169920227996315,4.698970004336019,-1.6180220184636127,3
11716,6.22665828005039,4.698970004336019,-1.5276882757143708,2
11717,6.246233215415452,4.698970004336019,-1.547263211079433,9
11718,6.145870335609413,5.949390006644912,-0.1964803289645003,1
11719,6.149492093316458,5.949390006644912,-0.20010208667154572,4
11720,6.149506256191725,5.949390006644912,-0.20011624954681295,3
11721,6.1276420308997945,5.949390006644912,-0.17825202425488218,10
11722,6.066726118731919,5.949390006644912,-0.11733611208700623,9
11723,6.118025043087122,5.949390006644912,-0.16863503644220934,7
11724,6.100756166601467,5.949390006644912,-0.151366159956555,2
11725,6.015077538482026,5.949390006644912,-0.06568753183711351,6
11726,6.137842765713799,5.949390006644912,-0.1884527590688867,8
11727,6.448058087367512,6.247924190766308,-0.20013389660120406,6
11728,6.257833977604802,6.247924190766308,-0.009909786838494306,1
11729,6.401469692642554,6.247924190766308,-0.15354550187624572,7
11730,6.299572362422977,6.247924190766308,-0.05164817165666946,3
11731,6.34410096940275,6.247924190766308,-0.09617677863644225,8
11732,6.444260811210665,6.247924190766308,-0.19633662044435685,10
11733,6.365163371159353,6.247924190766308,-0.11723918039304504,9
11734,6.447919393371953,6.247924190766308,-0.19999520260564552,5
11735,6.148173556515631,6.247924190766308,0.0997506342506771,2
11736,6.03736267638498,7.602059991327962,1.5646973149429817,9
11737,6.162997561078308,7.602059991327962,1.4390624302496535,4
11738,6.091722820385301,7.602059991327962,1.5103371709426607,6
11739,6.0379197542805905,7.602059991327962,1.5641402370473712,5
11740,6.016252340757141,7.602059991327962,1.5858076505708203,1
11741,6.147942112528394,7.602059991327962,1.4541178787995674,10
11742,6.071542428414142,7.602059991327962,1.5305175629138192,3
11743,5.892431305348173,7.602059991327962,1.709628685979789,7
11744,6.075959887513773,7.602059991327962,1.5261001038141888,8
11745,5.754053167807719,5.553883026643875,-0.20017014116384413,1
11746,5.753964302720704,5.553883026643875,-0.2000812760768298,7
11747,5.719476016054304,5.553883026643875,-0.16559298941042933,8
11748,5.753828163076845,5.553883026643875,-0.1999451364329703,5
11749,5.753759208481477,5.553883026643875,-0.19987618183760247,9
11750,5.753818026577586,5.553883026643875,-0.19993499993371167,3
11751,5.7538295059285405,5.553883026643875,-0.1999464792846659,2
11752,5.753689128430262,5.553883026643875,-0.19980610178638702,4
11753,5.753801783617494,5.553883026643875,-0.19991875697361916,10
11754,6.196991834145349,6.278753600952829,0.08176176680747993,2
11755,6.202060245025711,6.278753600952829,0.07669335592711768,3
11756,6.184803650128962,6.278753600952829,0.09394995082386703,7
11757,6.147168745273972,6.278753600952829,0.1315848556788568,6
11758,6.2616212322689435,6.278753600952829,0.017132368683885346,4
11759,6.2361125851446335,6.278753600952829,0.04264101580819535,8
11760,6.226542972587317,6.278753600952829,0.05221062836551216,5
11761,6.237069029178082,6.278753600952829,0.041684571774746715,10
11762,6.217568797563207,6.278753600952829,0.06118480338962229,1
11763,6.699911806192851,6.445311461756064,-0.2546003444367875,9
11764,6.693837892509653,6.445311461756064,-0.24852643075358927,10
11765,6.72230833148102,6.445311461756064,-0.2769968697249565,5
11766,6.807901322320872,6.445311461756064,-0.3625898605648086,4
11767,6.688262921607801,6.445311461756064,-0.24295145985173683,7
11768,6.703056801108138,6.445311461756064,-0.25774533935207433,6
11769,6.6862925397356126,6.445311461756064,-0.2409810779795487,2
11770,6.7458870352788844,6.445311461756064,-0.3005755735228206,1
11771,6.68639512265715,6.445311461756064,-0.24108366090108646,8
11772,5.822462609496545,5.622214022966295,-0.20024858653024946,6
11773,5.822259531407619,5.622214022966295,-0.20004550844132396,9
11774,5.82238020758804,5.622214022966295,-0.20016618462174485,4
11775,5.822269718649679,5.622214022966295,-0.20005569568338366,7
11776,5.822117681158951,5.622214022966295,-0.19990365819265588,1
11777,5.822441181334749,5.622214022966295,-0.20022715836845428,2
11778,5.821771951404069,5.622214022966295,-0.1995579284377742,5
11779,5.8224904542018345,5.622214022966295,-0.2002764312355394,10
11780,5.822258206612742,5.622214022966295,-0.2000441836464466,8
11781,6.212913853556901,6.201397124320452,-0.011516729236449308,3
11782,6.369390968989375,6.201397124320452,-0.1679938446689233,8
11783,6.325770377953164,6.201397124320452,-0.12437325363271245,1
11784,6.2472028533962645,6.201397124320452,-0.04580572907581271,7
11785,6.178840456121674,6.201397124320452,0.022556668198777885,2
11786,6.218479670548687,6.201397124320452,-0.01708254622823535,5
11787,6.279404458494719,6.201397124320452,-0.0780073341742673,10
11788,6.3902630050008895,6.201397124320452,-0.18886588068043775,4
11789,6.354717947824847,6.201397124320452,-0.15332082350439524,9
11790,5.918251573182408,6.176091259055681,0.25783968587327344,7
11791,5.718886504031167,6.176091259055681,0.45720475502451396,2
11792,5.726892496685465,6.176091259055681,0.4491987623702167,3
11793,5.914713808439298,6.176091259055681,0.26137745061638373,4
11794,5.776309803936412,6.176091259055681,0.3997814551192693,10
11795,5.856278028869596,6.176091259055681,0.3198132301860852,5
11796,5.761599541442162,6.176091259055681,0.41449171761351966,8
11797,5.845530392129965,6.176091259055681,0.3305608669257163,9
11798,5.671376495460225,6.176091259055681,0.5047147635954561,1
11799,5.85503500900876,5.927370363039024,0.07233535403026448,9
11800,5.8083356007013816,5.927370363039024,0.11903476233764287,5
11801,5.79048137885086,5.927370363039024,0.13688898418816464,3
11802,5.7844082616097685,5.927370363039024,0.14296210142925592,1
11803,5.97599041176193,5.927370363039024,-0.048620048722905373,10
11804,5.941766904135422,5.927370363039024,-0.014396541096397542,8
11805,5.815752993907274,5.927370363039024,0.1116173691317508,4
11806,5.7276394289890336,5.927370363039024,0.19973093404999087,7
11807,5.727138570149234,5.927370363039024,0.20023179288979076,2
11808,5.878900429662407,6.079181246047625,0.20028081638521833,10
11809,5.883166377191909,6.079181246047625,0.19601486885571617,1
11810,5.905457542287377,6.079181246047625,0.17372370376024815,6
11811,5.878869285038551,6.079181246047625,0.20031196100907422,4
11812,5.879372236891123,6.079181246047625,0.19980900915650235,3
11813,5.879115406432395,6.079181246047625,0.20006583961523017,8
11814,5.879399264569889,6.079181246047625,0.19978198147773618,9
11815,5.879327271927029,6.079181246047625,0.1998539741205958,7
11816,5.884596199284124,6.079181246047625,0.19458504676350152,5
11817,6.353408621874884,6.2405492482826,-0.1128593735922836,5
11818,6.242136710988641,6.2405492482826,-0.0015874627060403768,7
11819,6.300966952497115,6.2405492482826,-0.06041770421451442,3
11820,6.361551960700355,6.2405492482826,-0.12100271241775484,8
11821,6.193407871451184,6.2405492482826,0.047141376831416615,2
11822,6.237381861302866,6.2405492482826,0.003167386979733955,6
11823,6.408651199035086,6.2405492482826,-0.16810195075248568,10
11824,6.284387327236573,6.2405492482826,-0.04383807895397229,9
11825,6.440500457470773,6.2405492482826,-0.199951209188173,4
11826,6.243170088938526,5.891147030448771,-0.35202305848975524,4
11827,6.091353669018723,5.891147030448771,-0.20020663856995213,3
11828,6.202628914870141,5.891147030448771,-0.3114818844213705,10
11829,6.091022718654724,5.891147030448771,-0.19987568820595314,7
11830,6.091041120349172,5.891147030448771,-0.19989408990040136,9
11831,6.134534940032713,5.891147030448771,-0.24338790958394263,1
11832,6.095624923883737,5.891147030448771,-0.2044778934349658,6
11833,6.166824064145788,5.891147030448771,-0.27567703369701757,8
11834,6.091202252300017,5.891147030448771,-0.20005522185124658,2
11835,5.899929739832578,6.0,0.10007026016742238,3
11836,5.992094577270802,6.0,0.007905422729198364,10
11837,5.97425329750062,6.0,0.02574670249938027,8
11838,5.9591700778018,6.0,0.04082992219820003,1
11839,5.8950558238851185,6.0,0.1049441761148815,7
11840,5.881518149983966,6.0,0.11848185001603362,2
11841,5.87998665319969,6.0,0.1200133468003104,9
11842,6.021230122412997,6.0,-0.021230122412997154,4
11843,5.975460819492694,6.0,0.024539180507305858,5
11844,5.824269113775911,5.847572659142112,0.023303545366201384,6
11845,5.90619818998445,5.847572659142112,-0.058625530842338236,7
11846,5.909582195043856,5.847572659142112,-0.06200953590174407,8
11847,5.902681850607402,5.847572659142112,-0.0551091914652897,3
11848,5.990643026113075,5.847572659142112,-0.14307036697096276,10
11849,5.8013273226184605,5.847572659142112,0.04624533652365148,2
11850,5.9326367132839986,5.847572659142112,-0.08506405414188656,9
11851,5.969215703491464,5.847572659142112,-0.12164304434935236,4
11852,6.004282880684118,5.847572659142112,-0.15671022154200642,1
11853,5.796688224380834,5.931966114728173,0.1352778903473384,3
11854,5.790878174360462,5.931966114728173,0.14108794036771055,10
11855,5.804953295452864,5.931966114728173,0.1270128192753086,2
11856,5.989142639515475,5.931966114728173,-0.05717652478730262,9
11857,5.793467399940401,5.931966114728173,0.13849871478777143,5
11858,5.7322555018066055,5.931966114728173,0.19971061292156733,6
11859,5.817612391765487,5.931966114728173,0.11435372296268564,7
11860,5.79828347611235,5.931966114728173,0.13368263861582275,8
11861,5.836970857528317,5.931966114728173,0.09499525719985602,1
11862,6.01046846047789,5.146778989307833,-0.8636894711700567,8
11863,5.923788451990245,5.146778989307833,-0.777009462682412,6
11864,6.012330099113001,5.146778989307833,-0.8655511098051676,10
11865,5.9829970583587615,5.146778989307833,-0.8362180690509282,5
11866,5.924971245302686,5.146778989307833,-0.7781922559948526,3
11867,5.972022561561194,5.146778989307833,-0.8252435722533606,1
11868,5.904868854630431,5.146778989307833,-0.7580898653225976,9
11869,5.895053144296081,5.146778989307833,-0.7482741549882475,7
11870,5.847714435756962,5.146778989307833,-0.7009354464491286,2
11871,5.934326259673311,5.079181246047625,-0.8551450136256857,6
11872,5.885976682288357,5.079181246047625,-0.8067954362407317,7
11873,5.8659821287602725,5.079181246047625,-0.7868008827126474,3
11874,5.934575571591156,5.079181246047625,-0.8553943255435312,1
11875,5.924262228524288,5.079181246047625,-0.845080982476663,8
11876,5.9342924670339965,5.079181246047625,-0.8551112209863714,2
11877,5.934442085509009,5.079181246047625,-0.8552608394613843,10
11878,5.8168687399990855,5.079181246047625,-0.7376874939514604,9
11879,5.927690327428123,5.079181246047625,-0.8485090813804979,5
11880,5.221221997777616,5.021189299069938,-0.2000326987076777,5
11881,4.95716902266468,5.021189299069938,0.06402027640525798,7
11882,4.909539434401222,5.021189299069938,0.11164986466871607,9
11883,5.186981358630607,5.021189299069938,-0.165792059560669,6
11884,5.220973451736394,5.021189299069938,-0.19978415266645566,10
11885,5.195466112078479,5.021189299069938,-0.17427681300854037,2
11886,5.025122595318414,5.021189299069938,-0.003933296248475493,1
11887,5.220948434294047,5.021189299069938,-0.1997591352241086,8
11888,5.186020204519511,5.021189299069938,-0.16483090544957246,4
11889,5.600895577646592,6.0,0.3991044223534077,1
11890,5.694775063017137,6.0,0.3052249369828628,6
11891,5.531542395615306,6.0,0.4684576043846942,4
11892,5.5578427457711195,6.0,0.4421572542288805,5
11893,5.609634941749691,6.0,0.39036505825030865,10
11894,5.566571161623016,6.0,0.433428838376984,3
11895,5.671824484852477,6.0,0.32817551514752274,7
11896,5.568456767729728,6.0,0.4315432322702719,2
11897,5.507604092965273,6.0,0.4923959070347266,8
11898,5.808688649472025,6.008600171761918,0.19991152228989328,3
11899,5.808569419605153,6.008600171761918,0.20003075215676525,10
11900,5.819389012549358,6.008600171761918,0.18921115921255982,4
11901,5.808551292504672,6.008600171761918,0.20004887925724635,8
11902,5.810753794298089,6.008600171761918,0.19784637746382927,5
11903,5.808389833454082,6.008600171761918,0.2002103383078362,9
11904,5.8454875998351,6.008600171761918,0.16311257192681783,2
11905,6.013770769981249,6.008600171761918,-0.0051705982193306355,7
11906,5.883123974346767,6.008600171761918,0.12547619741515081,1
11907,6.020368058598006,6.220108088040055,0.19974002944204905,3
11908,6.056621019395024,6.220108088040055,0.16348706864503093,2
11909,6.0201028068975475,6.220108088040055,0.20000528114250749,6
11910,6.019850795215987,6.220108088040055,0.2002572928240678,5
11911,6.019947037025453,6.220108088040055,0.2001610510146019,4
11912,6.030502159752237,6.220108088040055,0.18960592828781841,10
11913,6.019908711381169,6.220108088040055,0.20019937665888587,8
11914,6.020147743885518,6.220108088040055,0.19996034415453678,7
11915,5.975665687555123,6.220108088040055,0.2444424004849317,9
11916,6.3689243311553785,6.214843848047698,-0.15408048310768052,7
11917,6.2917810514300365,6.214843848047698,-0.07693720338233856,5
11918,6.232298213521268,6.214843848047698,-0.017454365473570377,6
11919,6.292691413134593,6.214843848047698,-0.07784756508689483,4
11920,6.316116243812953,6.214843848047698,-0.10127239576525504,10
11921,6.302325577354717,6.214843848047698,-0.0874817293070187,1
11922,6.308557631058216,6.214843848047698,-0.09371378301051791,2
11923,6.414925331812954,6.214843848047698,-0.20008148376525625,9
11924,6.2605269773363865,6.214843848047698,-0.04568312928868856,8
11925,5.913866735227121,6.113943352306837,0.20007661707971636,7
11926,5.84299246639349,6.113943352306837,0.27095088591334715,5
11927,5.8741301844161455,6.113943352306837,0.2398131678906914,10
11928,5.815677124564791,6.113943352306837,0.2982662277420456,9
11929,5.851493705053459,6.113943352306837,0.26244964725337816,3
11930,5.913655123708303,6.113943352306837,0.20028822859853435,2
11931,5.832515646711943,6.113943352306837,0.2814277055948944,1
11932,5.935488299356547,6.113943352306837,0.17845505295028996,4
11933,5.781361141715668,6.113943352306837,0.3325822105911689,6
11934,5.914188129800084,6.257051875069349,0.34286374526926533,4
11935,5.920448388420971,6.257051875069349,0.3366034866483778,3
11936,5.964545169821794,6.257051875069349,0.29250670524755495,2
11937,5.923920705022515,6.257051875069349,0.33313117004683424,8
11938,5.913204891313225,6.257051875069349,0.34384698375612377,7
11939,5.8540886930211355,6.257051875069349,0.4029631820482136,6
11940,5.916251970228048,6.257051875069349,0.34079990484130107,5
11941,5.9047463913338385,6.257051875069349,0.3523054837355106,1
11942,5.921470844492741,6.257051875069349,0.33558103057660826,10
11943,5.085390476728117,5.2552725051033065,0.16988202837518962,4
11944,5.139672686241407,5.2552725051033065,0.11559981886189963,8
11945,5.170708670913577,5.2552725051033065,0.08456383418972901,6
11946,5.166989560276102,5.2552725051033065,0.08828294482720445,5
11947,5.246491246990431,5.2552725051033065,0.00878125811287589,7
11948,5.15190836484208,5.2552725051033065,0.10336414026122664,1
11949,5.143083062063521,5.2552725051033065,0.11218944303978517,10
11950,5.238755696256117,5.2552725051033065,0.016516808847189424,2
11951,5.12985545295294,5.2552725051033065,0.12541705215036636,3
11952,6.1449144548193635,6.041392685158225,-0.10352176966113813,9
11953,6.2130232735959545,6.041392685158225,-0.17163058843772916,2
11954,6.24114378728961,6.041392685158225,-0.19975110213138425,4
11955,6.186592373073507,6.041392685158225,-0.14519968791528193,3
11956,6.164769074632051,6.041392685158225,-0.12337638947382601,10
11957,6.157778522851028,6.041392685158225,-0.11638583769280242,8
11958,6.226723801481248,6.041392685158225,-0.1853311163230229,1
11959,6.183350675122274,6.041392685158225,-0.14195798996404907,5
11960,6.171746793758878,6.041392685158225,-0.13035410860065255,7
11961,6.408277333073306,6.6020599913279625,0.19378265825465668,1
11962,6.40180248363844,6.6020599913279625,0.2002575076895221,2
11963,6.403968364681881,6.6020599913279625,0.1980916266460815,9
11964,6.40207409488169,6.6020599913279625,0.19998589644627263,10
11965,6.401724086311052,6.6020599913279625,0.20033590501691023,7
11966,6.401922166791669,6.6020599913279625,0.20013782453629325,5
11967,6.401846597169338,6.6020599913279625,0.2002133941586246,6
11968,6.444071923014375,6.6020599913279625,0.15798806831358725,3
11969,6.402024788324717,6.6020599913279625,0.20003520300324507,8
11970,6.206000862643759,4.986771734266245,-1.2192291283775134,7
11971,6.279958477836111,4.986771734266245,-1.2931867435698656,10
11972,6.279153550162198,4.986771734266245,-1.2923818158959524,4
11973,6.248686637180557,4.986771734266245,-1.2619149029143122,5
11974,6.287313086420905,4.986771734266245,-1.30054135215466,1
11975,6.222066496626972,4.986771734266245,-1.235294762360727,2
11976,6.173105000798322,4.986771734266245,-1.1863332665320767,9
11977,6.203479197440273,4.986771734266245,-1.2167074631740276,6
11978,6.272577565892933,4.986771734266245,-1.2858058316266874,3
11979,6.173006349294508,6.08278537031645,-0.09022097897805814,1
11980,6.044034486823318,6.08278537031645,0.03875088349313227,9
11981,6.139247400596041,6.08278537031645,-0.05646203027959107,3
11982,6.1373659946614,6.08278537031645,-0.05458062434495048,5
11983,6.176465382744504,6.08278537031645,-0.09368001242805413,4
11984,6.079845066966794,6.08278537031645,0.002940303349656226,7
11985,6.097190630842,6.08278537031645,-0.014405260525550467,2
11986,6.155350783523292,6.08278537031645,-0.07256541320684207,10
11987,6.175269633993242,6.08278537031645,-0.09248426367679219,8
11988,6.034567587749103,5.181843587944773,-0.8527239998043301,3
11989,5.963284520004258,5.181843587944773,-0.7814409320594855,7
11990,6.061310672141895,5.181843587944773,-0.8794670841971222,1
11991,6.0223427115956145,5.181843587944773,-0.8404991236508419,5
11992,6.066540024411631,5.181843587944773,-0.8846964364668581,8
11993,6.047941753529913,5.181843587944773,-0.8660981655851403,4
11994,5.976742961990325,5.181843587944773,-0.7948993740455528,2
11995,5.95720840094943,5.181843587944773,-0.7753648130046571,9
11996,5.986395294430839,5.181843587944773,-0.8045517064860661,6
11997,5.8874917013919745,5.687261346243506,-0.20023035514846832,2
11998,5.887533718882351,5.687261346243506,-0.20027237263884512,6
11999,5.887292205705654,5.687261346243506,-0.2000308594621476,10
12000,5.905153176412788,5.687261346243506,-0.2178918301692816,7
12001,5.887585374014631,5.687261346243506,-0.20032402777112512,5
12002,5.889106186913661,5.687261346243506,-0.20184484067015518,4
12003,6.00127687380538,5.687261346243506,-0.3140155275618737,9
12004,5.888125755753606,5.687261346243506,-0.20086440951009976,3
12005,5.887486268480228,5.687261346243506,-0.20022492223672206,8
12006,6.179527877682544,6.2455126678141495,0.06598479013160574,5
12007,6.045469807965349,6.2455126678141495,0.20004285984880088,9
12008,6.157983130104848,6.2455126678141495,0.08752953770930105,10
12009,6.172971723475405,6.2455126678141495,0.07254094433874414,1
12010,6.169866157513271,6.2455126678141495,0.07564651030087877,4
12011,6.355232522147257,6.2455126678141495,-0.10971985433310749,2
12012,6.1886364831727745,6.2455126678141495,0.056876184641375005,7
12013,6.045212225645006,6.2455126678141495,0.20030044216914344,8
12014,6.089081601683649,6.2455126678141495,0.15643106613050062,3
12015,6.5389156988192765,6.776327733563306,0.23741203474402983,7
12016,6.411250129288329,6.776327733563306,0.36507760427497704,9
12017,6.488659178855893,6.776327733563306,0.28766855470741337,8
12018,6.380458533998212,6.776327733563306,0.3958691995650945,3
12019,6.316360840624105,6.776327733563306,0.45996689293920134,5
12020,6.462027540405768,6.776327733563306,0.3143001931575382,4
12021,6.473447480268536,6.776327733563306,0.3028802532947701,1
12022,6.576445859521134,6.776327733563306,0.1998818740421724,10
12023,6.261129619793078,6.776327733563306,0.5151981137702286,6
12024,6.073777017957276,6.056904851336473,-0.016872166620803597,2
12025,6.202384251170841,6.056904851336473,-0.1454793998343682,9
12026,6.139696802751681,6.056904851336473,-0.08279195141520823,10
12027,6.233231379287668,6.056904851336473,-0.1763265279511952,8
12028,6.250075282065509,6.056904851336473,-0.19317043072903672,7
12029,6.173074149717415,6.056904851336473,-0.11616929838094237,4
12030,6.230494190719608,6.056904851336473,-0.1735893393831356,1
12031,6.24290596394894,6.056904851336473,-0.186001112612467,5
12032,6.136797615803975,6.056904851336473,-0.07989276446750271,6
12033,5.913683951184344,6.113943352306837,0.20025940112249252,9
12034,5.923789758697976,6.113943352306837,0.1901535936088612,4
12035,5.939695876976269,6.113943352306837,0.17424747533056806,8
12036,5.9761344170736805,6.113943352306837,0.1378089352331564,6
12037,5.913824888866468,6.113943352306837,0.20011846344036854,2
12038,5.948925881546306,6.113943352306837,0.16501747076053075,5
12039,5.934962645278826,6.113943352306837,0.1789807070280105,3
12040,5.9763062327919645,6.113943352306837,0.13763711951487245,1
12041,5.97241073677689,6.113943352306837,0.14153261552994678,7
12042,5.983771648229502,6.441176499941076,0.45740485171157363,10
12043,5.943907284244193,6.441176499941076,0.49726921569688276,6
12044,5.995047929387213,6.441176499941076,0.4461285705538627,5
12045,6.083302956783186,6.441176499941076,0.3578735431578899,4
12046,5.995002169789425,6.441176499941076,0.446174330151651,7
12047,6.0188447565057315,6.441176499941076,0.4223317434353442,8
12048,6.04259135724313,6.441176499941076,0.39858514269794565,2
12049,6.022730823392655,6.441176499941076,0.418445676548421,3
12050,5.960837852597479,6.441176499941076,0.4803386473435971,9
12051,6.020193654121792,5.332438459915605,-0.6877551942061872,9
12052,6.0433041521304895,5.332438459915605,-0.7108656922148846,5
12053,6.016001627191734,5.332438459915605,-0.6835631672761293,10
12054,6.078421451236014,5.332438459915605,-0.7459829913204095,8
12055,5.973990923764404,5.332438459915605,-0.6415524638487993,6
12056,6.0956311908268885,5.332438459915605,-0.7631927309112836,3
12057,6.0279528616931355,5.332438459915605,-0.6955144017775305,1
12058,6.141247481481473,5.332438459915605,-0.8088090215658683,4
12059,6.0451523373905145,5.332438459915605,-0.7127138774749096,7
12060,5.971504141941573,5.710117365111817,-0.261386776829756,5
12061,6.084370515325527,5.710117365111817,-0.3742531502137103,8
12062,6.014437973873491,5.710117365111817,-0.30432060876167455,3
12063,6.073480647651418,5.710117365111817,-0.36336328253960115,1
12064,6.109933955827807,5.710117365111817,-0.3998165907159903,4
12065,6.081973871904282,5.710117365111817,-0.37185650679246507,9
12066,6.032352645883697,5.710117365111817,-0.32223528077188046,7
12067,5.963937371817687,5.710117365111817,-0.2538200067058707,10
12068,6.041900691166762,5.710117365111817,-0.3317833260549454,6
12069,5.95092742802116,6.008600171761918,0.05767274374075804,7
12070,5.9723953065938655,6.008600171761918,0.036204865168052436,8
12071,5.959130258151043,6.008600171761918,0.04946991361087516,1
12072,5.958878338435212,6.008600171761918,0.04972183332670621,3
12073,5.997539208412428,6.008600171761918,0.011060963349489583,2
12074,5.959009991651717,6.008600171761918,0.04959018011020078,5
12075,5.959051043781938,6.008600171761918,0.049549127979980234,10
12076,5.927077778313873,6.008600171761918,0.08152239344804535,6
12077,5.906099575255533,6.008600171761918,0.10250059650638477,9
12078,5.859695336987465,5.552668216112194,-0.3070271208752713,2
12079,6.049834334400617,5.552668216112194,-0.4971661182884235,10
12080,5.972908716533255,5.552668216112194,-0.42024050042106165,9
12081,6.03486808560112,5.552668216112194,-0.4821998694889267,7
12082,5.954282145611643,5.552668216112194,-0.4016139294994492,8
12083,5.914286496470976,5.552668216112194,-0.3616182803587824,1
12084,6.161490201824078,5.552668216112194,-0.6088219857118844,5
12085,5.968385048695119,5.552668216112194,-0.415716832582925,3
12086,6.077516990260053,5.552668216112194,-0.5248487741478591,6
12087,5.201024700807103,5.093421685162235,-0.10760301564486863,8
12088,5.22442696545621,5.093421685162235,-0.13100528029397562,5
12089,5.25926551932906,5.093421685162235,-0.16584383416682513,10
12090,5.23229715640791,5.093421685162235,-0.138875471245675,1
12091,5.230717069236345,5.093421685162235,-0.13729538407411024,3
12092,5.25087792309821,5.093421685162235,-0.15745623793597563,6
12093,5.168812644490603,5.093421685162235,-0.07539095932836837,9
12094,5.105043185500909,5.093421685162235,-0.011621500338674373,7
12095,5.255513509807409,5.093421685162235,-0.16209182464517458,4
12096,5.7891784616074276,4.6020599913279625,-1.187118470279465,10
12097,5.595297319278796,4.6020599913279625,-0.9932373279508333,7
12098,5.668193027679618,4.6020599913279625,-1.0661330363516557,2
12099,5.760200630795079,4.6020599913279625,-1.158140639467116,6
12100,5.707916379407309,4.6020599913279625,-1.1058563880793466,1
12101,5.6790937909394,4.6020599913279625,-1.0770337996114376,5
12102,5.704889193463175,4.6020599913279625,-1.1028292021352124,8
12103,5.6846770909809035,4.6020599913279625,-1.082617099652941,9
12104,5.708383494557912,4.6020599913279625,-1.1063235032299499,3
12105,6.095121290204322,5.895422546039408,-0.1996987441649134,2
12106,6.085131570581178,5.895422546039408,-0.18970902454177008,5
12107,6.0921117508115765,5.895422546039408,-0.19668920477216822,9
12108,5.812317451778307,5.895422546039408,0.08310509426110091,6
12109,6.060717027441532,5.895422546039408,-0.16529448140212377,10
12110,6.095139602379156,5.895422546039408,-0.19971705633974768,7
12111,6.082679444741596,5.895422546039408,-0.18725689870218787,3
12112,6.071997312676032,5.895422546039408,-0.17657476663662397,1
12113,6.092028612896228,5.895422546039408,-0.1966060668568197,8
12114,6.300887681467587,6.100752969451338,-0.20013471201624888,5
12115,5.9509159554687745,6.100752969451338,0.14983701398256333,7
12116,6.301262022964703,6.100752969451338,-0.20050905351336556,10
12117,6.300305212352144,6.100752969451338,-0.19955224290080587,3
12118,6.300746836845949,6.100752969451338,-0.19999386739461134,9
12119,6.300645020318943,6.100752969451338,-0.19989205086760542,8
12120,6.30072683595397,6.100752969451338,-0.19997386650263227,2
12121,6.301126454036964,6.100752969451338,-0.20037348458562576,4
12122,6.300747127872093,6.100752969451338,-0.19999415842075496,1
12123,5.79993935949673,6.0,0.20006064050326966,3
12124,5.762179192351443,6.0,0.23782080764855706,9
12125,5.799912425844799,6.0,0.20008757415520062,5
12126,5.914549650769086,6.0,0.08545034923091421,1
12127,5.79980984133502,6.0,0.2001901586649799,8
12128,5.859607482090473,6.0,0.14039251790952711,6
12129,5.799921207908269,6.0,0.2000787920917313,10
12130,5.873075675974139,6.0,0.12692432402586107,7
12131,5.816866723822583,6.0,0.1831332761774167,4
12132,5.729158639661025,5.788875115775417,0.059716476114392236,9
12133,5.782904020862657,5.788875115775417,0.005971094912760044,4
12134,5.904277457619064,5.788875115775417,-0.11540234184364717,7
12135,5.903452676860941,5.788875115775417,-0.11457756108552442,10
12136,5.902198612083229,5.788875115775417,-0.11332349630781202,1
12137,5.770396418964044,5.788875115775417,0.01847869681137304,6
12138,5.735171117731277,5.788875115775417,0.05370399804413939,8
12139,5.983653376670847,5.788875115775417,-0.19477826089543004,5
12140,5.826649283594936,5.788875115775417,-0.03777416781951892,3
12141,5.923789758697976,6.176091259055681,0.2523015003577056,4
12142,5.948925881546306,6.176091259055681,0.22716537750937515,5
12143,5.9763062327919645,6.176091259055681,0.19978502626371686,1
12144,5.845555463002758,6.176091259055681,0.3305357960529234,10
12145,5.913824888866468,6.176091259055681,0.26226637018921295,2
12146,5.9761344170736805,6.176091259055681,0.1999568419820008,6
12147,5.939695876976269,6.176091259055681,0.23639538207941246,8
12148,5.934962645278826,6.176091259055681,0.2411286137768549,3
12149,5.97241073677689,6.176091259055681,0.2036805222787912,7
12150,5.647948532544683,5.193124598354461,-0.45482393419022227,8
12151,5.699824051891916,5.193124598354461,-0.5066994535374549,3
12152,5.707535088715991,5.193124598354461,-0.5144104903615299,4
12153,5.6941066866203895,5.193124598354461,-0.5009820882659284,10
12154,5.700156020272615,5.193124598354461,-0.5070314219181542,5
12155,5.724170766167104,5.193124598354461,-0.5310461678126428,7
12156,5.654228802436905,5.193124598354461,-0.461104204082444,6
12157,5.685584224498835,5.193124598354461,-0.4924596261443739,9
12158,5.703675181556775,5.193124598354461,-0.5105505832023143,2
12159,5.608411676181141,5.051923916046107,-0.5564877601350338,7
12160,5.689844180833967,5.051923916046107,-0.6379202647878603,4
12161,5.493441867256977,5.051923916046107,-0.44151795121087023,5
12162,5.591231511673276,5.051923916046107,-0.5393075956271689,6
12163,5.546733645821488,5.051923916046107,-0.4948097297753815,3
12164,5.614673925505604,5.051923916046107,-0.5627500094594975,1
12165,5.592723822765824,5.051923916046107,-0.5407999067197169,8
12166,5.562150210476212,5.051923916046107,-0.5102262944301055,2
12167,5.444995062893875,5.051923916046107,-0.39307114684776767,10
12168,5.956387856735636,5.756636108245848,-0.1997517484897875,2
12169,5.95662285572877,5.756636108245848,-0.19998674748292178,9
12170,5.956765123531718,5.756636108245848,-0.2001290152858699,3
12171,5.956658991898469,5.756636108245848,-0.200022883652621,7
12172,5.735477480446044,5.756636108245848,0.02115862779980393,6
12173,5.956341131887558,5.756636108245848,-0.19970502364170972,5
12174,5.956838542901636,5.756636108245848,-0.2002024346557878,4
12175,5.956370138394159,5.756636108245848,-0.19973403014831081,1
12176,5.956450679458907,5.756636108245848,-0.199814571213059,10
12177,6.230932120228375,6.431363764158987,0.20043164393061197,10
12178,6.231260400730038,6.431363764158987,0.20010336342894863,8
12179,6.231018193231057,6.431363764158987,0.20034557092793026,3
12180,6.230972782434032,6.431363764158987,0.20039098172495518,2
12181,6.231528429936105,6.431363764158987,0.19983533422288158,1
12182,6.231013333941101,6.431363764158987,0.20035043021788557,7
12183,6.2312445556887255,6.431363764158987,0.20011920847026143,4
12184,6.231595203966272,6.431363764158987,0.19976856019271505,9
12185,6.2316026289333815,6.431363764158987,0.19976113522560546,5
12186,5.799910902307608,6.0,0.20008909769239214,4
12187,5.7998401225865654,6.0,0.20015987741343455,2
12188,5.799925326439913,6.0,0.20007467356008668,5
12189,5.799771007776871,6.0,0.20022899222312862,10
12190,5.800067195934947,6.0,0.1999328040650532,7
12191,5.799850799250277,6.0,0.2001492007497232,3
12192,5.799747807854441,6.0,0.2002521921455589,8
12193,5.799817295364813,6.0,0.2001827046351874,1
12194,5.80007859394098,6.0,0.19992140605901998,6
12195,5.799902406168137,5.599883072073688,-0.20001933409444916,9
12196,5.838202703286095,5.599883072073688,-0.2383196312124074,1
12197,5.8000456836577845,5.599883072073688,-0.20016261158409687,10
12198,5.8088689976279575,5.599883072073688,-0.20898592555426987,3
12199,5.800018553608719,5.599883072073688,-0.2001354815350318,6
12200,5.800020472808898,5.599883072073688,-0.20013740073521014,8
12201,5.799977267897167,5.599883072073688,-0.2000941958234792,5
12202,5.802103738390783,5.599883072073688,-0.20222066631709534,4
12203,5.8002578889874865,5.599883072073688,-0.20037481691379888,7
12204,5.554200842847334,5.716837723299524,0.16263688045219027,1
12205,5.834619130569953,5.716837723299524,-0.11778140727042885,6
12206,5.81858102710903,5.716837723299524,-0.10174330380950547,3
12207,5.753152948384079,5.716837723299524,-0.03631522508455465,5
12208,5.851007634503478,5.716837723299524,-0.13416991120395405,2
12209,5.827580203113268,5.716837723299524,-0.11074247981374352,10
12210,5.709415347864242,5.716837723299524,0.007422375435282014,7
12211,5.757745385290748,5.716837723299524,-0.04090766199122342,9
12212,5.673474120008447,5.716837723299524,0.04336360329107691,8
12213,5.808034858875368,5.812913356642856,0.004878497767487389,6
12214,5.953257590917315,5.812913356642856,-0.1403442342744592,10
12215,5.820213971167946,5.812913356642856,-0.007300614525090232,4
12216,5.827580673823215,5.812913356642856,-0.014667317180359518,5
12217,5.807453542339353,5.812913356642856,0.005459814303502952,9
12218,5.786626119010181,5.812913356642856,0.026287237632674376,7
12219,5.862044446598626,5.812913356642856,-0.04913108995576998,2
12220,5.777012611627283,5.812913356642856,0.03590074501557261,3
12221,5.612627125632109,5.812913356642856,0.20028623101074672,1
12222,6.772905619978916,7.929418925714293,1.156513305735377,1
12223,6.65548092656286,7.929418925714293,1.2739379991514328,9
12224,6.750642591493975,7.929418925714293,1.1787763342203181,4
12225,6.676611181591932,7.929418925714293,1.2528077441223608,6
12226,6.673120679305136,7.929418925714293,1.2562982464091572,5
12227,6.656293788643712,7.929418925714293,1.273125137070581,7
12228,6.649899499624894,7.929418925714293,1.279519426089399,10
12229,6.663051578870784,7.929418925714293,1.2663673468435093,2
12230,6.708959146267489,7.929418925714293,1.220459779446804,3
12231,5.934793566179247,5.862727528317975,-0.07206603786127186,10
12232,5.921291950080055,5.862727528317975,-0.05856442176207999,3
12233,6.055288408866974,5.862727528317975,-0.19256088054899934,8
12234,6.062461737993531,5.862727528317975,-0.19973420967555633,4
12235,5.907606446446919,5.862727528317975,-0.04487891812894418,5
12236,6.056738314668988,5.862727528317975,-0.1940107863510132,1
12237,5.988267701716008,5.862727528317975,-0.1255401733980337,7
12238,6.009250197997331,5.862727528317975,-0.14652266967935645,2
12239,6.05078961962515,5.862727528317975,-0.18806209130717555,6
12240,5.278966799565722,5.079181246047625,-0.19978555351809657,4
12241,5.278831956376766,5.079181246047625,-0.1996507103291405,5
12242,5.279007477771577,5.079181246047625,-0.19982623172395186,9
12243,5.279038150770921,5.079181246047625,-0.19985690472329587,2
12244,5.27890439762494,5.079181246047625,-0.1997231515773148,8
12245,5.260054678750045,5.079181246047625,-0.18087343270241973,1
12246,5.274869637941426,5.079181246047625,-0.1956883918938006,10
12247,5.142116988725555,5.079181246047625,-0.06293574267793023,6
12248,5.218337825640634,5.079181246047625,-0.13915657959300898,3
12249,5.4784342163486075,5.278753600952829,-0.19968061539577864,10
12250,5.478830224282517,5.278753600952829,-0.20007662332968845,2
12251,5.452785239733905,5.278753600952829,-0.1740316387810763,5
12252,5.172122670372087,5.278753600952829,0.10663093058074224,7
12253,5.478882653202073,5.278753600952829,-0.2001290522492445,6
12254,5.36487361524733,5.278753600952829,-0.08612001429450089,1
12255,5.47894040076611,5.278753600952829,-0.2001867998132809,3
12256,5.392042602818023,5.278753600952829,-0.1132890018651942,4
12257,5.478766900339045,5.278753600952829,-0.20001329938621648,9
12258,5.874823218193445,6.017033339298781,0.14221012110533593,2
12259,5.816689305517164,6.017033339298781,0.20034403378161691,8
12260,5.850270567535322,6.017033339298781,0.16676277176345877,7
12261,5.875919390181559,6.017033339298781,0.14111394911722197,10
12262,5.848311941977486,6.017033339298781,0.16872139732129465,4
12263,5.818995546722093,6.017033339298781,0.19803779257668808,6
12264,5.8775582686890555,6.017033339298781,0.1394750706097252,1
12265,5.836737675339598,6.017033339298781,0.18029566395918284,5
12266,5.816849580064773,6.017033339298781,0.2001837592340081,9
12267,5.376432839208886,5.176091259055681,-0.20034158015320447,4
12268,5.376197138925717,5.176091259055681,-0.20010587987003525,9
12269,5.414379978775875,5.176091259055681,-0.2382887197201935,8
12270,5.376060366901927,5.176091259055681,-0.199969107846246,6
12271,5.3758596616991,5.176091259055681,-0.19976840264341877,1
12272,5.376227104988758,5.176091259055681,-0.20013584593307687,2
12273,5.376218927410479,5.176091259055681,-0.20012766835479745,5
12274,5.3761083216612535,5.176091259055681,-0.20001706260557217,7
12275,5.37640243673628,5.176091259055681,-0.20031117768059836,3
12276,5.87890043560618,6.079181246047625,0.20028081044144486,4
12277,5.879175690347382,6.079181246047625,0.20000555570024314,8
12278,5.879366007756865,6.079181246047625,0.19981523829076053,7
12279,5.87905290961301,6.079181246047625,0.2001283364346147,5
12280,5.878840483264671,6.079181246047625,0.20034076278295387,6
12281,5.878909742880178,6.079181246047625,0.20027150316744713,2
12282,5.879362955700424,6.079181246047625,0.199818290347201,9
12283,5.878932653083642,6.079181246047625,0.200248592963983,1
12284,5.879083634498166,6.079181246047625,0.2000976115494595,10
12285,6.279443568986844,6.079181246047625,-0.20026232293921886,1
12286,6.279455288014232,6.079181246047625,-0.20027404196660648,7
12287,6.279419630527413,6.079181246047625,-0.20023838447978815,9
12288,6.279502603721886,6.079181246047625,-0.20032135767426063,10
12289,6.278911094126833,6.079181246047625,-0.19972984807920824,2
12290,6.279327682614336,6.079181246047625,-0.20014643656671094,5
12291,6.279541357474007,6.079181246047625,-0.20036011142638177,4
12292,6.279646937959445,6.079181246047625,-0.20046569191181973,3
12293,6.278918822864433,6.079181246047625,-0.19973757681680748,8
12294,5.038081337147659,5.121559844187501,0.08347850703984161,2
12295,5.321811439120772,5.121559844187501,-0.20025159493327127,10
12296,5.321937596188964,5.121559844187501,-0.20037775200146335,3
12297,5.321336492963325,5.121559844187501,-0.19977664877582413,6
12298,5.321271849569557,5.121559844187501,-0.19971200538205647,1
12299,5.321919505429478,5.121559844187501,-0.20035966124197735,9
12300,5.321915509102946,5.121559844187501,-0.20035566491544543,8
12301,5.321601430764255,5.121559844187501,-0.20004158657675397,7
12302,5.322004198987347,5.121559844187501,-0.20044435479984646,4
12303,5.1124974750777685,4.912275210498812,-0.2002222645789562,9
12304,5.1123091165555365,4.912275210498812,-0.20003390605672422,4
12305,5.112514025210364,4.912275210498812,-0.20023881471155125,5
12306,5.157966366398699,4.912275210498812,-0.24569115589988666,3
12307,5.112189313788912,4.912275210498812,-0.19991410329009973,8
12308,5.11242718919123,4.912275210498812,-0.20015197869241774,1
12309,5.285704371080733,4.912275210498812,-0.3734291605819209,6
12310,5.112400793248108,4.912275210498812,-0.20012558274929582,2
12311,5.1126121057358604,4.912275210498812,-0.20033689523704812,7
12312,5.6834389275891635,6.218272853571447,0.5348339259822836,4
12313,6.0181639957865904,6.218272853571447,0.20010885778485665,6
12314,5.750595746809168,6.218272853571447,0.46767710676227914,9
12315,5.7758165129087145,6.218272853571447,0.44245634066273265,5
12316,5.769988007881675,6.218272853571447,0.44828484568977167,2
12317,5.717930599866659,6.218272853571447,0.5003422537047877,1
12318,5.761661367840374,6.218272853571447,0.4566114857310728,10
12319,5.7331795338329785,6.218272853571447,0.4850933197384686,8
12320,5.700797027214278,6.218272853571447,0.5174758263571695,7
12321,5.889576897864667,5.700617195682057,-0.18895970218261038,6
12322,5.716958412945269,5.700617195682057,-0.01634121726321247,8
12323,5.7556485484337685,5.700617195682057,-0.05503135275171189,5
12324,5.730511300308728,5.700617195682057,-0.029894104626671414,7
12325,5.698088192717761,5.700617195682057,0.002529002964295479,4
12326,5.70580098626149,5.700617195682057,-0.005183790579433634,9
12327,5.577344372915288,5.700617195682057,0.12327282276676854,3
12328,5.73182670947678,5.700617195682057,-0.031209513794723698,1
12329,5.719545760383967,5.700617195682057,-0.018928564701909956,2
12330,6.134534940032713,6.924279286061882,0.7897443460291687,1
12331,6.091041120349172,6.924279286061882,0.8332381657127099,9
12332,6.243170088938526,6.924279286061882,0.681109197123356,4
12333,6.202628914870141,6.924279286061882,0.7216503711917408,10
12334,6.095624923883737,6.924279286061882,0.8286543621781455,6
12335,6.091022718654724,6.924279286061882,0.8332565674071581,7
12336,6.166824064145788,6.924279286061882,0.7574552219160937,8
12337,6.091202252300017,6.924279286061882,0.8330770337618647,2
12338,6.197498447656828,6.924279286061882,0.7267808384050545,5
12339,5.927690327428123,6.134495855834674,0.20680552840655064,5
12340,5.8659821287602725,6.134495855834674,0.26851372707440113,3
12341,5.934575571591156,6.134495855834674,0.19992028424351727,1
12342,5.924262228524288,6.134495855834674,0.21023362731038553,8
12343,5.885976682288357,6.134495855834674,0.2485191735463168,7
12344,5.934326259673311,6.134495855834674,0.20016959616136276,6
12345,5.934442085509009,6.134495855834674,0.20005377032566418,10
12346,5.9342924670339965,6.134495855834674,0.20020338880067712,2
12347,5.9805564141616765,6.134495855834674,0.1539394416729971,4
12348,6.309013525900883,6.509202522331103,0.20018899643021992,4
12349,6.30915497942169,6.509202522331103,0.20004754290941307,8
12350,6.309062520789533,6.509202522331103,0.20014000154156975,10
12351,6.309042016464379,6.509202522331103,0.20016050586672396,2
12352,6.309188755311982,6.509202522331103,0.20001376701912132,7
12353,6.309060298687749,6.509202522331103,0.2001422236433541,1
12354,6.308853837555486,6.509202522331103,0.20034868477561663,5
12355,6.308927216819361,6.509202522331103,0.20027530551174166,6
12356,6.243353906094289,6.509202522331103,0.26584861623681366,3
12357,6.093470483147942,6.590507462008583,0.497036978860641,9
12358,6.104139469504448,6.590507462008583,0.4863679925041353,4
12359,6.140557930785555,6.590507462008583,0.4499495312230284,8
12360,6.074408857399762,6.590507462008583,0.5160986046088212,6
12361,6.176772886467511,6.590507462008583,0.4137345755410724,7
12362,6.150656110232438,6.590507462008583,0.4398513517761451,1
12363,6.012985633056467,6.590507462008583,0.5775218289521158,2
12364,6.145748825310324,6.590507462008583,0.44475863669825877,5
12365,6.10103735313935,6.590507462008583,0.4894701088692335,10
12366,6.03630991253073,5.758911892397974,-0.2773980201327566,4
12367,5.959009991651717,5.758911892397974,-0.20009809925374356,5
12368,5.95092742802116,5.758911892397974,-0.1920155356231863,7
12369,5.959051043781938,5.758911892397974,-0.2001391513839641,10
12370,5.958878338435212,5.758911892397974,-0.19996644603723812,3
12371,5.959130258151043,5.758911892397974,-0.20021836575306917,1
12372,5.9723953065938655,5.758911892397974,-0.2134834141958919,8
12373,5.927077778313873,5.758911892397974,-0.16816588591589898,6
12374,5.997539208412428,5.758911892397974,-0.23862731601445475,2
12375,5.940612464072881,6.079181246047625,0.13856878197474387,4
12376,5.936427386341465,6.079181246047625,0.1427538597061604,10
12377,5.9289475889101,6.079181246047625,0.1502336571375249,5
12378,5.879124075470085,6.079181246047625,0.2000571705775398,9
12379,5.949799793509464,6.079181246047625,0.12938145253816113,2
12380,5.90205828400952,6.079181246047625,0.17712296203810496,3
12381,6.058531740486659,6.079181246047625,0.02064950556096612,1
12382,5.972010525537855,6.079181246047625,0.10717072050977006,7
12383,5.90604916463473,6.079181246047625,0.17313208141289493,6
12384,5.8168687399990855,6.7626785637274365,0.945809823728351,9
12385,5.927690327428123,6.7626785637274365,0.8349882362993135,5
12386,5.934326259673311,6.7626785637274365,0.8283523040541256,6
12387,5.8659821287602725,6.7626785637274365,0.896696434967164,3
12388,5.9805564141616765,6.7626785637274365,0.78212214956576,4
12389,5.934442085509009,6.7626785637274365,0.828236478218427,10
12390,5.924262228524288,6.7626785637274365,0.8384163352031484,8
12391,5.9342924670339965,6.7626785637274365,0.82838609669344,2
12392,5.934575571591156,6.7626785637274365,0.8281029921362801,1
12393,5.7455245556824615,5.86391737695786,0.11839282127539885,7
12394,5.734845868661398,5.86391737695786,0.1290715082964624,3
12395,5.769612671472297,5.86391737695786,0.09430470548556347,6
12396,5.77230121972127,5.86391737695786,0.09161615723659011,2
12397,5.682595834347062,5.86391737695786,0.18132154261079858,9
12398,5.788437265961546,5.86391737695786,0.07548011099631413,8
12399,5.780753539440694,5.86391737695786,0.0831638375171666,5
12400,5.798602424391242,5.86391737695786,0.06531495256661835,10
12401,5.808820656267613,5.86391737695786,0.055096720690247736,4
12402,5.557395018226608,5.342422680822207,-0.2149723374044017,2
12403,5.60753828509975,5.342422680822207,-0.2651156042775433,3
12404,5.6682177271814,5.342422680822207,-0.3257950463591932,8
12405,5.621246935536974,5.342422680822207,-0.2788242547147677,5
12406,5.688958694726052,5.342422680822207,-0.3465360139038456,4
12407,5.542458543544396,5.342422680822207,-0.20003586272218943,6
12408,5.625582025122125,5.342422680822207,-0.28315934429991874,9
12409,5.631049459094989,5.342422680822207,-0.28862677827278205,7
12410,5.681028506846834,5.342422680822207,-0.33860582602462763,10
12411,5.997676908371567,6.033423755486949,0.035746847115382785,9
12412,5.955620606008734,6.033423755486949,0.07780314947821498,4
12413,6.007130422717867,6.033423755486949,0.02629333276908241,6
12414,5.997048751796474,6.033423755486949,0.03637500369047508,2
12415,5.9652891557570085,6.033423755486949,0.06813459972994096,3
12416,6.016035191448936,6.033423755486949,0.017388564038013143,8
12417,6.013161216742418,6.033423755486949,0.020262538744531433,5
12418,5.940023045647237,6.033423755486949,0.09340070983971227,7
12419,5.903106320206644,6.033423755486949,0.13031743528030582,10
12420,5.718405913882478,5.518513939877887,-0.1998919740045908,10
12421,5.68563529177995,5.518513939877887,-0.1671213519020629,2
12422,5.700671218308969,5.518513939877887,-0.18215727843108187,5
12423,5.718502032574825,5.518513939877887,-0.19998809269693751,4
12424,5.686206321345084,5.518513939877887,-0.16769238146719712,6
12425,5.7187759356594965,5.518513939877887,-0.20026199578160941,8
12426,5.723981947035536,5.518513939877887,-0.20546800715764935,1
12427,5.666974232845961,5.518513939877887,-0.14846029296807384,7
12428,5.610241792215949,5.518513939877887,-0.09172785233806202,9
12429,5.8829418242391,7.041392685158225,1.1584508609191255,1
12430,5.846216051839565,7.041392685158225,1.1951766333186606,6
12431,5.724769567798178,7.041392685158225,1.3166231173600478,2
12432,5.7882426234965925,7.041392685158225,1.253150061661633,5
12433,5.794651177554534,7.041392685158225,1.2467415076036916,9
12434,5.793882633804176,7.041392685158225,1.2475100513540491,8
12435,6.071005979747029,7.041392685158225,0.9703867054111965,7
12436,5.794546071425394,7.041392685158225,1.2468466137328313,3
12437,5.896546302146253,7.041392685158225,1.1448463830119726,10
12438,5.899463914620886,4.678518379040114,-1.2209455355807712,3
12439,5.960232691702983,4.678518379040114,-1.281714312662869,1
12440,5.86220473144065,4.678518379040114,-1.1836863524005352,6
12441,5.790644781150057,4.678518379040114,-1.1121264021099426,2
12442,5.945291670573624,4.678518379040114,-1.26677329153351,5
12443,5.916650771992303,4.678518379040114,-1.2381323929521884,8
12444,5.960913567584047,4.678518379040114,-1.2823951885439326,7
12445,5.881993295027594,4.678518379040114,-1.2034749159874796,10
12446,5.89179230954753,4.678518379040114,-1.213273930507416,4
12447,5.632244068300747,6.066773037085025,0.43452896878427794,10
12448,5.585126117765735,6.066773037085025,0.4816469193192905,7
12449,5.618331563905375,6.066773037085025,0.44844147317965,5
12450,5.597796011105729,6.066773037085025,0.4689770259792958,2
12451,5.6045439621179565,6.066773037085025,0.4622290749670688,6
12452,5.5890160477310955,6.066773037085025,0.47775698935392974,3
12453,5.64992148370882,6.066773037085025,0.4168515533762056,8
12454,5.62782889511717,6.066773037085025,0.4389441419678555,4
12455,5.647840589632778,6.066773037085025,0.41893244745224756,1
12456,5.852053935264401,5.899820502427096,0.04776656716269567,8
12457,5.841462581366254,5.899820502427096,0.0583579210608427,5
12458,5.810485719072324,5.899820502427096,0.08933478335477218,3
12459,5.829891739818803,5.899820502427096,0.06992876260829384,1
12460,5.854395427737402,5.899820502427096,0.045425074689694256,10
12461,5.799951088037357,5.899820502427096,0.0998694143897394,6
12462,5.877244511253409,5.899820502427096,0.022575991173687804,2
12463,5.842275108060101,5.899820502427096,0.05754539436699524,4
12464,5.833757364129881,5.899820502427096,0.06606313829721522,9
12465,5.728365463696827,7.429752280002408,1.7013868163055808,4
12466,5.643023292728778,7.429752280002408,1.78672898727363,6
12467,5.679558007715012,7.429752280002408,1.7501942722873958,5
12468,5.728149873150706,7.429752280002408,1.701602406851702,1
12469,5.657053860473912,7.429752280002408,1.7726984195284956,8
12470,5.591127282077562,7.429752280002408,1.8386249979248452,3
12471,5.986844157029081,7.429752280002408,1.4429081229733267,10
12472,5.512430607278665,7.429752280002408,1.9173216727237428,7
12473,5.579833902563035,7.429752280002408,1.8499183774393728,9
12474,6.413036708951361,6.612783856719736,0.19974714776837565,10
12475,6.412719039961193,6.612783856719736,0.2000648167585437,6
12476,6.412965227186878,6.612783856719736,0.19981862953285834,5
12477,6.412857692573389,6.612783856719736,0.19992616414634767,1
12478,6.41285885250279,6.612783856719736,0.19992500421694626,8
12479,6.412582837583767,6.612783856719736,0.2002010191359691,3
12480,6.412738772460002,6.612783856719736,0.20004508425973455,7
12481,6.412864966951887,6.612783856719736,0.199918889767849,2
12482,6.41298040173521,6.612783856719736,0.19980345498452667,9
12483,6.303701097970376,6.503790683057181,0.20008958508680497,6
12484,6.303920285044393,6.503790683057181,0.19987039801278783,9
12485,6.303846454289658,6.503790683057181,0.1999442287675226,4
12486,6.3039147487097615,6.503790683057181,0.19987593434741946,5
12487,6.303434642536206,6.503790683057181,0.20035604052097522,2
12488,6.303959968960351,6.503790683057181,0.19983071409683006,1
12489,6.303480734453051,6.503790683057181,0.2003099486041302,8
12490,6.304233893824332,6.503790683057181,0.19955678923284914,7
12491,6.304233508003133,6.503790683057181,0.19955717505404813,10
12492,5.440761437185187,5.240798771117332,-0.1999626660678553,5
12493,5.879704860335193,5.240798771117332,-0.6389060892178611,8
12494,5.879366957059129,5.240798771117332,-0.6385681859417973,7
12495,5.879419993367457,5.240798771117332,-0.6386212222501255,9
12496,5.879257299567854,5.240798771117332,-0.6384585284505224,2
12497,5.878825044145892,5.240798771117332,-0.6380262730285606,4
12498,5.879057280575331,5.240798771117332,-0.6382585094579998,1
12499,5.8789690334293665,5.240798771117332,-0.6381702623120349,6
12500,5.879105383582466,5.240798771117332,-0.6383066124651346,10
12501,5.768922497966383,5.968482948553935,0.19956045058755212,3
12502,6.16845245923383,5.968482948553935,-0.1999695106798951,8
12503,6.168443884540501,5.968482948553935,-0.1999609359865664,4
12504,6.047575515611338,5.968482948553935,-0.07909256705740297,5
12505,6.168073882628837,5.968482948553935,-0.19959093407490247,9
12506,6.022820759438375,5.968482948553935,-0.0543378108844399,10
12507,6.168653326747788,5.968482948553935,-0.20017037819385308,6
12508,6.168875300811607,5.968482948553935,-0.20039235225767182,1
12509,6.157730679791609,5.968482948553935,-0.1892477312376739,7
12510,6.116915832482228,6.05307844348342,-0.06383738899880775,8
12511,6.122742296524393,6.05307844348342,-0.06966385304097322,9
12512,6.198428759373086,6.05307844348342,-0.14535031588966607,1
12513,6.161956661564795,6.05307844348342,-0.10887821808137499,2
12514,6.184830499021658,6.05307844348342,-0.13175205553823766,7
12515,5.886338933853113,6.05307844348342,0.1667395096303066,5
12516,6.120650381584792,6.05307844348342,-0.06757193810137174,4
12517,6.144931104553874,6.05307844348342,-0.09185266107045376,6
12518,6.253128940623843,6.05307844348342,-0.2000504971404231,3
12519,5.829300520382843,6.008600171761918,0.17929965137907455,2
12520,5.808617753657184,6.008600171761918,0.19998241810473427,5
12521,5.808824767764334,6.008600171761918,0.19977540399758364,7
12522,5.808605267166973,6.008600171761918,0.19999490459494496,6
12523,5.808371403659257,6.008600171761918,0.20022876810266066,1
12524,5.808552072523614,6.008600171761918,0.20004809923830358,10
12525,5.808547811077399,6.008600171761918,0.20005236068451904,9
12526,5.80855184113652,6.008600171761918,0.20004833062539795,4
12527,5.80835081432194,6.008600171761918,0.2002493574399784,8
12528,6.151390692041495,4.954242509439325,-1.1971481826021702,2
12529,6.0947154347651225,4.954242509439325,-1.1404729253257972,8
12530,5.782555360522217,4.954242509439325,-0.8283128510828917,5
12531,6.068981054779663,4.954242509439325,-1.1147385453403382,9
12532,5.154071228910081,4.954242509439325,-0.19982871947075598,10
12533,6.086103899695213,4.954242509439325,-1.1318613902558878,6
12534,6.162801284645385,4.954242509439325,-1.2085587752060594,7
12535,6.257761462131061,4.954242509439325,-1.3035189526917357,3
12536,6.12714979557621,4.954242509439325,-1.1729072861368852,4
12537,6.570256638913198,6.770115294787102,0.1998586558739035,7
12538,6.570257454145663,6.770115294787102,0.19985784064143886,6
12539,6.570199737434961,6.770115294787102,0.19991555735214117,8
12540,6.570259514481973,6.770115294787102,0.1998557803051293,3
12541,6.569780505985475,6.770115294787102,0.20033478880162736,4
12542,6.5702333550450565,6.770115294787102,0.1998819397420455,5
12543,6.570268251462142,6.770115294787102,0.19984704332495973,2
12544,6.570055738263692,6.770115294787102,0.20005955652341,10
12545,6.570084146189224,6.770115294787102,0.20003114859787807,1
12546,6.218637642514906,6.418301291319746,0.19966364880483933,5
12547,6.2186139712578345,6.418301291319746,0.19968732006191114,10
12548,6.218569018145236,6.418301291319746,0.1997322731745097,4
12549,6.218464883541933,6.418301291319746,0.19983640777781275,8
12550,6.249794832234431,6.418301291319746,0.16850645908531448,6
12551,6.218207679979048,6.418301291319746,0.20009361134069792,9
12552,6.218264083738552,6.418301291319746,0.20003720758119403,2
12553,6.218111569321777,6.418301291319746,0.20018972199796892,1
12554,6.218428709419436,6.418301291319746,0.19987258190030932,3
12555,6.8218388595529635,7.0220157398177205,0.200176880264757,10
12556,6.821860715498095,7.0220157398177205,0.20015502431962595,2
12557,6.822082409073516,7.0220157398177205,0.19993333074420416,7
12558,6.821787564064755,7.0220157398177205,0.20022817575296514,9
12559,6.821780545571623,7.0220157398177205,0.2002351942460976,8
12560,6.821575913202544,7.0220157398177205,0.20043982661517656,4
12561,6.8219772393425995,7.0220157398177205,0.20003850047512106,6
12562,6.821943735270901,7.0220157398177205,0.2000720045468194,1
12563,6.8220268599271865,7.0220157398177205,0.19998887989053404,3
12564,2.379933443683615,1.9242792860618816,-0.45565415762173345,5
12565,2.3798934566455276,1.9242792860618816,-0.45561417058364606,6
12566,2.124133206858744,1.9242792860618816,-0.19985392079686237,2
12567,2.3796504847548774,1.9242792860618816,-0.4553711986929958,1
12568,2.379329575443316,1.9242792860618816,-0.4550502893814343,7
12569,2.379772310047546,1.9242792860618816,-0.45549302398566427,9
12570,2.3798049511153736,1.9242792860618816,-0.455525665053492,8
12571,2.379374042626265,1.9242792860618816,-0.4550947565643835,4
12572,2.3796647637992066,1.9242792860618816,-0.45538547773732496,3
12573,4.750667653904535,4.550228353055094,-0.20043930084944073,3
12574,4.750147984571279,4.550228353055094,-0.19991963151618464,8
12575,4.750293161792242,4.550228353055094,-0.20006480873714771,4
12576,4.75058429223767,4.550228353055094,-0.20035593918257621,2
12577,4.749952594311867,4.550228353055094,-0.19972424125677257,6
12578,4.690849118501881,4.550228353055094,-0.14062076544678703,7
12579,4.681165657744425,4.550228353055094,-0.13093730468933096,1
12580,4.750605676822767,4.550228353055094,-0.2003773237676727,10
12581,4.75062733604332,4.550228353055094,-0.20039898298822578,5
12582,6.154727736061697,6.354621218722914,0.1998934826612171,2
12583,6.154821486042064,6.354621218722914,0.19979973268085072,5
12584,6.1550682406963615,6.354621218722914,0.1995529780265528,9
12585,6.154362790640798,6.354621218722914,0.20025842808211625,3
12586,6.15434056867381,6.354621218722914,0.20028065004910456,4
12587,6.154491718798046,6.354621218722914,0.20012949992486817,6
12588,6.154906573131444,6.354621218722914,0.19971464559147023,7
12589,6.154516646112733,6.354621218722914,0.2001045726101811,1
12590,6.1547854556248,6.354621218722914,0.19983576309811468,10
12591,5.656049446035126,5.856227259455358,0.20017781342023255,3
12592,5.656585955497113,5.856227259455358,0.19964130395824498,10
12593,5.802426720508475,5.856227259455358,0.053800538946883414,7
12594,5.6566258079711185,5.856227259455358,0.1996014514842397,1
12595,5.656478331184883,5.856227259455358,0.1997489282704752,6
12596,5.6535157681389725,5.856227259455358,0.20271149131638566,9
12597,5.8023491345759455,5.856227259455358,0.05387812487941268,4
12598,5.656638194049109,5.856227259455358,0.19958906540624888,5
12599,5.670929243338058,5.856227259455358,0.1852980161172999,8
12600,6.0789828444834235,6.052936217579409,-0.026046626904014936,1
12601,6.0786921449658475,6.052936217579409,-0.025755927386438948,5
12602,5.942417229430127,6.052936217579409,0.1105189881492814,3
12603,6.078798331202001,6.052936217579409,-0.025862113622592275,8
12604,6.078715817928953,6.052936217579409,-0.025779600349544296,4
12605,6.078843559516836,6.052936217579409,-0.02590734193742783,6
12606,6.079166599333196,6.052936217579409,-0.026230381753787668,2
12607,6.0788853820362565,6.052936217579409,-0.025949164456847917,10
12608,6.078769637892243,6.052936217579409,-0.025833420312834754,7
12609,5.412343315723896,6.431363764158987,1.019020448435091,6
12610,5.788122306217011,6.431363764158987,0.6432414579419756,5
12611,5.887310468740151,6.431363764158987,0.544053295418836,4
12612,5.8957914006720795,6.431363764158987,0.5355723634869074,1
12613,5.763564248145637,6.431363764158987,0.6677995160133499,7
12614,5.897113779098542,6.431363764158987,0.5342499850604447,10
12615,5.896591471594171,6.431363764158987,0.5347722925648162,2
12616,5.896899813081474,6.431363764158987,0.5344639510775133,8
12617,5.84806553558418,6.431363764158987,0.5832982285748072,3
12618,4.925038509959293,3.982723387668545,-0.9423151222907484,1
12619,4.689510081284836,3.982723387668545,-0.7067866936162912,10
12620,4.84881129452523,3.982723387668545,-0.8660879068566856,5
12621,4.721875094361412,3.982723387668545,-0.739151706692867,6
12622,4.951893606088578,3.982723387668545,-0.9691702184200328,3
12623,4.817330656339532,3.982723387668545,-0.8346072686709873,4
12624,4.74955194454393,3.982723387668545,-0.7668285568753848,9
12625,4.478842443631494,3.982723387668545,-0.4961190559629496,8
12626,4.546200084447929,3.982723387668545,-0.5634766967793845,7
12627,3.647352327038043,3.4471580313422194,-0.2001942956958236,5
12628,3.6470322106168465,3.4471580313422194,-0.19987417927462703,10
12629,3.6474114635995996,3.4471580313422194,-0.20025343225738013,6
12630,3.6471319369622686,3.4471580313422194,-0.19997390562004913,4
12631,3.6469515581330376,3.4471580313422194,-0.1997935267908182,2
12632,3.647158340344826,3.4471580313422194,-0.2000003090026068,1
12633,3.646967445591512,3.4471580313422194,-0.19980941424929277,8
12634,3.6471787497877957,3.4471580313422194,-0.20002071844557623,9
12635,3.6471200895580087,3.4471580313422194,-0.19996205821578927,3
12636,5.146686932222282,6.563836918664545,1.4171499864422623,4
12637,5.024709500905264,6.563836918664545,1.539127417759281,1
12638,5.232860682870432,6.563836918664545,1.3309762357941128,2
12639,5.161827528297435,6.563836918664545,1.4020093903671098,10
12640,5.107849567458827,6.563836918664545,1.4559873512057173,3
12641,5.1145089062731275,6.563836918664545,1.4493280123914172,8
12642,5.0977546697267755,6.563836918664545,1.4660822489377692,5
12643,4.957711234977969,6.563836918664545,1.6061256836865754,6
12644,5.110771218408232,6.563836918664545,1.453065700256313,9
12645,4.2510687634140485,2.812913356642856,-1.4381554067711924,10
12646,4.3459066262882216,2.812913356642856,-1.5329932696453654,6
12647,4.3686208376804,2.812913356642856,-1.5557074810375435,8
12648,4.125394595828044,2.812913356642856,-1.3124812391851877,3
12649,3.6341298819653556,2.812913356642856,-0.8212165253224994,7
12650,4.33624281318356,2.812913356642856,-1.5233294565407038,4
12651,4.063460784843223,2.812913356642856,-1.2505474282003672,1
12652,4.367861344075254,2.812913356642856,-1.554947987432398,9
12653,4.368067166880941,2.812913356642856,-1.5551538102380849,5
12654,3.758836961520053,3.0791812460476247,-0.6796557154724283,3
12655,3.7587640418503625,3.0791812460476247,-0.6795827958027378,7
12656,3.7588630506790137,3.0791812460476247,-0.679681804631389,10
12657,3.7586202036014265,3.0791812460476247,-0.6794389575538018,1
12658,3.8134750409941782,3.0791812460476247,-0.7342937949465536,4
12659,3.7592005017016126,3.0791812460476247,-0.6800192556539879,9
12660,3.758978193460906,3.0791812460476247,-0.6797969474132812,6
12661,3.7589771965203265,3.0791812460476247,-0.6797959504727018,5
12662,3.759022963193474,3.0791812460476247,-0.6798417171458495,2
12663,5.356321203142925,5.556302500767287,0.1999812976243618,7
12664,5.356364502395724,5.556302500767287,0.19993799837156256,9
12665,5.356336287602561,5.556302500767287,0.19996621316472574,1
12666,5.356589435355874,5.556302500767287,0.1997130654114132,10
12667,5.35629766700754,5.556302500767287,0.20000483375974643,2
12668,5.356362005336747,5.556302500767287,0.19994049543053993,6
12669,5.35609367428086,5.556302500767287,0.2002088264864268,8
12670,5.35621382491064,5.556302500767287,0.20008867585664714,4
12671,5.356350558795274,5.556302500767287,0.19995194197201283,3
12672,4.134825285382128,4.334855689617291,0.2000304042351635,6
12673,4.1352955681886465,4.334855689617291,0.19956012142864488,8
12674,4.135176105094466,4.334855689617291,0.19967958452282542,2
12675,4.429795411490173,4.334855689617291,-0.09493972187288158,3
12676,4.134416365468107,4.334855689617291,0.2004393241491842,7
12677,4.135400550506525,4.334855689617291,0.19945513911076596,5
12678,4.135267459580746,4.334855689617291,0.1995882300365457,10
12679,4.134941894222671,4.334855689617291,0.19991379539461995,4
12680,4.134730521139991,4.334855689617291,0.20012516847730044,1
12681,2.5426983710153297,4.698970004336019,2.156271633320689,8
12682,2.5500912469064625,4.698970004336019,2.1488787574295563,6
12683,2.396733403787478,4.698970004336019,2.302236600548541,5
12684,2.466736740172711,4.698970004336019,2.2322332641633076,2
12685,2.6772703982884867,4.698970004336019,2.021699606047532,4
12686,2.782755809583379,4.698970004336019,1.9162141947526399,3
12687,2.6815716534333527,4.698970004336019,2.017398350902666,10
12688,2.365030950232194,4.698970004336019,2.333939054103825,1
12689,2.3883523188521925,4.698970004336019,2.3106176854838263,7
12690,3.8673118854134954,3.187520720836463,-0.6797911645770323,4
12691,4.055339391590829,3.187520720836463,-0.867818670754366,3
12692,3.8342143864807676,3.187520720836463,-0.6466936656443045,6
12693,3.8058317148997602,3.187520720836463,-0.6183109940632971,8
12694,3.4466644797034647,3.187520720836463,-0.2591437588670016,7
12695,3.730366552885702,3.187520720836463,-0.5428458320492391,5
12696,3.8576222348629092,3.187520720836463,-0.6701015140264461,2
12697,3.6099594545639246,3.187520720836463,-0.42243873372746155,1
12698,3.693277623754547,3.187520720836463,-0.5057569029180837,10
12699,5.548280229630783,4.167317334748176,-1.3809628948826074,9
12700,5.281945833336221,4.167317334748176,-1.1146284985880452,5
12701,5.597308301660665,4.167317334748176,-1.4299909669124897,1
12702,5.597427863187727,4.167317334748176,-1.4301105284395517,8
12703,5.46926762810251,4.167317334748176,-1.3019502933543343,6
12704,5.5968197187232285,4.167317334748176,-1.429502383975053,2
12705,5.597396257522151,4.167317334748176,-1.4300789227739754,3
12706,5.597382373767487,4.167317334748176,-1.4300650390193113,7
12707,5.597209316198105,4.167317334748176,-1.4298919814499298,4
12708,3.479712445480972,3.679427896612119,0.19971545113114741,9
12709,3.479261405703058,3.679427896612119,0.20016649090906125,4
12710,3.479347052484194,3.679427896612119,0.20008084412792515,10
12711,3.479058149131635,3.679427896612119,0.20036974748048442,2
12712,3.4791840204662017,3.679427896612119,0.20024387614591754,6
12713,3.4790862669366525,3.679427896612119,0.20034162967546676,3
12714,3.479129390827895,3.679427896612119,0.20029850578422437,5
12715,3.479308805557505,3.679427896612119,0.200119091054614,8
12716,3.47932809111591,3.679427896612119,0.2000998054962091,7
12717,0.8992156464490408,0.6989700043360189,-0.20024564211302198,3
12718,0.8990223965348587,0.6989700043360189,-0.20005239219883986,2
12719,0.8991005387421991,0.6989700043360189,-0.20013053440618023,4
12720,0.8992771598133489,0.6989700043360189,-0.20030715547733002,5
12721,0.8989177026289648,0.6989700043360189,-0.1999476982929459,6
12722,0.8986306549446734,0.6989700043360189,-0.19966065060865457,7
12723,0.8989731346880481,0.6989700043360189,-0.2000031303520292,8
12724,0.8994059870687838,0.6989700043360189,-0.20043598273276497,1
12725,0.899051530559781,0.6989700043360189,-0.20008152622376218,9
12726,4.7765464072422334,4.754883228252168,-0.021663178990065646,8
12727,4.787618150907452,4.754883228252168,-0.032734922655284215,9
12728,4.684411357566261,4.754883228252168,0.07047187068590688,2
12729,4.758508686793878,4.754883228252168,-0.003625458541709925,4
12730,4.69906206374437,4.754883228252168,0.055821164507797505,1
12731,4.730561997768463,4.754883228252168,0.024321230483704603,10
12732,4.8950098854408015,4.754883228252168,-0.1401266571886337,6
12733,4.95438446847193,4.754883228252168,-0.199501240219762,7
12734,4.584053486638045,4.754883228252168,0.17082974161412245,3
12735,3.662913129733032,2.556302500767288,-1.1066106289657438,8
12736,3.6819216927982152,2.556302500767288,-1.125619192030927,1
12737,4.006044971562018,2.556302500767288,-1.4497424707947295,2
12738,3.5793734985118277,2.556302500767288,-1.0230709977445396,10
12739,3.6135352675194237,2.556302500767288,-1.0572327667521355,6
12740,3.5872971128103925,2.556302500767288,-1.0309946120431044,4
12741,3.680652974439578,2.556302500767288,-1.12435047367229,5
12742,3.184227834342707,2.556302500767288,-0.6279253335754187,7
12743,3.44878275118024,2.556302500767288,-0.8924802504129516,3
12744,6.013413562082053,5.812913356642856,-0.2005002054391971,9
12745,6.013001980326229,5.812913356642856,-0.20008862368337343,7
12746,6.0130119190512525,5.812913356642856,-0.20009856240839685,2
12747,6.012801390089139,5.812913356642856,-0.1998880334462836,3
12748,6.013189057448436,5.812913356642856,-0.20027570080558021,6
12749,6.013413732872677,5.812913356642856,-0.20050037622982142,10
12750,6.012830471024449,5.812913356642856,-0.1999171143815932,4
12751,6.013225518801857,5.812913356642856,-0.20031216215900116,8
12752,5.613128943158715,5.812913356642856,0.19978441348414044,1
12753,5.670929243338058,5.186815124447454,-0.48411411889060396,8
12754,5.656638194049109,5.186815124447454,-0.469823069601655,5
12755,5.656049446035126,5.186815124447454,-0.4692343215876713,3
12756,5.6566258079711185,5.186815124447454,-0.4698106835236642,1
12757,5.656585955497113,5.186815124447454,-0.4697708310496589,10
12758,5.6535157681389725,5.186815124447454,-0.4667006436915182,9
12759,5.656478331184883,5.186815124447454,-0.4696632067374287,6
12760,5.386726670998724,5.186815124447454,-0.1999115465512693,2
12761,5.8023491345759455,5.186815124447454,-0.6155340101284912,4
12762,4.860326401616837,4.821513528404773,-0.0388128732120645,9
12763,4.866423322991825,4.821513528404773,-0.0449097945870518,7
12764,4.888196221771295,4.821513528404773,-0.06668269336652255,5
12765,4.81308980754279,4.821513528404773,0.008423720861983064,6
12766,4.866602601270657,4.821513528404773,-0.04508907286588393,8
12767,4.866812518672339,4.821513528404773,-0.04529899026756645,10
12768,4.747320074133133,4.821513528404773,0.07419345427164004,3
12769,4.866363179049246,4.821513528404773,-0.04484965064447355,1
12770,4.814863014020663,4.821513528404773,0.006650514384110018,4
12771,5.967350623216083,6.167317334748176,0.19996671153209267,8
12772,5.967031240759468,6.167317334748176,0.20028609398870767,7
12773,5.9673290092420475,6.167317334748176,0.1999883255061281,5
12774,5.967422909044512,6.167317334748176,0.1998944257036639,1
12775,5.967371681227585,6.167317334748176,0.19994565352059013,9
12776,5.9671813096395185,6.167317334748176,0.20013602510865702,10
12777,5.9670971943553095,6.167317334748176,0.20022014039286606,3
12778,6.0403472727860885,6.167317334748176,0.12697006196208704,6
12779,5.967438260668084,6.167317334748176,0.19987907408009153,2
12780,6.010208730836054,5.903089986991944,-0.10711874384411058,3
12781,6.02695505630575,5.903089986991944,-0.12386506931380659,10
12782,6.103236342637489,5.903089986991944,-0.20014635564554517,6
12783,6.0173106452617615,5.903089986991944,-0.11422065826981775,8
12784,6.103196590779567,5.903089986991944,-0.20010660378762335,9
12785,6.007202349336889,5.903089986991944,-0.10411236234494492,1
12786,5.835531641582242,5.903089986991944,0.06755834540970174,2
12787,5.703301173211881,5.903089986991944,0.19978881378006275,4
12788,5.946097745439333,5.903089986991944,-0.04300775844738958,5
12789,5.487414196643246,5.287129620719111,-0.20028457592413496,9
12790,5.4873969156315745,5.287129620719111,-0.20026729491246353,1
12791,5.487292140920782,5.287129620719111,-0.2001625202016708,4
12792,5.487206001473982,5.287129620719111,-0.20007638075487133,7
12793,5.48749197843675,5.287129620719111,-0.20036235771763877,2
12794,5.487251055365295,5.287129620719111,-0.20012143464618415,5
12795,5.487415271574718,5.287129620719111,-0.2002856508556068,3
12796,5.487234151678255,5.287129620719111,-0.20010453095914382,10
12797,5.487258112722516,5.287129620719111,-0.20012849200340543,8
12798,5.500373299716854,5.773069340485962,0.2726960407691079,7
12799,5.532504404651496,5.773069340485962,0.24056493583446592,9
12800,5.5731594451414725,5.773069340485962,0.1999098953444891,8
12801,5.925933903037345,5.773069340485962,-0.15286456255138337,6
12802,5.573030572869549,5.773069340485962,0.20003876761641237,10
12803,5.487312903198664,5.773069340485962,0.28575643728729805,2
12804,5.516358607795023,5.773069340485962,0.256710732690939,5
12805,5.484365862894045,5.773069340485962,0.28870347759191706,4
12806,5.518142427442285,5.773069340485962,0.25492691304367643,3
12807,5.76156800034733,5.845098040014257,0.08353003966692718,8
12808,5.707285844627847,5.845098040014257,0.13781219538640954,9
12809,5.798962176660348,5.845098040014257,0.046135863353908846,2
12810,5.708531609766751,5.845098040014257,0.13656643024750625,4
12811,5.749178459862588,5.845098040014257,0.09591958015166924,7
12812,5.767259055830806,5.845098040014257,0.07783898418345103,10
12813,5.774383101198749,5.845098040014257,0.07071493881550772,5
12814,6.045192252012187,5.845098040014257,-0.20009421199793032,6
12815,5.644930894045958,5.845098040014257,0.2001671459682992,1
12816,4.705405750270969,4.505149978319906,-0.20025577195106248,8
12817,4.705123219387306,4.505149978319906,-0.19997324106739978,5
12818,4.704933412250899,4.505149978319906,-0.19978343393099252,6
12819,4.705161651775237,4.505149978319906,-0.20001167345533055,2
12820,4.705068654789419,4.505149978319906,-0.19991867646951267,9
12821,4.704832558075652,4.505149978319906,-0.19968257975574577,7
12822,4.704915166233007,4.505149978319906,-0.19976518791310038,10
12823,4.704738278217174,4.505149978319906,-0.19958829989726734,4
12824,4.704900642860924,4.505149978319906,-0.19975066454101764,3
12825,6.688822778112443,6.889301702506311,0.2004789243938676,7
12826,6.688959668236442,6.889301702506311,0.20034203426986874,5
12827,6.689374396138051,6.889301702506311,0.1999273063682594,9
12828,6.689414413738151,6.889301702506311,0.19988728876815998,6
12829,6.68953661301502,6.889301702506311,0.19976508949129101,1
12830,6.689627477910378,6.889301702506311,0.19967422459593287,4
12831,6.6893294089528625,6.889301702506311,0.19997229355344803,2
12832,6.689374585056494,6.889301702506311,0.19992711744981673,3
12833,6.68954032929425,6.889301702506311,0.1997613732120609,10
12834,5.475215391501133,5.395850376018781,-0.07936501548235242,10
12835,5.474986457179064,5.395850376018781,-0.07913608116028303,3
12836,5.4754168309308335,5.395850376018781,-0.07956645491205272,7
12837,5.47493383121522,5.395850376018781,-0.07908345519643944,1
12838,5.475210227097504,5.395850376018781,-0.07935985107872323,5
12839,5.474773168027156,5.395850376018781,-0.07892279200837482,8
12840,5.596298268342868,5.395850376018781,-0.2004478923240871,4
12841,5.475122577913439,5.395850376018781,-0.07927220189465789,2
12842,5.475374434248802,5.395850376018781,-0.07952405823002096,6
12843,6.033337864675522,6.74154551677621,0.7082076521006879,2
12844,6.049321361668655,6.74154551677621,0.6922241551075548,10
12845,6.0034776643359535,6.74154551677621,0.7380678524402562,1
12846,6.027665231194233,6.74154551677621,0.7138802855819764,6
12847,6.055822763359593,6.74154551677621,0.6857227534166164,3
12848,6.062927480291984,6.74154551677621,0.6786180364842256,8
12849,6.025606708140203,6.74154551677621,0.7159388086360066,5
12850,6.019105950659603,6.74154551677621,0.7224395661166065,4
12851,5.551802254355221,6.74154551677621,1.189743262420989,7
12852,5.899037608834649,5.698970004336019,-0.20006760449863048,4
12853,5.869027279725505,5.698970004336019,-0.17005727538948623,3
12854,5.870966426224698,5.698970004336019,-0.17199642188867958,1
12855,5.8991047031866914,5.698970004336019,-0.2001346988506727,10
12856,5.887580397258152,5.698970004336019,-0.18861039292213366,5
12857,5.899014841671794,5.698970004336019,-0.20004483733577505,9
12858,5.899385970557339,5.698970004336019,-0.2004159662213203,6
12859,5.817576480319259,5.698970004336019,-0.11860647598324014,2
12860,5.509061447044343,5.698970004336019,0.18990855729167588,7
12861,4.045251459750128,3.845098040014257,-0.2001534197358712,10
12862,3.866040059703118,3.845098040014257,-0.020942019688861002,4
12863,3.7023170480505003,3.845098040014257,0.1427809919637566,1
12864,3.6591243401802576,3.845098040014257,0.18597369983399936,3
12865,3.9651113830221676,3.845098040014257,-0.12001334300791067,9
12866,4.045303378652575,3.845098040014257,-0.2002053386383178,7
12867,3.699900438401609,3.845098040014257,0.14519760161264772,8
12868,4.043773811018911,3.845098040014257,-0.1986757710046545,2
12869,3.759755545106546,3.845098040014257,0.08534249490771106,6
12870,3.009179726670202,2.8090544272229425,-0.20012529944725932,7
12871,3.0089146416998114,2.8090544272229425,-0.19986021447686886,3
12872,3.009582355402326,2.8090544272229425,-0.2005279281793837,5
12873,3.0094413069101544,2.8090544272229425,-0.20038687968721192,8
12874,3.0092318763217545,2.8090544272229425,-0.20017744909881197,1
12875,3.009322507836385,2.8090544272229425,-0.20026808061344248,4
12876,3.008926961669742,2.8090544272229425,-0.1998725344467993,9
12877,3.0091383626816506,2.8090544272229425,-0.20008393545870806,2
12878,3.009303727387401,2.8090544272229425,-0.20024930016445852,6
12879,2.7051711295647727,2.505149978319906,-0.20002115124486686,1
12880,2.7048194674156125,2.505149978319906,-0.1996694890957067,5
12881,2.705063621643346,2.505149978319906,-0.1999136433234403,9
12882,2.7055360004932374,2.505149978319906,-0.20038602217333157,8
12883,2.7056415646301195,2.505149978319906,-0.2004915863102137,6
12884,2.7052720471866003,2.505149978319906,-0.20012206886669448,2
12885,2.705240240980942,2.505149978319906,-0.20009026266103636,10
12886,2.7051085066833194,2.505149978319906,-0.19995852836341355,3
12887,2.704890623598402,2.505149978319906,-0.19974064527849622,4
12888,3.6476438415735966,3.4471580313422194,-0.20048581023137713,10
12889,3.60212652028411,3.4471580313422194,-0.15496848894189075,5
12890,3.6474234441770905,3.4471580313422194,-0.2002654128348711,2
12891,3.5677321072892068,3.4471580313422194,-0.12057407594698732,8
12892,3.579420699197505,3.4471580313422194,-0.13226266785528562,3
12893,3.5558575545068494,3.4471580313422194,-0.10869952316462994,1
12894,3.374189330791498,3.4471580313422194,0.07296870055072135,6
12895,3.6468298775349686,3.4471580313422194,-0.19967184619274914,4
12896,3.646929816367993,3.4471580313422194,-0.19977178502577342,7
12897,1.9996798812203171,1.7993405494535817,-0.20033933176673546,7
12898,1.9993619029278982,1.7993405494535817,-0.2000213534743165,9
12899,1.9993667730244744,1.7993405494535817,-0.20002622357089272,6
12900,1.998995154624955,1.7993405494535817,-0.19965460517137323,2
12901,1.9994160819927274,1.7993405494535817,-0.20007553253914567,10
12902,1.9993600135093739,1.7993405494535817,-0.20001946405579218,5
12903,1.999428635963456,1.7993405494535817,-0.20008808650987442,3
12904,1.999111805159512,1.7993405494535817,-0.19977125570593035,8
12905,1.9991235495510913,1.7993405494535817,-0.1997830000975096,1
12906,3.5095409276284535,3.322219294733919,-0.1873216328945344,6
12907,3.5224190133238533,3.322219294733919,-0.20019971858993424,2
12908,3.5224890776180264,3.322219294733919,-0.20026978288410735,10
12909,3.522498259414763,3.322219294733919,-0.20027896468084405,5
12910,3.5222478022598365,3.322219294733919,-0.2000285075259174,1
12911,3.5220934683481584,3.322219294733919,-0.19987417361423931,4
12912,3.12209159726831,3.322219294733919,0.200127697465609,7
12913,3.522375572180274,3.322219294733919,-0.200156277446355,8
12914,3.5226370118315717,3.322219294733919,-0.20041771709765266,3
12915,1.7587407773207637,1.5587085705331658,-0.20003220678759792,1
12916,1.7591089540156646,1.5587085705331658,-0.20040038348249878,5
12917,1.758684504119664,1.5587085705331658,-0.19997593358649812,7
12918,1.7590799659042777,1.5587085705331658,-0.20037139537111193,9
12919,1.7587069416522612,1.5587085705331658,-0.19999837111909535,10
12920,1.7585788689721809,1.5587085705331658,-0.19987029843901505,8
12921,1.7589224382364321,1.5587085705331658,-0.20021386770326632,3
12922,1.758818021236626,1.5587085705331658,-0.2001094507034602,6
12923,1.7587107223690945,1.5587085705331658,-0.20000215183592873,4
12924,5.5533214077732636,5.434568904034199,-0.11875250373906443,10
12925,5.593885644004953,5.434568904034199,-0.15931673997075357,7
12926,5.487422216120818,5.434568904034199,-0.05285331208661859,3
12927,5.63440130374484,5.434568904034199,-0.19983239971064126,1
12928,5.469416740919497,5.434568904034199,-0.03484783688529802,2
12929,5.4584142771872175,5.434568904034199,-0.02384537315301838,6
12930,5.520590367874713,5.434568904034199,-0.08602146384051412,4
12931,5.554602782862043,5.434568904034199,-0.12003387882784367,9
12932,5.485744075878698,5.434568904034199,-0.05117517184449927,8
12933,5.726661578709892,5.926856708949693,0.20019513023980107,9
12934,5.726570098268178,5.926856708949693,0.20028661068151443,8
12935,5.7269119425377335,5.926856708949693,0.19994476641195913,6
12936,5.726873458541948,5.926856708949693,0.19998325040774478,7
12937,5.726826331158402,5.926856708949693,0.20003037779129063,2
12938,5.726916737979241,5.926856708949693,0.19993997097045124,1
12939,5.727047301087632,5.926856708949693,0.1998094078620607,3
12940,5.726640319470446,5.926856708949693,0.20021638947924636,5
12941,5.726832110158096,5.926856708949693,0.20002459879159673,4
12942,5.701445481714453,5.8750612633917,0.17361578167724723,4
12943,5.675125822718862,5.8750612633917,0.19993544067283775,10
12944,5.681201143757684,5.8750612633917,0.1938601196340164,5
12945,5.876982079554573,5.8750612633917,-0.0019208161628725406,7
12946,5.730872156710873,5.8750612633917,0.14418910668082674,9
12947,5.6752505631429555,5.8750612633917,0.1998107002487446,8
12948,5.691284465680062,5.8750612633917,0.18377679771163802,3
12949,5.674860770894328,5.8750612633917,0.20020049249737237,6
12950,5.830670584020526,5.8750612633917,0.04439067937117436,1
12951,6.173327403538794,6.237040791379191,0.06371338784039704,8
12952,6.193884986467366,6.237040791379191,0.0431558049118248,10
12953,6.037088283892537,6.237040791379191,0.19995250748665416,4
12954,6.189341375853383,6.237040791379191,0.04769941552580814,9
12955,6.273204331320186,6.237040791379191,-0.03616353994099519,7
12956,6.165282191533833,6.237040791379191,0.07175859984535826,3
12957,6.162773890965026,6.237040791379191,0.07426690041416517,2
12958,6.306963128323043,6.237040791379191,-0.06992233694385241,6
12959,6.037059618192128,6.237040791379191,0.1999811731870631,1
12960,6.0789724697954775,5.990782691803138,-0.08818977799233974,1
12961,6.078926669133061,5.990782691803138,-0.0881439773299233,8
12962,6.079015943441792,5.990782691803138,-0.08823325163865459,2
12963,6.078947823841701,5.990782691803138,-0.08816513203856324,10
12964,6.0789762719091485,5.990782691803138,-0.08819358010601075,4
12965,5.907104242051542,5.990782691803138,0.08367844975159588,6
12966,6.078791801716404,5.990782691803138,-0.08800910991326649,3
12967,6.078962206749793,5.990782691803138,-0.08817951494665532,7
12968,6.078894365733151,5.990782691803138,-0.08811167393001362,5
12969,6.246796254847173,6.447158031342219,0.20036177649504605,9
12970,6.247169340952341,6.447158031342219,0.199988690389878,4
12971,6.246892070833156,6.447158031342219,0.2002659605090633,6
12972,6.247137588751917,6.447158031342219,0.2000204425903025,7
12973,6.247360637979741,6.447158031342219,0.19979739336247881,1
12974,6.247117932844128,6.447158031342219,0.200040098498091,5
12975,6.247293471549877,6.447158031342219,0.19986455979234208,10
12976,6.246998317396439,6.447158031342219,0.20015971394578003,2
12977,6.247298502721848,6.447158031342219,0.19985952862037148,8
12978,6.057960618386398,6.2576785748691846,0.1997179564827869,2
12979,6.057535750491172,6.2576785748691846,0.20014282437801256,6
12980,6.057428455722689,6.2576785748691846,0.20025011914649582,8
12981,6.058030096774426,6.2576785748691846,0.19964847809475827,3
12982,6.057591087629826,6.2576785748691846,0.20008748723935899,1
12983,6.057716645688307,6.2576785748691846,0.19996192918087718,10
12984,6.057681974729664,6.2576785748691846,0.1999966001395208,7
12985,6.057595592947879,6.2576785748691846,0.20008298192130525,5
12986,6.0578733342107665,6.2576785748691846,0.1998052406584181,4
12987,6.45337958744482,6.653212513775344,0.19983292633052407,3
12988,6.453669996329818,6.653212513775344,0.19954251744552565,9
12989,6.45368422435363,6.653212513775344,0.19952828942171408,2
12990,6.453176277107392,6.653212513775344,0.20003623666795178,8
12991,6.453511793710545,6.653212513775344,0.1997007200647989,5
12992,6.45354499987638,6.653212513775344,0.1996675138989641,10
12993,6.453642426748794,6.653212513775344,0.19957008702655,4
12994,6.4529252333323965,6.653212513775344,0.2002872804429474,7
12995,6.4532430319094765,6.653212513775344,0.1999694818658675,1
12996,6.364187911207124,6.2552725051033065,-0.10891540610381778,10
12997,6.450353828848828,6.2552725051033065,-0.19508132374552112,6
12998,6.3557739319620445,6.2552725051033065,-0.10050142685873809,3
12999,6.396446482764531,6.2552725051033065,-0.1411739776612242,5
13000,6.4209995181654955,6.2552725051033065,-0.16572701306218907,1
13001,6.432034022450673,6.2552725051033065,-0.17676151734736667,7
13002,6.4553116967668975,6.2552725051033065,-0.20003919166359108,9
13003,6.37753172881188,6.2552725051033065,-0.12225922370857312,2
13004,6.0649257983564695,6.2552725051033065,0.19034670674683696,4
13005,6.731476432428178,6.531478917042255,-0.19999751538592303,3
13006,6.731141408921447,6.531478917042255,-0.1996624918791916,8
13007,6.731512048086444,6.531478917042255,-0.2000331310441883,2
13008,6.731219905925498,6.531478917042255,-0.1997409888832422,7
13009,6.331746941846103,6.531478917042255,0.19973197519615216,4
13010,6.731453703131331,6.531478917042255,-0.1999747860890757,1
13011,6.731475669903362,6.531478917042255,-0.1999967528611064,6
13012,6.731337616063711,6.531478917042255,-0.1998586990214557,5
13013,6.731098901740609,6.531478917042255,-0.1996199846983533,10
13014,3.50113209649143,3.3010299956639813,-0.20010210082744884,8
13015,3.5008895621884304,3.3010299956639813,-0.19985956652444914,3
13016,3.5009874929878806,3.3010299956639813,-0.19995749732389934,5
13017,3.500752550548885,3.3010299956639813,-0.19972255488490376,9
13018,3.5011275018659167,3.3010299956639813,-0.20009750620193545,2
13019,3.501074658959677,3.3010299956639813,-0.2000446632956958,10
13020,3.500715927107285,3.3010299956639813,-0.19968593144330393,4
13021,3.50094142386192,3.3010299956639813,-0.1999114281979386,1
13022,3.501202400095002,3.3010299956639813,-0.2001724044310209,6
13023,5.501227487919199,5.301029995663981,-0.2001974922552181,9
13024,5.5011597423649965,5.301029995663981,-0.20012974670101524,2
13025,5.433420681745688,5.301029995663981,-0.132390686081707,3
13026,5.501275908537206,5.301029995663981,-0.2002459128732248,1
13027,5.351866283677607,5.301029995663981,-0.05083628801362572,7
13028,5.465782446819982,5.301029995663981,-0.16475245115600057,8
13029,5.457031062274038,5.301029995663981,-0.15600106661005686,5
13030,5.496958354889293,5.301029995663981,-0.19592835922531204,4
13031,5.198837582437756,5.301029995663981,0.1021924132262253,10
13032,6.1989243069606115,6.230448921378274,0.03152461441766263,5
13033,6.029986911843909,6.230448921378274,0.20046200953436522,10
13034,6.199144927416219,6.230448921378274,0.03130399396205519,9
13035,6.19949255220744,6.230448921378274,0.030956369170834108,8
13036,6.1995105464548335,6.230448921378274,0.030938374923440648,6
13037,6.198948378851245,6.230448921378274,0.03150054252702894,4
13038,6.1991137140093295,6.230448921378274,0.03133520736894457,3
13039,6.19874960520442,6.230448921378274,0.03169931617385391,7
13040,6.19892089889579,6.230448921378274,0.0315280224824841,2
13041,6.1406482023480295,6.340444114840119,0.19979591249208983,1
13042,6.140338219709757,6.340444114840119,0.20010589513036248,4
13043,6.140462701196897,6.340444114840119,0.19998141364322208,7
13044,6.140617278451489,6.340444114840119,0.1998268363886302,5
13045,6.140609045155812,6.340444114840119,0.19983506968430742,6
13046,6.14034868310066,6.340444114840119,0.20009543173945943,10
13047,6.140798791349961,6.340444114840119,0.1996453234901585,2
13048,6.140692674359721,6.340444114840119,0.19975144048039795,9
13049,6.140569437730954,6.340444114840119,0.1998746771091655,8
13050,6.245485929494689,6.3979400086720375,0.15245407917734877,1
13051,6.21433600561645,6.3979400086720375,0.18360400305558766,10
13052,6.197763274241103,6.3979400086720375,0.20017673443093464,2
13053,6.35916641912467,6.3979400086720375,0.038773589547367315,9
13054,6.243426610688138,6.3979400086720375,0.15451339798389974,4
13055,6.26681834061737,6.3979400086720375,0.13112166805466785,3
13056,6.268334531907048,6.3979400086720375,0.1296054767649899,5
13057,6.198129365098828,6.3979400086720375,0.1998106435732092,8
13058,6.267666060111411,6.3979400086720375,0.13027394856062635,7
13059,4.54676225847655,4.346744054604849,-0.20001820387170088,2
13060,4.546784183786551,4.346744054604849,-0.20004012918170222,1
13061,4.547060359354864,4.346744054604849,-0.20031630475001538,3
13062,4.54675860746298,4.346744054604849,-0.2000145528581312,8
13063,4.54708297753971,4.346744054604849,-0.20033892293486133,9
13064,4.546626827336792,4.346744054604849,-0.199882772731943,5
13065,4.546696996010701,4.346744054604849,-0.1999529414058525,7
13066,4.546954977639001,4.346744054604849,-0.20021092303415244,4
13067,4.546933204063372,4.346744054604849,-0.20018914945852284,6
13068,5.895786389988426,6.079181246047625,0.18339485605919936,6
13069,6.074500175809068,6.079181246047625,0.004681070238556906,7
13070,6.0303150618263555,6.079181246047625,0.04886618422126965,1
13071,6.099958521824783,6.079181246047625,-0.020777275777158266,10
13072,6.038424480603952,6.079181246047625,0.040756765443672904,2
13073,6.051950738981724,6.079181246047625,0.02723050706590069,9
13074,6.068506838168858,6.079181246047625,0.010674407878767056,8
13075,6.071142531045475,6.079181246047625,0.008038715002149921,3
13076,6.075638114399062,6.079181246047625,0.0035431316485627917,4
13077,6.101128752349503,6.301029995663981,0.19990124331447845,3
13078,6.201074170718777,6.301029995663981,0.09995582494520416,7
13079,6.1451473547366335,6.301029995663981,0.15588264092734772,1
13080,6.10097998255402,6.301029995663981,0.20005001310996118,10
13081,6.101194274607222,6.301029995663981,0.1998357210567594,8
13082,6.100923341794552,6.301029995663981,0.2001066538694296,6
13083,6.101187057152471,6.301029995663981,0.19984293851151058,2
13084,6.276063768881217,6.301029995663981,0.024966226782764167,9
13085,6.102042722488216,6.301029995663981,0.19898727317576537,4
13086,6.422942367594372,6.623249290397901,0.20030692280352902,10
13087,6.423012083287125,6.623249290397901,0.20023720711077608,2
13088,6.422892354600348,6.623249290397901,0.20035693579755254,3
13089,6.423427182376517,6.623249290397901,0.199822108021384,6
13090,6.423090165507759,6.623249290397901,0.20015912489014198,1
13091,6.422873615291026,6.623249290397901,0.2003756751068746,4
13092,6.4230892528827415,6.623249290397901,0.20016003751515932,7
13093,6.4230875106734,6.623249290397901,0.20016177972450055,5
13094,6.423045272346815,6.623249290397901,0.20020401805108534,9
13095,6.369464295470793,6.531478917042255,0.16201462157146196,2
13096,6.4085042190676385,6.531478917042255,0.12297469797461691,3
13097,6.3340067988117585,6.531478917042255,0.19747211823049682,5
13098,6.379674100492467,6.531478917042255,0.15180481654978806,9
13099,6.473501721819932,6.531478917042255,0.05797719522232292,7
13100,6.4666799050065675,6.531478917042255,0.06479901203568783,10
13101,6.391845785051321,6.531478917042255,0.13963313199093452,6
13102,6.36911859533135,6.531478917042255,0.16236032171090553,1
13103,6.331298031883295,6.531478917042255,0.20018088515895993,8
13104,5.058651799332049,4.352182518111363,-0.7064692812206861,10
13105,5.070465260076308,4.352182518111363,-0.7182827419649449,4
13106,4.676011514647168,4.352182518111363,-0.32382899653580566,2
13107,4.953630116103983,4.352182518111363,-0.6014475979926202,6
13108,5.0667298761803075,4.352182518111363,-0.7145473580689448,1
13109,4.9966886505163846,4.352182518111363,-0.6445061324050219,5
13110,5.13627036161509,4.352182518111363,-0.7840878435037277,7
13111,5.008370360286927,4.352182518111363,-0.656187842175564,3
13112,5.319757797572031,4.352182518111363,-0.967575279460668,9
13113,5.970182400422638,6.1702617153949575,0.2000793149723199,2
13114,5.9702260141464984,6.1702617153949575,0.20003570124845904,10
13115,5.970280218211377,6.1702617153949575,0.19998149718358071,1
13116,5.9703250718734635,6.1702617153949575,0.19993664352149398,4
13117,5.970132559090404,6.1702617153949575,0.20012915630455375,3
13118,5.970433409810811,6.1702617153949575,0.19982830558414655,8
13119,5.970066385378943,6.1702617153949575,0.20019533001601442,9
13120,5.970173273485022,6.1702617153949575,0.20008844190993536,5
13121,5.970190174471166,6.1702617153949575,0.20007154092379142,7
13122,6.331515169312779,6.531478917042255,0.199963747729476,2
13123,6.331686422443128,6.531478917042255,0.1997924945991274,4
13124,6.331233338060502,6.531478917042255,0.200245578981753,5
13125,6.331433968520477,6.531478917042255,0.20004494852177857,9
13126,6.331156113327856,6.531478917042255,0.20032280371439892,10
13127,6.331372727094614,6.531478917042255,0.2001061899476415,7
13128,6.331642488376066,6.531478917042255,0.19983642866618911,3
13129,6.331614947313669,6.531478917042255,0.199863969728586,1
13130,6.331452436658101,6.531478917042255,0.20002648038415405,6
13131,6.158535874255942,6.358886204405869,0.2003503301499272,7
13132,6.158770349291007,6.358886204405869,0.20011585511486185,4
13133,6.159283985301663,6.358886204405869,0.1996022191042064,2
13134,6.1592381442672375,6.358886204405869,0.19964806013863168,3
13135,6.158956673963353,6.358886204405869,0.1999295304425166,5
13136,6.159234447338591,6.358886204405869,0.19965175706727845,6
13137,6.159048352587304,6.358886204405869,0.1998378518185655,8
13138,6.158644407187752,6.358886204405869,0.2002417972181174,1
13139,6.159159927617973,6.358886204405869,0.19972627678789578,9
13140,5.15650028878677,4.314288660947498,-0.842211627839272,6
13141,5.302853637138842,4.314288660947498,-0.988564976191344,1
13142,5.276421463833326,4.314288660947498,-0.9621328028858285,4
13143,5.303877444169645,4.314288660947498,-0.989588783222147,8
13144,5.297369828316194,4.314288660947498,-0.9830811673686961,10
13145,5.273161940685824,4.314288660947498,-0.9588732797383264,5
13146,5.251703009364569,4.314288660947498,-0.9374143484170707,3
13147,5.309137283097163,4.314288660947498,-0.9948486221496653,2
13148,5.261223148777079,4.314288660947498,-0.9469344878295809,7
13149,5.976137655628852,6.176091259055681,0.19995360342682922,1
13150,5.976373174251795,6.176091259055681,0.19971808480388642,5
13151,5.976266335829998,6.176091259055681,0.19982492322568302,10
13152,5.976044347172766,6.176091259055681,0.20004691188291535,7
13153,5.976439222012153,6.176091259055681,0.19965203704352863,3
13154,5.976007863096959,6.176091259055681,0.20008339595872204,4
13155,5.976401019978185,6.176091259055681,0.19969023907749595,9
13156,5.976484901853703,6.176091259055681,0.1996063572019784,6
13157,5.976497904404128,6.176091259055681,0.1995933546515536,2
13158,6.291472689578334,6.091315159697223,-0.20015752988111046,3
13159,5.891692777629386,6.091315159697223,0.19962238206783756,5
13160,6.291233737380518,6.091315159697223,-0.19991857768329435,9
13161,6.291372667039354,6.091315159697223,-0.20005750734213112,2
13162,6.326996606273992,6.091315159697223,-0.23568144657676893,10
13163,6.291202732821669,6.091315159697223,-0.19988757312444605,8
13164,6.29124438667201,6.091315159697223,-0.19992922697478654,1
13165,6.291352826337131,6.091315159697223,-0.20003766663990774,6
13166,6.291523425757821,6.091315159697223,-0.2002082660605975,7
13167,6.086262454716822,6.286456469746983,0.20019401503016088,6
13168,6.0864364060836085,6.286456469746983,0.20002006366337444,5
13169,6.086147774926034,6.286456469746983,0.20030869482094893,3
13170,6.086747544638895,6.286456469746983,0.19970892510808813,9
13171,6.086372913738095,6.286456469746983,0.20008355600888805,4
13172,6.086202373113467,6.286456469746983,0.20025409663351557,8
13173,6.086541403986703,6.286456469746983,0.19991506576027973,7
13174,6.288272839747554,6.286456469746983,-0.0018163700005713324,10
13175,6.086363497565042,6.286456469746983,0.2000929721819409,2
13176,6.3785994917778295,6.913813852383717,0.5352143606058872,7
13177,6.496004209649184,6.913813852383717,0.41780964273453236,2
13178,6.352871114112206,6.913813852383717,0.5609427382715104,9
13179,6.390464465212338,6.913813852383717,0.523349387171379,3
13180,6.359557661738145,6.913813852383717,0.5542561906455719,1
13181,6.7138451749870285,6.913813852383717,0.19996867739668822,10
13182,6.345640337721136,6.913813852383717,0.5681735146625808,6
13183,6.204861809639727,6.913813852383717,0.7089520427439897,5
13184,6.370380261380543,6.913813852383717,0.5434335910031738,8
13185,5.633780407481398,5.433321711630784,-0.20045869585061382,1
13186,5.633749405776112,5.433321711630784,-0.20042769414532824,3
13187,5.6330033621932785,5.433321711630784,-0.19968165056249454,8
13188,5.633590761369577,5.433321711630784,-0.20026904973879311,5
13189,5.633429185039255,5.433321711630784,-0.20010747340847068,6
13190,5.6333417636741645,5.433321711630784,-0.20002005204338058,10
13191,5.633757933756948,5.433321711630784,-0.2004362221261644,7
13192,5.2330372475076965,5.433321711630784,0.20028446412308742,4
13193,5.632903174373885,5.433321711630784,-0.19958146274310096,9
13194,6.108779997884058,6.308991029000164,0.2002110311161056,10
13195,6.109042943819552,6.308991029000164,0.1999480851806119,1
13196,6.109170261714178,6.308991029000164,0.19982076728598575,6
13197,6.109027453595989,6.308991029000164,0.19996357540417442,9
13198,6.108899108890689,6.308991029000164,0.2000919201094744,2
13199,6.109005729921097,6.308991029000164,0.19998529907906715,7
13200,6.108838146169328,6.308991029000164,0.2001528828308361,3
13201,6.109083262968103,6.308991029000164,0.1999077660320605,4
13202,6.109110911838277,6.308991029000164,0.1998801171618867,8
13203,5.318192101922208,5.361727836017593,0.043535734095384804,4
13204,5.318567058716065,5.361727836017593,0.04316077730152834,1
13205,5.318443545698799,5.361727836017593,0.04328429031879377,5
13206,5.3186061494759995,5.361727836017593,0.04312168654159354,3
13207,5.1613184293236305,5.361727836017593,0.20040940669396257,10
13208,5.31853646189332,5.361727836017593,0.043191374124273096,7
13209,5.3180897653785975,5.361727836017593,0.04363807063899561,9
13210,5.318200869976348,5.361727836017593,0.043526966041245174,8
13211,5.3183221711397115,5.361727836017593,0.043405664877881556,6
13212,4.295529192923712,4.095518042323151,-0.2000111506005604,2
13213,4.295359280018479,4.095518042323151,-0.19984123769532758,1
13214,4.29523623654655,4.095518042323151,-0.19971819422339898,7
13215,4.295876402493832,4.095518042323151,-0.20035836017068043,9
13216,4.295561835940999,4.095518042323151,-0.20004379361784785,8
13217,4.295219160106126,4.095518042323151,-0.1997011177829746,10
13218,4.295662057453904,4.095518042323151,-0.20014401513075253,4
13219,4.29574488080063,4.095518042323151,-0.20022683847747835,6
13220,4.295582395825042,4.095518042323151,-0.20006435350189022,3
13221,6.343910155252936,6.544068044350276,0.20015788909733967,6
13222,6.344228736543012,6.544068044350276,0.199839307807264,2
13223,6.343978571331621,6.544068044350276,0.20008947301865465,5
13224,6.343988752826501,6.544068044350276,0.20007929152377457,1
13225,6.343691857989102,6.544068044350276,0.20037618636117394,10
13226,6.344157196384138,6.544068044350276,0.19991084796613734,4
13227,6.343815844174911,6.544068044350276,0.20025220017536505,8
13228,6.343811356164409,6.544068044350276,0.20025668818586695,9
13229,6.344160782181579,6.544068044350276,0.19990726216869703,3
13230,6.379949229060205,6.57978359661681,0.19983436755660478,6
13231,6.379704653003399,6.57978359661681,0.20007894361341094,10
13232,6.379704181865823,6.57978359661681,0.200079414750987,9
13233,6.3797137224534275,6.57978359661681,0.20006987416338262,2
13234,6.380137321459898,6.57978359661681,0.1996462751569119,3
13235,6.379844468833493,6.57978359661681,0.1999391277833169,1
13236,6.379724918077838,6.57978359661681,0.20005867853897197,5
13237,6.379589709566755,6.57978359661681,0.20019388705005525,8
13238,6.379789661335816,6.57978359661681,0.19999393528099407,4
13239,2.8971322033358295,2.6972293427597176,-0.19990286057611195,7
13240,2.8969657077908244,2.6972293427597176,-0.1997363650311068,6
13241,2.8968456694347147,2.6972293427597176,-0.19961632667499707,2
13242,2.897424355474244,2.6972293427597176,-0.20019501271452622,5
13243,2.8976457776337345,2.6972293427597176,-0.20041643487401695,8
13244,2.8973916601752165,2.6972293427597176,-0.20016231741549895,4
13245,2.897358240573732,2.6972293427597176,-0.20012889781401455,10
13246,2.897013405327491,2.6972293427597176,-0.19978406256777337,3
13247,2.897336281558173,2.6972293427597176,-0.2001069387984553,1
13248,4.927125281323824,4.746322765089953,-0.18080251623387067,8
13249,4.946468359033335,4.746322765089953,-0.2001455939433816,7
13250,4.945927076568959,4.746322765089953,-0.19960431147900604,9
13251,4.892602506223049,4.746322765089953,-0.14627974113309605,4
13252,4.946564845861026,4.746322765089953,-0.20024208077107275,2
13253,4.946700872827326,4.746322765089953,-0.20037810773737252,1
13254,4.946575362575478,4.746322765089953,-0.20025259748552493,10
13255,4.946057741823062,4.746322765089953,-0.19973497673310892,6
13256,4.946617494106292,4.746322765089953,-0.20029472901633838,3
13257,6.091683727632995,6.291391053078407,0.19970732544541203,7
13258,6.091242475455699,6.291391053078407,0.20014857762270832,2
13259,6.09170809764422,6.291391053078407,0.19968295543418701,8
13260,6.091566254409026,6.291391053078407,0.19982479866938174,3
13261,6.091529489986536,6.291391053078407,0.1998615630918712,5
13262,6.091461133409173,6.291391053078407,0.19992991966923412,10
13263,6.091465038388197,6.291391053078407,0.19992601469021043,1
13264,6.09131450036082,6.291391053078407,0.2000765527175874,6
13265,6.091120199163685,6.291391053078407,0.20027085391472266,9
13266,6.083586919878341,6.747411807886423,0.6638248880080821,1
13267,6.1655990350600325,6.747411807886423,0.5818127728263907,8
13268,6.1898766276899115,6.747411807886423,0.5575351801965116,3
13269,6.1656951830481574,6.747411807886423,0.5817166248382657,6
13270,6.196740691886909,6.747411807886423,0.5506711159995143,5
13271,6.121234785497192,6.747411807886423,0.6261770223892311,4
13272,6.089927608727995,6.747411807886423,0.6574841991584277,7
13273,6.050052031767557,6.747411807886423,0.6973597761188666,2
13274,5.842149025260956,6.747411807886423,0.9052627826254671,10
13275,6.4128884794010155,6.491361693834273,0.07847321443325761,4
13276,6.412753488424926,6.491361693834273,0.07860820540934732,6
13277,6.413046459480915,6.491361693834273,0.07831523435335797,3
13278,6.691046891080198,6.491361693834273,-0.19968519724592504,9
13279,6.291279721868984,6.491361693834273,0.20008197196528865,8
13280,6.412828549506897,6.491361693834273,0.07853314432737601,7
13281,6.335021379866058,6.491361693834273,0.15634031396821513,5
13282,6.448393225575994,6.491361693834273,0.04296846825827938,2
13283,6.412593833748937,6.491361693834273,0.07876786008533632,10
13284,6.282569808949404,6.113943352306837,-0.16862645664256704,3
13285,6.283733247563281,6.113943352306837,-0.16978989525644383,8
13286,6.215254913958511,6.113943352306837,-0.10131156165167443,10
13287,6.242024219462907,6.113943352306837,-0.12808086715607025,4
13288,6.314007753148857,6.113943352306837,-0.20006440084202026,5
13289,6.13919650498494,6.113943352306837,-0.02525315267810324,2
13290,6.203428822757105,6.113943352306837,-0.08948547045026789,7
13291,6.313970917569566,6.113943352306837,-0.20002756526272947,9
13292,6.21190242007606,6.113943352306837,-0.09795906776922347,1
13293,5.896591471594171,6.096910013008056,0.2003185414138855,2
13294,5.897113779098542,6.096910013008056,0.19979623390951406,10
13295,5.515903311518479,6.096910013008056,0.581006701489577,9
13296,5.788122306217011,6.096910013008056,0.30878770679104495,5
13297,5.8957914006720795,6.096910013008056,0.20111861233597672,1
13298,5.887310468740151,6.096910013008056,0.20959954426790528,4
13299,5.84806553558418,6.096910013008056,0.2488444774238765,3
13300,5.896899813081474,6.096910013008056,0.20001019992658264,8
13301,5.763564248145637,6.096910013008056,0.3333457648624192,7
13302,4.005175374785569,3.804820678721162,-0.20035469606440737,8
13303,4.005018396135926,3.804820678721162,-0.20019771741476378,4
13304,4.004730345442183,3.804820678721162,-0.19990966672102095,9
13305,4.004992181105656,3.804820678721162,-0.20017150238449455,3
13306,4.005063509352129,3.804820678721162,-0.20024283063096737,6
13307,4.004781117638256,3.804820678721162,-0.19996043891709414,7
13308,4.004714819512698,3.804820678721162,-0.19989414079153578,2
13309,4.00476505732806,3.804820678721162,-0.19994437860689862,1
13310,4.004673779947184,3.804820678721162,-0.19985310122602185,5
13311,5.279400654548801,5.079181246047625,-0.2002194085011757,6
13312,4.878834255893687,5.079181246047625,0.2003469901539381,1
13313,4.878858479155268,5.079181246047625,0.2003227668923575,9
13314,4.879194875604842,5.079181246047625,0.1999863704427831,5
13315,5.279475523808667,5.079181246047625,-0.20029427776104214,10
13316,4.879356120785536,5.079181246047625,0.1998251252620893,3
13317,4.879377363072014,5.079181246047625,0.19980388297561102,4
13318,4.878757394876515,5.079181246047625,0.20042385117111028,8
13319,4.878766916156762,5.079181246047625,0.20041432989086339,2
13320,2.4199957585087755,2.220108088040055,-0.19988767046872047,1
13321,2.420117129556998,2.220108088040055,-0.20000904151694288,5
13322,2.4202543097781537,2.220108088040055,-0.2001462217380987,3
13323,2.4203326683787623,2.220108088040055,-0.20022458033870727,4
13324,2.419836531663447,2.220108088040055,-0.19972844362339215,9
13325,2.4201553741961144,2.220108088040055,-0.20004728615605938,10
13326,2.419995799530578,2.220108088040055,-0.19988771149052287,7
13327,2.41985436021209,2.220108088040055,-0.1997462721720349,8
13328,2.4198677442905434,2.220108088040055,-0.19975965625048842,2
13329,5.1056583742857065,4.850646235183066,-0.2550121391026403,2
13330,5.078925347409975,4.850646235183066,-0.22827911222690922,4
13331,5.315206925834871,4.850646235183066,-0.4645606906518047,7
13332,5.222133610529691,4.850646235183066,-0.371487375346625,8
13333,5.187042432079915,4.850646235183066,-0.33639619689684874,6
13334,5.168046942895149,4.850646235183066,-0.31740070771208284,1
13335,5.050643635559458,4.850646235183066,-0.19999740037639224,5
13336,5.3629081093859465,4.850646235183066,-0.5122618742028804,3
13337,5.050429286874289,4.850646235183066,-0.1997830516912229,10
13338,5.845130710225582,6.045322978786658,0.20019226856107597,5
13339,5.8452265072999845,6.045322978786658,0.2000964714866731,9
13340,5.845294833607433,6.045322978786658,0.20002814517922474,2
13341,5.845131086887061,6.045322978786658,0.20019189189959619,7
13342,5.845018798114614,6.045322978786658,0.20030418067204359,6
13343,5.8451071761935145,6.045322978786658,0.2002158025931431,4
13344,5.845044903445998,6.045322978786658,0.2002780753406599,8
13345,5.845253687045486,6.045322978786658,0.20006929174117172,3
13346,5.845210870392337,6.045322978786658,0.20011210839432092,1
13347,6.101001437700154,5.791690649020118,-0.3093107886800359,3
13348,6.100749178550968,5.791690649020118,-0.30905852953085056,4
13349,5.991450873310102,5.791690649020118,-0.1997602242899843,8
13350,6.100946273572953,5.791690649020118,-0.3092556245528355,9
13351,6.100715047745751,5.791690649020118,-0.3090243987256329,6
13352,6.101326233910741,5.791690649020118,-0.30963558489062315,10
13353,6.101081243048218,5.791690649020118,-0.3093905940281001,2
13354,6.1010244147448685,5.791690649020118,-0.3093337657247508,1
13355,6.100828060180762,5.791690649020118,-0.30913741116064397,7
13356,5.3557967489761715,5.155609283678915,-0.2001874652972564,1
13357,5.058361190253989,5.155609283678915,0.09724809342492602,4
13358,5.058783228696229,5.155609283678915,0.09682605498268604,3
13359,5.058090043551928,5.155609283678915,0.09751924012698687,8
13360,5.058879275252639,5.155609283678915,0.09673000842627655,9
13361,5.058224909463166,5.155609283678915,0.09738437421574897,5
13362,5.058243806710691,5.155609283678915,0.09736547696822395,6
13363,5.058132705093227,5.155609283678915,0.09747657858568815,10
13364,5.058587069692101,5.155609283678915,0.09702221398681399,2
13365,5.444702311019362,5.690196080028514,0.2454937690091521,5
13366,5.31535411474162,5.690196080028514,0.37484196528689395,4
13367,5.378390059353625,5.690196080028514,0.31180602067488916,3
13368,5.3852075721198815,5.690196080028514,0.3049885079086323,8
13369,5.287734981928799,5.690196080028514,0.40246109809971475,7
13370,5.457142046421717,5.690196080028514,0.23305403360679655,9
13371,5.343889058316637,5.690196080028514,0.3463070217118771,2
13372,5.461227148328568,5.690196080028514,0.2289689316999457,6
13373,5.387636184729476,5.690196080028514,0.30255989529903804,1
13374,5.2008093730616745,5.000867721531227,-0.1999416515304473,3
13375,5.090204312760666,5.000867721531227,-0.08933659122943904,10
13376,5.201021886549227,5.000867721531227,-0.20015416501799965,2
13377,5.201019073150989,5.000867721531227,-0.20015135161976172,8
13378,5.201211703195749,5.000867721531227,-0.20034398166452227,7
13379,5.201063200983415,5.000867721531227,-0.20019547945218807,5
13380,5.200878405889212,5.000867721531227,-0.2000106843579852,4
13381,5.20109643537176,5.000867721531227,-0.20022871384053254,9
13382,5.2008909767295455,5.000867721531227,-0.20002325519831832,6
13383,6.606075854107353,6.806179973983888,0.20010411987653498,3
13384,6.606152412936304,6.806179973983888,0.2000275610475848,1
13385,6.606189590178907,6.806179973983888,0.19999038380498124,7
13386,6.605733814101789,6.806179973983888,0.20044615988209902,6
13387,6.606278501157574,6.806179973983888,0.19990147282631465,9
13388,6.6065027387921305,6.806179973983888,0.19967723519175795,4
13389,6.606610968739736,6.806179973983888,0.1995690052441521,8
13390,6.6065164323526195,6.806179973983888,0.19966354163126887,10
13391,6.60614145903033,6.806179973983888,0.20003851495355818,2
13392,5.841567425742662,6.041392685158225,0.1998252594155634,4
13393,5.8414596551190865,6.041392685158225,0.19993303003913887,7
13394,5.841468132898117,6.041392685158225,0.19992455226010808,2
13395,5.721596775368761,6.041392685158225,0.31979590978946426,10
13396,5.841613617689042,6.041392685158225,0.1997790674691835,3
13397,5.9506262435281,6.041392685158225,0.0907664416301257,6
13398,5.8415351544145695,6.041392685158225,0.19985753074365586,9
13399,5.841020499572712,6.041392685158225,0.20037218558551295,5
13400,5.84126564514581,6.041392685158225,0.20012704001241577,1
13401,5.783562027645903,5.656960182742849,-0.12660184490305415,9
13402,5.567733802611094,5.656960182742849,0.08922638013175543,1
13403,5.7396208488564655,5.656960182742849,-0.08266066611361644,2
13404,5.6826389192452975,5.656960182742849,-0.02567873650244845,7
13405,5.742835747685567,5.656960182742849,-0.08587556494271809,5
13406,5.757096691674089,5.656960182742849,-0.10013650893124026,3
13407,5.646936584159406,5.656960182742849,0.010023598583442705,8
13408,5.758041508938119,5.656960182742849,-0.10108132619526966,6
13409,5.588089032904857,5.656960182742849,0.06887114983799236,10
13410,5.3629081093859465,6.355068206348851,0.9921600969629045,3
13411,5.078925347409975,6.355068206348851,1.2761428589388757,4
13412,5.1056583742857065,6.355068206348851,1.2494098320631446,2
13413,5.222133610529691,6.355068206348851,1.13293459581916,8
13414,5.168046942895149,6.355068206348851,1.187021263453702,1
13415,6.155170251723014,6.355068206348851,0.19989795462583704,9
13416,5.187042432079915,6.355068206348851,1.1680257742689362,6
13417,5.050429286874289,6.355068206348851,1.304638919474562,10
13418,5.315206925834871,6.355068206348851,1.0398612805139802,7
13419,6.1241833794409954,6.324282455297693,0.20009907585669762,1
13420,6.124410134102703,6.324282455297693,0.19987232119498977,4
13421,6.124134967048098,6.324282455297693,0.20014748824959483,7
13422,6.1242758851481405,6.324282455297693,0.2000065701495526,2
13423,6.1243036007203004,6.324282455297693,0.19997885457739262,5
13424,6.124123285209122,6.324282455297693,0.20015917008857098,10
13425,6.124286903306176,6.324282455297693,0.19999555199151686,8
13426,6.124191993558054,6.324282455297693,0.20009046173963885,6
13427,6.124423448207965,6.324282455297693,0.19985900708972792,3
13428,5.744436411179286,5.944482672150168,0.20004626097088263,1
13429,5.744542572792088,5.944482672150168,0.19994009935808066,10
13430,5.7446473915587,5.944482672150168,0.1998352805914685,8
13431,5.744477570026379,5.944482672150168,0.2000051021237894,7
13432,5.744299138305505,5.944482672150168,0.20018353384466359,4
13433,5.744627422497113,5.944482672150168,0.199855249653055,6
13434,5.744487644799494,5.944482672150168,0.1999950273506741,3
13435,5.744802570885646,5.944482672150168,0.19968010126452196,5
13436,5.744270125334405,5.944482672150168,0.20021254681576295,2
13437,6.352515941340171,6.3979400086720375,0.04542406733186688,10
13438,6.305350804334686,6.3979400086720375,0.09258920433735174,4
13439,6.356013520083005,6.3979400086720375,0.04192648858903247,6
13440,6.198146528180832,6.3979400086720375,0.1997934804912056,9
13441,6.34296776489581,6.3979400086720375,0.05497224377622789,8
13442,6.315284163432915,6.3979400086720375,0.08265584523912217,3
13443,6.288563263677739,6.3979400086720375,0.10937674499429839,2
13444,6.3082175353820515,6.3979400086720375,0.08972247328998595,5
13445,6.354598149668564,6.3979400086720375,0.04334185900347354,7
13446,5.970115992780987,6.1702617153949575,0.20014572261397046,10
13447,5.9703975207714,6.1702617153949575,0.1998641946235571,5
13448,5.995943368839379,6.1702617153949575,0.17431834655557843,8
13449,6.02500303021157,6.1702617153949575,0.14525868518338747,2
13450,5.970460842911975,6.1702617153949575,0.1998008724829825,6
13451,5.970346295637572,6.1702617153949575,0.19991541975738514,7
13452,6.370758135491446,6.1702617153949575,-0.2004964200964885,1
13453,5.9856627869722665,6.1702617153949575,0.184598928422691,3
13454,5.9700126905598445,6.1702617153949575,0.20024902483511298,9
13455,4.613427952638986,4.413634997198556,-0.1997929554404303,8
13456,4.613553306103878,4.413634997198556,-0.19991830890532203,3
13457,4.61395606558577,4.413634997198556,-0.20032106838721386,1
13458,4.613751618337582,4.413634997198556,-0.20011662113902595,7
13459,4.6136821417010045,4.413634997198556,-0.20004714450244876,9
13460,4.613309678898464,4.413634997198556,-0.19967468169990799,4
13461,4.613779830189552,4.413634997198556,-0.20014483299099606,5
13462,4.613723234099748,4.413634997198556,-0.20008823690119204,6
13463,4.613697884498277,4.413634997198556,-0.20006288729972077,2
13464,5.9289408794322505,5.949390006644912,0.0204491272126619,8
13465,5.9273822028292695,5.949390006644912,0.022007803815642824,9
13466,6.01233191525516,5.949390006644912,-0.06294190861024784,4
13467,5.99554933866432,5.949390006644912,-0.046159332019407806,6
13468,6.05549286787035,5.949390006644912,-0.10610286122543755,7
13469,6.001318955521681,5.949390006644912,-0.051928948876768466,1
13470,6.06227864548016,5.949390006644912,-0.11288863883524769,2
13471,6.018529148041185,5.949390006644912,-0.06913914139627231,10
13472,6.019816340053124,5.949390006644912,-0.07042633340821158,3
13473,6.207404265977752,6.056904851336473,-0.15049941464127947,2
13474,6.257150228909817,6.056904851336473,-0.20024537757334393,1
13475,6.257229183874732,6.056904851336473,-0.20032433253825932,4
13476,6.106839609779891,6.056904851336473,-0.04993475844341866,10
13477,6.211145799231119,6.056904851336473,-0.15424094789464604,6
13478,6.08560519691415,6.056904851336473,-0.02870034557767731,8
13479,6.205700223125286,6.056904851336473,-0.14879537178881286,3
13480,6.201653084205138,6.056904851336473,-0.14474823286866556,7
13481,6.184142000833302,6.056904851336473,-0.12723714949682918,5
13482,5.273119237114906,5.072984744627931,-0.200134492486975,9
13483,5.273033170181464,5.072984744627931,-0.20004842555353353,3
13484,5.2729898162963025,5.072984744627931,-0.20000507166837167,5
13485,5.155774343307857,5.072984744627931,-0.08278959867992608,1
13486,5.27305642252912,5.072984744627931,-0.20007167790118885,8
13487,5.273057995833178,5.072984744627931,-0.20007325120524744,2
13488,5.273299788326252,5.072984744627931,-0.2003150436983212,6
13489,5.273164768783643,5.072984744627931,-0.20018002415571257,10
13490,5.273012118766517,5.072984744627931,-0.2000273741385863,7
13491,5.629977403417443,5.697229342759718,0.0672519393422748,2
13492,5.496790195456232,5.697229342759718,0.20043914730348522,8
13493,5.497023706706766,5.697229342759718,0.20020563605295116,9
13494,5.497603682507329,5.697229342759718,0.19962566025238893,3
13495,5.4974146241994655,5.697229342759718,0.19981471856025212,4
13496,5.497171726820958,5.697229342759718,0.2000576159387597,1
13497,5.497299585607041,5.697229342759718,0.19992975715267658,7
13498,5.497085143629532,5.697229342759718,0.200144199130186,6
13499,5.4969293090545595,5.697229342759718,0.20030003370515814,5
13500,5.898934826957726,5.698970004336019,-0.19996482262170723,4
13501,5.89918811177241,5.698970004336019,-0.2002181074363909,7
13502,5.754907124268345,5.698970004336019,-0.05593711993232642,2
13503,5.898766676991632,5.698970004336019,-0.19979667265561307,1
13504,5.817144494067214,5.698970004336019,-0.11817448973119493,5
13505,5.898627978435869,5.698970004336019,-0.19965797409984987,3
13506,5.899271877273569,5.698970004336019,-0.2003018729375503,9
13507,5.898776032499726,5.698970004336019,-0.19980602816370752,8
13508,5.898738717770851,5.698970004336019,-0.19976871343483182,6
13509,6.464433891498345,6.664547962246547,0.2001140707482021,3
13510,6.464531336781142,6.664547962246547,0.20001662546540544,9
13511,6.464564414221226,6.664547962246547,0.1999835480253207,6
13512,6.4643521959089,6.664547962246547,0.20019576633764746,5
13513,6.464323678487376,6.664547962246547,0.20022428375917123,7
13514,6.464430856131854,6.664547962246547,0.2001171061146927,10
13515,6.464600438730678,6.664547962246547,0.19994752351586875,1
13516,6.464138791675222,6.664547962246547,0.20040917057132468,8
13517,6.464484457919002,6.664547962246547,0.20006350432754516,4
13518,6.737215380945078,6.937016107464814,0.19980072651973568,6
13519,6.736658373611554,6.937016107464814,0.2003577338532594,5
13520,6.646986926838769,6.937016107464814,0.29002918062604444,7
13521,6.736720047268484,6.937016107464814,0.2002960601963295,8
13522,6.736819780249061,6.937016107464814,0.2001963272157532,3
13523,6.7369518073975785,6.937016107464814,0.2000643000672353,1
13524,6.963465090081444,6.937016107464814,-0.02644898261663009,2
13525,6.73679379855315,6.937016107464814,0.20022230891166348,10
13526,6.737249085443285,6.937016107464814,0.19976702202152907,4
13527,7.254534489085899,7.531478917042255,0.276944427956356,1
13528,7.271821069159074,7.531478917042255,0.25965784788318125,3
13529,7.215234631720718,7.531478917042255,0.31624428532153726,9
13530,7.1979943330305485,7.531478917042255,0.3334845840117069,6
13531,7.260491546641943,7.531478917042255,0.27098737040031207,2
13532,7.331540339405173,7.531478917042255,0.19993857763708256,5
13533,7.158485006002214,7.531478917042255,0.37299391104004176,10
13534,7.299469783533624,7.531478917042255,0.2320091335086314,4
13535,7.276529263357872,7.531478917042255,0.25494965368438294,8
13536,5.843882753983799,6.240798771117332,0.39691601713353286,4
13537,5.843353076408024,6.240798771117332,0.39744569470930724,6
13538,5.964471516492913,6.240798771117332,0.27632725462441865,2
13539,5.843253009190662,6.240798771117332,0.39754576192666935,8
13540,5.843513676362594,6.240798771117332,0.3972850947547375,5
13541,6.040871913166989,6.240798771117332,0.19992685795034237,7
13542,5.843494739714504,6.240798771117332,0.397304031402828,10
13543,5.843363103057133,6.240798771117332,0.3974356680601989,9
13544,5.843847490984242,6.240798771117332,0.39695128013308967,1
13545,6.10372675851899,6.012837224705172,-0.09088953381381781,4
13546,6.10303956528736,6.012837224705172,-0.0902023405821879,7
13547,6.1515049638881045,6.012837224705172,-0.13866773918293251,10
13548,6.097585292859425,6.012837224705172,-0.08474806815425318,8
13549,5.873461060261696,6.012837224705172,0.1393761644434761,5
13550,6.096627247188656,6.012837224705172,-0.083790022483484,1
13551,6.085003438574569,6.012837224705172,-0.07216621386939703,2
13552,5.926596516487475,6.012837224705172,0.08624070821769703,3
13553,6.153638586223911,6.012837224705172,-0.14080136151873912,6
13554,6.302239240804389,6.44870631990508,0.1464670791006908,5
13555,6.285296592969241,6.44870631990508,0.16340972693583922,1
13556,6.648891545899306,6.44870631990508,-0.20018522599422628,2
13557,6.291010892746808,6.44870631990508,0.15769542715827178,3
13558,6.248572461019106,6.44870631990508,0.20013385888597401,6
13559,6.443186957919323,6.44870631990508,0.005519361985756532,9
13560,6.3271856693425805,6.44870631990508,0.12152065056249928,7
13561,6.304513881248765,6.44870631990508,0.14419243865631515,8
13562,6.476077675462695,6.44870631990508,-0.02737135555761494,10
13563,5.758316572738672,6.580468783951002,0.8221522112123294,2
13564,6.079314661970326,6.580468783951002,0.5011541219806759,6
13565,5.917865373611986,6.580468783951002,0.6626034103390159,8
13566,5.813640376759281,6.580468783951002,0.7668284071917206,3
13567,5.9116974803517,6.580468783951002,0.6687713035993017,1
13568,5.883031122507653,6.580468783951002,0.6974376614433488,4
13569,6.188360812261623,6.580468783951002,0.39210797168937894,10
13570,5.872351679106621,6.580468783951002,0.7081171048443808,9
13571,6.38033444775463,6.580468783951002,0.20013433619637144,7
13572,6.004097629598165,5.778151250383644,-0.22594637921452154,6
13573,5.978047796468103,5.778151250383644,-0.19989654608445928,2
13574,5.977827433306907,5.778151250383644,-0.1996761829232634,8
13575,5.655802103064941,5.778151250383644,0.12234914731870283,3
13576,5.978062410964031,5.778151250383644,-0.19991116058038738,4
13577,5.978136491346652,5.778151250383644,-0.19998524096300851,5
13578,5.978108990205987,5.778151250383644,-0.19995773982234333,1
13579,5.978129163068653,5.778151250383644,-0.19997791268500897,9
13580,5.977954090880392,5.778151250383644,-0.1998028404967478,7
13581,5.74807609100873,5.732393759822968,-0.015682331185761456,8
13582,5.932402081392879,5.732393759822968,-0.20000832156991066,10
13583,5.805209525826539,5.732393759822968,-0.07281576600357109,2
13584,5.800757340177958,5.732393759822968,-0.06836358035498957,4
13585,5.9072079142410665,5.732393759822968,-0.17481415441809833,6
13586,5.851793584838022,5.732393759822968,-0.11939982501505408,7
13587,5.78897372334302,5.732393759822968,-0.05657996352005146,1
13588,5.669979845007466,5.732393759822968,0.06241391481550185,3
13589,5.668059657645296,5.732393759822968,0.06433410217767221,9
13590,5.154073878898178,4.954242509439325,-0.1998313694588525,2
13591,5.154402767759728,4.954242509439325,-0.20016025832040274,5
13592,5.154118296147032,4.954242509439325,-0.19987578670770656,7
13593,5.153836200150603,4.954242509439325,-0.19959369071127764,1
13594,5.154138550540521,4.954242509439325,-0.19989604110119608,8
13595,5.153830980933792,4.954242509439325,-0.1995884714944669,3
13596,5.154628183793162,4.954242509439325,-0.20038567435383658,10
13597,5.154061027500066,4.954242509439325,-0.19981851806074058,9
13598,5.154021224220445,4.954242509439325,-0.19977871478111986,6
13599,6.334582174572999,6.857332496431268,0.5227503218582692,4
13600,6.476077675462695,6.857332496431268,0.3812548209685733,10
13601,6.302239240804389,6.857332496431268,0.5550932556268791,5
13602,6.285296592969241,6.857332496431268,0.5720359034620275,1
13603,6.3271856693425805,6.857332496431268,0.5301468270886875,7
13604,6.291010892746808,6.857332496431268,0.56632160368446,3
13605,6.648891545899306,6.857332496431268,0.208440950531962,2
13606,6.304513881248765,6.857332496431268,0.5528186151825034,8
13607,6.443186957919323,6.857332496431268,0.4141455385119448,9
13608,5.508606054138294,5.308393649976259,-0.200212404162035,1
13609,5.508699424843094,5.308393649976259,-0.20030577486683487,6
13610,5.508750899920963,5.308393649976259,-0.2003572499447035,5
13611,5.508833567024997,5.308393649976259,-0.20043991704873765,3
13612,5.508753774606658,5.308393649976259,-0.2003601246303992,9
13613,5.53593901528579,5.308393649976259,-0.22754536530953118,7
13614,5.508731394570251,5.308393649976259,-0.200337744593992,10
13615,5.508299082675313,5.308393649976259,-0.1999054326990537,8
13616,5.508550840793021,5.308393649976259,-0.20015719081676142,4
13617,6.077086522025183,6.277090960334402,0.200004438309219,8
13618,6.076835589547694,6.277090960334402,0.2002553707867074,3
13619,6.077040429820223,6.277090960334402,0.20005053051417843,5
13620,6.0772279554656095,6.277090960334402,0.19986300486879216,4
13621,6.077267670658401,6.277090960334402,0.19982328967600083,1
13622,6.077017228794911,6.277090960334402,0.20007373153949093,7
13623,6.077047559263825,6.277090960334402,0.20004340107057672,9
13624,6.077175799241994,6.277090960334402,0.1999151610924077,2
13625,6.07679054664476,6.277090960334402,0.20030041368964202,6
13626,5.968549094864068,5.857332496431268,-0.11121659843279996,1
13627,5.821302417774399,5.857332496431268,0.0360300786568688,5
13628,5.937063643233743,5.857332496431268,-0.07973114680247484,9
13629,6.015984779362505,5.857332496431268,-0.15865228293123668,4
13630,6.057387739032692,5.857332496431268,-0.20005524260142415,6
13631,5.947343260764653,5.857332496431268,-0.09001076433338451,3
13632,5.951534012816231,5.857332496431268,-0.09420151638496321,8
13633,6.057040200144377,5.857332496431268,-0.1997077037131092,10
13634,5.9803607319992445,5.857332496431268,-0.12302823556797637,2
13635,5.552375974951911,5.0,-0.5523759749519108,3
13636,5.501843892098002,5.0,-0.5018438920980017,1
13637,5.395064761841458,5.0,-0.395064761841458,6
13638,5.501259694945047,5.0,-0.5012596949450474,4
13639,5.485465710913274,5.0,-0.4854657109132736,8
13640,5.4478259971964835,5.0,-0.4478259971964835,9
13641,5.387852122206172,5.0,-0.38785212220617193,2
13642,5.562258741974517,5.0,-0.5622587419745173,5
13643,5.464482742404582,5.0,-0.46448274240458165,7
13644,5.501387059728449,5.301029995663981,-0.20035706406446785,6
13645,5.501294123786814,5.301029995663981,-0.200264128122833,8
13646,5.501200387916887,5.301029995663981,-0.20017039225290567,10
13647,5.501337694801991,5.301029995663981,-0.20030769913801016,3
13648,5.501046744150206,5.301029995663981,-0.20001674848622475,2
13649,5.500964821911682,5.301029995663981,-0.19993482624770031,9
13650,5.500917750909943,5.301029995663981,-0.19988775524596214,4
13651,5.500731236319724,5.301029995663981,-0.19970124065574257,5
13652,5.556766347913038,5.301029995663981,-0.25573635224905633,1
13653,3.858653657758227,4.123851640967086,0.2651979832088589,1
13654,3.9237043331001704,4.123851640967086,0.20014730786691537,10
13655,3.8215201257605003,4.123851640967086,0.3023315152065855,7
13656,3.771886540417241,4.123851640967086,0.35196510054984476,4
13657,3.7270303046840647,4.123851640967086,0.3968213362830211,6
13658,3.831156613256857,4.123851640967086,0.2926950277102289,3
13659,3.878659974854309,4.123851640967086,0.24519166611277665,8
13660,3.860118142861109,4.123851640967086,0.2637334981059767,5
13661,3.8138313384135274,4.123851640967086,0.3100203025535584,9
13662,5.360329390651202,4.505149978319906,-0.8551794123312959,4
13663,5.562733178325377,4.505149978319906,-1.057583200005471,5
13664,5.302629951467907,4.505149978319906,-0.7974799731480005,10
13665,5.389883352960991,4.505149978319906,-0.884733374641085,9
13666,5.397304258550526,4.505149978319906,-0.8921542802306197,1
13667,5.0628332824816145,4.505149978319906,-0.5576833041617082,3
13668,5.341459848181642,4.505149978319906,-0.8363098698617355,8
13669,5.322752855589675,4.505149978319906,-0.8176028772697688,7
13670,5.338644465663104,4.505149978319906,-0.8334944873431978,2
13671,5.904285773321057,6.32221929473392,0.41793352141286366,4
13672,5.98050870169582,6.32221929473392,0.34171059303810036,1
13673,5.85001289003222,6.32221929473392,0.4722064047017005,3
13674,5.753793632033953,6.32221929473392,0.5684256626999673,6
13675,5.914539348445456,6.32221929473392,0.4076799462884644,9
13676,5.98247387675373,6.32221929473392,0.33974541798019064,8
13677,6.048682455691479,6.32221929473392,0.27353683904244175,7
13678,6.122226226391171,6.32221929473392,0.19999306834274932,10
13679,5.707171560778776,6.32221929473392,0.6150477339551443,2
13680,5.831273084883809,4.505149978319906,-1.3261231065639025,4
13681,5.90518778334075,4.505149978319906,-1.400037805020844,1
13682,5.7507331038902505,4.505149978319906,-1.2455831255703442,10
13683,5.791665497895969,4.505149978319906,-1.2865155195760627,6
13684,5.869102646171519,4.505149978319906,-1.3639526678516125,7
13685,5.90819054097047,4.505149978319906,-1.4030405626505633,9
13686,5.835987501655126,4.505149978319906,-1.3308375233352194,8
13687,5.703564760698596,4.505149978319906,-1.1984147823786895,2
13688,5.90420894644179,4.505149978319906,-1.3990589681218841,5
13689,5.983815943493242,4.568201724066995,-1.4156142194262467,8
13690,5.977872962837591,4.568201724066995,-1.4096712387705956,4
13691,5.837842402070371,4.568201724066995,-1.269640678003376,10
13692,6.054258354655767,4.568201724066995,-1.486056630588772,3
13693,5.983446808907672,4.568201724066995,-1.4152450848406772,7
13694,5.93440049928096,4.568201724066995,-1.3661987752139648,6
13695,6.053727211404968,4.568201724066995,-1.4855254873379726,9
13696,6.059240255675171,4.568201724066995,-1.4910385316081758,5
13697,5.855177396969326,4.568201724066995,-1.2869756729023312,2
13698,4.161600546360509,4.900367128656471,0.7387665822959626,2
13699,4.201463702158643,4.900367128656471,0.6989034264978287,6
13700,4.306368974940192,4.900367128656471,0.5939981537162797,8
13701,4.291171868734755,4.900367128656471,0.6091952599217167,10
13702,4.253981113163784,4.900367128656471,0.6463860154926877,1
13703,4.282467800047238,4.900367128656471,0.6178993286092336,7
13704,4.194950152061182,4.900367128656471,0.7054169765952896,4
13705,4.244347646635154,4.900367128656471,0.6560194820213177,5
13706,4.253371718308806,4.900367128656471,0.6469954103476656,9
13707,5.625798208440891,5.477121254719663,-0.14867695372122824,6
13708,5.697810299578387,5.477121254719663,-0.22068904485872398,1
13709,5.551836364874999,5.477121254719663,-0.07471511015533672,4
13710,5.677261111144503,5.477121254719663,-0.20013985642484045,7
13711,5.5287226642773595,5.477121254719663,-0.051601409557696876,2
13712,5.547116435527957,5.477121254719663,-0.06999518080829414,5
13713,5.516709622232361,5.477121254719663,-0.039588367512698674,9
13714,5.554672566057116,5.477121254719663,-0.0775513113374533,3
13715,5.677623886984465,5.477121254719663,-0.20050263226480247,10
13716,5.596482515389219,6.041392685158225,0.4449101697690061,7
13717,5.733736959629674,6.041392685158225,0.30765572552855147,8
13718,5.619926591810043,6.041392685158225,0.4214660933481822,5
13719,5.645534908050123,6.041392685158225,0.39585777710810266,1
13720,5.722331746633159,6.041392685158225,0.319060938525066,4
13721,5.646799560104492,6.041392685158225,0.3945931250537331,6
13722,5.467483979565521,6.041392685158225,0.5739087055927046,2
13723,5.637887443965575,6.041392685158225,0.40350524119265074,9
13724,5.682970869820906,6.041392685158225,0.3584218153373193,10
13725,6.296513102721019,6.496791315700042,0.20027821297902282,1
13726,6.134309163724113,6.496791315700042,0.3624821519759287,3
13727,6.134407892247022,6.496791315700042,0.36238342345301966,10
13728,6.162635489017101,6.496791315700042,0.33415582668294075,2
13729,6.275692217618306,6.496791315700042,0.22109909808173622,8
13730,6.164046977619382,6.496791315700042,0.3327443380806603,6
13731,6.134282078287846,6.496791315700042,0.3625092374121959,4
13732,6.142558752060189,6.496791315700042,0.35423256363985267,7
13733,6.1705011296166985,6.496791315700042,0.3262901860833436,5
13734,5.262569039005212,4.486713775982485,-0.7758552630227262,2
13735,5.4266932069538125,4.486713775982485,-0.9399794309713272,4
13736,5.419824734448134,4.486713775982485,-0.9331109584656483,1
13737,5.367479281288189,4.486713775982485,-0.8807655053057033,6
13738,5.1650361965886065,4.486713775982485,-0.6783224206061211,10
13739,5.378689463170312,4.486713775982485,-0.891975687187827,9
13740,5.335873798097379,4.486713775982485,-0.8491600221148934,3
13741,5.4217015880854795,4.486713775982485,-0.9349878121029942,8
13742,5.255599693550857,4.486713775982485,-0.7688859175683715,5
13743,5.709167000319539,5.0,-0.7091670003195389,7
13744,5.747734263389431,5.0,-0.7477342633894306,2
13745,5.664143276333388,5.0,-0.6641432763333883,10
13746,5.7392876597551,5.0,-0.7392876597551004,1
13747,5.701050843188661,5.0,-0.7010508431886606,3
13748,5.693708707437186,5.0,-0.6937087074371862,6
13749,5.689758410495824,5.0,-0.6897584104958243,5
13750,5.722389118818839,5.0,-0.7223891188188389,9
13751,5.644232743301475,5.0,-0.6442327433014752,4
13752,5.871413564078687,6.32221929473392,0.4508057306552331,7
13753,5.976799723790856,6.32221929473392,0.3454195709430641,1
13754,5.987549132968639,6.32221929473392,0.3346701617652812,9
13755,5.822114549731075,6.32221929473392,0.5001047450028455,3
13756,5.837595406596748,6.32221929473392,0.4846238881371727,2
13757,5.807660248189377,6.32221929473392,0.5145590465445435,5
13758,5.966594374635199,6.32221929473392,0.3556249200987214,4
13759,5.960271495339252,6.32221929473392,0.3619477993946685,6
13760,5.987363676340333,6.32221929473392,0.33485561839358713,8
13761,5.142696139609331,4.685741738602264,-0.4569544010070672,1
13762,5.184488286762382,4.685741738602264,-0.4987465481601179,3
13763,5.154496456431301,4.685741738602264,-0.46875471782903677,5
13764,4.886118279454299,4.685741738602264,-0.2003765408520355,6
13765,5.110339446309576,4.685741738602264,-0.42459770770731176,7
13766,5.120141191843498,4.685741738602264,-0.43439945324123386,9
13767,5.096457637993119,4.685741738602264,-0.41071589939085484,2
13768,5.104211336738192,4.685741738602264,-0.4184695981359283,10
13769,4.930377845263518,4.685741738602264,-0.2446361066612539,4
13770,5.847714435756962,6.504701881045554,0.6569874452885918,2
13771,5.924971245302686,6.504701881045554,0.5797306357428678,3
13772,5.972022561561194,6.504701881045554,0.5326793194843598,1
13773,6.012330099113001,6.504701881045554,0.4923717819325528,10
13774,6.057163314941361,6.504701881045554,0.4475385661041926,4
13775,5.9829970583587615,6.504701881045554,0.5217048226867922,5
13776,5.895053144296081,6.504701881045554,0.609648736749473,7
13777,5.923788451990245,6.504701881045554,0.5809134290553084,6
13778,6.01046846047789,6.504701881045554,0.49423342056766373,8
13779,3.5872971128103925,2.146128035678238,-1.4411690771321544,4
13780,3.6819216927982152,2.146128035678238,-1.535793657119977,1
13781,3.6135352675194237,2.146128035678238,-1.4674072318411855,6
13782,3.5793734985118277,2.146128035678238,-1.4332454628335896,10
13783,3.900290949447095,2.146128035678238,-1.754162913768857,9
13784,3.662913129733032,2.146128035678238,-1.5167850940547938,8
13785,3.44878275118024,2.146128035678238,-1.3026547155020016,3
13786,3.680652974439578,2.146128035678238,-1.53452493876134,5
13787,3.184227834342707,2.146128035678238,-1.0380997986644687,7
13788,1.6472308653097136,1.4471580313422192,-0.20007283396749442,2
13789,1.6471916223554581,1.4471580313422192,-0.20003359101323892,5
13790,1.646863470985764,1.4471580313422192,-0.1997054396435447,1
13791,1.6467100636512901,1.4471580313422192,-0.19955203230907093,7
13792,1.6468793038917502,1.4471580313422192,-0.19972127254953098,3
13793,1.647629594943905,1.4471580313422192,-0.20047156360168583,10
13794,1.6471281433952685,1.4471580313422192,-0.19997011205304926,8
13795,1.6470596551766885,1.4471580313422192,-0.1999016238344693,6
13796,1.6473866957635241,1.4471580313422192,-0.20022866442130494,9
13797,3.31389844576106,3.113943352306837,-0.19995509345422313,10
13798,3.314126541910671,3.113943352306837,-0.20018318960383397,5
13799,3.3135614144310503,3.113943352306837,-0.1996180621242134,8
13800,3.3140379238453503,3.113943352306837,-0.2000945715385134,2
13801,3.3137951217580808,3.113943352306837,-0.19985176945124383,4
13802,3.313941999887363,3.113943352306837,-0.199998647580526,6
13803,3.313588467310287,3.113943352306837,-0.19964511500345017,1
13804,3.313741709391131,3.113943352306837,-0.19979835708429405,3
13805,3.3139670773089867,3.113943352306837,-0.2000237250021497,7
13806,4.534332002203309,4.826074802700826,0.29174280049751733,10
13807,4.343035992915994,4.826074802700826,0.4830388097848317,1
13808,4.359361664060514,4.826074802700826,0.46671313864031205,3
13809,4.6263227483771985,4.826074802700826,0.19975205432362753,2
13810,4.625845251140454,4.826074802700826,0.2002295515603718,9
13811,4.626097039161249,4.826074802700826,0.19997776353957697,5
13812,4.625742524054297,4.826074802700826,0.20033227864652936,4
13813,4.226327233578722,4.826074802700826,0.5997475691221039,6
13814,4.417880667890325,4.826074802700826,0.4081941348105014,8
13815,5.487878095316084,4.247973266361806,-1.2399048289542778,6
13816,4.448014097047807,4.247973266361806,-0.20004083068600043,4
13817,5.284338551044642,4.247973266361806,-1.0363652846828355,5
13818,5.473770013683819,4.247973266361806,-1.225796747322013,7
13819,5.475268349936204,4.247973266361806,-1.2272950835743979,3
13820,5.4856387307957934,4.247973266361806,-1.237665464433987,1
13821,5.578553786763832,4.247973266361806,-1.3305805204020258,2
13822,5.513878637266547,4.247973266361806,-1.2659053709047408,8
13823,5.453878707560592,4.247973266361806,-1.2059054411987855,9
13824,4.519644836428725,5.0,0.48035516357127506,10
13825,4.57764490809334,5.0,0.42235509190665965,3
13826,4.79989933666179,5.0,0.20010066333821008,1
13827,4.646383077287513,5.0,0.35361692271248657,6
13828,4.704620156213603,5.0,0.2953798437863968,2
13829,4.566069975426681,5.0,0.43393002457331864,8
13830,4.58033632873085,5.0,0.4196636712691504,9
13831,4.558261981141276,5.0,0.4417380188587243,4
13832,4.799946453234945,5.0,0.20005354676505505,5
13833,5.419083335402673,5.653212513775344,0.23412917837267067,7
13834,5.450379022986431,5.653212513775344,0.20283349078891266,10
13835,5.495850216429114,5.653212513775344,0.1573622973462303,1
13836,5.453163294141689,5.653212513775344,0.20004921963365518,4
13837,5.453776487602595,5.653212513775344,0.1994360261727488,5
13838,5.426595461052703,5.653212513775344,0.22661705272264054,2
13839,5.453153236825527,5.653212513775344,0.2000592769498173,6
13840,5.392507009099073,5.653212513775344,0.2607055046762712,9
13841,5.520173820024216,5.653212513775344,0.13303869375112765,8
13842,5.922155867419094,5.653212513775344,-0.26894335364375,8
13843,5.873903429520244,5.653212513775344,-0.22069091574489974,3
13844,5.938811561184944,5.653212513775344,-0.2855990474096002,6
13845,5.8533449120248635,5.653212513775344,-0.20013239824951956,5
13846,5.987534176867009,5.653212513775344,-0.3343216630916652,4
13847,5.873037420582197,5.653212513775344,-0.21982490680685274,10
13848,5.852911077403501,5.653212513775344,-0.1996985636281572,2
13849,5.88926081567909,5.653212513775344,-0.23604830190374582,7
13850,5.876566015455499,5.653212513775344,-0.22335350168015466,1
13851,5.961003827174434,6.204119982655925,0.24311615548149135,5
13852,5.910936421857287,6.204119982655925,0.2931835607986377,2
13853,5.965270741900143,6.204119982655925,0.23884924075578162,6
13854,5.916950331469143,6.204119982655925,0.2871696511867823,10
13855,5.980895627550392,6.204119982655925,0.22322435510553262,7
13856,5.96527209095606,6.204119982655925,0.23884789169986487,1
13857,6.003905460662397,6.204119982655925,0.2002145219935283,3
13858,5.926117442608315,6.204119982655925,0.27800254004761005,8
13859,6.0041189546861204,6.204119982655925,0.20000102796980457,9
13860,5.825066040648257,6.079181246047625,0.25411520539936827,6
13861,5.787381744067971,6.079181246047625,0.29179950197965443,7
13862,5.879447324870338,6.079181246047625,0.1997339211772875,5
13863,5.776064608721516,6.079181246047625,0.3031166373261094,4
13864,5.848735462404242,6.079181246047625,0.23044578364338353,8
13865,5.879380156286345,6.079181246047625,0.19980108976128008,2
13866,5.846553265366882,6.079181246047625,0.23262798068074275,10
13867,5.879265137886734,6.079181246047625,0.1999161081608909,9
13868,5.81043321090169,6.079181246047625,0.2687480351459355,3
13869,6.275035207900183,6.3979400086720375,0.12290480077185428,8
13870,6.311966355140407,6.3979400086720375,0.08597365353163067,2
13871,6.274615207356094,6.3979400086720375,0.12332480131594359,6
13872,6.288430621851858,6.3979400086720375,0.10950938682017952,3
13873,6.274913929254227,6.3979400086720375,0.12302607941781041,10
13874,6.2745344469976825,6.3979400086720375,0.12340556167435501,9
13875,6.293224689783326,6.3979400086720375,0.10471531888871155,5
13876,6.274678375056672,6.3979400086720375,0.1232616336153658,1
13877,6.274982611699705,6.3979400086720375,0.12295739697233277,7
13878,5.423704869220235,5.223755453657241,-0.19994941556299395,8
13879,5.423672027811142,5.223755453657241,-0.1999165741539004,2
13880,5.423526284811873,5.223755453657241,-0.19977083115463135,9
13881,5.423532956702911,5.223755453657241,-0.1997775030456701,7
13882,5.42363774505109,5.223755453657241,-0.19988229139384917,10
13883,5.42387715779939,5.223755453657241,-0.20012170414214836,5
13884,5.423616743743897,5.223755453657241,-0.19986129008665543,4
13885,5.423731714089545,5.223755453657241,-0.19997626043230365,1
13886,5.423919065454217,5.223755453657241,-0.20016361179697562,6
13887,5.9717603746785795,5.079181246047625,-0.8925791286309543,5
13888,5.971535003334995,5.079181246047625,-0.8923537572873697,4
13889,5.971676785694708,5.079181246047625,-0.8924955396470828,7
13890,5.987881478106351,5.079181246047625,-0.9087002320587256,8
13891,5.971549363478387,5.079181246047625,-0.8923681174307623,3
13892,5.971678649672134,5.079181246047625,-0.8924974036245086,1
13893,5.971666578404987,5.079181246047625,-0.8924853323573618,2
13894,5.971586525479515,5.079181246047625,-0.8924052794318902,10
13895,5.971527862281108,5.079181246047625,-0.8923466162334828,6
13896,6.293224689783326,6.778151250383644,0.4849265606003179,5
13897,6.274982611699705,6.778151250383644,0.5031686386839391,7
13898,6.288430621851858,6.778151250383644,0.4897206285317859,3
13899,6.274678375056672,6.778151250383644,0.5034728753269722,1
13900,6.274913929254227,6.778151250383644,0.5032373211294168,10
13901,6.2745344469976825,6.778151250383644,0.5036168033859614,9
13902,6.274615207356094,6.778151250383644,0.50353604302755,6
13903,6.311966355140407,6.778151250383644,0.46618489524323703,2
13904,6.275035207900183,6.778151250383644,0.5031160424834606,8
13905,5.550027256664689,5.585460729508501,0.035433472843812375,9
13906,5.385437398830689,5.585460729508501,0.20002333067781208,7
13907,5.385511382405343,5.585460729508501,0.19994934710315793,10
13908,5.385435649950907,5.585460729508501,0.2000250795575944,6
13909,5.385630857698264,5.585460729508501,0.1998298718102367,5
13910,5.385547316937012,5.585460729508501,0.19991341257148942,4
13911,5.385618946866882,5.585460729508501,0.19984178264161923,3
13912,5.387719131083677,5.585460729508501,0.19774159842482408,8
13913,5.385603175016576,5.585460729508501,0.199857554491925,2
13914,6.045324776509473,5.845098040014257,-0.20022673649521572,8
13915,6.045150562082059,5.845098040014257,-0.20005252206780177,3
13916,6.045286305717185,5.845098040014257,-0.20018826570292791,5
13917,6.04543021908655,5.845098040014257,-0.2003321790722934,6
13918,6.0452036383579975,5.845098040014257,-0.20010559834374053,1
13919,6.044917841449658,5.845098040014257,-0.19981980143540135,10
13920,6.04516431546862,5.845098040014257,-0.20006627545436295,9
13921,6.045145547759179,5.845098040014257,-0.2000475077449222,2
13922,6.045232067944317,5.845098040014257,-0.2001340279300603,4
13923,5.734911203595485,5.934498451243568,0.19958724764808355,3
13924,5.73580536400815,5.934498451243568,0.19869308723541845,4
13925,5.768326373540553,5.934498451243568,0.16617207770301512,2
13926,5.734618094143058,5.934498451243568,0.19988035710051033,1
13927,5.734179949617068,5.934498451243568,0.20031850162650056,10
13928,5.907836414972095,5.934498451243568,0.0266620362714729,9
13929,5.734787264512478,5.934498451243568,0.19971118673109078,6
13930,5.748639504606136,5.934498451243568,0.18585894663743208,5
13931,5.73428288110884,5.934498451243568,0.2002155701347279,7
13932,5.971666578404987,5.771587480881255,-0.20007909752373187,2
13933,6.197605112345764,5.771587480881255,-0.426017631464509,9
13934,5.971527862281108,5.771587480881255,-0.19994038139985282,6
13935,5.9717603746785795,5.771587480881255,-0.2001728937973244,5
13936,5.971678649672134,5.771587480881255,-0.20009116879087863,1
13937,5.971549363478387,5.771587480881255,-0.19996188259713232,3
13938,5.971676785694708,5.771587480881255,-0.20008930481345288,7
13939,5.971535003334995,5.771587480881255,-0.1999475224537397,4
13940,5.971586525479515,5.771587480881255,-0.19999904459826023,10
13941,6.4533779084351215,6.653212513775344,0.19983460534022246,9
13942,6.453030484208298,6.653212513775344,0.20018202956704556,5
13943,6.453441723415866,6.653212513775344,0.1997707903594783,3
13944,6.453149970762196,6.653212513775344,0.2000625430131482,10
13945,6.4531884512354,6.653212513775344,0.20002406253994387,8
13946,6.453069053888838,6.653212513775344,0.2001434598865064,6
13947,6.453096087282833,6.653212513775344,0.20011642649251105,2
13948,6.4530403605604025,6.653212513775344,0.20017215321494142,4
13949,6.453468837097326,6.653212513775344,0.1997436766780183,7
13950,5.7031192665061,5.903089986991944,0.19997072048584386,9
13951,5.673072880195562,5.903089986991944,0.23001710679638165,6
13952,5.686429328396384,5.903089986991944,0.2166606585955595,10
13953,5.702840962503649,5.903089986991944,0.2002490244882944,2
13954,5.703097627958968,5.903089986991944,0.19999235903297574,8
13955,5.69320442016602,5.903089986991944,0.20988556682592385,1
13956,5.6753904461257605,5.903089986991944,0.22769954086618327,4
13957,5.702843437175986,5.903089986991944,0.20024654981595802,5
13958,5.682127143048335,5.903089986991944,0.22096284394360843,3
13959,5.846553265366882,4.927370363039024,-0.9191829023278579,10
13960,5.879380156286345,4.927370363039024,-0.9520097932473206,2
13961,5.776064608721516,4.927370363039024,-0.8486942456824913,4
13962,5.848735462404242,4.927370363039024,-0.9213650993652172,8
13963,5.879265137886734,4.927370363039024,-0.9518947748477098,9
13964,5.825066040648257,4.927370363039024,-0.8976956776092324,6
13965,5.81043321090169,4.927370363039024,-0.8830628478626652,3
13966,5.127542771749011,4.927370363039024,-0.20017240870998698,1
13967,5.787381744067971,4.927370363039024,-0.8600113810289463,7
13968,5.025731377380892,4.826074802700826,-0.19965657468006626,4
13969,5.026216673844916,4.826074802700826,-0.20014187114408966,6
13970,5.0258088635974705,4.826074802700826,-0.19973406089664447,1
13971,5.02617199654464,4.826074802700826,-0.2000971938438143,3
13972,5.026092068925552,4.826074802700826,-0.2000172662247257,5
13973,5.026161046403006,4.826074802700826,-0.20008624370217998,8
13974,5.025638612841331,4.826074802700826,-0.19956381014050528,2
13975,5.025918348868536,4.826074802700826,-0.19984354616770972,9
13976,5.0259069820047415,4.826074802700826,-0.1998321793039155,10
13977,5.202497192259703,5.002166061756507,-0.20033113050319606,1
13978,5.202423135139278,5.002166061756507,-0.20025707338277066,3
13979,5.202237869891455,5.002166061756507,-0.20007180813494774,5
13980,5.202444960913604,5.002166061756507,-0.2002788991570963,10
13981,5.2021896242896775,5.002166061756507,-0.2000235625331701,7
13982,5.202539669218515,5.002166061756507,-0.20037360746200772,2
13983,5.20210565093268,5.002166061756507,-0.19993958917617238,6
13984,5.202284375031985,5.002166061756507,-0.20011831327547736,8
13985,5.202150624147963,5.002166061756507,-0.1999845623914558,4
13986,6.462944428817094,6.662757831681574,0.19981340286448024,4
13987,6.463193457474209,6.662757831681574,0.19956437420736517,8
13988,6.462373221382414,6.662757831681574,0.20038461029916022,9
13989,6.46315826567935,6.662757831681574,0.19959956600222473,3
13990,6.462556091862867,6.662757831681574,0.20020173981870748,6
13991,6.46308388890338,6.662757831681574,0.19967394277819395,1
13992,6.462533582425954,6.662757831681574,0.2002242492556201,7
13993,6.462517107922931,6.662757831681574,0.2002407237586432,10
13994,6.462562559678778,6.662757831681574,0.2001952720027962,5
13995,5.871953477302291,6.071882007306125,0.19992853000383448,2
13996,5.872120751575941,6.071882007306125,0.19976125573018422,10
13997,5.8722299193323675,6.071882007306125,0.19965208797375755,4
13998,5.871867893009929,6.071882007306125,0.20001411429619598,1
13999,5.871912840228693,6.071882007306125,0.19996916707743218,9
14000,5.871878611081009,6.071882007306125,0.20000339622511643,8
14001,6.176268824725183,6.071882007306125,-0.10438681741905764,6
14002,5.871882577927786,6.071882007306125,0.19999942937833914,3
14003,5.871810221158552,6.071882007306125,0.20007178614757315,5
14004,3.5013856878127902,2.6766936096248664,-0.8246920781879239,4
14005,3.5630718926428178,2.6766936096248664,-0.8863782830179514,2
14006,3.501351875245598,2.6766936096248664,-0.8246582656207315,8
14007,3.5011547148807804,2.6766936096248664,-0.8244611052559141,6
14008,3.5012061016047897,2.6766936096248664,-0.8245124919799234,10
14009,3.501114528869436,2.6766936096248664,-0.8244209192445697,5
14010,3.1007168405287824,2.6766936096248664,-0.424023230903916,3
14011,3.4403473570117193,2.6766936096248664,-0.763653747386853,1
14012,3.501141773120098,2.6766936096248664,-0.8244481634952319,9
14013,5.142595536197659,4.184691430817598,-0.9579041053800603,4
14014,5.14239663227486,4.184691430817598,-0.9577052014572613,10
14015,5.142493817338677,4.184691430817598,-0.9578023865210783,6
14016,5.1426295859434505,4.184691430817598,-0.9579381551258521,1
14017,5.142764010458915,4.184691430817598,-0.9580725796413168,7
14018,5.142379655146761,4.184691430817598,-0.9576882243291625,3
14019,5.14264927804515,4.184691430817598,-0.9579578472275516,5
14020,4.3844053068724165,4.184691430817598,-0.19971387605481805,8
14021,5.1423594417012914,4.184691430817598,-0.957668010883693,9
14022,5.59364343980931,4.933993163831242,-0.659650275978068,8
14023,5.47589029017052,4.933993163831242,-0.5418971263392782,7
14024,5.548499478231516,4.933993163831242,-0.6145063144002743,9
14025,5.260852763009264,4.933993163831242,-0.32685959917802165,2
14026,5.564525916319576,4.933993163831242,-0.6305327524883344,4
14027,5.1341613865639095,4.933993163831242,-0.20016822273266754,6
14028,5.7842005997345165,4.933993163831242,-0.8502074359032745,10
14029,5.55486778498801,4.933993163831242,-0.6208746211567684,1
14030,5.525466608803009,4.933993163831242,-0.5914734449717667,3
14031,5.394987845237052,5.3979400086720375,0.0029521634349851666,2
14032,5.477002269850009,5.3979400086720375,-0.07906226117797122,5
14033,5.349220309339776,5.3979400086720375,0.04871969933226161,3
14034,5.442326157187743,5.3979400086720375,-0.04438614851570577,6
14035,5.446853975074156,5.3979400086720375,-0.04891396640211809,10
14036,5.554612393645567,5.3979400086720375,-0.15667238497352987,7
14037,5.389136275320519,5.3979400086720375,0.008803733351518517,8
14038,5.494718763031657,5.3979400086720375,-0.09677875435961969,4
14039,5.38904732962879,5.3979400086720375,0.008892679043247753,9
14040,6.199760575846793,6.57978359661681,0.38002302077001726,3
14041,6.20007218167633,6.57978359661681,0.37971141494048055,10
14042,6.200400279849477,6.57978359661681,0.37938331676733306,6
14043,6.200028574891333,6.57978359661681,0.3797550217254768,7
14044,6.1999642084742375,6.57978359661681,0.37981938814257266,8
14045,6.200167493541387,6.57978359661681,0.37961610307542326,9
14046,6.346712054478836,6.57978359661681,0.23307154213797432,2
14047,6.200397214926041,6.57978359661681,0.379386381690769,1
14048,6.2000075427759,6.57978359661681,0.37977605384091007,4
14049,5.8000867467019885,6.0,0.19991325329801146,6
14050,5.799665556185218,6.0,0.20033444381478205,9
14051,5.799829158818409,6.0,0.200170841181591,1
14052,5.800122827890256,6.0,0.1998771721097441,8
14053,5.799592263031681,6.0,0.2004077369683186,7
14054,5.800025520844653,6.0,0.1999744791553466,2
14055,5.80026092175803,6.0,0.19973907824197035,5
14056,5.800093685389352,6.0,0.19990631461064812,4
14057,5.799713163330306,6.0,0.2002868366696937,10
14058,4.669147149643446,4.469365398766434,-0.1997817508770119,8
14059,4.6695165230195395,4.469365398766434,-0.20015112425310555,10
14060,4.669178723548327,4.469365398766434,-0.19981332478189273,2
14061,4.668981526402078,4.469365398766434,-0.19961612763564407,5
14062,4.66927147157834,4.469365398766434,-0.1999060728119062,9
14063,4.669367416333575,4.469365398766434,-0.2000020175671411,7
14064,4.669384667203973,4.469365398766434,-0.20001926843753903,1
14065,4.66935712201599,4.469365398766434,-0.19999172324955605,6
14066,4.6691566241719595,4.469365398766434,-0.19979122540552563,4
14067,4.4530038057819805,4.252853030979893,-0.2001507748020872,6
14068,4.452797147843577,4.252853030979893,-0.19994411686368352,1
14069,4.452596454215328,4.252853030979893,-0.19974342323543492,10
14070,4.453125857932932,4.252853030979893,-0.2002728269530385,2
14071,4.453227824891511,4.252853030979893,-0.2003747939116174,3
14072,4.453137820952169,4.252853030979893,-0.20028478997227595,5
14073,4.4530753184852205,4.252853030979893,-0.20022228750532722,7
14074,4.4530812043424115,4.252853030979893,-0.2002281733625182,4
14075,4.453191402756713,4.252853030979893,-0.20033837177681946,8
14076,5.9640994594573336,6.041392685158225,0.07729322570089181,10
14077,5.99771283712775,6.041392685158225,0.0436798480304752,6
14078,5.895017420933427,6.041392685158225,0.1463752642247984,7
14079,5.862567801680923,6.041392685158225,0.17882488347730252,8
14080,5.983590632110611,6.041392685158225,0.05780205304761399,5
14081,6.026862823917956,6.041392685158225,0.014529861240269781,2
14082,6.002191605172864,6.041392685158225,0.03920107998536171,4
14083,6.026829709555012,6.041392685158225,0.014562975603213069,1
14084,5.938879149299125,6.041392685158225,0.10251353585910028,9
14085,4.901895479027995,5.079181246047625,0.1772857670196304,8
14086,5.0278294925337494,5.079181246047625,0.051351753513875664,5
14087,4.947081911565783,5.079181246047625,0.1320993344818424,10
14088,4.878919429050462,5.079181246047625,0.2002618169971635,2
14089,5.279475562844979,5.079181246047625,-0.2002943167973541,9
14090,4.879103852007971,5.079181246047625,0.20007739403965452,3
14091,4.879360034423334,5.079181246047625,0.19982121162429145,1
14092,4.879138061325572,5.079181246047625,0.20004318472205274,7
14093,4.879351263844698,5.079181246047625,0.19982998220292725,4
14094,6.291353998891174,6.491361693834273,0.2000076949430989,1
14095,5.911492998739585,6.491361693834273,0.5798686950946879,4
14096,6.078728381686861,6.491361693834273,0.4126333121474124,7
14097,6.0788995028111215,6.491361693834273,0.4124621910231516,10
14098,6.054987058289549,6.491361693834273,0.4363746355447242,8
14099,6.078631626168947,6.491361693834273,0.4127300676653265,3
14100,6.07846793005974,6.491361693834273,0.4128937637745329,5
14101,6.07899353273836,6.491361693834273,0.41236816109591334,2
14102,6.078674046275202,6.491361693834273,0.4126876475590713,6
14103,6.0788995028111215,6.278753600952829,0.1998540981417074,10
14104,6.07899353273836,6.278753600952829,0.19976006821446912,2
14105,6.078631626168947,6.278753600952829,0.20012197478388227,3
14106,6.291353998891174,6.278753600952829,-0.012600397938345331,1
14107,6.078728381686861,6.278753600952829,0.20002521926596817,7
14108,6.078674046275202,6.278753600952829,0.20007955467762706,6
14109,6.054987058289549,6.278753600952829,0.22376654266328,8
14110,6.07846793005974,6.278753600952829,0.20028567089308869,5
14111,5.837288882723258,6.278753600952829,0.4414647182295708,9
14112,4.092709058013811,3.892651033877301,-0.20005802413650997,10
14113,4.092663867404907,3.892651033877301,-0.20001283352760613,1
14114,4.09295823867389,3.892651033877301,-0.20030720479658903,9
14115,4.092557565729659,3.892651033877301,-0.19990653185235807,8
14116,4.092664759320776,3.892651033877301,-0.2000137254434753,3
14117,4.092492331930828,3.892651033877301,-0.1998412980535269,2
14118,4.092761920449272,3.892651033877301,-0.20011088657197096,4
14119,4.092739794800284,3.892651033877301,-0.20008876092298333,5
14120,4.092878622198068,3.892651033877301,-0.20022758832076715,7
14121,4.879077598484607,5.079181246047625,0.2001036475630178,2
14122,4.878983129547602,5.079181246047625,0.20019811650002328,4
14123,4.878946305488789,5.079181246047625,0.20023494055883617,1
14124,4.878999175328314,5.079181246047625,0.20018207071931116,10
14125,4.878967414178534,5.079181246047625,0.2002138318690907,6
14126,4.8792826099193185,5.079181246047625,0.1998986361283066,8
14127,4.87884505939863,5.079181246047625,0.200336186648995,5
14128,4.879054413043292,5.079181246047625,0.2001268330043331,9
14129,4.879225463410179,5.079181246047625,0.1999557826374465,7
14130,4.938874504980122,4.787743771646467,-0.15113073333365534,5
14131,4.98764610110859,4.787743771646467,-0.19990232946212316,3
14132,4.987936394437651,4.787743771646467,-0.20019262279118433,4
14133,4.9881900939419,4.787743771646467,-0.20044632229543335,1
14134,4.987925898597214,4.787743771646467,-0.20018212695074755,9
14135,4.9033284908968024,4.787743771646467,-0.11558471925033587,10
14136,4.988169163227652,4.787743771646467,-0.20042539158118533,2
14137,4.988041325214401,4.787743771646467,-0.20029755356793455,6
14138,4.988029492430035,4.787743771646467,-0.200285720783568,8
14139,5.6517905966785635,5.575187844927661,-0.0766027517509027,5
14140,5.610183850519975,5.575187844927661,-0.03499600559231375,3
14141,5.673688735768667,5.575187844927661,-0.09850089084100588,6
14142,5.679506237364828,5.575187844927661,-0.10431839243716734,1
14143,5.647323988218346,5.575187844927661,-0.07213614329068552,8
14144,5.556051130095186,5.575187844927661,0.01913671483247459,2
14145,5.500923785093873,5.575187844927661,0.07426405983378803,7
14146,5.768690722021788,5.575187844927661,-0.19350287709412672,10
14147,5.648115691178242,5.575187844927661,-0.07292784625058157,9
14148,4.761613317957376,4.56157836830096,-0.20003494965641533,5
14149,4.761399760741359,4.56157836830096,-0.19982139244039843,9
14150,4.7612661943624,4.56157836830096,-0.19968782606143964,2
14151,4.761512813927086,4.56157836830096,-0.19993444562612606,4
14152,4.761434208041186,4.56157836830096,-0.19985583974022525,7
14153,4.761666562082669,4.56157836830096,-0.20008819378170895,8
14154,4.761446974199377,4.56157836830096,-0.19986860589841626,10
14155,4.761709938805332,4.56157836830096,-0.20013157050437158,6
14156,4.761487087146255,4.56157836830096,-0.19990871884529504,3
14157,6.749311962338238,7.133858125203335,0.3845461628650968,2
14158,6.725562265156763,7.133858125203335,0.4082958600465716,4
14159,6.700130685822085,7.133858125203335,0.4337274393812498,5
14160,6.487498693508988,7.133858125203335,0.6463594316943473,8
14161,6.574538175132579,7.133858125203335,0.5593199500707557,3
14162,6.931368084339387,7.133858125203335,0.20249004086394784,10
14163,6.763786314478935,7.133858125203335,0.3700718107243999,6
14164,6.667757185233102,7.133858125203335,0.46610093997023316,1
14165,6.518188424736383,7.133858125203335,0.6156697004669516,9
14166,5.069193741368864,5.221674997070769,0.15248125570190485,6
14167,5.041785018142912,5.221674997070769,0.17988997892785719,2
14168,5.048427876454003,5.221674997070769,0.17324712061676628,10
14169,5.042808647419655,5.221674997070769,0.17886634965111448,4
14170,5.143208037695278,5.221674997070769,0.07846695937549164,3
14171,5.1786647012356575,5.221674997070769,0.043010295835111734,1
14172,5.101511390901272,5.221674997070769,0.1201636061694975,5
14173,5.075561149555444,5.221674997070769,0.1461138475153252,9
14174,5.021475579572156,5.221674997070769,0.20019941749861303,8
14175,5.072659815826602,4.239049093140191,-0.8336107226864105,4
14176,5.072622567901861,4.239049093140191,-0.8335734747616694,5
14177,5.238172427494869,4.239049093140191,-0.9991233343546781,2
14178,5.137457275056747,4.239049093140191,-0.8984081819165555,7
14179,5.0726107487615195,4.239049093140191,-0.8335616556213283,8
14180,5.189633236144528,4.239049093140191,-0.9505841430043365,6
14181,5.11261278739109,4.239049093140191,-0.8735636942508984,3
14182,5.072479076146342,4.239049093140191,-0.8334299830061509,9
14183,5.515364025903085,4.239049093140191,-1.2763149327628938,10
14184,5.055152607786306,3.964730921053629,-1.0904216867326775,9
14185,5.054919233451587,3.964730921053629,-1.090188312397958,5
14186,5.055235272096582,3.964730921053629,-1.0905043510429535,3
14187,5.055055443351226,3.964730921053629,-1.0903245222975975,4
14188,5.05517680797139,3.964730921053629,-1.090445886917761,7
14189,4.806422113338249,3.964730921053629,-0.8416911922846206,10
14190,5.055173730544569,3.964730921053629,-1.09044280949094,8
14191,5.054978346983024,3.964730921053629,-1.090247425929395,6
14192,5.055067186028712,3.964730921053629,-1.090336264975083,2
14193,3.896835949098999,3.6972293427597176,-0.19960660633928162,6
14194,3.4972213941243524,3.6972293427597176,0.2000079486353652,5
14195,3.4973056960681697,3.6972293427597176,0.19992364669154794,1
14196,3.4970469443125096,3.6972293427597176,0.20018239844720798,8
14197,3.4972948928407583,3.6972293427597176,0.19993444991895926,3
14198,3.497304691006378,3.6972293427597176,0.1999246517533395,4
14199,3.4972729743981867,3.6972293427597176,0.19995636836153086,10
14200,3.497283743937146,3.6972293427597176,0.19994559882257157,7
14201,3.497154256584739,3.6972293427597176,0.2000750861749787,9
14202,4.565930589754055,5.041392685158225,0.47546209540417017,3
14203,4.388542245492895,5.041392685158225,0.6528504396653307,9
14204,4.256516601681188,5.041392685158225,0.7848760834770374,2
14205,4.608001573244276,5.041392685158225,0.4333911119139495,1
14206,4.517609909964404,5.041392685158225,0.5237827751938218,10
14207,4.573152625572016,5.041392685158225,0.4682400595862095,5
14208,4.6650793335279275,5.041392685158225,0.3763133516302979,6
14209,4.365987321439715,5.041392685158225,0.67540536371851,8
14210,4.606502453044222,5.041392685158225,0.4348902321140038,7
14211,6.168355325232376,6.0,-0.16835532523237617,7
14212,6.183648171883138,6.0,-0.18364817188313776,1
14213,6.086708040355518,6.0,-0.08670804035551782,10
14214,6.126493969789875,6.0,-0.12649396978987504,2
14215,6.165687114834823,6.0,-0.16568711483482268,3
14216,6.159422263207294,6.0,-0.15942226320729436,8
14217,5.799818147350204,6.0,0.20018185264979582,4
14218,6.11275739375079,6.0,-0.11275739375079041,5
14219,6.121119851411999,6.0,-0.12111985141199888,6
14220,7.004241758226179,5.442479769064448,-1.561761989161731,5
14221,7.004421012780205,5.442479769064448,-1.561941243715757,8
14222,7.004087991514476,5.442479769064448,-1.5616082224500278,7
14223,6.1878791925693335,5.442479769064448,-0.7453994235048853,1
14224,7.003916367413647,5.442479769064448,-1.5614365983491991,10
14225,7.004323600390548,5.442479769064448,-1.5618438313261,6
14226,7.003981348158453,5.442479769064448,-1.5615015790940046,2
14227,7.003882118483517,5.442479769064448,-1.561402349419069,3
14228,6.281997183177454,5.442479769064448,-0.839517414113006,4
14229,6.1878791925693335,7.397940008672037,1.210060816102703,1
14230,7.004421012780205,7.397940008672037,0.3935189958918315,8
14231,7.004241758226179,7.397940008672037,0.3936982504458575,5
14232,7.003882118483517,7.397940008672037,0.39405789018851944,3
14233,7.004323600390548,7.397940008672037,0.39361640828148836,6
14234,7.003981348158453,7.397940008672037,0.39395866051358386,2
14235,7.003916367413647,7.397940008672037,0.3940236412583893,10
14236,7.197783192273909,7.397940008672037,0.20015681639812755,9
14237,7.004087991514476,7.397940008672037,0.3938520171575606,7
14238,5.813233974451379,6.690196080028514,0.8769621055771353,5
14239,5.935118103586907,6.690196080028514,0.7550779764416067,6
14240,5.974440389496426,6.690196080028514,0.7157556905320881,1
14241,5.956206536405325,6.690196080028514,0.7339895436231885,9
14242,5.794949671659282,6.690196080028514,0.895246408369232,7
14243,6.482358230017019,6.690196080028514,0.20783785001149457,10
14244,5.791376640165783,6.690196080028514,0.8988194398627307,2
14245,5.9810851538851395,6.690196080028514,0.7091109261433743,4
14246,5.923414751946301,6.690196080028514,0.7667813280822129,8
14247,6.122136171577979,6.079181246047625,-0.04295492553035363,5
14248,6.122058477783618,6.079181246047625,-0.04287723173599289,8
14249,5.879002707415742,6.079181246047625,0.20017853863188328,1
14250,6.122115341752175,6.079181246047625,-0.04293409570454987,2
14251,6.122357473431647,6.079181246047625,-0.043176227384021715,10
14252,6.1224812694957675,6.079181246047625,-0.04330002344814243,3
14253,6.1222972082460405,6.079181246047625,-0.0431159621984154,4
14254,6.122415291318314,6.079181246047625,-0.043234045270688526,7
14255,6.121954699453301,6.079181246047625,-0.042773453405676065,6
14256,4.264630186618157,4.064457989226918,-0.2001721973912387,4
14257,4.264563337893156,4.064457989226918,-0.20010534866623786,2
14258,4.2644898981502335,4.064457989226918,-0.20003190892331535,6
14259,4.264712133851889,4.064457989226918,-0.20025414462497082,1
14260,4.264873815555901,4.064457989226918,-0.20041582632898258,8
14261,4.264297932034571,4.064457989226918,-0.19983994280765316,3
14262,4.264643719423168,4.064457989226918,-0.20018573019624952,7
14263,4.264272975345145,4.064457989226918,-0.199814986118227,5
14264,4.264618688553248,4.064457989226918,-0.20016069932632963,9
14265,3.9501341350654906,3.686636269262293,-0.2634978658031977,8
14266,4.075927299095433,3.686636269262293,-0.38929102983314,5
14267,4.2818960508064094,3.686636269262293,-0.5952597815441165,9
14268,3.8906975143029827,3.686636269262293,-0.2040612450406898,3
14269,3.8937468136482045,3.686636269262293,-0.2071105443859116,1
14270,3.886607424337483,3.686636269262293,-0.19997115507519014,2
14271,3.912461563305019,3.686636269262293,-0.2258252940427261,7
14272,3.886705253370434,3.686636269262293,-0.2000689841081411,6
14273,4.181371944789805,3.686636269262293,-0.4947356755275121,10
14274,5.657053860473912,5.168939213835978,-0.4881146466379338,8
14275,5.728365463696827,5.168939213835978,-0.5594262498608487,4
14276,5.512430607278665,5.168939213835978,-0.34349139344268664,7
14277,5.728149873150706,5.168939213835978,-0.5592106593147275,1
14278,5.591127282077562,5.168939213835978,-0.42218806824158417,3
14279,5.579833902563035,5.168939213835978,-0.4108946887270566,9
14280,5.643023292728778,5.168939213835978,-0.47408407889279935,6
14281,5.3686138625245805,5.168939213835978,-0.1996746486886023,2
14282,5.679558007715012,5.168939213835978,-0.5106187938790336,5
14283,5.879516664955746,6.079181246047625,0.1996645810918789,10
14284,6.04641482305878,6.079181246047625,0.032766422988845356,6
14285,6.1677988642413375,6.079181246047625,-0.08861761819371239,3
14286,6.190374283697047,6.079181246047625,-0.11119303764942146,1
14287,6.040332172627038,6.079181246047625,0.038849073420586855,7
14288,5.993992720218603,6.079181246047625,0.0851885258290217,4
14289,5.879175517466682,6.079181246047625,0.20000572858094312,5
14290,6.054069066000908,6.079181246047625,0.025112180046717114,2
14291,6.0226548986070245,6.079181246047625,0.05652634744060059,8
14292,5.122174621722329,5.32221929473392,0.20004467301159146,6
14293,5.1219825006708,5.32221929473392,0.20023679406312045,4
14294,5.122146651648131,5.32221929473392,0.20007264308578954,9
14295,5.122320816362214,5.32221929473392,0.19989847837170682,2
14296,5.122241545838144,5.32221929473392,0.19997774889577613,8
14297,5.1221580931376405,5.32221929473392,0.20006120159627994,7
14298,5.1222505633808195,5.32221929473392,0.1999687313531009,5
14299,5.12222915468684,5.32221929473392,0.19999014004708027,10
14300,5.121956964510941,5.32221929473392,0.20026233022297912,1
14301,5.094914003317792,4.895201474778894,-0.19971252853889876,4
14302,5.094900950101837,4.895201474778894,-0.19969947532294352,7
14303,5.095099848614133,4.895201474778894,-0.19989837383523934,5
14304,4.6953534196427595,4.895201474778894,0.19984805513613413,1
14305,5.094968014288136,4.895201474778894,-0.19976653950924206,9
14306,5.095198196786347,4.895201474778894,-0.19999672200745344,2
14307,5.095101770705876,4.895201474778894,-0.199900295926982,10
14308,5.09514891464853,4.895201474778894,-0.1999474398696366,6
14309,5.094931463070291,4.895201474778894,-0.19972998829139765,3
14310,6.077086522025183,6.079181246047625,0.0020947240224424846,8
14311,6.077017228794911,6.079181246047625,0.002164017252714423,7
14312,6.0772279554656095,6.079181246047625,0.0019532905820156543,4
14313,6.077267670658401,6.079181246047625,0.0019135753892243201,1
14314,6.077047559263825,6.079181246047625,0.002133686783800215,9
14315,6.077175799241994,6.079181246047625,0.0020054468056311947,2
14316,6.07679054664476,6.079181246047625,0.002390699402865515,6
14317,5.891070179228071,6.079181246047625,0.18811106681955447,10
14318,6.076835589547694,6.079181246047625,0.0023456564999309037,3
14319,5.341321179428431,5.648360010980932,0.307038831552501,2
14320,5.447999889352761,5.648360010980932,0.2003601216281714,5
14321,5.396428354151857,5.648360010980932,0.2519316568290746,9
14322,5.448132600780697,5.648360010980932,0.2002274102002346,10
14323,5.448272354645093,5.648360010980932,0.20008765633583891,8
14324,5.383660160225045,5.648360010980932,0.2646998507558873,3
14325,5.4480017487101655,5.648360010980932,0.20035826227076647,6
14326,5.448193047047246,5.648360010980932,0.20016696393368605,4
14327,5.44808053325197,5.648360010980932,0.20027947772896226,1
14328,4.6738407583749435,4.473924693416158,-0.1999160649587859,3
14329,4.673897924628382,4.473924693416158,-0.19997323121222443,8
14330,4.673968814793784,4.473924693416158,-0.20004412137762628,4
14331,4.67413438188866,4.473924693416158,-0.2002096884725022,7
14332,4.6738636627191115,4.473924693416158,-0.19993896930295385,5
14333,4.674110079685531,4.473924693416158,-0.2001853862693732,10
14334,4.673997122571196,4.473924693416158,-0.2000724291550382,9
14335,4.673846770909191,4.473924693416158,-0.19992207749303326,2
14336,4.673956717514503,4.473924693416158,-0.20003202409834575,1
14337,6.132124371706148,5.931966114728173,-0.20015825697797496,10
14338,6.03256789693384,5.931966114728173,-0.10060178220566751,1
14339,5.823602485321532,5.931966114728173,0.10836362940664124,2
14340,5.987389589349132,5.931966114728173,-0.05542347462095876,9
14341,5.786741634865009,5.931966114728173,0.1452244798631641,7
14342,5.973460169671811,5.931966114728173,-0.041494054943638226,6
14343,5.88137724655938,5.931966114728173,0.050588868168793155,5
14344,5.979484027072827,5.931966114728173,-0.04751791234465408,8
14345,5.6939813375118105,5.931966114728173,0.23798477721636235,3
14346,5.140136944280391,4.93981866282138,-0.20031828145901098,7
14347,5.139626357103139,4.93981866282138,-0.19980769428175904,5
14348,5.139828556811196,4.93981866282138,-0.20000989398981606,6
14349,5.1399428455368685,4.93981866282138,-0.2001241827154887,10
14350,5.13975911722788,4.93981866282138,-0.19994045440649977,9
14351,5.139894989900913,4.93981866282138,-0.20007632707953338,2
14352,5.139815192519633,4.93981866282138,-0.19999652969825288,3
14353,5.1398614618661265,4.93981866282138,-0.20004279904474664,4
14354,5.139730101066266,4.93981866282138,-0.1999114382448859,1
14355,5.532566543759567,5.732393759822968,0.19982721606340093,9
14356,5.527420985102423,5.732393759822968,0.2049727747205452,6
14357,5.505284131869885,5.732393759822968,0.22710962795308287,5
14358,5.528668422467092,5.732393759822968,0.20372533735587606,1
14359,5.532347725207449,5.732393759822968,0.20004603461551884,2
14360,5.532226799445397,5.732393759822968,0.20016696037757153,10
14361,5.532316721415935,5.732393759822968,0.2000770384070334,8
14362,5.4040827464760826,5.732393759822968,0.3283110133468856,3
14363,5.532221570643681,5.732393759822968,0.20017218917928759,7
14364,3.4403473570117193,3.3010299956639813,-0.1393173613477381,1
14365,3.5013856878127902,3.3010299956639813,-0.200355692148809,4
14366,3.5012061016047897,3.3010299956639813,-0.20017610594080848,10
14367,3.501114528869436,3.3010299956639813,-0.20008453320545483,5
14368,3.501141773120098,3.3010299956639813,-0.20011177745611697,9
14369,3.501351875245598,3.3010299956639813,-0.20032187958161662,8
14370,3.5011547148807804,3.3010299956639813,-0.2001247192167992,6
14371,3.1007168405287824,3.3010299956639813,0.20031315513519887,3
14372,3.501223348848789,3.3010299956639813,-0.2001933531848077,7
14373,4.779738673857568,4.57978359661681,-0.1999550772407579,2
14374,4.779900133343052,4.57978359661681,-0.20011653672624163,6
14375,4.7797092991452885,4.57978359661681,-0.1999257025284784,9
14376,4.779992172130466,4.57978359661681,-0.20020857551365623,10
14377,4.779578248552394,4.57978359661681,-0.19979465193558354,3
14378,4.779594511771144,4.57978359661681,-0.1998109151543339,5
14379,4.779821614410395,4.57978359661681,-0.20003801779358454,7
14380,4.779748255548873,4.57978359661681,-0.19996465893206317,1
14381,4.779530359324762,4.57978359661681,-0.1997467627079521,4
14382,6.634597318894645,6.57978359661681,-0.0548137222778351,9
14383,6.634760538028936,6.57978359661681,-0.054976941412125946,10
14384,6.634927620820083,6.57978359661681,-0.05514402420327258,3
14385,6.77956968857233,6.57978359661681,-0.1997860919555201,7
14386,6.635057429823085,6.57978359661681,-0.055273833206275214,2
14387,6.4207150716479555,6.57978359661681,0.1590685249688546,4
14388,6.634920365591682,6.57978359661681,-0.0551367689748723,8
14389,6.635224488587749,6.57978359661681,-0.05544089197093882,5
14390,6.635149712777966,6.57978359661681,-0.05536611616115561,6
14391,6.9995004796615286,7.19942604159399,0.1999255619324618,2
14392,6.972213977620026,7.19942604159399,0.22721206397396454,10
14393,6.99015366858924,7.19942604159399,0.2092723730047501,4
14394,6.922900766500545,7.19942604159399,0.27652527509344527,5
14395,6.974561667590573,7.19942604159399,0.22486437400341774,3
14396,6.999328724674821,7.19942604159399,0.20009731691916954,1
14397,6.999302620439706,7.19942604159399,0.2001234211542844,7
14398,6.999544340766227,7.19942604159399,0.19988170082776335,6
14399,6.999561985264401,7.19942604159399,0.1998640563295897,9
14400,6.595774348905441,6.795880017344075,0.20010566843863398,2
14401,6.596140925483592,6.795880017344075,0.1997390918604829,10
14402,6.595439429992682,6.795880017344075,0.2004405873513928,3
14403,6.595962014650167,6.795880017344075,0.19991800269390758,6
14404,6.595970694031768,6.795880017344075,0.1999093233123066,8
14405,6.596115689661634,6.795880017344075,0.19976432768244123,7
14406,6.595829447324565,6.795880017344075,0.20005057001950988,1
14407,6.596033871811583,6.795880017344075,0.1998461455324918,5
14408,6.595871560438606,6.795880017344075,0.20000845690546942,4
14409,3.9409451791123127,4.0,0.05905482088768732,9
14410,3.799937487477147,4.0,0.200062512522853,7
14411,3.952823060743408,4.0,0.04717693925659194,3
14412,3.903588106284116,4.0,0.09641189371588421,10
14413,3.829482765862342,4.0,0.17051723413765796,4
14414,3.8001442914429804,4.0,0.19985570855701962,2
14415,3.9839839757631887,4.0,0.016016024236811255,5
14416,3.8001232442503454,4.0,0.19987675574965458,1
14417,3.9504622416876454,4.0,0.04953775831235463,6
14418,5.732714577372617,5.532384880503846,-0.20032969686877067,10
14419,5.73253676367466,5.532384880503846,-0.20015188317081378,1
14420,5.7322855577214975,5.532384880503846,-0.19990067721765126,7
14421,5.732293782160746,5.532384880503846,-0.1999089016569,3
14422,5.732593020521935,5.532384880503846,-0.20020814001808862,8
14423,5.7321383631329,5.532384880503846,-0.19975348262905346,4
14424,5.732493171649692,5.532384880503846,-0.20010829114584539,6
14425,5.7320613501361315,5.532384880503846,-0.19967646963228525,9
14426,5.732594038231867,5.532384880503846,-0.20020915772802095,2
14427,6.310606429224353,6.32221929473392,0.011612865509567527,3
14428,6.121993197285781,6.32221929473392,0.20022609744813913,8
14429,6.186925012544188,6.32221929473392,0.13529428218973205,4
14430,6.186984521411524,6.32221929473392,0.13523477332239597,7
14431,6.187047411757148,6.32221929473392,0.1351718829767723,9
14432,6.1870060469526615,6.32221929473392,0.13521324778125887,1
14433,6.187153766253063,6.32221929473392,0.1350655284808573,2
14434,6.200561118066666,6.32221929473392,0.1216581766672542,5
14435,6.18695328365688,6.32221929473392,0.13526601107704028,6
14436,6.0334232655934334,6.176091259055681,0.1426679934622479,1
14437,6.0121788977077735,6.176091259055681,0.16391236134790788,10
14438,6.01343225447525,6.176091259055681,0.1626590045804317,6
14439,6.124927759155884,6.176091259055681,0.05116349989979696,3
14440,6.009688581385682,6.176091259055681,0.16640267766999894,2
14441,6.0096057125184466,6.176091259055681,0.1664855465372348,5
14442,6.1390328076123755,6.176091259055681,0.037058451443305884,7
14443,5.980204017698424,6.176091259055681,0.19588724135725766,4
14444,6.084633807693214,6.176091259055681,0.09145745136246752,9
14445,5.511939609954676,5.311965660368366,-0.19997394958630998,9
14446,5.512030078815014,5.311965660368366,-0.20006441844664824,1
14447,5.511996624734769,5.311965660368366,-0.20003096436640266,7
14448,5.512285415166266,5.311965660368366,-0.2003197547979001,6
14449,5.5121044251842735,5.311965660368366,-0.20013876481590742,4
14450,5.512268605852935,5.311965660368366,-0.20030294548456862,10
14451,5.512038365680313,5.311965660368366,-0.2000727053119471,2
14452,5.512278618980536,5.311965660368366,-0.20031295861217036,3
14453,5.512017251399163,5.311965660368366,-0.20005159103079695,8
14454,5.538534463805301,5.338456493604605,-0.20007797020069606,8
14455,5.538396756754259,5.338456493604605,-0.19994026314965385,1
14456,5.538453188947445,5.338456493604605,-0.19999669534283981,4
14457,5.538887106079521,5.338456493604605,-0.200430612474916,10
14458,5.538686934790672,5.338456493604605,-0.2002304411860667,5
14459,5.538381718846545,5.338456493604605,-0.19992522524194012,9
14460,5.5382020779100065,5.338456493604605,-0.19974558430540146,7
14461,5.538390018096553,5.338456493604605,-0.19993352449194823,2
14462,5.538374354253434,5.338456493604605,-0.19991786064882877,3
14463,6.661424139821962,5.489958479424835,-1.1714656603971276,9
14464,6.6611804607524885,5.489958479424835,-1.1712219813276539,5
14465,6.457083074012414,5.489958479424835,-0.9671245945875793,1
14466,6.661354107787805,5.489958479424835,-1.17139562836297,8
14467,6.456784191736808,5.489958479424835,-0.966825712311973,10
14468,6.453685258128652,5.489958479424835,-0.9637267787038173,4
14469,6.61486501898024,5.489958479424835,-1.124906539555405,3
14470,5.690255153139797,5.489958479424835,-0.20029667371496274,2
14471,6.661372164613866,5.489958479424835,-1.171413685189031,7
14472,5.4047336290239185,5.205096047578484,-0.1996375814454341,3
14473,5.404902146387169,5.205096047578484,-0.1998060988086845,1
14474,5.405291199156881,5.205096047578484,-0.20019515157839685,8
14475,5.405244364926044,5.205096047578484,-0.20014831734755933,6
14476,5.405127095723733,5.205096047578484,-0.20003104814524875,4
14477,5.405244269408365,5.205096047578484,-0.20014822182988024,7
14478,5.405392532619519,5.205096047578484,-0.2002964850410347,2
14479,5.405571963109492,5.205096047578484,-0.2004759155310074,10
14480,5.405264203993385,5.205096047578484,-0.20016815641490027,9
14481,6.356430108972632,6.531478917042255,0.17504880806962309,4
14482,6.3561861183999495,6.531478917042255,0.17529279864230585,8
14483,6.356293157483993,6.531478917042255,0.17518575955826243,9
14484,6.356481031627912,6.531478917042255,0.17499788541434302,6
14485,6.3559568648413345,6.531478917042255,0.17552205220092088,7
14486,6.356400395313958,6.531478917042255,0.17507852172829708,10
14487,6.331892937713024,6.531478917042255,0.19958597932923094,1
14488,6.356244345556358,6.531478917042255,0.17523457148589738,3
14489,6.35632097206352,6.531478917042255,0.1751579449787357,5
14490,5.878918561686082,6.079181246047625,0.20026268436154293,8
14491,5.8789346410496375,6.079181246047625,0.20024660499798763,3
14492,5.879172702191981,6.079181246047625,0.20000854385564448,9
14493,5.878921676666653,6.079181246047625,0.20025956938097167,4
14494,5.879216496709702,6.079181246047625,0.19996474933792285,7
14495,5.879052944269018,6.079181246047625,0.20012830177860685,6
14496,5.879300961667894,6.079181246047625,0.1998802843797307,10
14497,5.878800982047021,6.079181246047625,0.2003802640006045,5
14498,5.865122059469895,6.079181246047625,0.21405918657772993,2
14499,4.50132174394426,4.301029995663981,-0.20029174828027863,7
14500,4.501250438583645,4.301029995663981,-0.20022044291966345,2
14501,4.500959784588279,4.301029995663981,-0.19992978892429747,6
14502,4.501440851697154,4.301029995663981,-0.200410856033173,9
14503,4.501245282667819,4.301029995663981,-0.20021528700383762,1
14504,4.501081360056082,4.301029995663981,-0.2000513643921007,8
14505,4.501003108398937,4.301029995663981,-0.19997311273495555,5
14506,4.500693167544718,4.301029995663981,-0.19966317188073646,3
14507,4.501246690540807,4.301029995663981,-0.20021669487682558,10
14508,5.691228377955419,5.491361693834273,-0.1998666841211456,8
14509,5.691255592411162,5.491361693834273,-0.19989389857688877,1
14510,5.691539215730354,5.491361693834273,-0.20017752189608107,2
14511,5.691440541565663,5.491361693834273,-0.2000788477313895,9
14512,5.691316018766888,5.491361693834273,-0.199954324932615,5
14513,5.691267600195691,5.491361693834273,-0.19990590636141814,7
14514,5.691500573677077,5.491361693834273,-0.20013887984280387,4
14515,5.691610722652921,5.491361693834273,-0.20024902881864826,10
14516,5.691594609699877,5.491361693834273,-0.20023291586560354,6
14517,5.8864489443697705,6.0,0.11355105563022949,5
14518,5.939163554199374,6.0,0.06083644580062586,4
14519,5.830236343473848,6.0,0.16976365652615222,2
14520,5.912226486562563,6.0,0.08777351343743689,10
14521,6.019472240071264,6.0,-0.01947224007126369,3
14522,5.960295785674017,6.0,0.039704214325983145,6
14523,5.82696419234972,6.0,0.1730358076502796,7
14524,5.799729496405616,6.0,0.2002705035943837,8
14525,5.854181147069624,6.0,0.14581885293037633,1
14526,6.1363880988678146,6.185542154854375,0.04915405598656086,5
14527,5.985374994508092,6.185542154854375,0.20016716034628335,3
14528,5.985352415511994,6.185542154854375,0.20018973934238105,10
14529,6.02704112690682,6.185542154854375,0.1585010279475556,1
14530,6.250334651437632,6.185542154854375,-0.06479249658325692,6
14531,6.046581255571376,6.185542154854375,0.13896089928299915,9
14532,6.103298107071313,6.185542154854375,0.08224404778306216,4
14533,5.9888426405508515,6.185542154854375,0.19669951430352395,7
14534,5.98532318010181,6.185542154854375,0.20021897475256534,2
14535,5.466393246524944,5.301029995663981,-0.16536325086096237,7
14536,5.50118652337113,5.301029995663981,-0.20015652770714887,5
14537,5.501058623955799,5.301029995663981,-0.20002862829181733,8
14538,5.5012513246925705,5.301029995663981,-0.20022132902858925,10
14539,5.500776081169784,5.301029995663981,-0.19974608550580264,9
14540,5.501366837259572,5.301029995663981,-0.20033684159559062,2
14541,5.5009912161361,5.301029995663981,-0.19996122047211884,6
14542,5.4968692655409805,5.301029995663981,-0.1958392698769993,1
14543,5.500935038200512,5.301029995663981,-0.19990504253653096,3
14544,6.279189315413684,6.079181246047625,-0.20000806936605908,1
14545,6.279166271404221,6.079181246047625,-0.1999850253565958,10
14546,6.279427219039815,6.079181246047625,-0.2002459729921897,7
14547,6.279112439426402,6.079181246047625,-0.1999311933787773,5
14548,6.279353459091471,6.079181246047625,-0.20017221304384591,9
14549,6.279398839684624,6.079181246047625,-0.20021759363699854,8
14550,6.279258393041525,6.079181246047625,-0.2000771469939,4
14551,6.278808136008874,6.079181246047625,-0.199626889961249,6
14552,6.2794654693799306,6.079181246047625,-0.20028422333230544,2
14553,5.092372750625739,4.892372907398436,-0.19999984322730224,10
14554,5.092431536734169,4.892372907398436,-0.20005862933573226,5
14555,5.092518057750963,4.892372907398436,-0.2001451503525269,1
14556,5.0924812118317675,4.892372907398436,-0.20010830443333116,8
14557,5.092104230502948,4.892372907398436,-0.19973132310451192,7
14558,5.092744855568892,4.892372907398436,-0.20037194817045556,2
14559,5.092099737374962,4.892372907398436,-0.1997268299765258,3
14560,5.092436612472862,4.892372907398436,-0.2000637050744256,6
14561,5.092251383913293,4.892372907398436,-0.1998784765148569,4
14562,5.973032274163452,6.176091259055681,0.2030589848922295,4
14563,5.9758272897832345,6.176091259055681,0.20026396927244683,8
14564,6.132397086458413,6.176091259055681,0.04369417259726838,7
14565,5.976215686805703,6.176091259055681,0.19987557224997854,2
14566,5.975765228894872,6.176091259055681,0.2003260301608094,3
14567,5.975809902596742,6.176091259055681,0.20028135645893919,9
14568,5.9761000002554425,6.176091259055681,0.19999125880023882,10
14569,5.975816249713344,6.176091259055681,0.2002750093423371,5
14570,5.975808854080499,6.176091259055681,0.2002824049751819,6
14571,6.012830471024449,6.491361693834273,0.4785312228098242,4
14572,6.2918292540506355,6.491361693834273,0.19953243978363755,5
14573,6.013225518801857,6.491361693834273,0.47813617503241623,8
14574,6.013189057448436,6.491361693834273,0.4781726363858372,6
14575,6.013001980326229,6.491361693834273,0.47835971350804396,7
14576,6.0130119190512525,6.491361693834273,0.47834977478302054,2
14577,6.013413732872677,6.491361693834273,0.477947960961596,10
14578,6.013413562082053,6.491361693834273,0.4779481317522203,9
14579,6.012801390089139,6.491361693834273,0.4785603037451338,3
14580,3.756139008780374,3.556302500767288,-0.19983650801308572,2
14581,3.68074887140043,3.556302500767288,-0.12444637063314179,10
14582,3.7383730262365997,3.556302500767288,-0.18207052546931157,3
14583,3.6950760496145234,3.556302500767288,-0.13877354884723525,8
14584,3.756372428931301,3.556302500767288,-0.2000699281640128,5
14585,3.756054927212014,3.556302500767288,-0.1997524264447259,9
14586,3.756017633230407,3.556302500767288,-0.199715132463119,6
14587,3.355972119941354,3.556302500767288,0.20033038082593402,7
14588,3.755876824415532,3.556302500767288,-0.1995743236482439,4
14589,4.838456513543078,4.089905111439398,-0.7485514021036801,8
14590,4.930410660995734,4.089905111439398,-0.8405055495563358,10
14591,4.606559683728029,4.089905111439398,-0.5166545722886307,3
14592,4.954023862925154,4.089905111439398,-0.8641187514857558,6
14593,4.290190866551194,4.089905111439398,-0.20028575511179625,1
14594,4.810645979692321,4.089905111439398,-0.720740868252923,4
14595,4.85558427594151,4.089905111439398,-0.7656791645021119,9
14596,4.758968526732838,4.089905111439398,-0.66906341529344,5
14597,4.677780508664097,4.089905111439398,-0.5878753972246988,2
14598,4.0496169029129465,4.653212513775344,0.6035956108623974,4
14599,4.136507631564644,4.653212513775344,0.5167048822106999,8
14600,4.128855104556802,4.653212513775344,0.5243574092185419,9
14601,4.452939974416955,4.653212513775344,0.20027253935838907,7
14602,3.98004678155345,4.653212513775344,0.6731657322218938,2
14603,4.094441732153516,4.653212513775344,0.5587707816218277,5
14604,4.189450272651891,4.653212513775344,0.46376224112345277,6
14605,4.16977229064845,4.653212513775344,0.4834402231268937,10
14606,4.055335376576859,4.653212513775344,0.597877137198485,3
14607,5.421392923423353,5.221022805204841,-0.2003701182185118,2
14608,5.420689416149939,5.221022805204841,-0.19966661094509774,5
14609,5.421481989622538,5.221022805204841,-0.2004591844176966,6
14610,5.421325142003939,5.221022805204841,-0.2003023367990977,10
14611,5.4210863006800265,5.221022805204841,-0.20006349547518543,9
14612,5.421234994701919,5.221022805204841,-0.20021218949707809,3
14613,5.421487221459772,5.221022805204841,-0.20046441625493117,1
14614,5.421255783018836,5.221022805204841,-0.20023297781399485,8
14615,5.42115757203197,5.221022805204841,-0.20013476682712916,4
14616,5.898936290825252,5.698970004336019,-0.1999662864892331,2
14617,5.94091237939573,5.698970004336019,-0.24194237505971117,6
14618,5.898951836286737,5.698970004336019,-0.19998183195071828,1
14619,5.935348775419627,5.698970004336019,-0.23637877108360783,8
14620,5.898968369108909,5.698970004336019,-0.19999836477289,4
14621,5.9617334697966395,5.698970004336019,-0.2627634654606208,5
14622,5.93028351240605,5.698970004336019,-0.23131350807003148,9
14623,5.9321210551738845,5.698970004336019,-0.2331510508378658,10
14624,6.034251153713906,5.698970004336019,-0.3352811493778871,3
14625,7.142265494514912,7.342422680822207,0.20015718630729484,8
14626,7.142124868518074,7.342422680822207,0.20029781230413235,5
14627,7.142714989554243,7.342422680822207,0.19970769126796384,1
14628,7.142624671885458,7.342422680822207,0.1997980089367486,9
14629,7.142858885575063,7.342422680822207,0.19956379524714318,6
14630,7.142796588289449,7.342422680822207,0.19962609253275776,2
14631,7.142519307112487,7.342422680822207,0.19990337370972,3
14632,7.142406658658549,7.342422680822207,0.20001602216365733,7
14633,7.142893703044463,7.342422680822207,0.19952897777774403,4
14634,6.149097749582161,6.176091259055681,0.026993509473520305,10
14635,6.149649684683229,6.176091259055681,0.02644157437245198,4
14636,6.149172799898491,6.176091259055681,0.02691845915719071,6
14637,6.137733877366087,6.176091259055681,0.03835738168959413,5
14638,6.129933354839708,6.176091259055681,0.04615790421597321,3
14639,6.149426968443231,6.176091259055681,0.02666429061245079,7
14640,6.044254125524855,6.176091259055681,0.13183713353082638,2
14641,6.149372880979529,6.176091259055681,0.026718378076152405,9
14642,6.149443866112543,6.176091259055681,0.026647392943138115,1
14643,6.215212136882897,6.414973347970818,0.199761211087921,2
14644,6.215055444852929,6.414973347970818,0.19991790311788904,4
14645,6.214779072698039,6.414973347970818,0.20019427527277944,7
14646,6.214657113995523,6.414973347970818,0.20031623397529508,3
14647,6.215260571325777,6.414973347970818,0.1997127766450415,5
14648,6.215098966043605,6.414973347970818,0.19987438192721285,10
14649,6.2149664374251286,6.414973347970818,0.20000691054568964,8
14650,6.215072174829829,6.414973347970818,0.1999011731409892,6
14651,6.21512234015431,6.414973347970818,0.1998510078165081,9
14652,6.777504541170402,6.977723605288848,0.20021906411844537,3
14653,6.777924511632094,6.977723605288848,0.19979909365675397,9
14654,6.777474120553743,6.977723605288848,0.20024948473510484,4
14655,6.778200821180493,6.977723605288848,0.19952278410835422,2
14656,6.777830977575144,6.977723605288848,0.19989262771370342,7
14657,6.777314923835611,6.977723605288848,0.20040868145323643,6
14658,6.777327528204243,6.977723605288848,0.20039607708460494,5
14659,6.778012678132647,6.977723605288848,0.1997109271562003,1
14660,6.777427322957118,6.977723605288848,0.20029628233172936,10
