idx,y_pred,y_true,residual,fold
0,4.265138834074855,5.698970004336019,1.433831170261164,6
1,3.103530107846257,3.049218022670181,-0.054312085176075886,9
2,3.531784272756992,2.903089986991944,-0.6286942857650479,5
3,5.173633755689662,2.9542425094393248,-2.219391246250337,5
4,6.118256519478497,3.90848501887865,-2.2097715005998473,8
5,5.296894126593622,3.322219294733919,-1.9746748318597027,5
6,5.868329889995237,5.301029995663981,-0.5672998943312555,5
7,5.4321374688808435,4.086359830674748,-1.345777638206095,7
8,5.5072407962839005,6.035709837827862,0.5284690415439615,9
9,5.150581160781619,5.954242509439325,0.8036613486577062,6
10,5.9276060310947605,3.949390006644913,-1.9782160244498477,4
11,5.125070457637173,5.742725131304698,0.6176546736675252,7
12,4.579028158552673,3.661812685537261,-0.9172154730154123,5
13,5.0861689154098,3.505149978319906,-1.5810189370898944,10
14,5.127034947534686,5.0948203803548,-0.0322145671798868,10
15,5.220307889182382,3.397940008672037,-1.822367880510345,2
16,4.746250630160984,3.832508912706236,-0.9137417174547475,8
17,5.326622384709707,5.6020599913279625,0.27543760661825534,8
18,3.913916764266087,5.238046103128795,1.3241293388627082,3
19,3.929544578750264,3.0791812460476247,-0.8503633327026394,8
20,3.406941337250556,3.823474229170301,0.41653289191974485,10
21,5.389690013262527,3.838849090737255,-1.5508409225252717,10
22,5.0512088237798825,3.505149978319906,-1.5460588454599766,8
23,4.830418103325101,6.041392685158225,1.2109745818331241,1
24,5.479238014137822,3.8813846567705728,-1.5978533573672493,5
25,5.221221997777616,5.576341350205793,0.3551193524281766,5
26,6.198722468758246,6.823539433656859,0.6248169648986135,9
27,5.878609612421241,6.3979400086720375,0.5193303962507967,5
28,6.189688955592315,6.707570176097937,0.5178812205056218,7
29,6.311612361071411,6.3979400086720375,0.08632764760062628,1
30,5.907489455759468,6.558708570533166,0.6512191147736974,1
31,6.3588445328788685,6.107549129744687,-0.25129540313418186,3
32,5.521842864926182,4.193681029541281,-1.3281618353849005,1
33,5.58568456958514,5.929418925714293,0.34373435612915326,6
34,6.112082218268249,6.531478917042255,0.41939669877400654,10
35,6.200659589089629,6.414973347970818,0.21431375888118875,8
36,6.130682281196925,6.372912002970106,0.2422297217731817,7
37,5.972684992051775,6.384890796530554,0.41220580447877886,9
38,5.395140525180388,6.325843928293292,0.9307034031129042,7
39,6.341453737033551,7.0,0.6585462629664489,5
40,6.521114557367853,6.8750612633917,0.35394670602384704,10
41,6.4207150716479555,6.835056101720117,0.41434103007216105,4
42,5.844370006595551,7.079181246047625,1.2348112394520738,6
43,5.1751995500183945,4.072984744627931,-1.1022148053904637,2
44,5.54222016678355,5.113943352306837,-0.42827681447671306,2
45,4.74743363951719,5.096910013008056,0.3494763734908659,5
46,4.3844053068724165,5.342422680822207,0.9580173739497901,8
47,5.7888857302096275,6.2405492482826,0.4516635180729729,5
48,4.033916233429366,5.278753600952829,1.2448373675234627,4
49,5.844188462632318,6.2552725051033065,0.4110840424709883,1
50,4.9054819286837406,5.023540521554854,0.11805859287111353,8
51,5.513642506060615,6.313867220369153,0.8002247143085386,1
52,5.597046673094398,6.361727836017593,0.7646811629231953,6
53,6.090371484269896,6.6020599913279625,0.5116885070580661,9
54,5.630648073481391,6.649334858712142,1.0186867852307513,3
55,6.402079026336102,6.041392685158225,-0.36068634117787646,5
56,5.238957863169156,5.901294817165567,0.6623369539964115,2
57,4.88369811147119,6.447158031342219,1.563459919871029,7
58,5.726262693893688,4.681241237375588,-1.0450214565181,3
59,6.109483545104644,5.81504617606463,-0.29443736904001394,1
60,5.276481366192132,4.992818520066679,-0.2836628461254529,6
61,3.88077321123943,3.204119982655925,-0.676653228583505,7
62,5.629160487833201,6.8750612633917,1.245900775558499,6
63,6.086725520400785,6.8909795969896885,0.8042540765889035,2
64,5.89579376678698,6.0,0.10420623321302003,10
65,4.262136708765485,4.5003737143533735,0.23823700558788818,1
66,6.1859388556538635,6.3979400086720375,0.21200115301817402,5
67,6.963465090081444,6.447158031342219,-0.5163070587392244,2
68,5.1341613865639095,7.267171728403014,2.133010341839104,6
69,5.842783213387438,5.045714058940868,-0.7970691544465698,1
70,5.617561462452249,6.230448921378274,0.6128874589260249,1
71,5.982209269444465,4.127104798364807,-1.8551044710796578,6
72,5.66105516380207,6.0,0.33894483619793014,5
73,6.538868171403761,5.715167357848458,-0.8237008135553037,1
74,5.824326117608342,6.024046225131059,0.19972010752271707,6
75,2.6748837399070333,3.645422269349092,0.9705385294420585,7
76,4.515347204353744,3.146128035678238,-1.3692191686755057,1
77,3.2603184349929513,2.8750612633917,-0.38525717160125117,6
78,3.652273645311796,3.3010299956639813,-0.35124364964781485,2
79,3.5978148325641586,3.3138672203691533,-0.2839476121950053,7
80,4.219848940272987,5.905795880367869,1.6859469400948814,6
81,4.482669459417247,2.6989700043360187,-1.7836994550812282,3
82,3.6618617977676804,4.146128035678238,0.4842662379105578,6
83,3.4390858717885004,3.2430380486862944,-0.19604782310220603,4
84,3.262302870562342,2.6532125137753435,-0.6090903567869983,6
85,3.497515897636483,2.1089031276673134,-1.3886127699691695,5
86,3.500998611987243,3.7781512503836434,0.27715263839640025,3
87,3.978390725382808,3.3010299956639813,-0.6773607297188269,10
88,3.8576917599233282,3.0,-0.8576917599233282,4
89,5.312966640031877,4.431363764158987,-0.8816028758728898,7
90,4.176169055674139,4.423245873936808,0.24707681826266903,7
91,4.244201408512136,4.431363764158987,0.18716235564685135,10
92,3.8865908227435337,5.544068044350276,1.657477221606742,6
93,4.878855130271624,3.0,-1.8788551302716243,8
94,5.41404378395555,3.1583624920952498,-2.2556812918603,6
95,3.9237043331001704,2.740362689494244,-1.1833416436059263,10
96,4.3297648690002655,3.6232492903979,-0.7065155786023656,4
97,6.042562580640815,5.375092713083399,-0.6674698675574158,6
98,6.3047657877887335,6.361727836017593,0.05696204822885953,10
99,5.844188462632318,6.409933123331294,0.565744660698976,1
100,6.979560822096261,6.477121254719663,-0.502439567376598,2
101,5.297679877233171,7.021189299069938,1.7235094218367673,2
102,4.937054347596172,3.413299764081252,-1.5237545835149202,6
103,5.088850286718452,4.260071387985075,-0.8287788987333773,9
104,6.310211771270479,6.0,-0.3102117712704793,6
105,6.068911415714557,6.740362689494244,0.6714512737796872,6
106,6.379455120191414,6.099231615080882,-0.2802235051105324,5
107,5.920254041497566,6.431363764158987,0.5111097226614207,2
108,6.807193434677188,4.6464037262230695,-2.1607897084541188,7
109,6.655877771511758,6.142702245737616,-0.5131755257741419,1
110,6.734473859234311,6.431363764158987,-0.3031100950753238,6
111,6.2315064113365715,6.19258417809083,-0.03892223324574129,3
112,6.0142963865721955,6.238046103128795,0.2237497165565996,9
113,6.01137036495841,6.950851458888547,0.9394810939301372,3
114,6.798328001029166,4.819543935541868,-1.9787840654872975,7
115,6.511198916675533,4.716504163773217,-1.7946947529023163,2
116,6.291279721868984,6.612783856719736,0.3215041348507519,8
117,5.961224489387273,5.7160033436348,-0.24522114575247222,6
118,5.966968094784887,6.3979400086720375,0.4309719138871504,6
119,5.963708411687647,6.077258863692948,0.11355045200530078,8
120,6.529265829871472,6.614897216033135,0.08563138616166377,5
121,5.211625825356405,5.00902574208691,-0.20260008326949475,10
122,5.137561825389458,5.37383114507383,0.23626931968437237,9
123,5.652296104319632,6.477121254719663,0.8248251504000308,1
124,5.7566425403812405,4.862250674597925,-0.8943918657833159,1
125,5.863623916209934,6.466867620354109,0.6032437041441749,6
126,5.865995900147449,5.188084373714938,-0.6779115264325108,4
127,6.0188005051777544,6.079181246047625,0.060380740869870664,8
128,6.290241442168914,6.146128035678238,-0.14411340649067572,2
129,5.819456880003868,5.326335860928752,-0.4931210190751161,4
130,5.600567504483948,6.768638101247615,1.168070596763667,10
131,5.915750007745774,5.48572142648158,-0.4300285812641942,4
132,6.100905902935727,5.507072896756503,-0.5938330061792243,6
133,6.089780943434544,5.08361010516231,-1.0061708382722339,7
134,6.517385032239323,6.156851901070011,-0.36053313116931207,10
135,6.450272289803498,5.676693609624866,-0.7735786801786313,1
136,6.382506692307006,7.252853030979893,0.8703463386728876,5
137,6.318686670071471,6.301029995663981,-0.017656674407489525,6
138,5.916882386472307,6.477121254719663,0.5602388682473558,5
139,5.867748707047814,6.361727836017593,0.49397912896977925,5
140,5.253372587016454,6.079181246047625,0.8258086590311713,4
141,5.964545169821794,4.396199347095736,-1.5683458227260578,2
142,5.859448774843388,6.14705767102836,0.2876088961849721,4
143,6.691046891080198,5.195456833628169,-1.4955900574520289,9
144,6.040871913166989,5.643551368562945,-0.3973205446040442,7
145,5.8469823708902195,6.016197353512439,0.16921498262221935,6
146,5.658030997436466,6.079181246047625,0.42115024861115913,9
147,5.872134694781581,6.146128035678238,0.2739933408966575,4
148,6.346712054478836,6.0,-0.3467120544788358,2
149,5.737417570621618,4.113943352306837,-1.6234742183147812,8
150,7.055401526687197,6.577491799837225,-0.4779097268499717,9
151,6.271931293521867,5.472756449317212,-0.7991748442046545,9
152,6.836438940149127,6.334453751150931,-0.5019851889981961,9
153,6.216830803364393,7.276921132065774,1.0600903287013814,8
154,6.301077709164605,4.819543935541868,-1.4815337736227363,8
155,7.645358441057197,7.483587296968894,-0.16177114408830295,4
156,5.777838068004091,8.041392685158225,2.263554617154134,4
157,6.235012660826725,7.477121254719663,1.2421085938929375,8
158,6.16533421880263,6.479393896404411,0.3140596776017812,4
159,6.47406069984657,7.477121254719663,1.0030605548730929,8
160,6.401676488395304,6.320146286111054,-0.08153020228424968,9
161,6.413527146443772,6.3979400086720375,-0.015587137771734483,10
162,5.9150088508705965,6.113943352306837,0.19893450143624047,1
163,6.3447631613525655,6.201397124320452,-0.1433660370321137,2
164,6.225060854457316,6.986771734266245,0.7617108798089296,4
165,6.478117067885368,6.474216264076255,-0.0039008038091123964,6
166,6.500824035122453,6.004136436761356,-0.4966875983610972,10
167,6.0497193455344105,6.477121254719663,0.4274019091852521,5
168,6.348237077324888,6.434888120867316,0.08665104354242814,1
169,7.872113516955859,8.122543524068755,0.25043000711289576,7
170,5.894075654273194,6.281033367247727,0.3869577129745334,2
171,5.789572819574067,5.953421399681036,0.16384858010696934,5
172,5.639231372870596,6.518513939877887,0.8792825670072908,7
173,5.884655843334139,6.556423121371285,0.6717672780371462,1
174,6.4380233849512765,6.348304863048161,-0.0897185219031158,3
175,-0.20389923537501886,1.954242509439325,2.158141744814344,2
176,0.8888875647157972,2.6020599913279625,1.7131724266121653,7
177,2.6228107548939366,1.3010299956639813,-1.3217807592299553,7
178,1.9778824934086945,1.9549175537349588,-0.022964939673735696,4
179,4.422025803404409,2.0,-2.4220258034044093,4
180,4.790985600849267,2.146128035678238,-2.644857565171029,8
181,5.172520659375137,3.164352855784437,-2.0081678035907,4
182,2.97792439225742,1.390935107103379,-1.586989285154041,6
183,3.059400011457489,2.9552065375419416,-0.10419347391554723,6
184,2.255437382044139,3.562292864456474,1.306855482412335,2
185,1.9453865254565552,1.9268567089496924,-0.018529816506862806,1
186,3.0401025605758765,1.146128035678238,-1.8939745248976385,9
187,4.700114831129879,2.8512583487190755,-1.8488564824108034,10
188,2.8833611694260393,2.0,-0.8833611694260393,4
189,6.653910150477206,3.539452491549461,-3.1144576589277446,10
190,2.4593450061824877,1.380211241711606,-1.0791337644708818,8
191,2.825143029094313,2.273232834043045,-0.5519101950512679,7
192,2.124133206858744,2.57978359661681,0.45565038975806615,2
193,2.4227913150275167,0.6334684555795865,-1.78932285944793,5
194,6.032567671138262,6.079181246047625,0.046613574909363464,6
195,4.888645390049435,5.023951707423388,0.13530631737395282,4
196,5.879159374759192,6.2322335211147335,0.35307414635554135,3
197,5.027959463875403,3.247973266361807,-1.7799861975135962,9
198,5.089692750555431,6.302547372487486,1.2128546219320553,2
199,6.279095288805989,4.598571663482141,-1.6805236253238478,2
200,5.060884265764873,4.812913356642856,-0.24797090912201725,10
201,5.037931878856164,3.562292864456474,-1.47563901439969,10
202,6.41901020005082,6.806179973983888,0.38716977393306884,9
203,4.1888644590440665,5.782472624166286,1.5936081651222196,2
204,5.234567410505313,6.054957596012407,0.8203901855070947,6
205,5.026260272310509,6.15124723746237,1.1249869651518614,10
206,5.236042237053548,3.9036325160842376,-1.3324097209693102,10
207,4.827879408255598,6.501059262217751,1.6731798539621536,9
208,5.3690765319995375,4.892762234615817,-0.47631429738372066,3
209,5.764777451307637,7.068185861746161,1.3034084104385242,4
210,3.9234655243294494,3.4800069429571505,-0.4434585813722989,3
211,4.2851160216283946,4.336459733848529,0.05134371222013456,5
212,6.170003884052704,5.0,-1.1700038840527043,2
213,6.249324453404207,6.0,-0.24932445340420717,5
214,3.3758311287107485,5.445604203273597,2.069773074562849,4
215,2.1550051200476052,1.7781512503836436,-0.3768538696639616,5
216,3.1773229539591434,2.400537989391946,-0.7767849645671974,10
217,3.6281952344485355,3.0,-0.6281952344485355,8
218,4.171617788230845,3.653212513775344,-0.5184052744555014,3
219,4.631512044030082,5.0,0.36848795596991835,9
220,5.618268245520066,5.14921911265538,-0.4690491328646864,2
221,3.3289274139063147,4.101747073946366,0.7728196600400512,3
222,6.393677987968283,6.2552725051033065,-0.13840548286497611,5
223,5.718284472719965,6.361727836017593,0.643443363297628,6
224,5.979270815931329,6.421603926869831,0.4423331109385016,5
225,6.410057293407414,6.176091259055681,-0.2339660343517327,9
226,6.209909589203944,6.113943352306837,-0.09596623689710704,2
227,6.623712312745062,6.313867220369153,-0.30984509237590885,5
228,6.015586511996358,6.544068044350276,0.5284815323539176,6
229,5.707267066498206,5.993876914941211,0.2866098484430051,9
230,6.329065575394741,6.544068044350276,0.215002468955535,10
231,5.976266036336382,6.187520720836463,0.2112546845000809,2
232,5.891692777629386,6.526985068559996,0.63529229093061,5
233,6.338129952105435,6.1003705451175625,-0.23775940698787235,3
234,4.540802272491044,5.806179973983888,1.2653777014928442,7
235,6.056370963752914,5.093421685162235,-0.9629492785906795,6
236,5.917442250455507,3.963787827345555,-1.9536544231099522,3
237,5.770539837952538,6.0751453270538525,0.3046054891013146,1
238,6.196267340864986,7.146128035678238,0.9498606948132524,6
239,6.265148237632636,4.792391689498253,-1.4727565481343836,1
240,6.716168171675953,6.863322860120456,0.14715468844450275,1
241,5.983072507445513,6.531478917042255,0.5484064095967423,10
242,6.4390404298732005,4.472024697700282,-1.9670157321729187,5
243,5.770920899587052,5.315970345456917,-0.45495055413013485,4
244,6.1142107089398285,6.266114049531676,0.15190334059184707,1
245,3.783590283579236,3.397940008672037,-0.38565027490719883,8
246,6.20001510446447,6.109915863023793,-0.09009924144067671,9
247,5.962665300719889,6.539076098792776,0.576410798072887,1
248,7.279536703972081,6.342817314635733,-0.9367193893363481,6
249,2.9029670342117924,2.0791812460476247,-0.8237857881641677,6
250,5.202150693251841,5.202352067809752,0.000201374557910583,6
251,6.442278811762634,6.409764104266346,-0.03251470749628815,1
252,6.413170141463428,6.477121254719663,0.06395111325623493,10
253,6.300513024634291,6.137926673293154,-0.16258635134113675,9
254,6.338129952105435,6.45071087814692,0.11258092604148473,3
255,6.466997455682847,6.60422605308447,0.13722859740162274,6
256,6.343241396828509,6.187520720836463,-0.15572067599204598,5
257,6.373139686335031,6.278753600952829,-0.09438608538220183,8
258,6.357290937019178,6.518513939877887,0.16122300285870939,5
259,6.520136672693018,4.342422680822207,-2.177713991870811,2
260,6.028684451074959,5.651762447380111,-0.3769220036948475,5
261,5.538832498192737,6.301969226865995,0.763136728673258,1
262,7.010681625539144,6.903089986991944,-0.10759163854720022,9
263,6.160494710017611,5.983175072037813,-0.17731963797979766,8
264,6.3977262156214465,6.587710965018911,0.1899847493974649,7
265,6.387917729234678,6.5843312243675305,0.19641349513285267,3
266,4.974260085238533,5.229425847920695,0.2551657626821626,2
267,5.789087822191852,6.136720567156407,0.3476327449645549,6
268,6.411107312785947,5.0,-1.4111073127859468,8
269,6.180219060618735,6.531478917042255,0.3512598564235203,10
270,6.122133070454199,4.292256071356476,-1.8298769990977224,1
271,6.146664610962143,6.371067862271736,0.22440325130959327,1
272,6.078701558501985,6.305351369446623,0.22664981094463865,5
273,6.36042129368761,6.477121254719663,0.11669996103205271,5
274,6.56121068619999,6.894105511777515,0.33289482557752503,2
275,5.224964090454248,6.477121254719663,1.252157164265415,1
276,5.794352817535402,6.530839778616521,0.7364869610811189,10
277,6.340477594001236,6.3979400086720375,0.05746241467080182,3
278,6.638920110626434,5.681241237375588,-0.9576788732508463,7
279,6.40546673213992,6.173186268412274,-0.23228046372764588,9
280,6.308263237489287,6.5910646070265,0.28280136953721335,6
281,6.50687700995021,7.074450718954592,0.5675737090043826,6
282,6.1653115528865525,6.486487153065907,0.3211756001793544,4
283,6.908926187975649,6.505149978319906,-0.4037762096557431,9
284,6.487383932088489,5.549003262025788,-0.9383806700627018,7
285,6.1747510397109915,6.190331698170292,0.015580658459300345,3
286,6.319832561216031,6.196728722623287,-0.1231038385927441,3
287,6.496072940428724,4.968482948553935,-1.5275899918747893,3
288,6.021474929200093,6.568201724066995,0.5467267948669017,10
289,6.38663809993819,4.913813852383717,-1.472824247554473,2
290,6.352489987394225,6.207580514765431,-0.14490947262879406,4
291,6.352872023826164,6.225309281725863,-0.1275627421003005,4
292,6.15126490965212,6.491361693834273,0.34009678418215294,3
293,5.714133228326649,6.209515014542631,0.49538178621598217,9
294,6.338033266686607,6.230448921378274,-0.10758434530833316,4
295,6.3460637024006585,6.361727836017593,0.015664133616934528,10
296,6.4131388954443835,5.089905111439398,-1.3232337840049855,4
297,6.293111296024348,6.426511261364575,0.13339996534022713,1
298,6.457262555970455,6.095029796648452,-0.3622327593220023,1
299,5.541831451279198,6.223080397831155,0.6812489465519569,5
300,5.849798482127002,6.456366033129043,0.6065675510020405,1
301,5.5518132914609835,5.802773725291976,0.25096043383099254,8
302,5.516205038223956,6.3979400086720375,0.8817349704480817,6
303,6.163170270049578,5.603642280263075,-0.5595279897865035,2
304,5.670887340356208,6.20682587603185,0.5359385356756423,8
305,6.056907458147213,6.342422680822207,0.2855152226749933,6
306,5.7284091424555745,6.301029995663981,0.5726208532084067,2
307,5.67427881770574,6.505149978319906,0.8308711606141665,6
308,5.924857917055644,6.176091259055681,0.2512333420000372,4
309,6.0127189440577595,7.1003705451175625,1.087651601059803,2
310,5.815107901259093,5.836197480778925,0.021089579519832036,3
311,5.965637053498257,6.054708787938054,0.08907173443979755,5
312,6.163220802493414,6.477121254719663,0.31390045222624874,4
313,5.863223949284772,6.133644275865875,0.27042032658110315,8
314,6.068277695819035,6.32221929473392,0.253941598914885,5
315,6.1222697665354415,5.880813592280791,-0.24145617425465016,10
316,5.451109152033518,6.477121254719663,1.0260121026861446,2
317,5.985893534971541,4.6020599913279625,-1.3838335436435782,9
318,5.598417010892939,6.02530586526477,0.426888854371831,5
319,5.395572781669406,5.477121254719663,0.08154847305025648,5
320,5.461808905935895,6.505149978319906,1.0433410723840115,8
321,6.068277695819035,6.812913356642856,0.7446356608238203,5
322,5.712283864815763,5.17897694729317,-0.5333069175225935,3
323,6.076835993262643,5.365487984890899,-0.7113480083717434,4
324,5.446472102838331,6.15839265038712,0.7119205475487895,1
325,5.686112517445031,4.477121254719663,-1.2089912627253687,5
326,6.982005632997371,4.453624073591451,-2.5283815594059202,4
327,6.275078441978612,6.086359830674748,-0.18871861130386325,3
328,6.348846285691587,6.086359830674748,-0.2624864550168384,4
329,6.109392536919733,6.319314304090512,0.20992176717077893,7
330,6.249067018839782,6.477121254719663,0.22805423587988027,10
331,6.301153731542242,6.374198257929082,0.07304452638684023,1
332,6.564950723212457,6.3979400086720375,-0.16701071454041916,1
333,5.565937924658893,5.187520720836463,-0.3784172038224307,4
334,6.180117557547196,5.528916700277655,-0.6512008572695409,6
335,5.637197864219056,6.568201724066995,0.9310038598479391,8
336,5.942977506393433,5.0,-0.9429775063934329,5
337,5.183973685165306,6.079181246047625,0.8952075608823193,10
338,5.957308167691534,4.814913181275074,-1.14239498641646,7
339,6.265636031640496,5.08170727009735,-1.1839287615431466,1
340,5.885486304208677,6.384711742938283,0.49922543872960556,8
341,5.94526769763573,6.342422680822207,0.3971549831864767,4
342,6.272959809487986,5.671172842715083,-0.6017869667729032,1
343,5.884557712914601,6.278753600952829,0.3941958880382277,10
344,6.052132923669023,6.284656282788515,0.23252335911949196,1
345,5.520486152077979,6.3560258571931225,0.8355397051151439,9
346,5.4861227941966,5.671172842715083,0.18505004851848295,4
347,6.1257408488370055,6.477121254719663,0.35138040588265707,7
348,6.194433453506514,5.0,-1.1944334535065142,4
349,5.851490422441648,5.852174904420303,0.0006844819786548939,5
350,4.7471317679181215,5.3979400086720375,0.650808240753916,1
351,5.675968036881913,6.139879086401237,0.46391104951932416,2
352,6.285148273440177,6.273487409697184,-0.011660863742992689,1
353,6.402934827686831,6.320623955053538,-0.08231087263329329,1
354,6.030479734166675,6.6020599913279625,0.5715802571612878,3
355,6.464982480654682,6.337459261290656,-0.12752321936402655,4
356,6.471195224900861,6.301029995663981,-0.17016522923688004,8
357,6.150894313662666,6.3979400086720375,0.2470456950093718,7
358,6.184256424942542,6.45484486000851,0.2705884350659682,3
359,6.773097256406246,8.146128035678238,1.3730307792719918,6
360,5.585536280768936,4.5820633629117085,-1.003472917857228,4
361,5.397102364486921,6.272305844402086,0.8752034799151653,1
362,7.089861538600908,5.728256359248493,-1.3616051793524147,5
363,6.100301462128542,5.71717102683231,-0.3831304352962315,3
364,5.957292736272993,6.049218022670182,0.09192528639718933,5
365,5.117960599739501,6.396199347095736,1.2782387473562355,3
366,5.8622090113747,5.550228353055094,-0.3119806583196061,2
367,5.5249718073058105,5.575072325713813,0.05010051840800234,3
368,5.5766615944529265,6.100025730107863,0.5233641356549361,5
369,5.572186487980417,4.860338006570994,-0.7118484814094233,8
370,6.4913419477652905,6.489958479424835,-0.0013834683404558845,4
371,5.976906300514894,6.3979400086720375,0.42103370815714314,1
372,5.248415340390913,6.3560258571931225,1.1076105168022092,7
373,5.751672335105585,4.705863712283919,-1.0458086228216663,6
374,5.874429293285185,4.833147111912785,-1.0412821813723996,3
375,5.93984611840379,6.182671386675478,0.24282526827168827,4
376,6.07680730265123,6.262023704606317,0.18521640195508748,5
377,5.5077535503452495,6.408239965311849,0.9004864149665996,4
378,6.419019166627709,6.5910646070265,0.172045440398791,10
379,6.354068151847369,5.876217840591642,-0.4778503112557271,10
380,4.724615327109405,6.1041455505540085,1.3795302234446032,3
381,6.593958713010571,4.630122642859312,-1.9638360701512596,1
382,6.105519544953726,6.5910646070265,0.4855450620727746,2
383,6.214710918804363,5.978180516937414,-0.23653040186694962,2
384,6.1449144548193635,6.32221929473392,0.17730483991455692,9
385,6.241028465890163,6.100025730107863,-0.14100273578230027,10
386,6.323211516845716,5.675778341674085,-0.6474331751716313,7
387,6.268714084610076,6.0,-0.2687140846100764,10
388,5.991229572413868,6.431363764158987,0.4401341917451189,6
389,6.212978839637868,6.1525940779274695,-0.06038476171039875,7
390,6.280811413702662,6.732393759822968,0.4515823461203059,4
391,5.837756513696937,4.491361693834273,-1.346394819862664,10
392,4.840249650427248,4.77901897191487,-0.061230678512377956,10
393,5.48942404544182,6.556302500767287,1.066878455325467,5
394,4.50682662658647,4.850033257689769,0.34320663110329885,1
395,6.263608733350322,6.278753600952829,0.015144867602506551,7
396,5.603791279819732,6.4623979978989565,0.8586067180792245,7
397,6.029986911843909,6.399154333958217,0.369167422114308,10
398,5.5384570546421195,6.3979400086720375,0.859482954029918,2
399,6.292806474843158,5.880813592280791,-0.4119928825623669,8
400,5.730661109259991,5.892094602690481,0.16143349343048996,9
401,5.953966762016286,5.7160033436348,-0.2379634183814856,10
402,6.426925874250273,6.696836730575163,0.2699108563248904,9
403,4.9048412886288535,5.530481449815745,0.6256401611868911,9
404,5.281762897031388,6.465828815357437,1.1840659183260485,6
405,5.766413794057561,6.5910646070265,0.8246508129689394,1
406,6.262198171055266,6.919078092376074,0.6568799213208081,10
407,5.991450873310102,6.301029995663981,0.3095791223538793,8
408,6.313473325027057,6.380211241711606,0.06673791668454943,2
409,6.259664187807253,6.204119982655925,-0.055544205151328185,5
410,6.192694373542565,6.301029995663981,0.10833562212141601,4
411,6.13446579890264,6.073105874968971,-0.061359923933668625,1
412,5.496964759772353,6.2552725051033065,0.7583077453309537,7
413,6.171510328500943,6.32221929473392,0.15070896623297703,2
414,6.0084995071595895,5.866287339084195,-0.14221216807539427,1
415,6.001738690040104,6.318063334962762,0.3163246449226582,2
416,6.001738690040104,6.368100851709351,0.3663621616692474,2
417,6.056152246754985,6.378397900948138,0.32224565419315265,7
418,5.338982028485299,6.326130956710794,0.987148928225495,10
419,5.892815489658328,4.354108439147401,-1.5387070505109266,4
420,6.079362304839589,6.396722278503773,0.31735997366418456,1
421,5.865873263866111,5.619093330626742,-0.24677993323936853,6
422,4.50682662658647,3.6989700043360174,-0.8078566222504526,1
423,5.8868223806957705,5.766784515497859,-0.12003786519791149,3
424,6.293224689783326,6.474755154291798,0.1815304645084721,5
425,5.737201065964615,5.643452676486188,-0.09374838947842701,2
426,6.309970997069294,6.453318340047038,0.14334734297774432,1
427,6.169369343750628,4.764176132390331,-1.405193211360297,1
428,5.653495872567186,6.227115082589125,0.5736192100219393,3
429,6.555082410123438,6.039255443806487,-0.5158269663169506,1
430,6.0327633310687006,6.079181246047625,0.04641791497892456,4
431,6.121993197285781,6.387211800313731,0.2652186030279493,8
432,5.813959572493268,5.575072325713813,-0.23888724677945472,1
433,6.076083318350548,6.539076098792776,0.462992780442228,1
434,5.680076376354571,6.008600171761918,0.3285237954073468,6
435,5.740925308190222,6.113943352306837,0.3730180441166153,4
436,5.688664561133428,6.222456336679247,0.5337917755458195,6
437,6.49011869603987,5.276461804173244,-1.2136568918666262,9
438,6.02841817879816,6.301029995663981,0.2726118168658216,2
439,5.596298268342868,5.275103949569196,-0.32119431877367166,4
440,5.877845120636118,6.884795363948981,1.006950243312863,5
441,5.797345793501485,6.849419413796899,1.0520736202954142,9
442,6.484300774373591,6.7979596437371965,0.3136588693636053,5
443,6.084649045905106,7.505149978319906,1.4205009324148001,8
444,6.335877217480597,6.517723594833735,0.18184637735313824,7
445,6.125973422383042,6.6349808000512285,0.509007377668186,6
446,6.548656321423771,6.6452748593294935,0.09661853790572206,6
447,5.734353453818219,6.270678836144707,0.5363253823264875,4
448,6.770951329204776,6.024895960107485,-0.7460553690972906,6
449,6.47539610830071,7.385606273598312,0.9102101652976025,6
450,6.597779409203731,6.284453294010853,-0.31332611519287834,3
451,6.7037919667655705,6.501059262217751,-0.20273270454781933,2
452,6.1745686546740695,6.501059262217751,0.32649060754368175,9
453,6.644862505545657,6.7160033436348,0.07114083808914362,2
454,6.542613281208425,6.3979400086720375,-0.1446732725363873,7
455,6.212179431473858,6.2716557723522754,0.05947634087841713,10
456,6.112114197387891,6.269512944217916,0.15739874683002508,7
457,5.707265285109034,6.32221929473392,0.6149540096248867,6
458,6.417173260812293,5.337459261290656,-1.079713999521637,4
459,6.576561202172108,6.755874855672492,0.17931365350038408,10
460,6.628739688016575,6.596047007545439,-0.03269268047113538,7
461,6.515109834059881,6.372912002970106,-0.14219783108977513,4
462,6.499749882830132,4.484299839346786,-2.015450043483346,3
463,6.422030354633462,6.227886704613674,-0.19414365001978773,9
464,6.221127036416166,6.477121254719663,0.25599421830349645,1
465,5.852085746618437,6.079181246047625,0.22709549942918805,6
466,6.262255616655493,6.3979400086720375,0.13568439201654492,10
467,5.190647307083234,4.742725131304698,-0.4479221757785359,5
468,6.24482731678627,6.278753600952829,0.03392628416655885,4
469,6.063350062541832,6.380211241711606,0.3168611791697744,9
470,6.30831760121252,5.4446692309385245,-0.8636483702739959,8
471,6.021796221293935,6.43695733066945,0.4151611093755143,2
472,6.5799689699079655,6.063145637106638,-0.5168233328013274,9
473,6.309336851758816,6.442479769064448,0.13314291730563177,8
474,6.147729648936783,6.645324001562293,0.49759435262550955,10
475,6.164650899348183,5.373500477967874,-0.7911504213803093,7
476,5.991841937855806,6.477121254719663,0.4852793168638563,8
477,5.851111556010201,5.283301228703549,-0.5678103273066517,4
478,4.551543345486547,6.176091259055681,1.6245479135691347,1
479,5.638896665727305,6.57978359661681,0.9408869308895049,1
480,6.200773493886252,5.845098040014257,-0.35567545387199484,6
481,4.645140083680246,5.62797998982998,0.9828399061497333,2
482,6.081315558061071,6.146128035678238,0.06481247761716702,2
483,5.788662669548602,6.528736777724652,0.7400741081760502,1
484,6.1981176812015875,6.32221929473392,0.12410161353233296,10
485,6.47696824572492,6.184691430817598,-0.2922768149073214,3
486,6.2618783132876725,6.6020599913279625,0.34018167804029,2
487,5.538967008462992,5.900312496983727,0.361345488520735,8
488,4.947054617212298,6.108226656374929,1.161172039162631,9
489,6.129930651805418,6.385606273598312,0.2556756217928937,8
490,5.976742961990325,6.585460729508501,0.6087177675181756,2
491,6.043470433826024,6.271841606536499,0.22837117271047447,7
492,6.2214317810861965,6.401572845676446,0.18014106459024948,10
493,4.927354106123155,3.724275869600789,-1.2030782365223658,1
494,5.43247853161198,6.176091259055681,0.7436127274437014,2
495,4.327448995531365,6.176091259055681,1.848642263524316,3
496,6.271580099933633,6.301029995663981,0.029449895730348175,8
497,5.696796044219314,5.04688519083771,-0.6499108533816047,2
498,6.131317381222308,6.068185861746161,-0.06313151947614681,7
499,5.906718999858044,6.181843587944773,0.27512458808672857,7
500,5.6560338191277815,6.32221929473392,0.6661854756061389,4
501,5.942877885550141,6.855525212731306,0.9126473271811655,7
502,5.372274721850915,6.342422680822207,0.9701479589712916,10
503,6.357290937019178,6.447158031342219,0.08986709432304174,5
504,6.542613281208425,6.491361693834273,-0.0512515873741517,7
505,5.790788637468919,6.32221929473392,0.5314306572650018,5
506,6.2337710872357235,7.0,0.7662289127642765,1
507,5.786999519102809,6.357934847000454,0.5709353278976446,6
508,6.324160130682955,6.309757882316366,-0.014402248366589099,10
509,6.45221346393501,5.751510050270041,-0.7007034136649688,9
510,5.030937639299477,6.290034611362518,1.2590969720630412,10
511,6.195015345037098,6.301029995663981,0.10601465062688309,8
512,6.469275039567008,6.073351702386901,-0.39592333718010675,8
513,6.17997303302522,6.057099097526547,-0.12287393549867343,1
514,5.811942316656463,6.186278103445368,0.37433578678890544,4
515,6.647400739030756,6.301029995663981,-0.34637074336677465,8
516,6.27788396895869,6.477555332198981,0.19967136324029067,4
517,5.790585304977702,5.99563519459755,0.20504988961984782,8
518,5.807592312993047,6.204119982655925,0.3965276696628779,1
519,4.931587386777963,6.089905111439398,1.1583177246614351,6
520,5.655390780554664,5.043755126968679,-0.611635653585985,10
521,5.133158744792858,6.394451680826216,1.2612929360333576,8
522,3.513950270066912,3.397940008672037,-0.1160102613948748,1
523,5.571408495979376,6.491361693834273,0.9199531978548974,5
524,5.1143078345887645,5.078094150406411,-0.03621368418235349,9
525,5.635207360100911,5.12057393120585,-0.5146334288950616,5
526,5.489574938941375,5.548757828573704,0.05918288963232943,2
527,5.408075615014756,5.752048447819439,0.34397283280468294,3
528,5.16360774864463,5.698970004336019,0.5353622556913891,3
529,5.350624013155892,5.008600171761918,-0.34202384139397424,2
530,6.430137307730394,6.0,-0.43013730773039427,3
531,5.9514384528585556,4.534026106056135,-1.4174123468024202,5
532,5.9560697666584455,6.164352855784437,0.2082830891259917,1
533,6.2080399572764495,6.552668216112194,0.3446282588357441,5
534,5.13948858330655,6.423245873936808,1.2837572906302581,2
535,5.155134496005114,6.079181246047625,0.9240467500425114,3
536,5.533375179832336,6.9084850188786495,1.3751098390463135,5
537,5.954303447403422,6.913283901760418,0.958980454356996,8
538,6.4567055854549125,6.079181246047625,-0.37752433940728736,1
539,6.146227884653853,6.657055852857104,0.5108279682032508,7
540,5.829870055329855,4.615097451301758,-1.2147726040280968,9
541,5.6869844853305915,6.962369335670021,1.2753848503394298,6
542,6.131178777393746,6.57978359661681,0.44860481922306406,5
543,6.401995687571017,5.959041392321094,-0.44295429524992347,2
544,5.116891684887323,6.079181246047625,0.9622895611603024,1
545,5.855934889989976,6.857332496431268,1.0013976064412917,6
546,6.0032758931013674,7.012837224705172,1.0095613316038046,8
547,5.794379639993368,5.950364854376123,0.15598521438275537,5
548,5.745797687797819,7.727541257028556,1.981743569230737,3
549,6.139813126239429,7.176091259055681,1.0362781328162525,5
550,7.016052949810818,5.939758797292041,-1.076294152518777,9
551,7.0942989966909416,6.592176757395867,-0.5021222392950744,1
552,5.5143730617892315,5.136720567156407,-0.3776524946328248,2
553,4.83581524224303,6.200303182981585,1.364487940738555,5
554,4.066778056274256,5.892094602690481,1.825316546416225,2
555,5.519390851588678,6.826074802700826,1.3066839511121477,3
556,6.780203116542404,6.919078092376074,0.13887497583366937,9
557,5.600571208725383,5.8750612633917,0.27449005466631693,7
558,6.101169675638496,5.176091259055681,-0.9250784165828145,5
559,6.497610176698206,6.644044492814749,0.1464343161165429,8
560,2.0514785022759052,2.7781512503836434,0.7266727481077382,1
561,5.427265655596092,6.079181246047625,0.6519155904515328,3
562,3.1801206120093597,3.0791812460476247,-0.10093936596173503,10
563,5.6744944430065605,6.283301228703549,0.6088067856969888,10
564,5.527947716843395,6.2878017299302265,0.7598540130868319,10
565,6.1506214794534415,5.536937022704674,-0.6136844567487678,10
566,5.375766604293051,6.301029995663981,0.9252633913709305,2
567,6.693959325830884,6.472902651803664,-0.22105667402721974,3
568,5.097925334274206,5.0,-0.09792533427420569,7
569,5.664212172100981,6.531478917042255,0.8672667449412748,8
570,5.718466653926353,6.033423755486949,0.3149571015605961,2
571,4.718941209892593,3.662757831681574,-1.0561833782110193,4
572,5.5216782652010465,6.260548372636979,0.7388701074359325,5
573,5.867555061739667,5.301029995663981,-0.5665250660756858,5
574,6.056711944752714,6.176091259055681,0.11937931430296711,8
575,5.495752731504246,5.4996870826184034,0.003934351114157408,2
576,5.104563183344404,5.295127085252191,0.19056390190778671,1
577,5.606506821429656,5.301029995663981,-0.30547682576567503,9
578,5.305594094008653,3.911690158753861,-1.3939039352547917,4
579,6.106835153453758,6.324282455297693,0.21744730184393468,5
580,3.8720911733994607,5.72029163965499,1.8482004662555291,8
581,5.869702255805664,6.3670482644844935,0.4973460086788295,5
582,6.155238837735782,7.204119982655925,1.0488811449201432,2
583,6.370851156251589,6.012837224705172,-0.3580139315464166,4
584,5.8023491345759455,5.176091259055681,-0.6262578755202641,4
585,5.942417229430127,6.278982116865443,0.33656488743531554,3
586,5.138277639960303,6.17897694729317,1.0406993073328668,9
587,4.375022039838366,4.329194415088451,-0.045827624749914975,7
588,5.386726670998724,6.002166061756507,0.6154393907577838,2
589,6.0165506306853,6.489395921727129,0.47284529104182926,4
590,5.569846869956056,5.0,-0.5698468699560557,3
591,4.49820091727361,5.0,0.5017990827263903,1
592,6.122226226391171,4.698970004336019,-1.4232562220551523,10
593,5.800317721767692,5.294466226161593,-0.5058514956060982,7
594,5.538686934790672,5.477121254719663,-0.061565680071009155,5
595,5.9888426405508515,6.1264561134318045,0.13761347288095305,7
596,6.121234785497192,5.0,-1.121234785497192,4
597,5.322841433031705,4.02816441942447,-1.2946770136072354,4
598,6.673110870686382,7.079181246047625,0.40607037536124313,4
599,6.235473942180341,6.018650576891155,-0.21682336528918533,2
600,5.842149025260956,7.049218022670182,1.207068997409226,10
601,5.8716422841507265,6.556302500767287,0.6846602166165603,1
602,5.6892372726531715,7.176091259055681,1.4868539864025099,4
603,5.649939997376922,5.615539749308947,-0.034400248067974815,6
604,6.643926221365257,7.017450729510536,0.3735245081452785,7
605,5.862134350814809,3.838849090737255,-2.023285260077554,5
606,6.054987058289549,6.278753600952829,0.22376654266328,8
607,5.690255153139797,7.079181246047625,1.3889260929078278,2
608,5.328503161006267,5.181843587944773,-0.1466595730614948,9
609,6.563335366865887,5.181843587944773,-1.3814917789211147,6
610,5.332641966624962,4.340444114840119,-0.9921978517848427,2
611,4.4799155423233845,3.403120521175818,-1.0767950211475665,2
612,5.8191792064683385,4.991226075692495,-0.8279531307758434,10
613,5.890842964054168,6.342422680822207,0.45157971676803843,4
614,5.413202942543561,5.447158031342219,0.03395508879865883,3
615,5.844554268336751,6.741151598851785,0.8965973305150348,4
616,5.320958880531776,6.350248018334163,1.0292891378023876,7
617,6.638677864369298,6.361727836017593,-0.27695002835170524,2
618,5.606412085563935,4.176091259055681,-1.4303208265082539,4
619,3.719612586587114,5.507855871695831,1.788243285108717,2
620,6.197409571095729,6.732393759822968,0.5349841887272389,2
621,6.1898766276899115,4.130333768495007,-2.059542859194904,3
622,6.402079026336102,6.290034611362518,-0.11204441497358353,5
623,4.515546584837152,6.204119982655925,1.6885733978187734,9
624,6.335021379866058,6.954242509439325,0.6192211295732672,5
625,5.8917242787702415,7.079181246047625,1.1874569672773836,8
626,6.352697849222427,6.698970004336019,0.3462721551135921,3
627,6.352948555593126,6.4623979978989565,0.10944944230583076,9
628,6.562869981067312,6.698970004336019,0.13610002326870685,1
629,5.3884183046113225,6.334453751150931,0.9460354465396081,3
630,6.601352789587479,5.045322978786658,-1.5560298108008217,5
631,5.718713324310923,6.544068044350276,0.8253547200393525,1
632,5.758684943481573,6.6020599913279625,0.84337504784639,9
633,6.4125799848417815,7.589949601325708,1.1773696164839267,8
634,6.594948094051438,6.942504106168081,0.3475560121166428,1
635,6.056711944752714,6.43569150818434,0.378979563431626,8
636,6.121234785497192,7.079181246047625,0.9579464605504331,4
637,6.561593545550209,6.838723190031372,0.27712964448116306,3
638,6.196740691886909,6.365487984890899,0.1687472930039906,5
639,6.165606111007516,4.880813592280791,-1.284792518726725,9
640,6.313970917569566,4.752355804153501,-1.5616151134160656,9
641,5.32273338009784,6.823545953567112,1.5008125734692719,9
642,5.8413417606598115,6.12057393120585,0.2792321705460381,10
643,4.453592954013044,6.0,1.5464070459869559,2
644,6.198862959772352,6.119317224092021,-0.0795457356803313,6
645,6.281761315324437,5.903089986991944,-0.3786713283324934,9
646,6.149681572834976,6.69284691927723,0.5431653464422537,10
647,6.817576073402906,6.672097857935717,-0.14547821546718875,10
648,5.020787947792392,6.980911937776844,1.960123989984452,9
649,6.101220695035093,7.1003705451175625,0.9991498500824694,5
650,4.171913650580514,7.176091259055681,3.0041776084751675,4
651,5.303639278271196,6.612783856719736,1.3091445784485405,1
652,5.52953917593754,6.886490725172482,1.3569515492349424,7
653,2.8467898724807283,3.4727564493172123,0.6259665768364839,8
654,6.799858894396762,6.812913356642856,0.013054462246093301,3
655,6.613033696841729,7.0,0.3869663031582711,8
656,4.3090021447595515,5.477121254719663,1.1681191099601111,8
657,6.173198722824769,6.161368002234975,-0.011830720589793842,7
658,5.987881478106351,6.3979400086720375,0.41005853056568675,8
659,5.837288882723258,7.041392685158225,1.2041038024349673,9
660,5.690255153139797,6.861534410859038,1.1712792577192408,2
661,6.196740691886909,4.740362689494244,-1.4563780023926647,5
662,5.648117215356334,4.698970004336019,-0.949147211020315,7
663,5.471678833081373,6.113943352306837,0.6422645192254643,9
664,5.535497289849658,5.7160033436348,0.18050605378514195,1
665,6.300289461588067,6.431363764158987,0.13107430257092023,5
666,6.383571074675983,6.414973347970818,0.03140227329483558,6
667,6.257544895216558,6.146128035678238,-0.11141685953831981,7
668,5.815107901259093,6.531478917042255,0.716371015783162,3
669,6.13446579890264,5.447158031342219,-0.6873077675604202,1
670,5.809888388788646,6.361727836017593,0.5518394472289474,4
671,4.81318278493144,4.778151250383644,-0.035031534547796284,7
672,5.02209821657627,4.31722734917642,-0.7048708673998503,1
673,6.004894791020055,6.079181246047625,0.07428645502757014,6
674,5.912605627980913,5.954242509439325,0.04163688145841249,3
675,4.519943648520162,5.484769477716173,0.9648258291960117,7
676,5.5086618696543574,6.045322978786658,0.5366611091323001,6
677,4.9658442681853865,4.1476763242410986,-0.8181679439442879,4
678,5.2794322181064,6.3979400086720375,1.118507790565637,3
679,6.331892937713024,6.556302500767287,0.2244095630542624,1
680,6.129786538149119,6.079181246047625,-0.050605292101494115,1
681,5.043928406211546,6.079181246047625,1.0352528398360787,9
682,5.62951294062538,6.079181246047625,0.4496683054222448,4
683,5.824463871371329,5.775464809345739,-0.048999062025589346,10
684,5.634932283168082,6.1068026275996505,0.4718703444315686,8
685,6.096421139197729,5.681241237375588,-0.4151799018221416,8
686,6.107269548112248,5.444825199509748,-0.6624443486024996,10
687,5.799359300765801,6.301897717195208,0.5025384164294078,9
688,6.022606075075855,6.0,-0.022606075075855436,6
689,5.928675671969668,6.018284308426531,0.08960863645686334,8
690,5.885743161645739,5.949877704036875,0.0641345423911357,7
691,6.935464380297035,6.0,-0.9354643802970353,5
692,5.957863837945027,6.161368002234975,0.20350416428994844,3
693,6.197753410206066,5.049218022670182,-1.1485353875358841,4
694,6.174082424655426,6.011993114659257,-0.1620893099961691,1
695,6.070053594597427,6.315970345456917,0.24591675085949039,6
696,6.216830803364393,6.418301291319746,0.20147048795535305,8
697,6.204964803887301,6.301029995663981,0.09606519177668016,7
698,5.1853447545723235,6.079181246047625,0.8938364914753016,9
699,6.271797428452008,6.544068044350276,0.2722706158982673,10
700,6.527485454850664,6.176091259055681,-0.3513941957949829,3
701,6.463091649430069,6.342422680822207,-0.12066896860786258,2
702,6.393169025292929,6.57978359661681,0.18661457132388115,10
703,6.2934931320630065,6.0,-0.29349313206300653,8
704,6.312288440765393,6.313593064521326,0.0013046237559333207,2
705,6.063406771038296,6.079181246047625,0.01577447500932916,2
706,6.034971337732804,5.623249290397901,-0.41172204733490325,2
707,5.972014075286357,6.033423755486949,0.06140968020059212,2
708,5.871467792552758,6.6020599913279625,0.7305921987752049,6
709,5.505810418150212,6.36005731412298,0.8542468959727687,9
710,6.282569808949404,6.26142703676955,-0.02114277217985361,3
711,6.078764402351436,6.124634624019139,0.045870221667702715,4
712,6.21190242007606,6.363611979892144,0.15170955981608358,1
713,6.103106987680034,5.707570176097937,-0.3955368115820974,7
714,6.1407262557240365,6.32221929473392,0.1814930390098839,2
715,5.897452267143503,6.600972895686748,0.7035206285432452,4
716,5.976508320293281,5.9954289654317074,0.018920645138426728,6
717,6.155276920549496,6.193124598354461,0.03784767780496523,7
718,6.371924731820011,5.45075702813707,-0.9211677036829409,5
719,6.209170745172785,6.283301228703549,0.07413048353076412,10
720,5.995288945428865,4.380211241711606,-1.615077703717259,1
721,6.408497809618035,6.230448921378274,-0.17804888823976128,5
722,5.825827924399656,6.278753600952829,0.45292567655317306,2
723,5.250921285040219,5.599883072073688,0.3489617870334687,7
724,5.2835506788156685,4.153204900084284,-1.1303457787313844,3
725,5.848389994925621,7.498310553789601,1.6499205588639798,10
726,6.259597599167896,6.357934847000454,0.09833724783255793,8
727,5.391493739791883,4.963787827345556,-0.42770591244632783,4
728,5.771260940388649,6.220108088040055,0.44884714765140643,7
729,5.630766062336632,7.4954055631461936,1.8646395008095613,10
730,5.834627425472444,6.096910013008056,0.26228258753561207,2
731,5.94786642988944,5.149834696715785,-0.7980317331736551,7
732,5.852818914443002,6.0,0.14718108555699772,7
733,5.787972328268928,5.939808685806208,0.1518363575372792,6
734,6.078815813131776,5.888179493918325,-0.1906363192134508,7
735,6.0588925269273535,6.060697840353612,0.001805313426258337,7
736,5.793878249918705,5.814394112097142,0.020515862178437594,3
737,5.918053645823815,6.060932673519882,0.14287902769606653,6
738,6.227480290357989,6.167317334748176,-0.06016295560981355,7
739,6.754941990689809,6.298853076409706,-0.45608891428010256,7
740,5.794398372966912,6.079181246047625,0.2847828730807134,8
741,5.869517973559003,5.663700925389648,-0.2058170481693553,2
742,5.404803727857345,6.004321373782642,0.5995176459252969,10
743,5.952419258925392,6.222716471147583,0.27029721222219116,2
744,6.11153928441942,6.079181246047625,-0.03235803837179496,3
745,4.791898852738216,5.786751422145561,0.9948525694073451,4
746,5.909104593448158,6.176091259055681,0.26698666560752304,6
747,5.866317053158624,6.079181246047625,0.21286419288900138,10
748,6.077452022856747,5.995196291597179,-0.08225573125956753,9
749,5.9388163819026545,6.079181246047625,0.14036486414497062,9
750,5.301627853843828,6.0,0.6983721461561716,7
751,5.931218717768942,6.015359755409214,0.08414103764027203,9
752,5.688394806789992,5.5301996982030825,-0.15819510858690933,4
753,5.946548864489662,6.0,0.05345113551033798,7
754,5.951027330731725,6.330413773349191,0.37938644261746557,1
755,6.049509477825315,5.607455023214668,-0.44205445461064663,3
756,6.183762680218438,6.103461622094705,-0.0803010581237329,3
757,5.72434915163893,6.024731889655249,0.3003827380163191,1
758,5.874498726122833,4.711807229041191,-1.1626914970816422,8
759,6.097153854597627,5.824054205231849,-0.27309964936577824,2
760,5.181641632832607,6.301029995663981,1.1193883628313746,7
761,6.344225479631108,6.188647295999718,-0.1555781836313903,8
762,6.177145015525118,6.977723605288848,0.8005785897637292,6
763,5.983771648229502,6.0,0.016228351770497973,10
764,6.261110766758927,4.103803720955957,-2.1573070458029697,4
765,6.065023040789237,6.720572720364261,0.6555496795750244,2
766,6.016001627191734,6.103803720955957,0.08780209376422299,10
767,6.10459211522873,6.0,-0.10459211522872991,2
768,5.845456196932415,6.0,0.1545438030675852,8
769,5.755215463911026,5.342422680822207,-0.41279278308881917,10
770,5.855427270099482,6.079181246047625,0.22375397594814306,6
771,5.907104242051542,6.278753600952829,0.37164935890128703,6
772,6.155417344251804,6.414973347970818,0.2595560037190143,1
773,5.863598348934855,5.77451696572855,-0.0890813832063051,8
774,6.120243657068125,6.377124042346456,0.2568803852783317,4
775,6.215254913958511,5.93801909747621,-0.27723581648230144,10
776,5.777620034877998,6.0,0.22237996512200198,10
777,5.864992955891202,6.332236415491443,0.4672434596002413,5
778,4.664852172251772,6.176091259055681,1.5112390868039096,6
779,5.956151133614828,6.165244326125311,0.2090931925104833,10
780,6.172617402090723,6.969415912353981,0.7967985102632582,5
781,6.048061702437532,6.447158031342219,0.3990963289046876,1
782,6.414616762584225,6.72916478969277,0.314548027108545,2
783,6.489159249112465,6.3979400086720375,-0.09121924044042728,7
784,5.629104457999721,6.4269989587565375,0.7978945007568168,8
785,6.402221872500392,4.778151250383644,-1.624070622116748,5
786,6.376104859371885,6.380211241711606,0.004106382339720938,1
787,5.582619911007399,6.3979400086720375,0.8153200976646389,2
788,5.618756320186871,3.556302500767288,-2.062453819419583,6
789,5.932020026868911,6.633468455579586,0.701448428710675,8
790,5.823057245416978,6.243038048686294,0.41998080326931664,8
791,6.1428958170708325,6.187520720836463,0.04462490376563011,10
792,4.879431077368272,6.176091259055681,1.2966601816874093,1
793,5.725450723933217,4.770852011642144,-0.9545987122910731,5
794,6.186213699999795,6.3979400086720375,0.21172630867224207,10
795,6.4165894963244,6.419955748489758,0.003366252165357686,9
796,5.3417467879243,6.819543935541868,1.4777971476175686,6
797,5.907678488173012,5.128399268717806,-0.7792792194552058,9
798,6.166791114928948,4.948070481518941,-1.2187206334100074,1
799,6.3563834873145995,6.4679039465228,0.11152045920820086,6
800,7.305097969355802,6.284656282788515,-1.0204416865672865,9
801,6.267747283857844,6.556302500767287,0.28855521690944297,8
802,5.3557967489761715,4.858537197569639,-0.49725955140653255,1
803,5.604536786734568,5.230448921378274,-0.37408786535629357,2
804,5.497792179827791,4.728028954420519,-0.7697632254072726,10
805,5.810358855199754,4.0,-1.8103588551997536,10
806,6.148152577811211,6.049218022670182,-0.098934555141029,2
807,5.797658243260628,4.826074802700826,-0.9715834405598018,3
808,4.474481659917647,5.760422483423212,1.2859408235055652,4
809,4.100712777515481,4.041392685158225,-0.05932009235725566,2
810,5.974805062712393,5.00987563371216,-0.9649294290002333,5
811,6.219051549334117,5.02938377768521,-1.1896677716489075,5
812,4.938855863535057,5.544811911757776,0.6059560482227191,4
813,6.054175750366533,5.041392685158225,-1.0127830652083079,4
814,5.2852236302903,5.61066016308988,0.3254365327995794,7
815,4.936738207052523,5.045322978786658,0.10858477173413483,10
816,4.826158035259905,4.0178677189635055,-0.8082903162963992,3
817,5.191487601787063,5.96189547366785,0.7704078718807867,2
818,3.733612271950326,4.022428371185487,0.28881609923516116,4
819,5.475715904963913,4.468347330412158,-1.007368574551755,3
820,5.941599552527574,5.748188027006201,-0.1934115255213733,3
821,5.027959463875403,4.389095173354185,-0.6388642905212176,9
822,4.6570652600827716,4.17897694729317,-0.47808831278960184,8
823,5.870561628112314,5.781036938621132,-0.08952468949118142,7
824,4.881694073371872,4.0,-0.8816940733718717,6
825,5.76145332603418,4.812913356642856,-0.9485399693913239,7
826,5.34850360120531,5.68930885912362,0.3408052579183094,6
827,6.190428813632771,5.851258348719076,-0.3391704649136944,8
828,5.246955631577958,5.189209489582306,-0.057746141995651534,7
829,4.7447054428808135,4.049218022670182,-0.6954874202106316,3
830,6.042841081519656,4.7160033436348,-1.3268377378848557,8
831,4.981825562210489,6.763427993562937,1.7816024313524483,10
832,5.920560498006942,3.832508912706236,-2.0880515853007062,2
833,5.804543215922347,5.079181246047625,-0.7253619698747222,8
834,4.474481659917647,3.4771212547196626,-0.9973604051979841,4
835,4.46010613149659,5.285557309007774,0.8254511775111837,9
836,5.566266999025414,6.2552725051033065,0.6890055060778923,2
837,5.7263954864054565,4.845098040014257,-0.8812974463911996,8
838,5.527978458492069,6.079181246047625,0.5512027875555559,5
839,4.295372325572901,4.4048337166199385,0.10946139104703789,2
840,5.734861485161428,4.79982283099332,-0.9350386541681077,10
841,5.200053842332726,6.698970004336019,1.498916162003293,2
842,4.535838497658107,3.494154594018443,-1.041683903639664,5
843,5.559991261205731,6.079181246047625,0.5191899848418942,1
844,6.41489559955514,4.017033339298781,-2.3978622602563595,1
845,4.268783937858949,4.544068044350276,0.27528410649132695,3
846,4.841504094814427,3.342422680822206,-1.4990814139922208,2
847,2.513417529899974,4.1027766148834415,1.5893590849834673,5
848,5.150584869326383,3.9190780923760737,-1.231506776950309,7
849,5.661755248743378,6.0,0.3382447512566218,6
850,5.568701255431591,5.7363965022766426,0.16769524684505122,7
851,5.224872358754865,4.562173863364649,-0.6626984953902166,8
852,5.259819680114983,4.445604203273597,-0.8142154768413858,6
853,5.4330019353736425,5.477121254719663,0.04411931934602009,8
854,5.651360163465636,5.064457989226918,-0.5869021742387179,9
855,5.498633259101868,7.176091259055681,1.6774579999538135,5
856,6.089653002439116,6.041392685158225,-0.04826031728089042,10
857,6.199666189520125,5.541579243946581,-0.6580869455735439,3
858,4.4316540189545295,4.994317152669637,0.5626631337151071,6
859,5.87895247680559,5.079181246047625,-0.7997712307579645,4
860,4.5599735829872845,4.54282542695918,-0.017148156028104822,10
861,5.5201560042963544,6.477121254719663,0.9569652504233082,2
862,5.41142460045248,5.571708831808688,0.16028423135620784,6
863,5.154071228910081,6.633468455579586,1.479397226669505,10
864,6.504497827891016,6.363047594521094,-0.14145023336992235,3
865,4.914587329794337,4.212187604403958,-0.7023997253903786,5
866,5.643503813289336,4.972619339059624,-0.6708844742297124,8
867,3.9820775234198322,6.079181246047625,2.097103722627793,1
868,4.33326147549368,5.073791642808014,0.7405301673143336,7
869,5.925933903037345,4.704853744566289,-1.2210801584710564,6
870,5.1613184293236305,5.518513939877887,0.3571955105542566,10
871,4.413123263896667,4.953663063747091,0.540539799850424,10
872,6.38033444775463,4.792391689498253,-1.5879427582563777,7
873,5.116737432126537,4.117271295655764,-0.9994661364707724,3
874,5.436818361081004,6.3979400086720375,0.9611216475910336,2
875,3.6341298819653556,4.568201724066995,0.9340718421016394,7
876,5.340470808144507,4.357172257723033,-0.9832985504214733,8
877,5.550027256664689,5.089905111439398,-0.4601221452252906,9
878,4.878999175328314,4.683947130751513,-0.19505204457680136,10
879,5.878921676666653,5.903089986991944,0.02416831032529032,4
880,5.917969276610984,5.390122251506701,-0.5278470251042835,9
881,5.476803938661767,5.477121254719663,0.0003173160578953116,6
882,6.1977407729411835,6.4623979978989565,0.264657224957773,7
883,6.025737314350451,4.76789761601809,-1.2578396983323605,9
884,5.901992376332684,4.743509764728429,-1.1584826116042555,7
885,3.8616001432424003,4.643452676486188,0.7818525332437876,7
886,5.410692362390514,5.811709026696192,0.4010166643056783,2
887,6.246920096288694,4.887054378050957,-1.359865718237737,5
888,5.099808903020374,3.857332496431269,-1.2424764065891054,5
889,3.945885176259373,3.792391689498254,-0.15349348676111907,5
890,3.194338946590767,3.763427993562937,0.5690890469721701,7
891,4.27145186291588,3.544068044350276,-0.7273838185656039,10
892,3.8677208596928185,3.9242792860618816,0.05655842636906305,2
893,5.250555580239023,6.3979400086720375,1.1473844284330141,2
894,4.351298857075005,4.382017042574868,0.030718185499863715,7
895,5.292384710649812,6.079181246047625,0.786796535397813,8
896,5.709411685539735,5.658011396657113,-0.051400288882622824,9
897,5.086378236240867,3.8790958795000727,-1.207282356740794,10
898,4.353399160204942,6.079181246047625,1.725782085842683,6
899,4.229900854274443,4.495544337546448,0.2656434832720054,6
900,4.975924173403438,6.102135154272175,1.1262109808687368,3
901,5.554777468252202,5.176091259055681,-0.37868620919652063,5
902,4.689472786264089,3.462397997898956,-1.2270747883651327,8
903,6.122446243902242,6.049218022670182,-0.07322822123205963,3
904,4.254205661201951,4.303196057420489,0.048990396218537846,2
905,4.826389666847701,3.6989700043360174,-1.127419662511684,3
906,5.786610233251871,4.817565369559781,-0.9690448636920896,1
907,4.288362997851591,5.505149978319906,1.2167869804683153,2
908,4.923834437303795,4.3979400086720375,-0.5258944286317577,7
909,5.384386274898358,4.721810615212546,-0.6625756596858121,1
910,3.688339348563671,4.505149978319906,0.8168106297562354,5
911,4.511607083325197,3.2380461031287955,-1.2735609801964016,8
912,3.909066942256336,4.5910646070265,0.6819976647701642,7
913,4.342468968957642,4.8221680793680175,0.47969911041037516,9
914,5.8000076119403206,3.230448921378274,-2.5695586905620464,1
915,4.832631097746908,2.6020599913279625,-2.230571106418945,5
916,4.564571283803751,3.008600171761917,-1.555971112041834,4
917,6.044254125524855,5.949390006644912,-0.09486411887994262,2
918,4.030828063108895,6.778151250383644,2.7473231872747492,3
919,6.182047943275104,7.0,0.8179520567248959,7
920,5.459786245729503,5.331589240955137,-0.1281970047743659,8
921,4.3999074732777865,5.176091259055681,0.7761837857778948,4
922,6.305694627757185,6.170555058521209,-0.13513956923597625,7
923,5.145920693642764,6.146128035678238,1.0002073420354742,5
924,6.75537830643939,5.982271233039568,-0.7731070733998218,7
925,5.402575926269787,6.209246848753374,0.8066709224835868,5
926,6.010747792376743,5.750045312011768,-0.26070248036497556,1
927,6.56942680058028,5.401055725771844,-1.1683710748084364,8
928,6.224754214937695,6.419129307741976,0.19437509280428067,9
929,6.509888862323136,6.380211241711606,-0.12967762061152932,10
930,5.851489098105529,6.505149978319906,0.6536608802143773,3
931,5.42792632497905,6.204119982655925,0.7761936576768749,4
932,5.402575926269787,4.939019776448666,-0.4635561498211205,5
933,5.821931114983573,4.79309160017658,-1.028839514806993,7
934,5.848919063722471,6.32221929473392,0.47330023101144914,7
935,6.799966202577149,6.382017042574868,-0.4179491600022809,8
936,6.245901190632861,6.366982975977851,0.12108178534498926,2
937,6.052572023416936,6.176091259055681,0.12351923563874578,5
938,5.3839356210360405,6.535863520712453,1.1519278996764122,4
939,5.399850305188047,5.924279286061882,0.5244289808738349,5
940,5.915641795210582,6.062205808819713,0.1465640136091313,3
941,6.382624448871492,6.0,-0.38262444887149183,5
942,6.223387029640733,6.12057393120585,-0.10281309843488362,3
943,4.888196221771295,4.66661156841903,-0.22158465335226563,5
944,6.704245190511434,7.0178677189635055,0.31362252845207106,1
945,6.1421056749439105,6.079181246047625,-0.06292442889628536,7
946,5.302733618034608,6.567144045195657,1.2644104271610486,1
947,6.147650353620793,5.414973347970818,-0.7326770056499745,7
948,5.9056098986443635,6.021189299069938,0.1155794004255748,3
949,5.8323875721044445,6.517195897949974,0.6848083258455295,3
950,6.296513102721019,5.934498451243568,-0.36201465147745093,1
951,5.810991541214048,6.32221929473392,0.5112277535198722,9
952,5.93608276048336,6.301029995663981,0.36494723518062155,7
953,5.377435769743301,6.531478917042255,1.154043147298954,7
954,5.831407880349777,6.003115717099806,0.17170783675002976,9
955,5.787439555063643,6.3979400086720375,0.6105004536083944,10
956,3.9089694105626345,3.9242792860618816,0.015309875499247116,9
957,4.400864055914422,4.597826770377936,0.1969627144635142,10
958,4.996421664254379,3.42845877351558,-1.5679628907387992,7
959,6.15702175515352,6.4623979978989565,0.30537624274543695,8
960,5.856650819963531,6.898664858722267,1.0420140387587358,10
961,5.752423085913463,5.847276448275631,0.09485336236216746,8
962,5.5211576344426945,5.44178936653435,-0.07936826790834406,2
963,6.060740204012701,4.530839778616521,-1.52990042539618,6
964,5.251068585957457,6.607455023214668,1.3563864372572114,4
965,5.95168267479175,4.440909082065217,-1.510773592726533,3
966,6.218758821164595,5.596597095626461,-0.6221617255381346,6
967,5.18284166325454,4.275080898456858,-0.9077607647976818,7
968,5.688328116064498,5.110589710299249,-0.577738405765249,1
969,6.066812043878615,5.041392685158225,-1.0254193587203897,7
970,6.084445551020233,7.0,0.9155544489797673,7
971,6.226032979918866,5.998808399880894,-0.22722458003797197,8
972,5.9389202419843325,7.602059991327962,1.663139749343629,9
973,6.3653044694332115,5.653212513775344,-0.7120919556578675,6
974,5.404692253429885,5.0,-0.4046922534298849,5
975,6.02654927924667,4.661812685537261,-1.3647365937094094,10
976,6.069997588398948,6.7160033436348,0.6460057552358522,6
977,6.259977718825076,6.939519252618618,0.6795415337935422,7
978,5.110811218154073,4.249027052547187,-0.8617841656068856,5
979,2.533791702566416,1.6334684555795864,-0.9003232469868296,4
980,2.486974290427975,2.182300499593339,-0.3046737908346362,8
981,5.734852591429377,4.008600171761918,-1.7262524196674587,9
982,6.081291697964937,5.400710636773232,-0.6805810611917051,4
983,6.116058320756006,6.078819183098848,-0.03723913765715814,4
984,5.912448785629846,4.736149402104994,-1.176299383524852,6
985,5.562222596589832,6.0,0.437777403410168,3
986,5.153041147004798,4.821840927200454,-0.33120021980434355,6
987,5.457038265978912,5.648360010980932,0.19132174500202037,3
988,6.146441898238126,6.3979400086720375,0.25149811043391157,6
989,6.001591906586493,7.217483944213907,1.2158920376274134,3
990,6.091722820385301,5.050147658020303,-1.0415751623649978,6
991,3.8506956938014163,3.959041392321093,0.10834569851967668,8
992,5.247807161239289,6.477121254719663,1.2293140934803732,8
993,6.331746941846103,7.544068044350276,1.2123211025041725,4
994,5.635718685879556,6.079181246047625,0.4434625601680695,1
995,5.700461501728702,6.146128035678238,0.44566653394953626,10
996,4.380710374634004,5.146128035678238,0.7654176610442338,8
997,5.407634750255465,5.534026106056135,0.12639135580067062,3
998,5.655802103064941,7.434568904034199,1.778766800969258,3
999,5.567973019299174,5.826074802700826,0.2581017834016519,5
1000,5.77995686334477,6.401400540781544,0.6214436774367735,7
1001,5.561957697922567,6.079181246047625,0.5172235481250578,4
1002,5.872327358272987,5.021189299069938,-0.8511380592030484,8
1003,5.647323988218346,5.604118006192035,-0.04320598202631132,8
1004,5.70109397013803,4.124504224834283,-1.576589745303747,3
1005,5.234818633557513,3.5575072019056577,-1.6773114316518551,4
1006,4.242952764883271,2.9542425094393248,-1.2887102554439465,5
1007,4.448698489836387,3.942008053022313,-0.5066904368140737,4
1008,5.5900655172752725,3.5118833609788744,-2.078182156296398,8
1009,5.316267700928663,6.621974524899735,1.3057068239710716,3
1010,6.208731322174701,5.423360578084977,-0.7853707440897244,5
1011,5.156176612164707,5.6776069527204935,0.5214303405557867,8
1012,5.574701845775759,6.0,0.4252981542242411,9
1013,5.460207636883275,6.146128035678238,0.6859203987949636,1
1014,5.524359427718572,6.161846959528519,0.6374875318099464,9
1015,5.746733067245891,6.079181246047625,0.3324481788017337,8
1016,4.2120518025696,3.103803720955957,-1.108248081613643,10
1017,5.738463328065994,7.244277120801843,1.5058137927358484,10
1018,5.825576139957209,7.08278537031645,1.2572092303592406,5
1019,5.911040345135566,6.133538908370218,0.22249856323465167,8
1020,6.09812193709877,6.778151250383644,0.6800293132848738,10
1021,5.738463328065994,7.57978359661681,1.8413202685508159,10
1022,6.550966305494164,5.27415784926368,-1.2768084562304844,1
1023,5.813408148875884,5.342422680822207,-0.47098546805367736,2
1024,5.07074792060839,5.826074802700826,0.7553268820924357,7
1025,5.603649611126069,4.359835482339888,-1.2438141287861804,10
1026,5.695129197923896,6.763427993562937,1.0682987956390413,6
1027,5.807746126568119,5.832508912706237,0.02476278613811722,2
1028,4.744159126044323,3.871164132802949,-0.8729949932413743,10
1029,5.3093218265700886,5.426023015689876,0.11670118911978733,2
1030,8.029934649601866,8.229681842317676,0.19974719271580987,6
1031,8.029748389788214,8.229681842317676,0.19993345252946249,5
1032,6.033640627081396,8.414973347970818,2.3813327208894224,7
1033,5.045182469101178,4.515343893088381,-0.5298385760127973,6
1034,2.2979354445775186,1.6989700043360187,-0.5989654402414999,1
1035,4.800101740510015,4.431363764158987,-0.3687379763510279,4
1036,5.50112136717208,5.406540180433956,-0.09458118673812344,6
1037,6.245598595362358,6.400365273349939,0.15476667798758115,7
1038,6.145251733618146,6.301029995663981,0.15577826204583545,10
1039,4.4819144274619465,4.845098040014257,0.36318361255231046,8
1040,4.654286162105377,3.845098040014257,-0.8091881220911201,3
1041,4.628697596026525,4.845098040014257,0.21640044398773206,7
1042,4.399960359694444,6.707570176097937,2.3076098164034926,7
1043,4.498091227266422,6.386677283960838,1.8885860566944155,1
1044,5.395638973410878,5.664641975556125,0.2690030021452472,10
1045,6.020487699443186,4.342225229360791,-1.6782624700823954,9
1046,4.724665572565779,5.672097857935717,0.9474322853699384,2
1047,2.608792829881743,3.083502619830268,0.4747097899485251,6
1048,4.363583696641953,3.3014640731433,-1.0621196234986532,7
1049,5.747038818892323,5.987634987448437,0.240596168556114,4
1050,5.8232958492497495,6.506505032404872,0.6832091831551228,7
1051,6.157849679064661,6.068185861746161,-0.08966381731849982,10
1052,5.845220211345056,5.509202522331103,-0.33601768901395346,6
1053,5.43214268065162,5.673020907128897,0.2408782264772764,1
1054,5.898352710040136,5.892094602690481,-0.006258107349655262,2
1055,5.913177421816774,5.673020907128897,-0.24015651468787702,5
1056,5.795530638551892,6.207095540419218,0.41156490186732597,10
1057,5.677835598734321,4.176091259055681,-1.5017443396786394,6
1058,6.161212348661428,5.146128035678238,-1.0150843129831895,6
1059,5.7723282760585235,6.533517862016968,0.7611895859584443,9
1060,4.212180623240158,4.4623979978989565,0.25021737465879834,9
1061,6.524582598574231,5.0,-1.5245825985742307,4
1062,6.579264302930269,6.152288344383057,-0.42697595854721193,8
1063,5.86599806523892,5.238522812218293,-0.6274752530206271,6
1064,5.270611640134027,5.639486489268586,0.36887484913455904,10
1065,5.771260940388649,5.672097857935717,-0.09916308245293148,7
1066,5.878344281872886,6.176091259055681,0.2977469771827952,7
1067,5.320092902971794,5.774838005983815,0.4547451030120211,3
1068,5.863224335248046,4.681241237375588,-1.1819830978724584,2
1069,5.935629133515262,4.017033339298781,-1.9185957942164809,8
1070,5.603261204387125,6.123165370902919,0.5199041665157944,8
1071,5.833209496594677,6.835500327867319,1.0022908312726422,10
1072,5.957793776487599,6.078819183098848,0.12102540661124905,8
1073,5.410499200385055,3.633468455579586,-1.7770307448054687,3
1074,4.376000426351396,6.278753600952829,1.9027531746014326,1
1075,5.358701537685648,3.819872821950546,-1.538828715735102,7
1076,5.628201516791848,6.32221929473392,0.6940177779420722,10
1077,5.79980984133502,5.737272176535544,-0.06253766479947576,8
1078,5.703675181556775,3.886490725172482,-1.8171844563842936,2
1079,5.281945833336221,5.797267540830717,0.515321707494496,5
1080,5.9506262435281,5.371067862271736,-0.5795583812563638,6
1081,5.301862946012574,5.647715410691554,0.34585246467898045,8
1082,5.515364025903085,4.872738827472669,-0.6426251984304159,10
1083,5.615069463406195,7.332438459915605,1.7173689965094097,5
1084,3.5576066404190034,3.096910013008056,-0.46069662741094763,3
1085,6.332981586209585,5.146128035678238,-1.186853550531347,4
1086,5.630766062336632,7.4271224218663345,1.7963563595297023,10
1087,5.562222596589832,5.0,-0.562222596589832,3
1088,5.868559251799321,7.860936620700094,1.9923773689007724,3
1089,5.70089251194169,5.174931593528442,-0.5259609184132481,4
1090,7.476314504136822,8.09642333059527,0.6201088264584476,4
1091,6.158363127325293,6.021189299069938,-0.13717382825535474,4
1092,5.428287627102495,5.729326809646861,0.3010391825443657,8
1093,5.335873798097379,5.346352974450639,0.010479176353260122,3
1094,5.595311134013789,5.149527013754348,-0.44578412025944125,7
1095,4.806422113338249,5.2552725051033065,0.44885039176505703,10
1096,5.811241397941584,6.176091259055681,0.3648498611140978,6
1097,4.672446861926627,5.301029995663981,0.6285831337373544,1
1098,3.1912745029283722,2.6989700043360187,-0.4923044985923535,7
1099,1.420410613690624,3.0791812460476247,1.6587706323570006,8
1100,3.073355469647108,2.615529223637133,-0.45782624600997535,4
1101,3.8947325422067633,2.650501794878367,-1.2442307473283964,5
1102,3.6727024743124597,2.630427875025024,-1.0422745992874356,2
1103,4.106270222176375,3.556302500767288,-0.5499677214090872,5
1104,2.8990912243720186,2.9912260756924947,0.09213485132047605,10
1105,3.1049677034113086,2.9474337218870508,-0.1575339815242578,7
1106,2.562385930756057,3.4885507165004443,0.9261647857443873,1
1107,4.100789341916281,3.510545010206612,-0.5902443317096688,2
1108,3.896835949098999,2.419955748489758,-1.4768802006092412,6
1109,5.691135488357712,5.278753600952829,-0.4123818874048828,9
1110,5.897046087479501,6.004321373782642,0.10727528630314076,6
1111,5.457038265978912,6.176091259055681,0.7190529930767697,3
1112,4.814418741815492,5.008600171761918,0.1941814299464264,5
1113,6.1617165920968535,5.819543935541868,-0.3421726565549852,5
1114,5.449576650662028,5.600972895686748,0.1513962450247206,6
1115,5.787054773631867,6.4623979978989565,0.6753432242670891,8
1116,1.9859040994804622,2.886490725172482,0.9005866256920196,7
1117,6.068570560880391,6.3979400086720375,0.32936944779164623,6
1118,6.155238837735782,6.3979400086720375,0.24270117093625565,2
1119,6.420892033551255,6.246498580795801,-0.1743934527554547,8
1120,5.96769696238289,5.286613631657004,-0.6810833307258859,3
1121,5.838683049775192,6.079181246047625,0.24049819627243352,5
1122,4.083038716182282,3.886490725172482,-0.1965479910097998,9
1123,5.521139356914133,5.698970004336019,0.17783064742188603,10
1124,5.758428739754567,5.704150516839799,-0.05427822291476847,3
1125,5.945952388767859,5.260071387985075,-0.6858810007827838,4
1126,6.178319123343051,5.738066714777469,-0.44025240856558145,10
1127,6.022298482963908,6.146128035678238,0.12382955271433005,8
1128,5.052568859931723,4.477121254719663,-0.5754476052120605,4
1129,5.770254831590952,6.278753600952829,0.5084987693618768,10
1130,6.328909890617175,6.365487984890899,0.03657809427372438,10
1131,5.997801933207078,6.447158031342219,0.44935609813514166,4
1132,5.922843073080577,6.0,0.07715692691942344,3
1133,5.376530932781254,6.3979400086720375,1.0214090758907837,1
1134,4.827666268684558,5.938919812244772,1.1112535435602142,7
1135,5.678321407611457,5.484299839346786,-0.1940215682646711,9
1136,6.117233673139453,7.301029995663981,1.183796322524528,9
1137,5.8002578889874865,5.954242509439325,0.1539846204518387,7
1138,5.644232743301475,6.6020599913279625,0.9578272480264873,4
1139,5.855064871120954,6.972202838379064,1.1171379672581105,8
1140,5.7166392202931355,6.301029995663981,0.5843907753708457,5
1141,6.541722806515559,6.248267603534647,-0.2934552029809119,8
1142,6.154246489664756,6.380211241711606,0.22596475204684996,3
1143,5.632047989703036,6.301029995663981,0.6689820059609453,9
1144,6.051677507673861,6.32221929473392,0.2705417870600595,3
1145,6.263086649880771,6.380211241711606,0.11712459183083546,2
1146,5.856915815858176,6.380211241711606,0.5232954258534299,4
1147,6.474132001703189,5.603198520676098,-0.870933481027091,9
1148,6.216321274248554,6.32221929473392,0.10589802048536612,8
1149,5.799255035944812,6.017033339298781,0.21777830335396864,1
1150,6.247280201637,6.197831693328903,-0.04944850830809777,8
1151,5.797029826957926,6.171480722621874,0.37445089566394785,1
1152,6.534821623386787,7.105510184769974,0.5706885613831876,10
1153,6.129723392733778,6.373095987078727,0.24337259434494918,9
1154,5.864578426918843,5.419955748489758,-0.4446226784290852,10
1155,6.286428104414824,6.332438459915605,0.0460103555007807,2
1156,5.913547605544641,6.079181246047625,0.16563364050298368,1
1157,6.1975647288821225,5.124830149413859,-1.0727345794682632,3
1158,6.132609286176086,6.486146996806573,0.3535377106304871,9
1159,6.186615154937268,6.174931593528442,-0.01168356140882576,4
1160,6.691004958359528,5.886490725172482,-0.8045142331870458,6
1161,5.076910587614732,5.725911632295048,0.6490010446803165,3
1162,6.5310583564191935,5.413132050434872,-1.1179263059843212,10
1163,6.665710795968967,7.292256071356476,0.6265452753875094,3
1164,6.224698857029919,6.698970004336019,0.47427114730609965,2
1165,6.134767126166965,7.519827993775719,1.385060867608754,5
1166,7.047657896488147,7.188037055006895,0.14037915851874772,8
1167,7.884007276786445,8.071882007306126,0.18787473051968107,2
1168,5.509135465555476,5.982271233039568,0.47313576748409236,3
1169,6.76256412044817,6.973127853599698,0.21056373315152843,2
1170,6.600827950727972,6.077731179652392,-0.5230967710755801,5
1171,6.615340618193674,6.3979400086720375,-0.2174006095216363,9
1172,6.792100154366228,7.294466226161593,0.5023660717953655,7
1173,6.573781048337526,7.333648756514701,0.7598677081771745,4
1174,6.799835901836386,7.793755472155577,0.993919570319191,2
1175,6.6289063874061105,6.087071205906535,-0.5418351814995752,1
1176,6.799858894396762,6.0,-0.7998588943967624,3
1177,6.69110430868713,6.544068044350276,-0.14703626433685457,6
1178,7.283766674314297,7.845098040014257,0.5613313656999601,6
1179,5.800219839241525,7.301029995663981,1.5008101564224559,1
1180,5.789128209457659,6.975431808509263,1.1863035990516035,10
1181,6.818818796306616,6.184691430817598,-0.6341273654890172,4
1182,5.473472203835831,6.281033367247727,0.8075611634118962,4
1183,5.777550749041187,5.012837224705172,-0.764713524336015,9
1184,7.098526784491576,7.735997884091794,0.6374710996002175,10
1185,6.910469289930642,5.301029995663981,-1.6094392942666609,3
1186,5.781777171846596,6.618633737597086,0.8368565657504901,9
1187,6.629399709472297,7.665017825412472,1.0356181159401752,1
1188,6.901027357952845,6.361727836017593,-0.5392995219352521,6
1189,6.688262921607801,6.886490725172482,0.19822780356468162,7
1190,6.593628287261413,7.477121254719663,0.8834929674582499,8
1191,5.440761437185187,6.079181246047625,0.6384198088624382,5
1192,7.138299436170255,6.744918542441353,-0.39338089372890206,7
1193,6.799835901836386,5.2455126678141495,-1.5543232340222364,2
1194,6.738756251949625,6.698970004336019,-0.039786247613606385,9
1195,6.185906461514076,7.174234304941022,0.988327843426946,8
1196,6.180389740386545,6.047140468477217,-0.13324927190932812,5
1197,5.987534176867009,5.628388930050312,-0.35914524681669757,4
1198,6.1878791925693335,7.204119982655925,1.0162407900865915,1
1199,6.224494236858987,6.900312496983727,0.67581826012474,8
1200,4.84358916218876,6.0,1.15641083781124,2
1201,5.073371131961472,4.041392685158225,-1.0319784468032465,3
1202,6.375044866539167,5.352240420182231,-1.0228044463569352,2
1203,6.115278484301225,6.0,-0.11527848430122489,4
1204,6.158278226138425,6.3807537708039,0.2224755446654756,2
1205,5.096476249099748,6.07700432679335,0.9805280776936023,3
1206,6.0312228581103975,6.252124552505644,0.22090169439524665,1
1207,5.980880326818739,6.006037954997317,0.025157628178577696,9
1208,6.145156274402135,5.913018683747961,-0.23213759065417428,5
1209,5.879157970572668,5.742725131304698,-0.1364328392679699,6
1210,5.612887195992545,4.845098040014257,-0.7677891559782877,7
1211,6.05846142396835,5.857030798272624,-0.20143062569572567,7
1212,5.676779581753267,6.078094150406411,0.4013145686531443,3
1213,5.933237511543126,6.382233234970556,0.44899572342743,8
1214,5.837769493556632,6.093421685162235,0.25565219160560293,6
1215,5.778591329360657,5.78625439578978,0.007663066429123511,10
1216,5.665570765405234,5.963787827345556,0.2982170619403215,6
1217,5.445427650364995,6.093421685162235,0.6479940347972395,6
1218,5.566372847010321,4.88309335857569,-0.6832794884346312,9
1219,5.5286701326811585,5.123851640967086,-0.4048184917140727,3
1220,6.078844824547382,6.176091259055681,0.09724643450829973,3
1221,4.779164299567689,3.3010299956639813,-1.4781343039037074,6
1222,5.82378657210064,6.392978186542541,0.5691916144419009,5
1223,6.390264662397356,6.463445031770428,0.07318036937307237,1
1224,6.231536253075754,5.0,-1.2315362530757543,9
1225,5.671211417874169,6.544068044350276,0.8728566264761071,4
1226,6.262768723089485,6.75427186868346,0.4915031455939758,2
1227,6.168895410947982,6.152288344383057,-0.01660706656492561,6
1228,5.350132115899345,6.079181246047625,0.7290491301482804,3
1229,5.89125952754749,6.544068044350276,0.6528085168027857,2
1230,6.270379682719354,5.850033257689769,-0.4203464250295852,1
1231,6.0882746735819815,5.187520720836463,-0.9007539527455188,1
1232,6.90542343770224,6.432327792261604,-0.47309564544063587,2
1233,6.451867702382396,6.776701183988411,0.32483348160601544,3
1234,5.979548147055574,5.02938377768521,-0.9501643693703645,4
1235,6.0708903181626575,6.360404054729939,0.2895137365672813,6
1236,5.967661162544821,6.176091259055681,0.20843009651086053,6
1237,5.871413564078687,5.787318756624548,-0.08409480745413944,7
1238,6.482358230017019,3.89209460269048,-2.5902636273265394,10
1239,4.208680047936474,4.096910013008056,-0.11177003492841742,6
1240,5.037833418356368,3.404833716619938,-1.6329997017364302,4
1241,5.46365569091395,5.816506437046357,0.35285074613240663,10
1242,5.804109711039372,4.968482948553935,-0.835626762485437,7
1243,4.705026064349084,3.833147111912785,-0.8718789524362993,8
1244,5.98462232651159,6.146128035678238,0.16150570916664808,3
1245,4.2968377532315865,4.008600171761918,-0.2882375814696685,4
1246,5.143966900531999,4.0,-1.143966900531999,5
1247,5.1762255275870865,4.089905111439398,-1.0863204161476885,3
1248,5.311439124773189,3.770852011642144,-1.5405871131310453,9
1249,4.718553090225251,3.6020599913279625,-1.1164930988972888,3
1250,3.549599851327376,3.869231719730976,0.3196318684035999,9
1251,3.623230090682089,3.206825876031849,-0.4164042146502398,3
1252,4.224100826732762,3.589949601325708,-0.634151225407054,5
1253,4.448307151326142,2.903089986991944,-1.5452171643341974,7
1254,5.053914667788285,4.167317334748176,-0.8865973330401093,9
1255,4.888348144361636,4.035829825252828,-0.8525183191088077,3
1256,5.824221102760522,6.024046225131059,0.1998251223705365,9
1257,4.9298185788173825,5.247973266361806,0.3181546875444239,9
1258,5.907531601926622,6.491361693834273,0.5838300919076511,8
1259,5.812198671563305,4.833147111912785,-0.9790515596505198,3
1260,5.778938110886406,6.334453751150931,0.5555156402645247,1
1261,6.144131930969778,7.708420900134713,1.5642889691649344,6
1262,5.74395854975766,4.698970004336019,-1.0449885454216412,1
1263,5.879002707415742,6.32221929473392,0.4432165873181786,1
1264,5.238660571368312,6.2812606870550125,1.0426001156867004,10
1265,5.512301838904844,6.230448921378274,0.71814708247343,8
1266,5.799868277197073,5.0,-0.7998682771970733,9
1267,5.965541666376325,4.26150077319828,-1.7040408931780444,10
1268,6.014493746898346,7.077222510411053,1.0627287635127072,8
1269,6.0589372793048035,7.05865374157237,0.9997164622675667,3
1270,5.54654924690639,5.0,-0.5465492469063902,3
1271,4.790624502865538,3.709269960975831,-1.081354541889707,3
1272,5.221850258651081,3.431363764158988,-1.790486494492093,7
1273,4.7379717639025385,5.0,0.2620282360974615,3
1274,5.809478454919312,6.079181246047625,0.26970279112831275,2
1275,4.561240365464064,3.770852011642144,-0.7903883538219203,10
1276,5.903153704938919,6.383653821462558,0.4805001165236389,1
1277,6.4455090054654,6.281941933440825,-0.1635670720245752,2
1278,6.595528437694517,4.152288344383057,-2.44324009331146,8
1279,5.9522070647950285,6.176091259055681,0.22388419426065287,4
1280,4.611553532825998,4.195899652409234,-0.4156538804167642,2
1281,4.337967008552109,3.3010299956639813,-1.036937012888128,5
1282,6.305118650217101,6.079181246047625,-0.22593740416947572,9
1283,5.334515439926517,5.311753861055754,-0.02276157887076291,4
1284,4.2900648782958655,5.041392685158225,0.7513278068623599,8
1285,4.518822144969127,4.41161970596323,-0.10720243900589654,3
1286,6.025261147376887,4.249198357391113,-1.7760627899857742,1
1287,6.0181639957865904,5.17897694729317,-0.8391870484934207,6
1288,5.452043132715737,6.119915410257991,0.6678722775422541,6
1289,4.7831606660883565,6.0,1.2168393339116435,6
1290,4.982321763348873,3.824125833916549,-1.1581959294323236,3
1291,5.001051306901653,3.740362689494244,-1.2606886174074088,9
1292,5.171902752655633,3.146128035678238,-2.025774716977395,5
1293,6.050683300709461,5.380211241711606,-0.6704720589978548,4
1294,5.5914626921077,5.271841606536499,-0.3196210855712014,10
1295,6.411175208112927,5.365487984890899,-1.0456872232220276,3
1296,6.477112966202066,6.778874472002739,0.3017615058006733,6
1297,6.518522873716922,5.880813592280791,-0.6377092814361305,10
1298,6.152096244870589,6.3979400086720375,0.24584376380144857,2
1299,5.981034713725867,6.377563035549853,0.3965283218239861,3
1300,6.291000471916064,5.518513939877887,-0.7724865320381769,9
1301,6.344225479631108,4.698970004336019,-1.6452554752950892,8
1302,6.114180209317409,5.949390006644912,-0.16479020267249656,5
1303,6.6167366826153335,6.247924190766308,-0.36881249184902565,4
1304,5.867543832565427,7.602059991327962,1.7345161587625348,2
1305,5.834951268563887,5.553883026643875,-0.28106824192001234,6
1306,6.117233673139453,6.278753600952829,0.16151992781337565,9
1307,7.038169315665516,6.445311461756064,-0.592857853909452,3
1308,5.960200659403225,5.622214022966295,-0.3379866364369297,3
1309,6.30321146994339,6.201397124320452,-0.10181434562293834,6
1310,5.336424381503925,6.176091259055681,0.839666877551756,6
1311,5.681089610457622,5.927370363039024,0.24628075258140214,6
1312,5.765475653152134,6.079181246047625,0.3137055928954915,2
1313,6.251594270812018,6.2405492482826,-0.011045022529417636,1
1314,6.197498447656828,5.891147030448771,-0.3063514172080568,5
1315,5.909757914432951,6.0,0.09024208556704938,6
1316,5.871231779320149,5.847572659142112,-0.02365912017803673,5
1317,5.842591266781362,5.931966114728173,0.08937484794681083,4
1318,6.057163314941361,5.146778989307833,-0.9103843256335278,4
1319,5.9805564141616765,5.079181246047625,-0.9013751681140514,4
1320,5.192290382365455,5.021189299069938,-0.17110108329551643,3
1321,5.046741403369622,6.0,0.9532585966303779,9
1322,5.789640299554566,6.008600171761918,0.21895987220735158,6
1323,5.980500426302057,6.220108088040055,0.23960766173799808,1
1324,6.293580327207282,6.214843848047698,-0.07873647915958415,3
1325,5.833273395563429,6.113943352306837,0.28066995674340767,8
1326,5.8175996720612755,6.257051875069349,0.43945220300807364,9
1327,5.001119477631308,5.2552725051033065,0.2541530274719985,9
1328,6.17191981471143,6.041392685158225,-0.13052712955320445,6
1329,6.387302231530809,6.6020599913279625,0.21475775979715372,4
1330,6.293593870694879,4.986771734266245,-1.306822136428634,8
1331,6.095260822165253,6.08278537031645,-0.012475451848803054,6
1332,6.0442833954694475,5.181843587944773,-0.8624398075246749,10
1333,6.188184437757441,5.687261346243506,-0.5009230915139344,1
1334,6.175880980406335,6.2455126678141495,0.06963168740781445,6
1335,6.001178811717206,6.776327733563306,0.7751489218461005,2
1336,6.168509867485939,6.056904851336473,-0.11160501614946661,3
1337,5.845555463002758,6.113943352306837,0.268387889304079,10
1338,5.988395485646481,6.441176499941076,0.4527810142945947,1
1339,6.094702956411609,5.332438459915605,-0.7622644964960044,2
1340,6.071448295952979,5.710117365111817,-0.3613309308411621,2
1341,6.03630991253073,6.008600171761918,-0.027709740768812274,4
1342,6.310805212998026,5.552668216112194,-0.758136996885832,4
1343,5.178135779372281,5.093421685162235,-0.08471409421004594,2
1344,5.8215020741255765,4.6020599913279625,-1.219442082797614,4
1345,6.099171995874887,5.895422546039408,-0.20374944983547838,4
1346,7.416870016253638,6.100752969451338,-1.3161170468023,6
1347,5.854288129917083,6.0,0.1457118700829172,2
1348,5.880264756753831,5.788875115775417,-0.09138964097841384,2
1349,5.913683951184344,6.176091259055681,0.2624073078713369,9
1350,5.837241760891628,5.193124598354461,-0.6441171625371664,1
1351,5.664043255582942,5.051923916046107,-0.612119339536835,9
1352,6.060108017243711,5.756636108245848,-0.3034719089978628,8
1353,5.886441844711097,6.431363764158987,0.5449219194478898,6
1354,5.624590138697631,6.0,0.3754098613023693,9
1355,5.923858523062554,5.599883072073688,-0.3239754509888666,2
1356,5.7902481283730465,5.716837723299524,-0.07341040507352226,4
1357,5.718694138411729,5.812913356642856,0.09421921823112633,8
1358,6.406326859431233,7.929418925714293,1.52309206628306,8
1359,6.045003623918537,5.862727528317975,-0.18227609560056202,9
1360,5.497280180542786,5.079181246047625,-0.4180989344951609,7
1361,5.389175277799451,5.278753600952829,-0.11042167684662196,8
1362,5.840781894394658,6.017033339298781,0.17625144490412303,3
1363,5.814429681382266,5.176091259055681,-0.6383384223265844,10
1364,5.348786343673951,6.079181246047625,0.730394902373674,3
1365,6.6546610628555865,6.079181246047625,-0.5754798168079613,6
1366,5.357483583620726,5.121559844187501,-0.23592373943322542,5
1367,5.822331983495808,4.912275210498812,-0.9100567729969953,10
1368,5.511370834746587,6.218272853571447,0.7069020188248603,3
1369,5.7370382625998895,5.700617195682057,-0.03642106691783287,10
1370,6.091353669018723,6.924279286061882,0.8329256170431591,3
1371,5.8168687399990855,6.134495855834674,0.3176271158355881,9
1372,6.00275971022941,6.509202522331103,0.5064428121016933,9
1373,6.05971246896116,6.590507462008583,0.5307949930474232,3
1374,5.906099575255533,5.758911892397974,-0.14718768285755957,9
1375,5.929042977366104,6.079181246047625,0.1501382686815207,8
1376,5.885976682288357,6.7626785637274365,0.8767018814390797,7
1377,5.798140596392388,5.86391737695786,0.06577678056547231,1
1378,5.8773215350637695,5.342422680822207,-0.5348988542415629,1
1379,5.976357121502945,6.033423755486949,0.05706663398400469,1
1380,5.663037266942606,5.518513939877887,-0.14452332706471882,3
1381,5.752671718852199,7.041392685158225,1.288720966306026,4
1382,5.918136238970105,4.678518379040114,-1.2396178599299903,9
1383,5.536619296297208,6.066773037085025,0.5301537407878172,9
1384,5.709273957167724,5.899820502427096,0.1905465452593722,7
1385,5.3686138625245805,7.429752280002408,2.061138417477827,2
1386,5.663668030413037,6.612783856719736,0.9491158263066994,4
1387,6.183774415787172,6.503790683057181,0.32001626727000865,3
1388,6.267413423563673,5.240798771117332,-1.0266146524463418,3
1389,6.03191476333741,5.968482948553935,-0.06343181478347493,2
1390,5.950931595878078,6.05307844348342,0.10214684760534176,10
1391,5.889747384769881,6.008600171761918,0.11885278699203727,3
1392,6.433316774998443,4.954242509439325,-1.4790742655591176,1
1393,6.093629643254099,6.770115294787102,0.6764856515330031,9
1394,5.840081083797254,6.418301291319746,0.5782202075224916,7
1395,5.852291895078095,7.0220157398177205,1.1697238447396252,5
1396,2.7800209197852994,1.9242792860618816,-0.8557416337234178,10
1397,4.571126155037949,4.550228353055094,-0.020897801982854958,9
1398,4.915466580271661,6.354621218722914,1.439154638451253,8
1399,5.386726670998724,5.856227259455358,0.46950058845663456,2
1400,6.078581414504776,6.052936217579409,-0.025645196925367486,9
1401,5.515903311518479,6.431363764158987,0.9154604526405077,9
1402,5.3863392742724026,3.982723387668545,-1.4036158866038577,2
1403,5.023359324884731,3.4471580313422194,-1.5762012935425114,7
1404,4.5995773449588695,6.563836918664545,1.9642595737056752,7
1405,4.368024156710996,2.812913356642856,-1.5551108000681402,2
1406,3.8506956938014163,3.0791812460476247,-0.7715144477537916,8
1407,5.007469488262637,5.556302500767287,0.5488330125046499,5
1408,3.6345274954287845,4.334855689617291,0.7003281941885069,9
1409,2.098460360326295,4.698970004336019,2.600509644009724,9
1410,3.8242996688861406,3.187520720836463,-0.6367789480496775,9
1411,5.886575279110822,4.167317334748176,-1.7192579443626466,10
1412,2.562385930756057,3.679427896612119,1.1170419658560622,1
1413,3.66764279830115,0.6989700043360189,-2.968672793965131,10
1414,4.74808056578863,4.754883228252168,0.006802662463537779,5
1415,3.900290949447095,2.556302500767288,-1.343988448679807,9
1416,6.2918292540506355,5.812913356642856,-0.47891589740777984,5
1417,5.802426720508475,5.186815124447454,-0.6156115960610204,7
1418,4.848236341165968,4.821513528404773,-0.02672281276119559,2
1419,5.814770263628994,6.167317334748176,0.35254707111918115,4
1420,6.19432314319449,5.903089986991944,-0.2912331562025461,7
1421,6.642675190388098,5.287129620719111,-1.3555455696689869,6
1422,5.020790178297172,5.773069340485962,0.7522791621887901,1
1423,5.680670273917579,5.845098040014257,0.16442776609667753,3
1424,4.957758533914636,4.505149978319906,-0.4526085555947299,1
1425,5.603862298894298,6.889301702506311,1.2854394036120125,8
1426,5.475039957908404,5.395850376018781,-0.0791895818896231,9
1427,6.025737314350451,6.74154551677621,0.7158082024257588,9
1428,5.9539100728011185,5.698970004336019,-0.25494006846509976,8
1429,4.114264470118064,3.845098040014257,-0.26916643010380703,5
1430,5.453837539569,2.8090544272229425,-2.6447831123460577,10
1431,5.272262352662475,2.505149978319906,-2.767112374342569,7
1432,3.6416282194026355,3.4471580313422194,-0.19447018806041605,9
1433,2.367647179335582,1.7993405494535817,-0.5683066298820005,4
1434,3.9732928283585753,3.322219294733919,-0.6510735336246563,9
1435,4.062481282207041,1.5587085705331658,-2.503772711673875,2
1436,5.482612036857761,5.434568904034199,-0.04804313282356176,5
1437,5.4166213999076165,5.926856708949693,0.5102353090420761,10
1438,5.712293001538464,5.8750612633917,0.16276826185323578,2
1439,6.174737063854959,6.237040791379191,0.06230372752423197,5
1440,6.078639062962645,5.990782691803138,-0.08785637115950706,9
1441,5.887692170768348,6.447158031342219,0.5594658605738712,3
1442,5.743850333302109,6.2576785748691846,0.5138282415670758,9
1443,5.634533809491635,6.653212513775344,1.018678704283709,6
1444,6.370456636063169,6.2552725051033065,-0.11518413095986269,8
1445,7.344103645179991,6.531478917042255,-0.8126247281377355,9
1446,5.017268208733038,3.3010299956639813,-1.7162382130690563,7
1447,5.37764610008246,5.301029995663981,-0.07661610441847877,6
1448,6.19909782487527,6.230448921378274,0.03135109650300372,1
1449,5.872018344580812,6.340444114840119,0.46842577025930776,3
1450,6.150825414105305,6.3979400086720375,0.24711459456673257,6
1451,5.854054789076797,4.346744054604849,-1.5073107344719485,10
1452,6.04112776035828,6.079181246047625,0.0380534856893453,5
1453,6.009577213695279,6.301029995663981,0.29145278196870184,5
1454,5.967695002019659,6.623249290397901,0.6555542883782417,8
1455,6.419140158629107,6.531478917042255,0.11233875841314855,4
1456,5.807258525603535,4.352182518111363,-1.4550760074921723,8
1457,5.553473157740667,6.1702617153949575,0.6167885576542904,6
1458,6.011183595889986,6.531478917042255,0.5202953211522692,8
1459,5.6717048198637565,6.358886204405869,0.6871813845421126,10
1460,5.627573798436191,4.314288660947498,-1.313285137488693,9
1461,5.7320222550321995,6.176091259055681,0.4440690040234818,8
1462,6.326980565100591,6.091315159697223,-0.23566540540336778,4
1463,5.947978476403497,6.286456469746983,0.33847799334348583,1
1464,4.7947912220347755,6.913813852383717,2.1190226303489412,4
1465,5.934103349756813,5.433321711630784,-0.5007816381260293,2
1466,5.551031002329043,6.308991029000164,0.7579600266711211,5
1467,5.318485473506416,5.361727836017593,0.04324236251117686,2
1468,4.609550797302248,4.095518042323151,-0.5140327549790964,5
1469,5.8562627568490635,6.544068044350276,0.6878052875012122,7
1470,5.398163917479143,6.57978359661681,1.1816196791376674,7
1471,4.442731015374235,2.6972293427597176,-1.7455016726145178,9
1472,5.181064482913025,4.746322765089953,-0.4347417178230719,5
1473,5.248365623075721,6.291391053078407,1.043025430002686,4
1474,6.165606111007516,6.747411807886423,0.5818056968789067,9
1475,6.412711400031765,6.491361693834273,0.07865029380250821,1
1476,6.16327154022958,6.113943352306837,-0.04932818792274318,6
1477,5.412343315723896,6.096910013008056,0.6845666972841604,6
1478,5.651853117576032,3.804820678721162,-1.8470324388548698,10
1479,4.797930972155321,5.079181246047625,0.2812502738923044,7
1480,5.451294918823809,2.220108088040055,-3.231186830783754,6
1481,6.155170251723014,4.850646235183066,-1.3045240165399479,9
1482,5.553159771519663,6.045322978786658,0.49216320726699436,10
1483,6.158993892616925,5.791690649020118,-0.3673032435968073,5
1484,5.05862242544412,5.155609283678915,0.09698685823479547,7
1485,5.021122232947478,5.690196080028514,0.6690738470810356,10
1486,5.320788284334795,5.000867721531227,-0.31992056280356795,1
1487,5.33318774350317,6.806179973983888,1.4729922304807186,5
1488,5.570984240061865,6.041392685158225,0.4704084450963606,8
1489,5.7001527298010135,5.656960182742849,-0.04319254705816444,4
1490,5.050643635559458,6.355068206348851,1.3044245707893927,5
1491,5.430794831550707,6.324282455297693,0.893487623746986,9
1492,5.401952000691533,5.944482672150168,0.5425306714586355,9
1493,6.400143813062511,6.3979400086720375,-0.002203804390473074,1
1494,5.82662179420891,6.1702617153949575,0.3436399211860479,4
1495,5.253558503111457,4.413634997198556,-0.8399235059129015,10
1496,5.959839711220007,5.949390006644912,-0.010449704575094643,5
1497,6.2450382098885795,6.056904851336473,-0.18813335855210678,9
1498,5.8081445687869175,5.072984744627931,-0.7351598241589867,4
1499,4.340130399243323,5.697229342759718,1.3570989435163945,10
1500,6.283547348408419,5.698970004336019,-0.5845773440724003,10
1501,6.16054706000352,6.664547962246547,0.5040009022430274,2
1502,6.647503265027268,6.937016107464814,0.2895128424375457,9
1503,6.463091403500886,7.531478917042255,1.068387513541369,7
1504,5.443183895974369,6.240798771117332,0.7976148751429628,3
1505,6.087983416668525,6.012837224705172,-0.07514619196335293,9
1506,6.334582174572999,6.44870631990508,0.11412414533208093,4
1507,4.992758765229562,6.580468783951002,1.58771001872144,5
1508,7.054750219716678,5.778151250383644,-1.2765989693330342,10
1509,5.694457845660777,5.732393759822968,0.03793591416219133,5
1510,5.673199076792639,4.954242509439325,-0.718956567353314,4
1511,6.248572461019106,6.857332496431268,0.6087600354121623,6
1512,6.278387268756367,5.308393649976259,-0.9699936187801077,2
1513,5.891070179228071,6.277090960334402,0.386020781106331,10
1514,6.137455318351414,5.857332496431268,-0.2801228219201457,7
1515,5.679322249579326,5.0,-0.6793222495793261,10
1516,5.786292167216363,5.301029995663981,-0.4852621715523817,7
1517,3.7237162381488096,4.123851640967086,0.4001354028182762,2
1518,5.606215382809824,4.505149978319906,-1.1010654044899173,6
1519,5.691020322273911,6.32221929473392,0.6311989724600098,5
1520,5.899711935405879,4.505149978319906,-1.3945619570859726,3
1521,6.026717257902141,4.568201724066995,-1.458515533835146,1
1522,4.239888356343582,4.900367128656471,0.6604787723128895,3
1523,5.701471488882855,5.477121254719663,-0.22435023416319222,8
1524,5.604866647253757,6.041392685158225,0.43652603790446864,3
1525,6.011665546084717,6.496791315700042,0.4851257696153253,9
1526,5.4250304616459495,4.486713775982485,-0.9383166856634642,7
1527,5.79812518424818,5.0,-0.79812518424818,8
1528,5.773819261151151,6.32221929473392,0.5484000335827695,10
1529,5.8835486312809415,4.685741738602264,-1.1978068926786776,8
1530,5.904868854630431,6.504701881045554,0.5998330264151228,9
1531,4.006044971562018,2.146128035678238,-1.8599169358837795,2
1532,4.93579391887287,1.4471580313422192,-3.4886358875306502,4
1533,3.894450958407574,3.113943352306837,-0.7805076061007372,9
1534,3.1109671145285107,4.826074802700826,1.7151076881723153,7
1535,6.44763089094068,4.247973266361806,-2.1996576245788733,10
1536,4.062139376429694,5.0,0.9378606235703062,7
1537,5.440633718158607,5.653212513775344,0.21257879561673665,3
1538,6.082164454048129,5.653212513775344,-0.4289519402727855,9
1539,5.695265333843948,6.204119982655925,0.508854648811977,4
1540,5.127542771749011,6.079181246047625,0.9516384742986137,1
1541,6.274416071818101,6.3979400086720375,0.12352393685393626,4
1542,5.439507137695846,5.223755453657241,-0.21575168403860445,3
1543,6.197605112345764,5.079181246047625,-1.118423866298139,9
1544,6.274416071818101,6.778151250383644,0.5037351785655426,4
1545,5.290164744711447,5.585460729508501,0.295295984797054,1
1546,6.289259803879458,5.845098040014257,-0.4441617638652007,7
1547,5.792354903095945,5.934498451243568,0.1421435481476232,8
1548,5.987881478106351,5.771587480881255,-0.21629399722509568,8
1549,5.772426953066203,6.653212513775344,0.8807855607091408,1
1550,5.49023035838938,5.903089986991944,0.41285962860256387,7
1551,5.879447324870338,4.927370363039024,-0.9520769618313132,5
1552,5.304681028109322,4.826074802700826,-0.4786062254084964,7
1553,5.6814218905907365,5.002166061756507,-0.6792558288342292,9
1554,5.85984248098224,6.662757831681574,0.8029153506993341,2
1555,6.058887394324157,6.071882007306125,0.012994612981968245,7
1556,3.501223348848789,2.6766936096248664,-0.8245297392239226,7
1557,5.46978440961252,4.184691430817598,-1.2850929787949212,2
1558,7.066756017063844,4.933993163831242,-2.1327628532326024,5
1559,5.4326011919199475,5.3979400086720375,-0.03466118324791001,1
1560,5.799863362291957,6.57978359661681,0.7799202343248535,5
1561,5.165875924674035,6.0,0.8341240753259651,3
1562,4.793571412861508,4.469365398766434,-0.32420601409507377,3
1563,5.171141004705502,4.252853030979893,-0.9182879737256089,9
1564,5.653495872567186,6.041392685158225,0.38789681259103936,3
1565,4.815885819344996,5.079181246047625,0.26329542670262907,6
1566,5.837288882723258,6.491361693834273,0.654072811111015,9
1567,5.911492998739585,6.278753600952829,0.36726060221324364,4
1568,4.877672755532988,3.892651033877301,-0.9850217216556869,6
1569,4.557268587196999,5.079181246047625,0.521912658850626,3
1570,5.086089635434128,4.787743771646467,-0.29834586378766126,7
1571,5.663834448893872,5.575187844927661,-0.08864660396621105,4
1572,6.309284033033939,4.56157836830096,-1.7477056647329787,1
1573,4.7488707984133605,7.133858125203335,2.3849873267899744,7
1574,5.191143187893899,5.221674997070769,0.03053180917687026,7
1575,5.725785638539898,4.239049093140191,-1.4867365453997072,1
1576,5.455001677099557,3.964730921053629,-1.4902707560459283,1
1577,2.6196291762148602,3.6972293427597176,1.0776001665448574,2
1578,4.153639510656062,5.041392685158225,0.887753174502163,4
1579,6.1492600976747225,6.0,-0.14926009767472248,9
1580,7.197783192273909,5.442479769064448,-1.7553034232094609,9
1581,6.281997183177454,7.397940008672037,1.1159428254945825,4
1582,5.269258464140505,6.690196080028514,1.4209376158880085,3
1583,6.122304735511354,6.079181246047625,-0.04312348946372868,9
1584,5.801098809809538,4.064457989226918,-1.73664082058262,10
1585,4.948435521263258,3.686636269262293,-1.2617992520009653,4
1586,5.986844157029081,5.168939213835978,-0.8179049431931027,10
1587,6.003191780636759,6.079181246047625,0.07598946541086615,9
1588,3.9050177769878127,5.32221929473392,1.4172015177461077,3
1589,5.044120433356009,4.895201474778894,-0.14891895857711557,8
1590,6.077040429820223,6.079181246047625,0.0021408162274019205,5
1591,5.198897307415497,5.648360010980932,0.44946270356543483,7
1592,5.642939534234201,4.473924693416158,-1.1690148408180434,6
1593,5.967383861037448,5.931966114728173,-0.03541774630927552,4
1594,5.360748187006282,4.93981866282138,-0.4209295241849018,8
1595,5.266401074865655,5.732393759822968,0.46599268495731305,4
1596,3.5630718926428178,3.3010299956639813,-0.2620418969788365,2
1597,5.3104215134115815,4.57978359661681,-0.7306379167947714,8
1598,6.635201005295635,6.57978359661681,-0.055417408678825275,1
1599,5.976340816053257,7.19942604159399,1.223085225540733,8
1600,6.355659174753933,6.795880017344075,0.4402208425901417,9
1601,3.9326818783157584,4.0,0.06731812168424156,8
1602,6.185573713773957,5.532384880503846,-0.6531888332701108,5
1603,6.187142291839544,6.32221929473392,0.13507700289437619,10
1604,6.009074090868795,6.176091259055681,0.16701716818688617,8
1605,5.929943313103275,5.311965660368366,-0.6179776527349086,5
1606,5.67669976324896,5.338456493604605,-0.33824326964435514,6
1607,6.6612758246811214,5.489958479424835,-1.1713173452562868,6
1608,5.880706097805045,5.205096047578484,-0.6756100502265605,5
1609,6.356733299115475,6.531478917042255,0.17474561792678056,2
1610,5.703000980384805,6.079181246047625,0.37618026566282037,1
1611,5.250437968357979,4.301029995663981,-0.9494079726939981,4
1612,6.261224238836154,5.491361693834273,-0.7698625450018808,3
1613,5.956164177796106,6.0,0.043835822203893926,9
1614,6.002298777559446,6.185542154854375,0.18324337729492957,8
1615,5.580215030554732,5.301029995663981,-0.27918503489075075,4
1616,6.582984960901584,6.079181246047625,-0.5038037148539587,3
1617,6.0920031803478025,4.892372907398436,-1.1996302729493662,9
1618,5.952147344535478,6.176091259055681,0.2239439145202038,1
1619,5.613128943158715,6.491361693834273,0.8782327506755578,1
1620,3.6372351800198226,3.556302500767288,-0.08093267925253445,1
1621,6.456262314542145,4.089905111439398,-2.366357203102747,7
1622,3.484356557971969,4.653212513775344,1.1688559558033749,1
1623,6.116316244281279,5.221022805204841,-0.895293439076438,7
1624,6.3202782400516115,5.698970004336019,-0.6213082357155928,7
1625,5.8425907167215625,7.342422680822207,1.4998319641006441,10
1626,5.82474424353565,6.176091259055681,0.3513470155200311,8
1627,6.106767700841609,6.414973347970818,0.30820564712920895,1
1628,6.148524764171193,6.977723605288848,0.8291988411176545,8
