,UMAP-1,UMAP-2
Candidate_1,-1.9907272,17.650684
Candidate_2,-1.2198163,17.326708
Candidate_3,11.156735,6.1792192
Candidate_4,-2.0576916,17.658579
Candidate_5,-2.0602446,17.493258
Candidate_6,11.1828165,6.3262615
Candidate_7,11.123422,6.1023545
Candidate_8,11.213421,6.2460237
Candidate_9,-0.2571157,-10.51917
Candidate_10,-0.25177497,-10.020258
