idx,y_pred,y_true,residual,fold
0,3.3391401184248117,5.698970004336019,2.359829885911207,6
1,3.884539142344892,3.049218022670181,-0.835321119674711,9
2,4.314925379395919,2.903089986991944,-1.4118353924039746,5
3,5.0322872802157494,2.9542425094393248,-2.0780447707764247,5
4,5.423496898856482,3.90848501887865,-1.5150118799778318,8
5,4.64582471686789,3.322219294733919,-1.3236054221339706,5
6,5.346725613841455,5.301029995663981,-0.04569561817747392,5
7,5.120683182901132,4.086359830674748,-1.0343233522263837,7
8,5.775961414059739,6.035709837827862,0.2597484237681229,9
9,4.6028056169973945,5.954242509439325,1.3514368924419307,6
10,5.897847730864672,3.949390006644913,-1.9484577242197596,4
11,5.42130525921834,5.742725131304698,0.32141987208635747,7
12,4.705776680436389,3.661812685537261,-1.0439639948991282,5
13,4.521151212622733,3.505149978319906,-1.0160012343028275,10
14,4.998200827567221,5.0948203803548,0.09661955278757883,10
15,4.640406598741946,3.397940008672037,-1.2424665900699092,2
16,4.524944386900734,3.832508912706236,-0.692435474194498,8
17,5.350258507735322,5.6020599913279625,0.2518014835926401,8
18,3.938519208347945,5.238046103128795,1.29952689478085,3
19,4.098452905582039,3.0791812460476247,-1.019271659534414,8
20,3.7587310865912156,3.823474229170301,0.06474314257908542,10
21,5.3668490430406335,3.838849090737255,-1.5279999523033783,10
22,4.810184256374966,3.505149978319906,-1.3050342780550603,8
23,4.339911160564151,6.041392685158225,1.7014815245940742,1
24,4.79219466921322,3.8813846567705728,-0.9108100124426475,5
25,4.697238756254479,5.576341350205793,0.8791025939513135,5
26,5.995460374993875,6.823539433656859,0.8280790586629845,9
27,6.165391742346609,6.3979400086720375,0.2325482663254288,5
28,6.120012299581752,6.707570176097937,0.5875578765161844,7
29,6.29443350157465,6.3979400086720375,0.10350650709738751,1
30,5.912138639788226,6.558708570533166,0.6465699307449402,1
31,5.828443361215132,6.107549129744687,0.27910576852955504,3
32,5.916770349140677,4.193681029541281,-1.7230893195993957,1
33,6.223185862781933,5.929418925714293,-0.2937669370676401,6
34,6.178024100634047,6.531478917042255,0.35345481640820875,10
35,6.247746493792983,6.414973347970818,0.16722685417783545,8
36,6.202346627752118,6.372912002970106,0.1705653752179881,7
37,6.250979994156366,6.384890796530554,0.13391080237418773,9
38,5.845317255483418,6.325843928293292,0.4805266728098738,7
39,6.177596159427617,7.0,0.8224038405723828,5
40,6.122652067224099,6.8750612633917,0.7524091961676014,10
41,6.204581469805979,6.835056101720117,0.6304746319141374,4
42,6.062616578213982,7.079181246047625,1.0165646678336433,6
43,4.624756405878915,4.072984744627931,-0.5517716612509842,2
44,6.236759131626252,5.113943352306837,-1.1228157793194153,2
45,3.975295373762371,5.096910013008056,1.1216146392456854,5
46,5.145013246817174,5.342422680822207,0.1974094340050323,8
47,5.9188553566677875,6.2405492482826,0.3216938916148129,5
48,3.5247628505517317,5.278753600952829,1.7539907504010972,4
49,6.005436737897782,6.2552725051033065,0.24983576720552403,1
50,5.130666927123822,5.023540521554854,-0.1071264055689678,8
51,5.950953928280168,6.313867220369153,0.3629132920889857,1
52,6.043458662247997,6.361727836017593,0.31826917376959596,6
53,6.12672443020298,6.6020599913279625,0.4753355611249823,9
54,5.993456716498242,6.649334858712142,0.6558781422138997,3
55,6.092261807310662,6.041392685158225,-0.05086912215243622,5
56,5.441845580610383,5.901294817165567,0.45944923655518455,2
57,4.566961688370661,6.447158031342219,1.8801963429715585,7
58,6.0236232490899315,4.681241237375588,-1.342382011714344,3
59,6.052020901150865,5.81504617606463,-0.23697472508623463,1
60,5.670652055930265,4.992818520066679,-0.6778335358635861,6
61,3.307407035968906,3.204119982655925,-0.10328705331298105,7
62,5.990555160293514,6.8750612633917,0.884506103098186,6
63,6.27221575132242,6.8909795969896885,0.6187638456672682,2
64,6.0212712682788165,6.0,-0.021271268278816535,10
65,4.124422881035195,4.5003737143533735,0.37595083331817847,1
66,6.030891006400563,6.3979400086720375,0.3670490022714743,5
67,6.335207899175016,6.447158031342219,0.11195013216720362,2
68,5.453327401068753,7.267171728403014,1.8138443273342606,6
69,5.946422786984514,5.045714058940868,-0.9007087280436457,1
70,5.8774355536965315,6.230448921378274,0.35301336768174263,1
71,6.042198043527115,4.127104798364807,-1.915093245162308,6
72,5.985437153566866,6.0,0.014562846433133991,5
73,6.438939080361624,5.715167357848458,-0.7237717225131668,1
74,5.885719254886571,6.024046225131059,0.1383269702444876,6
75,3.5858441329932043,3.645422269349092,0.0595781363558876,7
76,3.872013609870475,3.146128035678238,-0.7258855741922368,1
77,3.6783474014681037,2.8750612633917,-0.8032861380764036,6
78,4.287904099377867,3.3010299956639813,-0.9868741037138857,2
79,3.7375053076297338,3.3138672203691533,-0.4236380872605805,7
80,3.740761358848073,5.905795880367869,2.1650345215197957,6
81,3.8330245389165287,2.6989700043360187,-1.13405453458051,3
82,3.977290986474525,4.146128035678238,0.168837049203713,6
83,4.251553195780615,3.2430380486862944,-1.0085151470943208,4
84,3.6972741146626866,2.6532125137753435,-1.0440616008873431,6
85,3.6170542559214742,2.1089031276673134,-1.5081511282541609,5
86,3.6754408614798253,3.7781512503836434,0.10271038890381812,3
87,3.8443723396182854,3.3010299956639813,-0.5433423439543041,10
88,3.5873002029378593,3.0,-0.5873002029378593,4
89,4.081264577222279,4.431363764158987,0.35009918693670805,7
90,4.1516753825637265,4.423245873936808,0.2715704913730814,7
91,4.090091857474167,4.431363764158987,0.34127190668481955,10
92,3.7016567757554757,5.544068044350276,1.8424112685948,6
93,4.283752283321836,3.0,-1.283752283321836,8
94,4.000082298483947,3.1583624920952498,-0.841719806388697,6
95,4.060110089292122,2.740362689494244,-1.319747399797878,10
96,4.331527690744161,3.6232492903979,-0.708278400346261,4
97,6.244681547889002,5.375092713083399,-0.8695888348056027,6
98,6.095586861296863,6.361727836017593,0.26614097472072995,10
99,6.005436737897782,6.409933123331294,0.40449638543351174,1
100,6.606555046546692,6.477121254719663,-0.1294337918270294,2
101,5.974838762605933,7.021189299069938,1.046350536464005,2
102,5.174435320151556,3.413299764081252,-1.761135556070304,6
103,5.105956534315489,4.260071387985075,-0.8458851463304136,9
104,6.06843206164044,6.0,-0.06843206164043991,6
105,6.180014223560131,6.740362689494244,0.5603484659341129,6
106,6.401282216398661,6.099231615080882,-0.30205060131777905,5
107,6.003984469470029,6.431363764158987,0.42737929468895786,2
108,6.254151005831859,4.6464037262230695,-1.6077472796087893,7
109,6.314926413134698,6.142702245737616,-0.1722241673970819,1
110,6.2280204237203645,6.431363764158987,0.20334334043862246,6
111,6.050409510785052,6.19258417809083,0.14217466730577843,3
112,6.0550127762549755,6.238046103128795,0.18303332687381957,9
113,6.048614254321817,6.950851458888547,0.9022372045667302,3
114,6.166608109895361,4.819543935541868,-1.347064174353493,7
115,6.162505673092951,4.716504163773217,-1.4460015093197338,2
116,6.062833292777725,6.612783856719736,0.5499505639420113,8
117,5.980474203389243,5.7160033436348,-0.26447085975444296,6
118,5.929858679846562,6.3979400086720375,0.46808132882547593,6
119,5.957003402653546,6.077258863692948,0.12025546103940155,8
120,6.199053188501097,6.614897216033135,0.41584402753203875,5
121,5.734495192417194,5.00902574208691,-0.7254694503302836,10
122,5.27281924330118,5.37383114507383,0.10101190177265007,9
123,5.960104243869896,6.477121254719663,0.5170170108497665,1
124,5.95694836334363,4.862250674597925,-1.0946976887457058,1
125,5.6418998909290075,6.466867620354109,0.8249677294251017,6
126,6.305082186965163,5.188084373714938,-1.116997813250225,4
127,6.122899334404642,6.079181246047625,-0.04371808835701696,8
128,6.082553084318577,6.146128035678238,0.06357495135966129,2
129,6.064094332429728,5.326335860928752,-0.7377584715009764,4
130,5.855312795996437,6.768638101247615,0.9133253052511776,10
131,6.061899735838843,5.48572142648158,-0.576178309357263,4
132,6.098652416164663,5.507072896756503,-0.5915795194081603,6
133,6.1132217656799295,5.08361010516231,-1.0296116605176193,7
134,6.176138278279868,6.156851901070011,-0.019286377209857264,10
135,6.3703131942253615,5.676693609624866,-0.6936195846004951,1
136,6.215080179268778,7.252853030979893,1.0377728517111153,5
137,6.653741870247432,6.301029995663981,-0.3527118745834503,6
138,6.477453176660817,6.477121254719663,-0.0003319219411546115,5
139,5.95147732023712,6.361727836017593,0.410250515780473,5
140,5.676953372905076,6.079181246047625,0.40222787314254926,4
141,5.92635194037311,4.396199347095736,-1.530152593277374,2
142,5.893036703152777,6.14705767102836,0.2540209678755829,4
143,6.192935103124671,5.195456833628169,-0.9974782694965016,9
144,6.135161346849383,5.643551368562945,-0.49160997828643804,7
145,5.822654494147108,6.016197353512439,0.19354285936533078,6
146,5.721082578717448,6.079181246047625,0.3580986673301769,9
147,6.022779952768483,6.146128035678238,0.12334808290975552,4
148,5.682346739215533,6.0,0.3176532607844669,2
149,5.392401258689554,4.113943352306837,-1.2784579063827168,8
150,6.057075668180432,6.577491799837225,0.520416131656793,9
151,6.689825348697461,5.472756449317212,-1.2170688993802488,9
152,6.541957249044037,6.334453751150931,-0.2075034978931063,9
153,6.159662883145627,7.276921132065774,1.1172582489201472,8
154,6.183779385300193,4.819543935541868,-1.3642354497583247,8
155,7.054349739679652,7.483587296968894,0.42923755728924196,4
156,6.504015477940603,8.041392685158225,1.537377207217622,4
157,6.4284788801549375,7.477121254719663,1.048642374564725,8
158,6.377954779580438,6.479393896404411,0.10143911682397277,4
159,6.4029350377680645,7.477121254719663,1.074186216951598,8
160,6.199848140857634,6.320146286111054,0.12029814525341997,9
161,6.268021836337559,6.3979400086720375,0.12991817233447822,10
162,6.087043591218188,6.113943352306837,0.02689976108864922,1
163,6.173631142351079,6.201397124320452,0.027765981969372966,2
164,6.1965849936159545,6.986771734266245,0.7901867406502907,4
165,6.20006946707245,6.474216264076255,0.2741467970038052,6
166,6.218207512689906,6.004136436761356,-0.21407107592855024,10
167,6.001977427647531,6.477121254719663,0.47514382707213176,5
168,6.166466871301843,6.434888120867316,0.2684212495654732,1
169,6.997857277585964,8.122543524068755,1.1246862464827911,7
170,5.9988401095989285,6.281033367247727,0.28219325764879866,2
171,6.216963946958916,5.953421399681036,-0.26354254727788007,5
172,5.104207407282416,6.518513939877887,1.4143065325954707,7
173,6.1628640097871665,6.556423121371285,0.3935591115841186,1
174,6.222890450037162,6.348304863048161,0.12541441301099887,3
175,2.1018348609692166,1.954242509439325,-0.14759235152989159,2
176,1.903325334911861,2.6020599913279625,0.6987346564161014,7
177,2.724718685775196,1.3010299956639813,-1.4236886901112147,7
178,2.204687884678517,1.9549175537349588,-0.24977033094355816,4
179,2.706598379938939,2.0,-0.706598379938939,4
180,2.7091306626586937,2.146128035678238,-0.5630026269804556,8
181,2.738181649455227,3.164352855784437,0.42617120632921024,4
182,2.747221752537285,1.390935107103379,-1.356286645433906,6
183,2.99278395968204,2.9552065375419416,-0.03757742214009818,6
184,2.4474548894280828,3.562292864456474,1.1148379750283914,2
185,2.0218202557861455,1.9268567089496924,-0.09496354683645314,1
186,2.578145233172778,1.146128035678238,-1.4320171974945402,9
187,2.3869445568552767,2.8512583487190755,0.46431379186379873,10
188,3.0946935349985707,2.0,-1.0946935349985707,4
189,2.601979117932199,3.539452491549461,0.9374733736172618,10
190,2.1976970467516135,1.380211241711606,-0.8174858050400076,8
191,2.4588860470544756,2.273232834043045,-0.18565321301143056,7
192,3.061054992395662,2.57978359661681,-0.4812713957788519,2
193,2.5129017371332325,0.6334684555795865,-1.8794332815536459,5
194,5.720328659643721,6.079181246047625,0.35885258640390383,6
195,5.080768935603298,5.023951707423388,-0.056817228179910195,4
196,5.655358210651961,6.2322335211147335,0.5768753104627722,3
197,5.14826583088477,3.247973266361807,-1.9002925645229634,9
198,5.0719516163001295,6.302547372487486,1.2305957561873564,2
199,5.777558637488136,4.598571663482141,-1.178986974005995,2
200,4.90805189242281,4.812913356642856,-0.09513853577995413,10
201,5.167383626874689,3.562292864456474,-1.605090762418215,10
202,5.727010414940703,6.806179973983888,1.0791695590431853,9
203,4.305974058011396,5.782472624166286,1.4764985661548904,2
204,5.736261706449689,6.054957596012407,0.31869588956271855,6
205,5.124466515360446,6.15124723746237,1.0267807221019245,10
206,5.126822203389615,3.9036325160842376,-1.2231896873053776,10
207,4.874923097571219,6.501059262217751,1.6261361646465318,9
208,4.748440512330007,4.892762234615817,0.14432172228580953,3
209,5.635068039298626,7.068185861746161,1.4331178224475352,4
210,4.72945503968515,3.4800069429571505,-1.2494480967279995,3
211,4.818397828630232,4.336459733848529,-0.4819380947817029,5
212,5.751960808618827,5.0,-0.7519608086188274,2
213,5.601054509923369,6.0,0.39894549007663116,5
214,4.070072336668006,5.445604203273597,1.3755318666055913,4
215,2.31349102899962,1.7781512503836436,-0.5353397786159764,5
216,2.3346041582638413,2.400537989391946,0.0659338311281048,10
217,4.537888376301977,3.0,-1.5378883763019768,8
218,4.570756666389467,3.653212513775344,-0.9175441526141235,3
219,5.186224438286409,5.0,-0.1862244382864091,9
220,5.576155366224511,5.14921911265538,-0.42693625356913145,2
221,3.751909459021903,4.101747073946366,0.34983761492446286,3
222,6.111011453712693,6.2552725051033065,0.14426105139061374,5
223,5.68154008205049,6.361727836017593,0.6801877539671031,6
224,6.090402953373213,6.421603926869831,0.3312009734966175,5
225,6.176534795937835,6.176091259055681,-0.00044353688215359455,9
226,6.165780811733904,6.113943352306837,-0.05183745942706697,2
227,6.222577078135425,6.313867220369153,0.09129014223372867,5
228,6.083865487897789,6.544068044350276,0.46020255645248653,6
229,6.073769239652278,5.993876914941211,-0.079892324711067,9
230,6.10583943139832,6.544068044350276,0.4382286129519555,10
231,6.094915669671346,6.187520720836463,0.09260505116511641,2
232,6.121633873009196,6.526985068559996,0.4053511955508,5
233,6.108730560238658,6.1003705451175625,-0.008360015121095188,3
234,4.692641075458705,5.806179973983888,1.1135388985251833,7
235,5.925930946700391,5.093421685162235,-0.8325092615381564,6
236,5.945277762440813,3.963787827345555,-1.9814899350952575,3
237,5.765937830895434,6.0751453270538525,0.30920749615841814,1
238,6.1850251314572695,7.146128035678238,0.9611029042209687,6
239,6.029088933102412,4.792391689498253,-1.2366972436041594,1
240,6.207353100149763,6.863322860120456,0.6559697599706933,1
241,6.022846748621927,6.531478917042255,0.5086321684203288,10
242,6.082582830770157,4.472024697700282,-1.6105581330698753,5
243,6.071015184674701,5.315970345456917,-0.755044839217784,4
244,5.981257943696296,6.266114049531676,0.28485610583538,1
245,3.9142856775474364,3.397940008672037,-0.5163456688753993,8
246,6.047118238226782,6.109915863023793,0.06279762479701123,9
247,6.1396125238676165,6.539076098792776,0.3994635749251598,1
248,6.595511512427206,6.342817314635733,-0.25269419779147295,6
249,2.562830047707194,2.0791812460476247,-0.48364880165956947,6
250,5.513406699398141,5.202352067809752,-0.3110546315883891,6
251,6.099312734252152,6.409764104266346,0.310451370014194,1
252,6.138565387638656,6.477121254719663,0.3385558670810065,10
253,6.099723477060652,6.137926673293154,0.03820319623250157,9
254,6.108730560238658,6.45071087814692,0.3419803179082619,3
255,6.082159525656839,6.60422605308447,0.522066527427631,6
256,6.124334332229464,6.187520720836463,0.06318638860699899,5
257,6.05263248903702,6.278753600952829,0.22612111191580908,8
258,6.348335582272288,6.518513939877887,0.1701783576055993,5
259,6.097055231154723,4.342422680822207,-1.7546325503325164,2
260,6.14227984641995,5.651762447380111,-0.49051739903983904,5
261,6.0362901598673,6.301969226865995,0.26567906699869503,1
262,6.695225794426426,6.903089986991944,0.20786419256551802,9
263,5.947045580839796,5.983175072037813,0.03612949119801723,8
264,6.060098657368218,6.587710965018911,0.5276123076506938,7
265,6.073717259494446,6.5843312243675305,0.5106139648730847,3
266,5.804548731270138,5.229425847920695,-0.5751228833494428,2
267,5.898873638268689,6.136720567156407,0.23784692888771808,6
268,6.173219099642539,5.0,-1.1732190996425391,8
269,5.76786686059934,6.531478917042255,0.7636120564429154,10
270,5.968149365678978,4.292256071356476,-1.6758932943225018,1
271,6.051089878108943,6.371067862271736,0.3199779841627928,1
272,5.911278130609536,6.305351369446623,0.39407323883708756,5
273,6.1419726381114605,6.477121254719663,0.33514861660820205,5
274,6.111965573090368,6.894105511777515,0.7821399386871475,2
275,6.039954663079466,6.477121254719663,0.4371665916401968,1
276,5.686441960036257,6.530839778616521,0.8443978185802639,10
277,6.097951858533176,6.3979400086720375,0.29998815013886126,3
278,6.087004457557604,5.681241237375588,-0.40576322018201605,7
279,6.1005431222195785,6.173186268412274,0.07264314619269552,9
280,6.056210993283624,6.5910646070265,0.5348536137428761,6
281,6.162296639294808,7.074450718954592,0.9121540796597847,6
282,6.0604385731673505,6.486487153065907,0.4260485798985565,4
283,6.314394558247562,6.505149978319906,0.19075542007234425,9
284,5.988048575319688,5.549003262025788,-0.4390453132939003,7
285,5.833851250773663,6.190331698170292,0.35648044739662854,3
286,6.0239406118853935,6.196728722623287,0.17278811073789324,3
287,6.2225486773727035,4.968482948553935,-1.2540657288187687,3
288,5.8942502607179215,6.568201724066995,0.6739514633490735,10
289,5.913458638836698,4.913813852383717,-0.9996447864529809,2
290,6.109174059780807,6.207580514765431,0.09840645498462397,4
291,6.089036166332967,6.225309281725863,0.13627311539289622,4
292,5.81763457638169,6.491361693834273,0.6737271174525832,3
293,5.627594536118848,6.209515014542631,0.5819204784237826,9
294,6.089819572713011,6.230448921378274,0.14062934866526344,4
295,6.1053868238129505,6.361727836017593,0.25634101220464256,10
296,6.0815464225376585,5.089905111439398,-0.9916413110982605,4
297,5.965414251005351,6.426511261364575,0.46109701035922424,1
298,5.790379008588165,6.095029796648452,0.3046507880602878,1
299,6.126032926863872,6.223080397831155,0.09704747096728283,5
300,6.051726960109025,6.456366033129043,0.404639073020018,1
301,5.500691025992676,5.802773725291976,0.30208269929929976,8
302,5.8782633205484,6.3979400086720375,0.5196766881236377,6
303,6.001768911014186,5.603642280263075,-0.3981266307511113,2
304,5.935689286956327,6.20682587603185,0.27113658907552285,8
305,6.046309396832356,6.342422680822207,0.2961132839898504,6
306,5.831835351790252,6.301029995663981,0.46919464387372933,2
307,5.912347999248789,6.505149978319906,0.5928019790711172,6
308,5.998506280088668,6.176091259055681,0.17758497896701364,4
309,6.069534277624877,7.1003705451175625,1.0308362674926856,2
310,5.603797740351418,5.836197480778925,0.23239974042750777,3
311,5.823691232914671,6.054708787938054,0.23101755502338328,5
312,5.972047105922031,6.477121254719663,0.5050741487976316,4
313,5.777737989705822,6.133644275865875,0.35590628616005304,8
314,5.601398686717424,6.32221929473392,0.7208206080164965,5
315,5.804439712008552,5.880813592280791,0.07637388027223935,10
316,5.68957513894139,6.477121254719663,0.7875461157782722,2
317,5.845049545866909,4.6020599913279625,-1.2429895545389469,9
318,5.668446772928041,6.02530586526477,0.3568590923367294,5
319,5.6853767732318685,5.477121254719663,-0.20825551851220592,5
320,5.246968462387312,6.505149978319906,1.258181515932594,8
321,5.601398686717424,6.812913356642856,1.2115146699254318,5
322,5.735038365698913,5.17897694729317,-0.5560614184057435,3
323,5.872999308551162,5.365487984890899,-0.5075113236602622,4
324,5.538773111847628,6.15839265038712,0.6196195385394923,1
325,5.587904033011131,4.477121254719663,-1.110782778291468,5
326,6.0063126129584985,4.453624073591451,-1.5526885393670478,4
327,6.102258624476585,6.086359830674748,-0.015898793801836675,3
328,6.0981417587912095,6.086359830674748,-0.01178192811646106,4
329,6.04368430587048,6.319314304090512,0.2756299982200323,7
330,6.008315119402055,6.477121254719663,0.4688061353176076,10
331,6.007919704578665,6.374198257929082,0.36627855335041737,1
332,5.885289185043571,6.3979400086720375,0.5126508236284666,1
333,5.522328066397907,5.187520720836463,-0.334807345561444,4
334,5.954141333512428,5.528916700277655,-0.4252246332347731,6
335,5.958982771962788,6.568201724066995,0.6092189521042073,8
336,5.734951474567854,5.0,-0.734951474567854,5
337,5.659884077558186,6.079181246047625,0.41929716848943954,10
338,5.903270068835292,4.814913181275074,-1.0883568875602183,7
339,5.651200328151732,5.08170727009735,-0.5694930580543822,1
340,5.707770431341763,6.384711742938283,0.6769413115965195,8
341,6.082063159925079,6.342422680822207,0.26035952089712744,4
342,6.028151723102776,5.671172842715083,-0.3569788803876932,1
343,5.896582722583126,6.278753600952829,0.38217087836970265,10
344,5.648688490963864,6.284656282788515,0.6359677918246511,1
345,5.830103585263893,6.3560258571931225,0.5259222719292298,9
346,5.3946574142227846,5.671172842715083,0.2765154284922984,4
347,6.095386626431445,6.477121254719663,0.3817346282882177,7
348,5.936422714714812,5.0,-0.9364227147148121,4
349,5.9247715671314305,5.852174904420303,-0.07259666271112764,5
350,5.485088365159133,5.3979400086720375,-0.08714835648709585,1
351,5.872611546596842,6.139879086401237,0.2672675398043953,2
352,6.0416341378193525,6.273487409697184,0.23185327187783145,1
353,6.052886680696617,6.320623955053538,0.26773727435692063,1
354,5.97407789859942,6.6020599913279625,0.6279820927285424,3
355,6.177660179638281,6.337459261290656,0.1597990816523751,4
356,6.126311535285725,6.301029995663981,0.1747184603782559,8
357,6.185776476908594,6.3979400086720375,0.21216353176344338,7
358,6.095130697324532,6.45484486000851,0.3597141626839786,3
359,6.367850891998951,8.146128035678238,1.7782771436792872,6
360,5.964912239838858,4.5820633629117085,-1.3828488769271496,4
361,5.900321949177908,6.272305844402086,0.3719838952241785,1
362,7.020194415396734,5.728256359248493,-1.2919380561482408,5
363,6.072337233085574,5.71717102683231,-0.3551662062532639,3
364,5.658854921114392,6.049218022670182,0.39036310155579024,5
365,5.18124240872336,6.396199347095736,1.2149569383723762,3
366,6.008901662014142,5.550228353055094,-0.4586733089590478,2
367,6.0668826592766125,5.575072325713813,-0.4918103335627997,3
368,5.916711301672889,6.100025730107863,0.18331442843497392,5
369,5.91432838487382,4.860338006570994,-1.0539903783028262,8
370,6.465109655939249,6.489958479424835,0.024848823485585925,4
371,5.946285745904987,6.3979400086720375,0.45165426276705034,1
372,5.686498003295624,6.3560258571931225,0.6695278538974989,7
373,5.74102047551574,4.705863712283919,-1.0351567632318215,6
374,5.51545837797609,4.833147111912785,-0.682311266063305,3
375,6.010065877964157,6.182671386675478,0.17260550871132097,4
376,5.948303968355356,6.262023704606317,0.3137197362509614,5
377,5.919607630363321,6.408239965311849,0.4886323349485284,4
378,6.014150483952935,6.5910646070265,0.576914123073565,10
379,5.936541327920088,5.876217840591642,-0.0603234873284455,10
380,4.46042329320163,6.1041455505540085,1.6437222573523789,3
381,5.944092171928247,4.630122642859312,-1.3139695290689355,1
382,5.88897359972235,6.5910646070265,0.7020910073041504,2
383,5.958830440411665,5.978180516937414,0.019350076525748605,2
384,5.99226369274438,6.32221929473392,0.32995560198954,9
385,5.933470898891383,6.100025730107863,0.1665548312164793,10
386,6.015957813159715,5.675778341674085,-0.3401794714856301,7
387,6.006369180317806,6.0,-0.006369180317806311,10
388,5.892103131566381,6.431363764158987,0.5392606325926055,6
389,6.283641775309488,6.1525940779274695,-0.1310476973820185,7
390,6.665476434282544,6.732393759822968,0.06691732554042407,4
391,5.684305423275653,4.491361693834273,-1.1929437294413798,10
392,5.2033877195988385,4.77901897191487,-0.4243687476839684,10
393,4.783268823548264,6.556302500767287,1.773033677219023,5
394,4.770636770604779,4.850033257689769,0.07939648708499014,1
395,6.0865947296704475,6.278753600952829,0.1921588712823814,7
396,5.972489181852397,6.4623979978989565,0.4899088160465599,7
397,6.050017935767573,6.399154333958217,0.3491363981906437,10
398,5.610813908190095,6.3979400086720375,0.7871261004819425,2
399,5.982492921759241,5.880813592280791,-0.10167932947844971,8
400,5.903292428106328,5.892094602690481,-0.011197825415846907,9
401,5.898459424700085,5.7160033436348,-0.18245608106528444,10
402,6.064927291820176,6.696836730575163,0.6319094387549873,9
403,5.695092366851368,5.530481449815745,-0.16461091703562314,9
404,5.2797854951284435,6.465828815357437,1.1860433202289933,6
405,5.480286353563207,6.5910646070265,1.1107782534632937,1
406,6.0794057260017675,6.919078092376074,0.8396723663743062,10
407,5.788594470017436,6.301029995663981,0.5124355256465449,8
408,6.097080282258783,6.380211241711606,0.28313095945282374,2
409,5.925136685896742,6.204119982655925,0.27898329675918276,5
410,5.968276233045223,6.301029995663981,0.33275376261875866,4
411,5.9251556956331095,6.073105874968971,0.14795017933586152,1
412,5.769656612657172,6.2552725051033065,0.4856158924461349,7
413,5.958487269653769,6.32221929473392,0.363732025080151,2
414,5.9524673297723,5.866287339084195,-0.08617999068810445,1
415,5.852774919929343,6.318063334962762,0.46528841503341933,2
416,5.852774919929343,6.368100851709351,0.5153259317800085,2
417,5.919060333833628,6.378397900948138,0.4593375671145097,7
418,5.652165910752855,6.326130956710794,0.6739650459579396,10
419,5.896973469875137,4.354108439147401,-1.5428650307277358,4
420,5.990614981322704,6.396722278503773,0.4061072971810695,1
421,5.873625847882539,5.619093330626742,-0.2545325172557966,6
422,4.770636770604779,3.6989700043360174,-1.0716667662687613,1
423,5.9163840299749655,5.766784515497859,-0.1495995144771065,3
424,6.110193200177961,6.474755154291798,0.36456195411383696,5
425,5.877010286803047,5.643452676486188,-0.2335576103168595,2
426,6.028051558724696,6.453318340047038,0.42526678132234164,1
427,5.985425244538557,4.764176132390331,-1.221249112148226,1
428,5.743928389581942,6.227115082589125,0.4831866930071831,3
429,5.667080769237816,6.039255443806487,0.37217467456867137,1
430,5.580385073927446,6.079181246047625,0.498796172120179,4
431,6.034069311726058,6.387211800313731,0.3531424885876726,8
432,5.9604047825810405,5.575072325713813,-0.3853324568672276,1
433,5.8033425800085015,6.539076098792776,0.7357335187842748,1
434,5.669340741097087,6.008600171761918,0.3392594306648311,6
435,6.1624186039559685,6.113943352306837,-0.04847525164913158,4
436,6.097241051191151,6.222456336679247,0.12521528548809613,6
437,6.575834734677777,5.276461804173244,-1.299372930504533,9
438,6.177680255579676,6.301029995663981,0.1233497400843051,2
439,6.0258406779093585,5.275103949569196,-0.7507367283401623,4
440,6.163176380300346,6.884795363948981,0.7216189836486349,5
441,6.731801466057952,6.849419413796899,0.11761794773894696,9
442,6.4204356897661565,6.7979596437371965,0.37752395397104,5
443,6.28434019713937,7.505149978319906,1.2208097811805363,8
444,6.2538567276736865,6.517723594833735,0.2638668671600488,7
445,6.13991696432922,6.6349808000512285,0.49506383572200807,6
446,6.154795273205294,6.6452748593294935,0.4904795861241995,6
447,5.0387061155081945,6.270678836144707,1.231972720636512,4
448,6.192663534250787,6.024895960107485,-0.16776757414330223,6
449,6.08252270805558,7.385606273598312,1.3030835655427317,6
450,6.547790169696294,6.284453294010853,-0.2633368756854413,3
451,6.220227539846041,6.501059262217751,0.28083172237171006,2
452,5.970954081128457,6.501059262217751,0.5301051810892945,9
453,6.175686012144046,6.7160033436348,0.5403173314907539,2
454,6.326154305830337,6.3979400086720375,0.0717857028417006,7
455,6.100242003884407,6.2716557723522754,0.17141376846786827,10
456,6.017892433912234,6.269512944217916,0.2516205103056821,7
457,6.1478176035123795,6.32221929473392,0.17440169122154092,6
458,6.183238577743825,5.337459261290656,-0.8457793164531688,4
459,6.225255625203634,6.755874855672492,0.530619230468858,10
460,6.214792694637096,6.596047007545439,0.381254312908343,7
461,6.122264309895111,6.372912002970106,0.25064769307499546,4
462,6.113571348721715,4.484299839346786,-1.629271509374929,3
463,6.091602566720151,6.227886704613674,0.13628413789352312,9
464,5.994992550640211,6.477121254719663,0.48212870407945196,1
465,5.567639457080475,6.079181246047625,0.5115417889671505,6
466,6.151290691855056,6.3979400086720375,0.2466493168169812,10
467,4.872542766124405,4.742725131304698,-0.1298176348197071,5
468,6.126246317403087,6.278753600952829,0.15250728354974186,4
469,6.152903492665701,6.380211241711606,0.227307749045905,9
470,6.192828583409641,5.4446692309385245,-0.7481593524711165,8
471,6.061154630162204,6.43695733066945,0.3758027005072453,2
472,6.178735820465204,6.063145637106638,-0.11559018335856575,9
473,6.16373934813475,6.442479769064448,0.2787404209296982,8
474,6.0934791531745,6.645324001562293,0.5518448483877929,10
475,6.1534966453928295,5.373500477967874,-0.7799961674249554,7
476,6.175558846296248,6.477121254719663,0.30156240842341475,8
477,5.196267795288161,5.283301228703549,0.08703343341538794,4
478,4.749714933222688,6.176091259055681,1.4263763258329938,1
479,5.84626037829748,6.57978359661681,0.7335232183193305,1
480,6.01427963058253,5.845098040014257,-0.16918159056827342,6
481,5.68969139542123,5.62797998982998,-0.06171140559125021,2
482,5.808146409904043,6.146128035678238,0.3379816257741952,2
483,5.263556403653747,6.528736777724652,1.265180374070905,1
484,6.0843284651067835,6.32221929473392,0.23789082962713692,10
485,6.105142837431396,6.184691430817598,0.07954859338620235,3
486,5.960432501474048,6.6020599913279625,0.6416274898539145,2
487,6.058459986586621,5.900312496983727,-0.1581474896028947,8
488,5.66116878294771,6.108226656374929,0.4470578734272186,9
489,6.037583881796311,6.385606273598312,0.3480223918020009,8
490,5.836862537468789,6.585460729508501,0.7485981920397125,2
491,5.930129413960065,6.271841606536499,0.34171219257643326,7
492,6.1288944208114104,6.401572845676446,0.2726784248650356,10
493,4.792107298196143,3.724275869600789,-1.0678314285953538,1
494,5.276170069594584,6.176091259055681,0.8999211894610974,2
495,4.405106077632202,6.176091259055681,1.7709851814234794,3
496,6.1463836743390985,6.301029995663981,0.15464632132488276,8
497,6.1430762137302,5.04688519083771,-1.0961910228924907,2
498,6.221300504508998,6.068185861746161,-0.15311464276283715,7
499,5.920721435799121,6.181843587944773,0.26112215214565193,7
500,6.149698865028062,6.32221929473392,0.172520429705858,4
501,6.159406350371407,6.855525212731306,0.6961188623598993,7
502,5.849262179638015,6.342422680822207,0.4931605011841915,10
503,6.348335582272288,6.447158031342219,0.09882244906993165,5
504,6.326154305830337,6.491361693834273,0.1652073880039362,7
505,6.163597825077128,6.32221929473392,0.1586214696567927,5
506,6.2717985783301105,7.0,0.7282014216698895,1
507,6.196813472197688,6.357934847000454,0.16112137480276623,6
508,6.311695318156528,6.309757882316366,-0.0019374358401620384,10
509,6.294386132290004,5.751510050270041,-0.542876082019963,9
510,5.667978949775764,6.290034611362518,0.6220556615867538,10
511,6.157191811501304,6.301029995663981,0.14383818416267768,8
512,6.37917710948216,6.073351702386901,-0.3058254070952584,8
513,6.1135122328482385,6.057099097526547,-0.056413135321691676,1
514,6.073921861796637,6.186278103445368,0.11235624164873137,4
515,6.210830651307147,6.301029995663981,0.09019934435683385,8
516,6.3095923085468755,6.477555332198981,0.16796302365210547,4
517,5.843822585489914,5.99563519459755,0.15181260910763594,8
518,6.0057695020368955,6.204119982655925,0.1983504806190295,1
519,5.917599874736574,6.089905111439398,0.17230523670282416,6
520,6.102295187094512,5.043755126968679,-1.058540060125833,10
521,5.893847777512394,6.394451680826216,0.5006039033138219,8
522,3.6568900299078586,3.397940008672037,-0.25895002123582156,1
523,6.027643538522352,6.491361693834273,0.46371815531192073,5
524,6.04525668468632,5.078094150406411,-0.9671625342799093,9
525,5.927930796108958,5.12057393120585,-0.8073568649031087,5
526,5.454399142947654,5.548757828573704,0.09435868562604988,2
527,5.852966985796318,5.752048447819439,-0.10091853797687911,3
528,5.731985627509349,5.698970004336019,-0.03301562317333051,3
529,5.831391895292796,5.008600171761918,-0.8227917235308784,2
530,5.792246711880905,6.0,0.2077532881190951,3
531,6.102918187686935,4.534026106056135,-1.5688920816307999,5
532,5.675444465061108,6.164352855784437,0.4889083907233296,1
533,6.096110737065043,6.552668216112194,0.4565574790471505,5
534,5.6268386984208965,6.423245873936808,0.7964071755159114,2
535,6.080743832601961,6.079181246047625,-0.0015625865543356099,3
536,5.733091266923666,6.9084850188786495,1.1753937519549833,5
537,5.765567954285128,6.913283901760418,1.14771594747529,8
538,6.078556022847718,6.079181246047625,0.0006252231999068769,1
539,5.952525710654569,6.657055852857104,0.7045301422025352,7
540,5.994178424857115,4.615097451301758,-1.3790809735553564,9
541,6.11457826728484,6.962369335670021,0.847791068385181,6
542,6.028104470006367,6.57978359661681,0.551679126610443,5
543,6.08407575541217,5.959041392321094,-0.12503436309107574,2
544,5.952331072154039,6.079181246047625,0.12685017389358588,1
545,6.28709114338204,6.857332496431268,0.5702413530492283,6
546,5.988977274238155,7.012837224705172,1.023859950467017,8
547,5.823405388708272,5.950364854376123,0.1269594656678512,5
548,6.568338251967285,7.727541257028556,1.1592030050612712,3
549,6.354791696404704,7.176091259055681,0.8212995626509771,5
550,6.812890451919211,5.939758797292041,-0.8731316546271701,9
551,7.067035788931817,6.592176757395867,-0.4748590315359502,1
552,5.119427839453764,5.136720567156407,0.017292727702642452,2
553,4.878425547664923,6.200303182981585,1.3218776353166621,5
554,5.211484983927376,5.892094602690481,0.6806096187631052,2
555,6.259814814037209,6.826074802700826,0.5662599886636173,3
556,5.469433636238308,6.919078092376074,1.449644456137766,9
557,5.68483418073328,5.8750612633917,0.1902270826584198,7
558,6.061799373629384,5.176091259055681,-0.8857081145737027,5
559,6.1240041313987055,6.644044492814749,0.5200403614160436,8
560,2.173812792829617,2.7781512503836434,0.6043384575540265,1
561,5.332918569589551,6.079181246047625,0.7462626764580742,3
562,2.235244124599392,3.0791812460476247,0.8439371214482327,10
563,5.960694267673396,6.283301228703549,0.3226069610301536,10
564,5.455500700303229,6.2878017299302265,0.832301029626997,10
565,6.198420299813318,5.536937022704674,-0.6614832771086441,10
566,5.923235530933134,6.301029995663981,0.3777944647308473,2
567,6.124446361880708,6.472902651803664,0.3484562899229555,3
568,5.733076300640939,5.0,-0.7330763006409393,7
569,6.052521768074288,6.531478917042255,0.47895714896796715,8
570,5.563063343147402,6.033423755486949,0.47036041233954773,2
571,5.109228962838026,3.662757831681574,-1.4464711311564522,4
572,6.0294720443524445,6.260548372636979,0.2310763282845345,5
573,5.9671587462373825,5.301029995663981,-0.6661287505734013,5
574,6.008296808204901,6.176091259055681,0.16779445085078049,8
575,5.763130698037138,5.4996870826184034,-0.2634436154187343,2
576,5.831559744000561,5.295127085252191,-0.5364326587483701,1
577,5.761246335952261,5.301029995663981,-0.4602163402882802,9
578,5.560180655130061,3.911690158753861,-1.6484904963762004,4
579,5.865698282128659,6.324282455297693,0.4585841731690339,5
580,5.529463491290612,5.72029163965499,0.19082814836437745,8
581,6.077212833600323,6.3670482644844935,0.2898354308841702,5
582,6.0168264500132524,7.204119982655925,1.1872935326426726,2
583,6.370784259641765,6.012837224705172,-0.3579470349365934,4
584,5.598955601344594,5.176091259055681,-0.42286434228891245,4
585,5.668683906404125,6.278982116865443,0.6102982104613179,3
586,5.075081194373503,6.17897694729317,1.1038957529196667,9
587,5.144590609812153,4.329194415088451,-0.8153961947237018,7
588,5.337217650275784,6.002166061756507,0.6649484114807231,2
589,6.132321720634106,6.489395921727129,0.357074201093023,4
590,5.348326368097957,5.0,-0.3483263680979567,3
591,5.212123663830489,5.0,-0.2121236638304893,1
592,5.891164564863747,4.698970004336019,-1.192194560527728,10
593,5.767073613237134,5.294466226161593,-0.4726073870755405,7
594,6.066342404595019,5.477121254719663,-0.5892211498753568,5
595,6.008273052968839,6.1264561134318045,0.11818306046296545,7
596,5.762706467639016,5.0,-0.7627064676390161,4
597,5.49921836682851,4.02816441942447,-1.47105394740404,4
598,6.100023146706324,7.079181246047625,0.9791580993413014,4
599,5.994473913521324,6.018650576891155,0.024176663369831708,2
600,5.648500069341273,7.049218022670182,1.4007179533289094,10
601,5.239356358061424,6.556302500767287,1.3169461427058629,1
602,6.0517614373064115,7.176091259055681,1.1243298217492699,4
603,5.806873643842984,5.615539749308947,-0.19133389453403638,6
604,6.389411802052,7.017450729510536,0.6280389274585358,7
605,5.832123965043494,3.838849090737255,-1.993274874306239,5
606,5.9713223853983814,6.278753600952829,0.3074312155544474,8
607,5.978641828450334,7.079181246047625,1.1005394175972913,2
608,5.690808204296306,5.181843587944773,-0.5089646163515331,9
609,5.7706368565887045,5.181843587944773,-0.5887932686439319,6
610,5.447749597393952,4.340444114840119,-1.1073054825538327,2
611,4.007636342121642,3.403120521175818,-0.6045158209458239,2
612,6.0150892998257435,4.991226075692495,-1.0238632241332484,10
613,5.877200289539725,6.342422680822207,0.4652223912824818,4
614,5.322982066964951,5.447158031342219,0.12417596437726885,3
615,5.960359328736553,6.741151598851785,0.7807922701152323,4
616,4.908588937987481,6.350248018334163,1.4416590803466818,7
617,6.103130240179887,6.361727836017593,0.25859759583770625,2
618,5.597345948317545,4.176091259055681,-1.4212546892618638,4
619,4.345671488621325,5.507855871695831,1.1621843830745062,2
620,6.094411481404225,6.732393759822968,0.6379822784187432,2
621,5.9790791174908,4.130333768495007,-1.8487453489957923,3
622,6.092261807310662,6.290034611362518,0.1977728040518567,5
623,5.973511054484444,6.204119982655925,0.23060892817148115,9
624,6.083397221204536,6.954242509439325,0.870845288234789,5
625,6.010452699816462,7.079181246047625,1.0687285462311635,8
626,5.781394707409646,6.698970004336019,0.9175752969263726,3
627,6.147016659465075,6.4623979978989565,0.3153813384338813,9
628,6.181852410301003,6.698970004336019,0.5171175940350157,1
629,5.996462305612811,6.334453751150931,0.3379914455381199,3
630,6.229306277414399,5.045322978786658,-1.1839832986277417,5
631,6.119902871038656,6.544068044350276,0.4241651733116196,1
632,6.090498234521443,6.6020599913279625,0.5115617568065192,9
633,6.087801751073017,7.589949601325708,1.5021478502526913,8
634,6.07632494798576,6.942504106168081,0.8661791581823213,1
635,6.008296808204901,6.43569150818434,0.42739469997943935,8
636,5.762706467639016,7.079181246047625,1.316474778408609,4
637,6.112820241850174,6.838723190031372,0.725902948181198,3
638,5.874766551736973,6.365487984890899,0.4907214331539267,5
639,5.81014611057738,4.880813592280791,-0.9293325182965884,9
640,6.125321922787256,4.752355804153501,-1.3729661186337552,9
641,5.30540920872931,6.823545953567112,1.5181367448378014,9
642,5.251960743716783,6.12057393120585,0.8686131874890668,10
643,4.253220552328674,6.0,1.7467794476713259,2
644,6.094198410479309,6.119317224092021,0.025118813612712287,6
645,6.058098966644755,5.903089986991944,-0.1550089796528109,9
646,6.1314076700890086,6.69284691927723,0.5614392491882212,10
647,6.404198070426884,6.672097857935717,0.26789978750883314,10
648,5.735243308798733,6.980911937776844,1.2456686289781107,9
649,5.556202843717593,7.1003705451175625,1.544167701399969,5
650,5.93658542007538,7.176091259055681,1.2395058389803015,4
651,5.643419745689602,6.612783856719736,0.9693641110301341,1
652,6.04248906874497,6.886490725172482,0.8440016564275119,7
653,3.3300794463496617,3.4727564493172123,0.1426770029675506,8
654,6.703336740210424,6.812913356642856,0.10957661643243188,3
655,6.506198013179744,7.0,0.4938019868202561,8
656,5.784993982417193,5.477121254719663,-0.3078727276975304,8
657,5.810648954453184,6.161368002234975,0.35071904778179164,7
658,6.072181521099683,6.3979400086720375,0.3257584875723545,8
659,5.672590332439854,7.041392685158225,1.3688023527183715,9
660,5.978641828450334,6.861534410859038,0.8828925824087044,2
661,5.874766551736973,4.740362689494244,-1.1344038622427286,5
662,5.949558222845091,4.698970004336019,-1.2505882185090726,7
663,5.461637692426,6.113943352306837,0.6523056598808372,9
664,5.848964879494356,5.7160033436348,-0.13296153585955572,1
665,6.111672923178437,6.431363764158987,0.3196908409805497,5
666,6.141820827803176,6.414973347970818,0.2731525201676419,6
667,6.114873184718035,6.146128035678238,0.031254850960203306,7
668,5.603797740351418,6.531478917042255,0.9276811766908377,3
669,5.9251556956331095,5.447158031342219,-0.4779976642908901,1
670,5.873317427725996,6.361727836017593,0.488410408291597,4
671,5.1032459285139025,4.778151250383644,-0.3250946781302586,7
672,4.7833590354789814,4.31722734917642,-0.4661316863025613,1
673,6.009414947645077,6.079181246047625,0.06976629840254844,6
674,5.410805244151858,5.954242509439325,0.5434372652874675,3
675,4.633026122072346,5.484769477716173,0.8517433556438272,7
676,5.741745540195684,6.045322978786658,0.30357743859097397,6
677,4.678940046978587,4.1476763242410986,-0.5312637227374886,4
678,5.430764421510861,6.3979400086720375,0.9671755871611767,3
679,5.992353163673399,6.556302500767287,0.563949337093888,1
680,5.965991695682996,6.079181246047625,0.11318955036462874,1
681,4.47195782968195,6.079181246047625,1.6072234163656747,9
682,5.854368633175859,6.079181246047625,0.2248126128717658,4
683,5.714469249416724,5.775464809345739,0.060995559929015286,10
684,5.6335391645209905,6.1068026275996505,0.4732634630786601,8
685,6.1798834367862385,5.681241237375588,-0.4986421994106509,8
686,5.864050824226702,5.444825199509748,-0.4192256247169537,10
687,5.931864498053543,6.301897717195208,0.3700332191416651,9
688,5.927292347016478,6.0,0.07270765298352178,6
689,5.902103681740855,6.018284308426531,0.11618062668567575,8
690,5.876076623785722,5.949877704036875,0.07380108025115284,7
691,6.30186466948699,6.0,-0.3018646694869904,5
692,5.979827340598325,6.161368002234975,0.1815406616366504,3
693,6.016924938708951,5.049218022670182,-0.967706916038769,4
694,6.002055277328527,6.011993114659257,0.009937837330729948,1
695,5.944541421634231,6.315970345456917,0.37142892382268666,6
696,6.159662883145627,6.418301291319746,0.2586384081741189,8
697,6.191842693627473,6.301029995663981,0.10918730203650817,7
698,5.391920246017276,6.079181246047625,0.6872610000303494,9
699,5.99134102815538,6.544068044350276,0.5527270161948961,10
700,6.468251578972242,6.176091259055681,-0.2921603199165608,3
701,6.080335745512374,6.342422680822207,0.2620869353098323,2
702,5.956000235317439,6.57978359661681,0.6237833612993713,10
703,6.008213199810918,6.0,-0.008213199810917615,8
704,6.03865679059625,6.313593064521326,0.2749362739250758,2
705,6.218092784317334,6.079181246047625,-0.13891153826970903,2
706,6.030300683587958,5.623249290397901,-0.40705139319005745,2
707,6.038827106712431,6.033423755486949,-0.005403351225481856,2
708,6.026245431773567,6.6020599913279625,0.5758145595543951,6
709,5.712755703074351,6.36005731412298,0.6473016110486292,9
710,6.073790720956038,6.26142703676955,0.1876363158135126,3
711,6.003729898975182,6.124634624019139,0.12090472504395677,4
712,6.02719753001609,6.363611979892144,0.3364144498760542,1
713,6.003630034912844,5.707570176097937,-0.2960598588149077,7
714,5.988622315084812,6.32221929473392,0.3335969796491085,2
715,5.953262255864295,6.600972895686748,0.6477106398224537,4
716,5.84834393879426,5.9954289654317074,0.1470850266374475,6
717,5.968359227715115,6.193124598354461,0.22476537063934643,7
718,5.972319173315068,5.45075702813707,-0.5215621451779979,5
719,5.979914113719182,6.283301228703549,0.30338711498436766,10
720,5.98998438283738,4.380211241711606,-1.6097731411257739,1
721,6.026720342765997,6.230448921378274,0.2037285786122771,5
722,5.896857025136033,6.278753600952829,0.38189657581679626,2
723,5.583087886304551,5.599883072073688,0.01679518576913619,7
724,4.947328526578016,4.153204900084284,-0.7941236264937315,3
725,5.794074867810164,7.498310553789601,1.7042356859794365,10
726,6.411748625983392,6.357934847000454,-0.0538137789829376,8
727,5.6186350072021085,4.963787827345556,-0.6548471798565529,4
728,5.996375531361419,6.220108088040055,0.22373255667863567,7
729,5.921683016919683,7.4954055631461936,1.5737225462265103,10
730,5.910612671896829,6.096910013008056,0.18629734111122698,2
731,5.971226315391492,5.149834696715785,-0.8213916186757073,7
732,5.9278916991320205,6.0,0.07210830086797948,7
733,5.9608698878916355,5.939808685806208,-0.021061202085427944,6
734,5.99268866671871,5.888179493918325,-0.10450917280038485,7
735,6.032455043138343,6.060697840353612,0.028242797215268567,7
736,6.0379025658890955,5.814394112097142,-0.22350845379195317,3
737,6.0366245779080305,6.060932673519882,0.02430809561185132,6
738,6.021247289324675,6.167317334748176,0.14607004542350044,7
739,6.606002619048946,6.298853076409706,-0.3071495426392392,7
740,5.977259258261563,6.079181246047625,0.10192198778606176,8
741,6.054154647365286,5.663700925389648,-0.3904537219756383,2
742,5.503716314911502,6.004321373782642,0.5006050588711402,10
743,5.874940871925989,6.222716471147583,0.3477755992215945,2
744,5.932890454128953,6.079181246047625,0.14629079191867245,3
745,5.194429664282593,5.786751422145561,0.592321757862968,4
746,5.8836717901723,6.176091259055681,0.29241946888338166,6
747,5.9033776377273375,6.079181246047625,0.17580360832028763,10
748,5.920078266563639,5.995196291597179,0.07511802503354037,9
749,5.936821962833602,6.079181246047625,0.1423592832140228,9
750,5.849332842066071,6.0,0.15066715793392937,7
751,5.941959575135102,6.015359755409214,0.07340018027411244,9
752,5.693415509948566,5.5301996982030825,-0.16321581174548339,4
753,5.893103438710719,6.0,0.10689656128928071,7
754,5.94232298377098,6.330413773349191,0.38809078957821086,1
755,5.932259190837804,5.607455023214668,-0.32480416762313613,3
756,5.959583576873975,6.103461622094705,0.14387804522073022,3
757,5.859362113919531,6.024731889655249,0.16536977573571843,1
758,5.964115250749585,4.711807229041191,-1.2523080217083944,8
759,5.943994976593742,5.824054205231849,-0.11994077136189318,2
760,5.8265183724658245,6.301029995663981,0.47451162319815676,7
761,6.0187864585065425,6.188647295999718,0.16986083749317515,8
762,5.973072160180134,6.977723605288848,1.0046514451087134,6
763,5.923465619112394,6.0,0.07653438088760556,10
764,5.9931845406860225,4.103803720955957,-1.8893808197300652,4
765,5.960072151077725,6.720572720364261,0.7605005692865365,2
766,5.9080274441160805,6.103803720955957,0.19577627683987675,10
767,5.901178437491358,6.0,0.09882156250864238,2
768,5.963556110874675,6.0,0.0364438891253247,8
769,5.925334725220805,5.342422680822207,-0.582912044398598,10
770,5.914617231730294,6.079181246047625,0.1645640143173308,6
771,6.055256064592304,6.278753600952829,0.22349753636052494,6
772,6.0203313684562465,6.414973347970818,0.3946419795145717,1
773,5.963590183506443,5.77451696572855,-0.1890732177778931,8
774,5.9995866293532085,6.377124042346456,0.37753741299324783,4
775,6.031300240042068,5.93801909747621,-0.09328114256585796,10
776,5.822820220644842,6.0,0.17717977935515794,10
777,5.6711444956520936,6.332236415491443,0.6610919198393495,5
778,5.176294822136895,6.176091259055681,0.9997964369187864,6
779,5.935972508658895,6.165244326125311,0.22927181746641612,10
780,6.580519174770417,6.969415912353981,0.3888967375835648,5
781,6.0998508961624545,6.447158031342219,0.34730713517976497,1
782,6.166668044516697,6.72916478969277,0.5624967451760732,2
783,6.445873208203633,6.3979400086720375,-0.04793319953159525,7
784,6.11088768813879,6.4269989587565375,0.31611127061774713,8
785,6.166154995835081,4.778151250383644,-1.388003745451437,5
786,6.0178224344065985,6.380211241711606,0.3623888073050079,1
787,5.846076608030591,6.3979400086720375,0.5518634006414462,2
788,5.074832441281786,3.556302500767288,-1.5185299405144979,6
789,5.90501436056672,6.633468455579586,0.7284540950128662,8
790,5.790775757656544,6.243038048686294,0.4522622910297507,8
791,5.9523279105875595,6.187520720836463,0.23519281024890315,10
792,5.3385420381860555,6.176091259055681,0.8375492208696258,1
793,5.41319357130946,4.770852011642144,-0.6423415596673161,5
794,5.947745752583279,6.3979400086720375,0.45019425608875885,10
795,6.033186594552803,6.419955748489758,0.3867691539369549,9
796,5.788476781030982,6.819543935541868,1.031067154510886,6
797,6.122876653321283,5.128399268717806,-0.9944773846034769,9
798,6.127166277810311,4.948070481518941,-1.17909579629137,1
799,6.301841346758579,6.4679039465228,0.16606259976422155,6
800,6.62929733139466,6.284656282788515,-0.3446410486061451,9
801,6.156358207761695,6.556302500767287,0.39994429300559187,8
802,5.755025242736419,4.858537197569639,-0.8964880451667803,1
803,5.677314607838356,5.230448921378274,-0.4468656864600815,2
804,5.801958026732077,4.728028954420519,-1.0739290723115582,10
805,5.902493713669137,4.0,-1.9024937136691369,10
806,6.091070521019409,6.049218022670182,-0.04185249834922722,2
807,5.831684517284852,4.826074802700826,-1.0056097145840264,3
808,4.955589195117934,5.760422483423212,0.8048332883052778,4
809,4.350388169815369,4.041392685158225,-0.3089954846571432,2
810,5.6180037577354325,5.00987563371216,-0.6081281240232723,5
811,5.633894747048311,5.02938377768521,-0.6045109693631012,5
812,5.759745547946416,5.544811911757776,-0.2149336361886398,4
813,5.504147468618035,5.041392685158225,-0.46275478345980936,4
814,5.487645370099942,5.61066016308988,0.12301479298993723,7
815,5.484518427590108,5.045322978786658,-0.4391954488034502,10
816,4.65554631630735,4.0178677189635055,-0.6376785973438448,3
817,5.36414522718728,5.96189547366785,0.5977502464805697,2
818,4.154143504167342,4.022428371185487,-0.13171513298185467,4
819,5.456312233569925,4.468347330412158,-0.9879649031577671,3
820,5.513235558868403,5.748188027006201,0.2349524681377977,3
821,5.14826583088477,4.389095173354185,-0.7591706575305848,9
822,4.652480419059116,4.17897694729317,-0.4735034717659463,8
823,5.7595519478698805,5.781036938621132,0.021484990751251765,7
824,4.70756805300291,4.0,-0.7075680530029098,6
825,5.931940177179616,4.812913356642856,-1.1190268205367602,7
826,5.614025625971717,5.68930885912362,0.07528323315190288,6
827,5.403039308940683,5.851258348719076,0.44821903977839295,8
828,5.376175066829105,5.189209489582306,-0.18696557724679863,7
829,5.054971510093258,4.049218022670182,-1.0057534874230765,3
830,5.5549827093835304,4.7160033436348,-0.8389793657487301,8
831,5.265754852852703,6.763427993562937,1.4976731407102335,10
832,5.625470680116675,3.832508912706236,-1.7929617674104388,2
833,5.303707270283144,5.079181246047625,-0.22452602423551848,8
834,4.955589195117934,3.4771212547196626,-1.4784679403982715,4
835,4.549273549787753,5.285557309007774,0.7362837592200213,9
836,5.606936531730849,6.2552725051033065,0.6483359733724576,2
837,5.5955184975615335,4.845098040014257,-0.7504204575472766,8
838,5.592164476678355,6.079181246047625,0.4870167693692702,5
839,4.386257644249088,4.4048337166199385,0.018576072370850127,2
840,5.7041012604121235,4.79982283099332,-0.9042784294188033,10
841,5.422514575594789,6.698970004336019,1.2764554287412295,2
842,4.87860037880871,3.494154594018443,-1.3844457847902674,5
843,5.599199744404278,6.079181246047625,0.47998150164334685,1
844,5.838243314268027,4.017033339298781,-1.8212099749692463,1
845,4.99480115890726,4.544068044350276,-0.45073311455698395,3
846,4.93700081687182,3.342422680822206,-1.594578136049614,2
847,2.787683627144134,4.1027766148834415,1.3150929877393076,5
848,5.15731916138072,3.9190780923760737,-1.238241069004646,7
849,5.150203819689165,6.0,0.8497961803108351,6
850,5.6994243742626285,5.7363965022766426,0.03697212801401406,7
851,5.549734357370559,4.562173863364649,-0.9875604940059102,8
852,5.463994182673617,4.445604203273597,-1.0183899794000197,6
853,5.626752831717364,5.477121254719663,-0.14963157699770147,8
854,5.650532779343854,5.064457989226918,-0.5860747901169354,9
855,5.567477407471687,7.176091259055681,1.6086138515839945,5
856,5.599684598492706,6.041392685158225,0.4417080866655194,10
857,6.545446775240739,5.541579243946581,-1.0038675312941585,3
858,5.187285974742348,4.994317152669637,-0.1929688220727117,6
859,5.667257275528039,5.079181246047625,-0.5880760294804137,4
860,4.992477392216532,4.54282542695918,-0.4496519652573525,10
861,5.467590584011602,6.477121254719663,1.0095306707080605,2
862,5.485943834392762,5.571708831808688,0.08576499741592603,6
863,5.571470597234554,6.633468455579586,1.0619978583450322,10
864,6.543995704688258,6.363047594521094,-0.18094811016716417,3
865,5.050822589087618,4.212187604403958,-0.8386349846836598,5
866,5.24934005586234,4.972619339059624,-0.2767207168027159,8
867,4.623677239426671,6.079181246047625,1.455504006620954,1
868,4.691464550644434,5.073791642808014,0.38232709216357996,7
869,5.499415830340558,4.704853744566289,-0.7945620857742695,6
870,5.015681499607096,5.518513939877887,0.5028324402707911,10
871,4.628296220206553,4.953663063747091,0.3253668435405377,10
872,6.023312695306662,4.792391689498253,-1.2309210058084092,7
873,5.225163645029389,4.117271295655764,-1.1078923493736248,3
874,5.4021186112061255,6.3979400086720375,0.995821397465912,2
875,3.875849040924061,4.568201724066995,0.6923526831429339,7
876,5.441769833428281,4.357172257723033,-1.0845975757052475,8
877,5.677721904241212,5.089905111439398,-0.5878167928018136,9
878,4.7810884661123785,4.683947130751513,-0.09714133536086589,10
879,5.696855117087091,5.903089986991944,0.2062348699048524,4
880,6.038180981906853,5.390122251506701,-0.6480587304001526,9
881,5.978133523991695,5.477121254719663,-0.5010122692720325,6
882,6.142299007399288,6.4623979978989565,0.3200989904996687,7
883,6.195446983031198,4.76789761601809,-1.4275493670131079,9
884,5.1608426529563785,4.743509764728429,-0.4173328882279499,7
885,4.193769491533401,4.643452676486188,0.4496831849527867,7
886,4.5066250621998645,5.811709026696192,1.305083964496328,2
887,5.247060177757217,4.887054378050957,-0.36000579970626045,5
888,4.994262838946559,3.857332496431269,-1.1369303425152903,5
889,4.152097537671871,3.792391689498254,-0.35970584817361706,5
890,4.056645770957612,3.763427993562937,-0.29321777739467514,7
891,4.254628110220656,3.544068044350276,-0.7105600658703799,10
892,3.9664785427633724,3.9242792860618816,-0.04219925670149083,2
893,5.719785148139099,6.3979400086720375,0.6781548605329384,2
894,4.550971694013739,4.382017042574868,-0.16895465143887023,7
895,5.587349074297684,6.079181246047625,0.491832171749941,8
896,5.952149502603841,5.658011396657113,-0.29413810594672807,9
897,4.887483202087625,3.8790958795000727,-1.0083873225875526,10
898,4.400923163115964,6.079181246047625,1.6782580829316611,6
899,4.389603453550108,4.495544337546448,0.1059408839963405,6
900,4.660834051255618,6.102135154272175,1.4413011030165572,3
901,5.064811310605692,5.176091259055681,0.11127994844998934,5
902,4.645223082230857,3.462397997898956,-1.1828250843319013,8
903,5.664983489971918,6.049218022670182,0.38423453269826435,3
904,4.419222531721557,4.303196057420489,-0.11602647430106838,2
905,4.7431020402485675,3.6989700043360174,-1.04413203591255,3
906,5.251656591137876,4.817565369559781,-0.434091221578095,1
907,4.324872464717326,5.505149978319906,1.1802775136025803,2
908,4.79879695247852,4.3979400086720375,-0.40085694380648285,7
909,4.568720067366094,4.721810615212546,0.15309054784645237,1
910,4.209755032478476,4.505149978319906,0.29539494584143,5
911,4.371798134574542,3.2380461031287955,-1.1337520314457463,8
912,4.071039881308647,4.5910646070265,0.5200247257178532,7
913,4.659608898169413,4.8221680793680175,0.16255918119860446,9
914,5.360937850326752,3.230448921378274,-2.130488928948478,1
915,4.685867679620755,2.6020599913279625,-2.0838076882927927,5
916,4.634270453748179,3.008600171761917,-1.6256702819862623,4
917,5.919870659507694,5.949390006644912,0.029519347137218155,2
918,5.166648881916226,6.778151250383644,1.6115023684674181,3
919,6.082352124286778,7.0,0.9176478757132216,7
920,6.001475872350178,5.331589240955137,-0.6698866313950411,8
921,3.5306074625681187,5.176091259055681,1.6454837964875626,4
922,6.111644719524788,6.170555058521209,0.058910338996420286,7
923,5.274680457658714,6.146128035678238,0.8714475780195245,5
924,6.147994375490097,5.982271233039568,-0.16572314245052944,7
925,5.496438083385234,6.209246848753374,0.7128087653681394,5
926,6.038096987105693,5.750045312011768,-0.28805167509392504,1
927,6.161291892385391,5.401055725771844,-0.7602361666135469,8
928,6.09913779593282,6.419129307741976,0.31999151180915586,9
929,6.030784619150588,6.380211241711606,0.3494266225610181,10
930,5.9384594165993,6.505149978319906,0.5666905617206064,3
931,5.5738005986356765,6.204119982655925,0.6303193840202486,4
932,5.496438083385234,4.939019776448666,-0.5574183069365679,5
933,5.578614718930882,4.79309160017658,-0.7855231187543019,7
934,5.597226078243999,6.32221929473392,0.7249932164899215,7
935,6.16577276743516,6.382017042574868,0.216244275139708,8
936,6.042495713738334,6.366982975977851,0.32448726223951674,2
937,5.9514780730724945,6.176091259055681,0.2246131859831868,5
938,5.732708963492509,6.535863520712453,0.8031545572199441,4
939,5.548376056258479,5.924279286061882,0.37590322980340307,5
940,5.946348301000528,6.062205808819713,0.11585750781918502,3
941,6.038266043124832,6.0,-0.03826604312483184,5
942,5.996721007953771,6.12057393120585,0.12385292325207864,3
943,4.824427007017555,4.66661156841903,-0.15781543859852487,5
944,6.002558626957765,7.0178677189635055,1.0153090920057402,1
945,5.672051539139216,6.079181246047625,0.40712970690840944,7
946,6.008214552330905,6.567144045195657,0.5589294928647517,1
947,5.9908648029910765,5.414973347970818,-0.5758914550202583,7
948,5.987251329126497,6.021189299069938,0.033937969943441004,3
949,5.915542775847484,6.517195897949974,0.6016531221024897,3
950,5.943596673762894,5.934498451243568,-0.00909822251932546,1
951,5.8589173703433595,6.32221929473392,0.46330192439056095,9
952,5.881083664185046,6.301029995663981,0.41994633147893534,7
953,5.834778444000173,6.531478917042255,0.6967004730420827,7
954,6.0180294878969365,6.003115717099806,-0.014913770797130077,9
955,5.9237559294705715,6.3979400086720375,0.474184079201466,10
956,3.6336537937495286,3.9242792860618816,0.290625492312353,9
957,5.043438805673593,4.597826770377936,-0.44561203529565674,10
958,5.5407090131892085,3.42845877351558,-2.1122502396736285,7
959,6.0688737758708,6.4623979978989565,0.39352422202815696,8
960,6.131407672722997,6.898664858722267,0.7672571859992701,10
961,5.923260283499402,5.847276448275631,-0.07598383522377095,8
962,5.874742783879958,5.44178936653435,-0.4329534173456073,2
963,6.0707046981354145,4.530839778616521,-1.5398649195188936,6
964,5.612572164137399,6.607455023214668,0.9948828590772694,4
965,6.029105350525815,4.440909082065217,-1.5881962684605977,3
966,6.062550318006657,5.596597095626461,-0.46595322238019676,6
967,5.859735773363346,4.275080898456858,-1.5846548749064882,7
968,5.8762501202249355,5.110589710299249,-0.7656604099256867,1
969,6.027155361528129,5.041392685158225,-0.9857626763699034,7
970,6.030171005453419,7.0,0.9698289945465808,7
971,6.045561750246639,5.998808399880894,-0.04675335036574513,8
972,5.938190335398192,7.602059991327962,1.6638696559297692,9
973,6.498564213073762,5.653212513775344,-0.8453516992984182,6
974,5.642859335950775,5.0,-0.6428593359507753,5
975,5.893512047910791,4.661812685537261,-1.2316993623735302,10
976,5.927582083543324,6.7160033436348,0.788421260091476,6
977,6.265386335748394,6.939519252618618,0.6741329168702244,7
978,5.7297114898273165,4.249027052547187,-1.4806844372801296,5
979,2.636289698147897,1.6334684555795864,-1.0028212425683105,4
980,2.3812626787718134,2.182300499593339,-0.19896217917847459,8
981,6.0047049571668945,4.008600171761918,-1.9961047854049765,9
982,6.027051368644745,5.400710636773232,-0.6263407318715135,4
983,5.839727733071509,6.078819183098848,0.23909145002733911,4
984,5.976174128354761,4.736149402104994,-1.240024726249767,6
985,6.04633086293601,6.0,-0.046330862936009964,3
986,5.470209632100682,4.821840927200454,-0.6483687049002276,6
987,5.856246092112955,5.648360010980932,-0.20788608113202312,3
988,6.0573484379550315,6.3979400086720375,0.34059157071700596,6
989,6.086782537628198,7.217483944213907,1.1307014065857084,3
990,5.987387421600588,5.050147658020303,-0.9372397635802852,6
991,4.3912117660881975,3.959041392321093,-0.43217037376710454,8
992,5.273665208042742,6.477121254719663,1.2034560466769202,8
993,6.0880132296828835,7.544068044350276,1.4560548146673922,4
994,5.388875016858257,6.079181246047625,0.6903062291893685,1
995,5.6078135399438676,6.146128035678238,0.5383144957343706,10
996,5.775394923319665,5.146128035678238,-0.6292668876414265,8
997,5.968120449199152,5.534026106056135,-0.4340943431430171,3
998,6.01856031065448,7.434568904034199,1.4160085933797193,3
999,5.780089516789416,5.826074802700826,0.045985285911410045,5
1000,5.871159144603491,6.401400540781544,0.5302413961780523,7
1001,5.7346521787433815,6.079181246047625,0.3445290673042436,4
1002,5.974679821143293,5.021189299069938,-0.9534905220733547,8
1003,5.63402612003948,5.604118006192035,-0.029908113847445073,8
1004,6.032877825142125,4.124504224834283,-1.9083736003078426,3
1005,4.866884131842768,3.5575072019056577,-1.3093769299371099,4
1006,5.071020864237613,2.9542425094393248,-2.116778354798288,5
1007,4.386316891889664,3.942008053022313,-0.44430883886735106,4
1008,4.898341056001746,3.5118833609788744,-1.3864576950228713,8
1009,5.560544355744818,6.621974524899735,1.0614301691549173,3
1010,5.855219111013531,5.423360578084977,-0.4318585329285538,5
1011,5.72879808507767,5.6776069527204935,-0.051191132357176095,8
1012,4.352705948848437,6.0,1.6472940511515626,9
1013,5.424000880824984,6.146128035678238,0.7221271548532542,1
1014,6.295203094036371,6.161846959528519,-0.133356134507852,9
1015,6.055305397959386,6.079181246047625,0.02387584808823906,8
1016,2.2201840401443182,3.103803720955957,0.8836196808116386,10
1017,6.22610956221931,7.244277120801843,1.0181675585825323,10
1018,6.223809390614407,7.08278537031645,0.8589759797020431,5
1019,6.461300985227588,6.133538908370218,-0.32776207685737013,8
1020,5.881202291514711,6.778151250383644,0.8969489588689328,10
1021,6.22610956221931,7.57978359661681,1.3536740343974998,10
1022,6.103289616104436,5.27415784926368,-0.8291317668407565,1
1023,6.206189835906123,5.342422680822207,-0.8637671550839165,2
1024,5.722597908738439,5.826074802700826,0.10347689396238735,7
1025,5.786687498170591,4.359835482339888,-1.4268520158307023,10
1026,6.314480604045136,6.763427993562937,0.44894738951780067,6
1027,5.81388207439286,5.832508912706237,0.018626838313376304,2
1028,5.205913513329031,3.871164132802949,-1.3347493805260817,10
1029,5.671170785955984,5.426023015689876,-0.245147770266108,2
1030,7.115077029866757,8.229681842317676,1.114604812450919,6
1031,7.08182217203723,8.229681842317676,1.1478596702804467,5
1032,6.621834279778207,8.414973347970818,1.7931390681926116,7
1033,5.318319197559487,4.515343893088381,-0.8029753044711061,6
1034,2.964022180403361,1.6989700043360187,-1.2650521760673423,1
1035,5.35047547585033,4.431363764158987,-0.9191117116913432,4
1036,5.686892408976704,5.406540180433956,-0.280352228542748,6
1037,5.810605174581473,6.400365273349939,0.5897600987684664,7
1038,5.757395447561353,6.301029995663981,0.5436345481026281,10
1039,4.6103681999761195,4.845098040014257,0.23472984003813746,8
1040,5.7075354699008525,3.845098040014257,-1.8624374298865956,3
1041,5.158841427371669,4.845098040014257,-0.3137433873574125,7
1042,5.406307062611815,6.707570176097937,1.3012631134861214,7
1043,4.994829340993849,6.386677283960838,1.3918479429669883,1
1044,5.671366219822948,5.664641975556125,-0.006724244266822943,10
1045,6.014811590902286,4.342225229360791,-1.6725863615414953,9
1046,5.376613616232699,5.672097857935717,0.2954842417030177,2
1047,2.4852991135251927,3.083502619830268,0.5982035063050755,6
1048,3.6642031573543594,3.3014640731433,-0.3627390842110594,7
1049,5.9758833248997325,5.987634987448437,0.01175166254870419,4
1050,6.333484818474961,6.506505032404872,0.1730202139299113,7
1051,6.06348862075667,6.068185861746161,0.004697240989491647,10
1052,5.573613718533266,5.509202522331103,-0.06441119620216273,6
1053,5.868659244586824,5.673020907128897,-0.19563833745792714,1
1054,5.875203991440743,5.892094602690481,0.016890611249738008,2
1055,6.1072124537076675,5.673020907128897,-0.4341915465787709,5
1056,5.731972894307517,6.207095540419218,0.47512264611170085,10
1057,5.765939743403596,4.176091259055681,-1.5898484843479146,6
1058,6.074705910211673,5.146128035678238,-0.9285778745334348,6
1059,5.91415558328319,6.533517862016968,0.619362278733778,9
1060,5.320025108427983,4.4623979978989565,-0.8576271105290267,9
1061,5.986592722360233,5.0,-0.9865927223602329,4
1062,6.242130598697132,6.152288344383057,-0.08984225431407555,8
1063,5.94927006303264,5.238522812218293,-0.7107472508143466,6
1064,5.69743494516596,5.639486489268586,-0.05794845589737374,10
1065,5.996375531361419,5.672097857935717,-0.32427767342570224,7
1066,5.951399733692226,6.176091259055681,0.22469152536345494,7
1067,5.585777149592689,5.774838005983815,0.18906085639112646,3
1068,5.519803420469092,4.681241237375588,-0.8385621830935044,2
1069,5.4158587093362724,4.017033339298781,-1.3988253700374917,8
1070,5.649042766540787,6.123165370902919,0.47412260436213227,8
1071,5.923151200678221,6.835500327867319,0.9123491271890973,10
1072,5.89732676110223,6.078819183098848,0.18149242199661852,8
1073,4.698380916572689,3.633468455579586,-1.0649124609931029,3
1074,5.217001715795575,6.278753600952829,1.0617518851572543,1
1075,5.72809703264788,3.819872821950546,-1.908224210697334,7
1076,5.936590281357903,6.32221929473392,0.3856290133760174,10
1077,5.941721317038289,5.737272176535544,-0.20444914050274487,8
1078,5.670074915564478,3.886490725172482,-1.7835841903919962,2
1079,5.1972796702845425,5.797267540830717,0.5999878705461743,5
1080,5.648047719421026,5.371067862271736,-0.2769798571492901,6
1081,5.486152588627094,5.647715410691554,0.16156282206446004,8
1082,5.50584149009653,4.872738827472669,-0.6331026626238607,10
1083,5.993260411780382,7.332438459915605,1.3391780481352233,5
1084,3.375525700293912,3.096910013008056,-0.27861568728585606,3
1085,6.1656232653436085,5.146128035678238,-1.0194952296653703,4
1086,5.921683016919683,7.4271224218663345,1.5054394049466513,10
1087,6.04633086293601,5.0,-1.04633086293601,3
1088,6.345394773757887,7.860936620700094,1.5155418469422068,3
1089,6.094392284534399,5.174931593528442,-0.9194606910059564,4
1090,6.89124460693232,8.09642333059527,1.20517872366295,4
1091,6.0753436232614835,6.021189299069938,-0.0541543241915452,4
1092,5.562432695055832,5.729326809646861,0.1668941145910292,8
1093,5.635611511486797,5.346352974450639,-0.289258537036158,3
1094,5.6795472843469055,5.149527013754348,-0.5300202705925576,7
1095,5.497115084157718,5.2552725051033065,-0.24184257905441164,10
1096,5.995181382095624,6.176091259055681,0.18090987696005723,6
1097,5.097449177108852,5.301029995663981,0.2035808185551291,1
1098,3.286805188806427,2.6989700043360187,-0.5878351844704084,7
1099,2.3484939970614724,3.0791812460476247,0.7306872489861522,8
1100,3.3564729704252727,2.615529223637133,-0.7409437467881399,4
1101,4.295490887234096,2.650501794878367,-1.644989092355729,5
1102,3.470057425205292,2.630427875025024,-0.839629550180268,2
1103,3.361058232170835,3.556302500767288,0.19524426859645327,5
1104,3.3100777530936782,2.9912260756924947,-0.3188516774011836,10
1105,4.059384504069928,2.9474337218870508,-1.111950782182877,7
1106,3.679700458052039,3.4885507165004443,-0.1911497415515946,1
1107,4.309539744515153,3.510545010206612,-0.7989947343085406,2
1108,3.8121250257144412,2.419955748489758,-1.3921692772246832,6
1109,5.9782277235982715,5.278753600952829,-0.6994741226454426,9
1110,5.864035678066662,6.004321373782642,0.14028569571598037,6
1111,5.856246092112955,6.176091259055681,0.31984516694272624,3
1112,4.456077945811021,5.008600171761918,0.5525222259508968,5
1113,5.9910392932153185,5.819543935541868,-0.17149535767345014,5
1114,5.872816417081881,5.600972895686748,-0.2718435213951329,6
1115,5.974440496627421,6.4623979978989565,0.48795750127153514,8
1116,2.0870651229687014,2.886490725172482,0.7994256022037804,7
1117,6.09196945985871,6.3979400086720375,0.3059705488133275,6
1118,6.0168264500132524,6.3979400086720375,0.38111355865878505,2
1119,6.115127093443594,6.246498580795801,0.13137148735220627,8
1120,6.016160678680964,5.286613631657004,-0.72954704702396,3
1121,5.97193604746276,6.079181246047625,0.10724519858486481,5
1122,4.638219998754441,3.886490725172482,-0.7517292735819594,9
1123,5.880719714744309,5.698970004336019,-0.18174971040829035,10
1124,6.022613412043264,5.704150516839799,-0.3184628952034654,3
1125,5.957032757300528,5.260071387985075,-0.6969613693154528,4
1126,6.23331730399187,5.738066714777469,-0.49525058921440124,10
1127,6.0907895978797395,6.146128035678238,0.055338437798498674,8
1128,5.548689685711885,4.477121254719663,-1.0715684309922224,4
1129,5.957294654223922,6.278753600952829,0.3214589467289066,10
1130,6.0232309163880755,6.365487984890899,0.3422570685028239,10
1131,6.123588062711367,6.447158031342219,0.32356996863085286,4
1132,5.898334281278602,6.0,0.10166571872139762,3
1133,5.944920086435558,6.3979400086720375,0.45301992223647947,1
1134,5.563081763738536,5.938919812244772,0.37583804850623626,7
1135,5.944422754001253,5.484299839346786,-0.460122914654467,9
1136,5.982978062598544,7.301029995663981,1.318051933065437,9
1137,5.9799670791028925,5.954242509439325,-0.025724569663567287,7
1138,5.76645650817591,6.6020599913279625,0.8356034831520525,4
1139,6.023379431566573,6.972202838379064,0.9488234068124912,8
1140,5.45184328770252,6.301029995663981,0.8491867079614615,5
1141,5.984451709951398,6.248267603534647,0.2638158935832493,8
1142,6.111101429043934,6.380211241711606,0.2691098126676721,3
1143,5.994297126735621,6.301029995663981,0.3067328689283606,9
1144,5.954490516853337,6.32221929473392,0.36772877788058356,3
1145,6.138249931473891,6.380211241711606,0.2419613102377154,2
1146,6.072050841916955,6.380211241711606,0.3081603997946516,4
1147,6.161036003503122,5.603198520676098,-0.5578374828270247,9
1148,5.979743022806751,6.32221929473392,0.34247627192716923,8
1149,5.727273816719047,6.017033339298781,0.28975952257973336,1
1150,6.105699354832114,6.197831693328903,0.09213233849678826,8
1151,6.02151869345264,6.171480722621874,0.1499620291692345,1
1152,6.057893930962581,7.105510184769974,1.0476162538073934,10
1153,5.781120268387409,6.373095987078727,0.5919757186913186,9
1154,5.609010932638597,5.419955748489758,-0.18905518414883904,10
1155,6.123435781085401,6.332438459915605,0.20900267883020351,2
1156,5.984926842648015,6.079181246047625,0.09425440339961,1
1157,6.093753648028936,5.124830149413859,-0.9689234986150765,3
1158,6.1143177562416335,6.486146996806573,0.3718292405649395,9
1159,6.131736997194004,6.174931593528442,0.04319459633443845,4
1160,6.474945827145287,5.886490725172482,-0.588455101972805,6
1161,4.7833752672492045,5.725911632295048,0.9425363650458438,3
1162,6.354309339519396,5.413132050434872,-0.941177289084524,10
1163,6.716265138489705,7.292256071356476,0.5759909328667714,3
1164,6.52113773188606,6.698970004336019,0.17783227244995903,2
1165,6.283269208146708,7.519827993775719,1.2365587856290112,5
1166,6.86027556660451,7.188037055006895,0.32776148840238495,8
1167,7.00600204335438,8.071882007306126,1.0658799639517458,2
1168,5.800463427299485,5.982271233039568,0.1818078057400827,3
1169,6.665083106867302,6.973127853599698,0.30804474673239657,2
1170,6.411484410479526,6.077731179652392,-0.33375323082713404,5
1171,6.46293481868251,6.3979400086720375,-0.06499481001047247,9
1172,6.711542201211787,7.294466226161593,0.582924024949806,7
1173,6.605070269459064,7.333648756514701,0.7285784870556364,4
1174,6.635828753506169,7.793755472155577,1.1579267186494082,2
1175,6.5984196836536615,6.087071205906535,-0.5113484777471262,1
1176,6.703336740210424,6.0,-0.7033367402104238,3
1177,6.549489037463003,6.544068044350276,-0.005420993112727146,6
1178,6.957368054406232,7.845098040014257,0.8877299856080247,6
1179,5.938239375523922,7.301029995663981,1.3627906201400597,1
1180,5.85053005892889,6.975431808509263,1.1249017495803724,10
1181,6.678007410359316,6.184691430817598,-0.4933159795417179,4
1182,5.527260924451287,6.281033367247727,0.7537724427964401,4
1183,6.293433754193721,5.012837224705172,-1.280596529488549,9
1184,6.978908247974834,7.735997884091794,0.7570896361169597,10
1185,7.068853770047507,5.301029995663981,-1.7678237743835261,3
1186,6.053367656486789,6.618633737597086,0.5652660811102965,9
1187,6.512616028503348,7.665017825412472,1.1524017969091247,1
1188,6.703150412527646,6.361727836017593,-0.3414225765100527,6
1189,6.545205245950772,6.886490725172482,0.3412854792217104,7
1190,6.178883955455941,7.477121254719663,1.2982372992637217,8
1191,5.9059543158488665,6.079181246047625,0.17322693019875857,5
1192,6.455415685919049,6.744918542441353,0.28950285652230434,7
1193,6.635828753506169,5.2455126678141495,-1.3903160856920191,2
1194,6.615612408388313,6.698970004336019,0.08335759594770575,9
1195,6.476052972865575,7.174234304941022,0.6981813320754471,8
1196,6.353690872965892,6.047140468477217,-0.3065504044886751,5
1197,5.936066697363888,5.628388930050312,-0.3076777673135762,4
1198,6.451844587992856,7.204119982655925,0.7522753946630694,1
1199,6.556360920643075,6.900312496983727,0.3439515763406513,8
1200,5.457318926405145,6.0,0.5426810735948546,2
1201,5.636144759572339,4.041392685158225,-1.5947520744141137,3
1202,6.366289425815944,5.352240420182231,-1.014049005633713,2
1203,6.2853656306989,6.0,-0.28536563069889986,4
1204,6.232882123014105,6.3807537708039,0.14787164778979545,2
1205,5.926487350821824,6.07700432679335,0.15051697597152636,3
1206,5.969354663550554,6.252124552505644,0.28276988895509003,1
1207,6.054254987782166,6.006037954997317,-0.04821703278484879,9
1208,6.026346175471762,5.913018683747961,-0.11332749172380119,5
1209,5.9502159080601125,5.742725131304698,-0.2074907767554146,6
1210,5.994537848049094,4.845098040014257,-1.1494398080348374,7
1211,6.040648284731692,5.857030798272624,-0.1836174864590676,7
1212,6.009385693029823,6.078094150406411,0.06870845737658815,3
1213,6.365072728186244,6.382233234970556,0.017160506784311913,8
1214,6.033522681245537,6.093421685162235,0.05989900391669778,6
1215,5.956657904735797,5.78625439578978,-0.1704035089460172,10
1216,5.9102461710118686,5.963787827345556,0.053541656333687015,6
1217,5.997493035424878,6.093421685162235,0.09592864973735704,6
1218,5.906513897214211,4.88309335857569,-1.0234205386385211,9
1219,6.13997494304207,5.123851640967086,-1.016123302074984,3
1220,5.94336180861933,6.176091259055681,0.2327294504363513,3
1221,4.434998377260593,3.3010299956639813,-1.1339683815966115,6
1222,5.971333377006781,6.392978186542541,0.4216448095357599,5
1223,6.0304115375343,6.463445031770428,0.43303349423612847,1
1224,5.908625409259498,5.0,-0.9086254092594981,9
1225,5.950827730931518,6.544068044350276,0.5932403134187574,4
1226,6.027960846521186,6.75427186868346,0.7263110221622746,2
1227,5.968481694351306,6.152288344383057,0.18380665003175078,6
1228,5.523106529472351,6.079181246047625,0.5560747165752744,3
1229,5.928982005722356,6.544068044350276,0.6150860386279193,2
1230,6.022784405000821,5.850033257689769,-0.17275114731105212,1
1231,6.0010097385570695,5.187520720836463,-0.8134890177206069,1
1232,6.137928026332601,6.432327792261604,0.2943997659290032,2
1233,6.094138381172833,6.776701183988411,0.6825628028155784,3
1234,6.00695643824672,5.02938377768521,-0.9775726605615107,4
1235,5.817061365607743,6.360404054729939,0.5433426891221957,6
1236,5.896858603664762,6.176091259055681,0.2792326553909197,6
1237,5.7925595943487505,5.787318756624548,-0.005240837724202585,7
1238,5.858021935363013,3.89209460269048,-1.9659273326725328,10
1239,4.522960508527574,4.096910013008056,-0.4260504955195179,6
1240,4.479287487176437,3.404833716619938,-1.0744537705564992,4
1241,5.330447451706848,5.816506437046357,0.48605898533950853,10
1242,5.889314148475454,4.968482948553935,-0.9208311999215191,7
1243,4.454100227044139,3.833147111912785,-0.6209531151313543,8
1244,5.437224442173228,6.146128035678238,0.7089035935050099,3
1245,4.610226893328902,4.008600171761918,-0.6016267215669844,4
1246,5.501464923430828,4.0,-1.5014649234308282,5
1247,5.220963463998332,4.089905111439398,-1.1310583525589344,3
1248,5.673105496773744,3.770852011642144,-1.9022534851316006,9
1249,4.9242456127630625,3.6020599913279625,-1.3221856214351,3
1250,3.8641081262720047,3.869231719730976,0.005123593458971065,9
1251,3.8871678658087796,3.206825876031849,-0.6803419897769305,3
1252,4.282561608375719,3.589949601325708,-0.6926120070500108,5
1253,4.8485182422774695,2.903089986991944,-1.9454282552855253,7
1254,5.3534020308027195,4.167317334748176,-1.186084696054544,9
1255,4.909217537856134,4.035829825252828,-0.8733877126033054,3
1256,5.9327155289645,6.024046225131059,0.0913306961665592,9
1257,4.071120430959933,5.247973266361806,1.1768528354018732,9
1258,5.717872718101598,6.491361693834273,0.7734889757326755,8
1259,6.2033440351026226,4.833147111912785,-1.3701969231898374,3
1260,5.9679597516878236,6.334453751150931,0.3664939994631071,1
1261,6.072180238067435,7.708420900134713,1.6362406620672783,6
1262,5.9497071965618105,4.698970004336019,-1.2507371922257917,1
1263,5.77676906815172,6.32221929473392,0.5454502265822008,1
1264,5.172070640449358,6.2812606870550125,1.1091900466056543,10
1265,5.967524321328252,6.230448921378274,0.26292460005002205,8
1266,5.922643829220431,5.0,-0.9226438292204309,9
1267,6.057414667304459,4.26150077319828,-1.795913894106179,10
1268,6.117061281432347,7.077222510411053,0.9601612289787056,8
1269,6.241145949694951,7.05865374157237,0.8175077918774196,3
1270,5.5247807996909115,5.0,-0.5247807996909115,3
1271,4.642702625638101,3.709269960975831,-0.9334326646622704,3
1272,5.457461788169582,3.431363764158988,-2.0260980240105946,7
1273,4.86989591556028,5.0,0.13010408443972032,3
1274,5.496908125904078,6.079181246047625,0.5822731201435474,2
1275,4.098300680656619,3.770852011642144,-0.32744866901447534,10
1276,5.940149960765175,6.383653821462558,0.44350386069738335,1
1277,6.064763269470375,6.281941933440825,0.21717866397044983,2
1278,5.7316356264586945,4.152288344383057,-1.5793472820756378,8
1279,4.815725072873083,6.176091259055681,1.3603661861825982,4
1280,5.380512075186542,4.195899652409234,-1.1846124227773078,2
1281,4.087340557420779,3.3010299956639813,-0.7863105617567978,5
1282,6.0883344636212895,6.079181246047625,-0.009153217573664385,9
1283,5.509283395899362,5.311753861055754,-0.1975295348436079,4
1284,4.9107900288247865,5.041392685158225,0.13060265633343882,8
1285,5.479051387393117,4.41161970596323,-1.0674316814298868,3
1286,5.976347758196361,4.249198357391113,-1.7271494008052484,1
1287,5.928453060080722,5.17897694729317,-0.7494761127875522,6
1288,4.764288984323973,6.119915410257991,1.3556264259340178,6
1289,4.741671418226644,6.0,1.2583285817733563,6
1290,4.821252069758765,3.824125833916549,-0.9971262358422162,3
1291,5.541912332093957,3.740362689494244,-1.8015496425997126,9
1292,4.9681618257392195,3.146128035678238,-1.8220337900609813,5
1293,6.0131087856366205,5.380211241711606,-0.6328975439250142,4
1294,5.271774780879952,5.271841606536499,6.682565654614336e-05,10
1295,6.066580971565371,5.365487984890899,-0.701092986674472,3
1296,6.423642472948534,6.778874472002739,0.35523199905420544,6
1297,6.14167976790764,5.880813592280791,-0.2608661756268482,10
1298,6.28016131911505,6.3979400086720375,0.11777868955698789,2
1299,5.9471833508733924,6.377563035549853,0.4303796846764607,3
1300,6.129300565548655,5.518513939877887,-0.6107866256707677,9
1301,6.0187864585065425,4.698970004336019,-1.3198164541705237,8
1302,5.99278622756371,5.949390006644912,-0.04339622091879747,5
1303,6.105937541104316,6.247924190766308,0.14198664966199193,4
1304,5.879005312083975,7.602059991327962,1.7230546792439867,2
1305,6.060162455811052,5.553883026643875,-0.5062794291671775,6
1306,5.982978062598544,6.278753600952829,0.2957755383542846,9
1307,6.813941585181247,6.445311461756064,-0.3686301234251834,3
1308,6.118780562751408,5.622214022966295,-0.4965665397851131,3
1309,5.989059234786672,6.201397124320452,0.21233788953377974,6
1310,5.226442303517718,6.176091259055681,0.9496489555379632,6
1311,5.882590975603647,5.927370363039024,0.04477938743537724,6
1312,5.919055384005816,6.079181246047625,0.16012586204180934,2
1313,6.014708256218065,6.2405492482826,0.22584099206453523,1
1314,6.00300291151847,5.891147030448771,-0.11185588106969924,5
1315,5.837528020268437,6.0,0.16247197973156258,6
1316,6.074918304637182,5.847572659142112,-0.22734564549507041,5
1317,5.978971486585352,5.931966114728173,-0.047005371857179234,4
1318,5.878025679444498,5.146778989307833,-0.7312466901366648,4
1319,5.983796590581992,5.079181246047625,-0.904615344534367,4
1320,4.45897407617801,5.021189299069938,0.5622152228919282,3
1321,5.665764464212208,6.0,0.3342355357877924,9
1322,5.928836967209551,6.008600171761918,0.07976320455236685,6
1323,5.973747523690232,6.220108088040055,0.246360564349823,1
1324,5.983477289711935,6.214843848047698,0.23136655833576292,3
1325,5.949135426008144,6.113943352306837,0.16480792629869256,8
1326,5.7641356873980465,6.257051875069349,0.49291618767130263,9
1327,5.31419329458583,5.2552725051033065,-0.05892078948252344,9
1328,6.006036185843551,6.041392685158225,0.03535649931467422,6
1329,6.371591925780132,6.6020599913279625,0.2304680655478304,4
1330,6.132416607145598,4.986771734266245,-1.1456448728793527,8
1331,5.998577945110331,6.08278537031645,0.08420742520611846,6
1332,6.02433889905785,5.181843587944773,-0.8424953111130771,10
1333,6.2581795629594215,5.687261346243506,-0.5709182167159152,1
1334,5.888594710317912,6.2455126678141495,0.3569179574962371,6
1335,5.947427715367802,6.776327733563306,0.8289000181955046,2
1336,6.007601726106611,6.056904851336473,0.04930312522986213,3
1337,5.74773093577684,6.113943352306837,0.36621241652999714,10
1338,5.942046314746523,6.441176499941076,0.4991301851945531,1
1339,5.9308522697446335,5.332438459915605,-0.5984138098290286,2
1340,5.932433071669758,5.710117365111817,-0.22231570655794108,2
1341,5.991373586758882,6.008600171761918,0.0172265850030362,4
1342,6.045749192546366,5.552668216112194,-0.4930809764341726,4
1343,5.478839230692814,5.093421685162235,-0.3854175455305793,2
1344,5.965983614759197,4.6020599913279625,-1.3639236234312344,4
1345,6.106213172731417,5.895422546039408,-0.21079062669200876,4
1346,6.191772773054163,6.100752969451338,-0.09101980360282536,6
1347,5.953042212034746,6.0,0.04695778796525385,2
1348,5.940217364810009,5.788875115775417,-0.1513422490345926,2
1349,5.860888972986978,6.176091259055681,0.31520228606870315,9
1350,5.650454638837805,5.193124598354461,-0.4573300404833436,1
1351,6.009512240162326,5.051923916046107,-0.9575883241162195,9
1352,5.79323152165942,5.756636108245848,-0.036595413413571976,8
1353,5.916585321138475,6.431363764158987,0.5147784430205116,6
1354,5.892294292520898,6.0,0.10770570747910213,9
1355,5.949033629936601,5.599883072073688,-0.34915055786291305,2
1356,5.98857388721202,5.716837723299524,-0.2717361639124958,4
1357,5.981811983828898,5.812913356642856,-0.1688986271860422,8
1358,6.361287784703652,7.929418925714293,1.5681311410106407,8
1359,5.9691403399566925,5.862727528317975,-0.10641281163871774,9
1360,5.667323557847284,5.079181246047625,-0.5881423117996585,7
1361,5.671545698073256,5.278753600952829,-0.3927920971204273,8
1362,5.952544582301923,6.017033339298781,0.06448875699685797,3
1363,5.909274121326933,5.176091259055681,-0.733182862271252,10
1364,5.761481130087409,6.079181246047625,0.31770011596021597,3
1365,6.1506312617819425,6.079181246047625,-0.07145001573431742,6
1366,5.6809031316772645,5.121559844187501,-0.5593432874897637,5
1367,5.747949151426688,4.912275210498812,-0.835673940927876,10
1368,5.901319254460316,6.218272853571447,0.3169535991111312,3
1369,5.8209309909085025,5.700617195682057,-0.12031379522644592,10
1370,5.985380441240956,6.924279286061882,0.9388988448209261,3
1371,5.955791849466941,6.134495855834674,0.17870400636773276,9
1372,5.942958410110973,6.509202522331103,0.5662441122201303,9
1373,5.974494774897043,6.590507462008583,0.6160126871115397,3
1374,5.953404716671315,5.758911892397974,-0.19449282427334147,9
1375,5.871189575890961,6.079181246047625,0.2079916701566642,8
1376,5.928915364273297,6.7626785637274365,0.8337631994541397,7
1377,5.865558985389469,5.86391737695786,-0.0016416084316084323,1
1378,6.0354109552507476,5.342422680822207,-0.6929882744285409,1
1379,5.923745767459487,6.033423755486949,0.10967798802746209,1
1380,5.79422885109302,5.518513939877887,-0.27571491121513336,3
1381,5.764491348080817,7.041392685158225,1.2769013370774083,4
1382,5.716798346599197,4.678518379040114,-1.0382799675590828,9
1383,5.713285040139461,6.066773037085025,0.35348799694556465,9
1384,5.894141542267014,5.899820502427096,0.0056789601600826245,7
1385,5.624882403471425,7.429752280002408,1.804869876530983,2
1386,5.865548480752738,6.612783856719736,0.7472353759669987,4
1387,5.734689922043892,6.503790683057181,0.7691007610132887,3
1388,6.158229829730487,5.240798771117332,-0.9174310586131558,3
1389,6.421663716333504,5.968482948553935,-0.4531807677795694,2
1390,6.229954088135851,6.05307844348342,-0.17687564465243089,10
1391,4.482465271293753,6.008600171761918,1.5261349004681648,3
1392,6.091543764085311,4.954242509439325,-1.137301254645986,1
1393,6.331436789463327,6.770115294787102,0.43867850532377517,9
1394,6.4642600010073625,6.418301291319746,-0.04595870968761684,7
1395,6.239752537677486,7.0220157398177205,0.7822632021402347,5
1396,3.2509015000480006,1.9242792860618816,-1.326622213986119,10
1397,4.931851965344369,4.550228353055094,-0.38162361228927466,9
1398,4.78105542364494,6.354621218722914,1.5735657950779744,8
1399,5.337217650275784,5.856227259455358,0.519009609179574,2
1400,5.701928365176497,6.052936217579409,0.3510078524029119,9
1401,5.37044586683989,6.431363764158987,1.0609178973190971,9
1402,5.150749882155842,3.982723387668545,-1.1680264944872971,2
1403,4.844665246883133,3.4471580313422194,-1.3975072155409132,7
1404,4.678160218766865,6.563836918664545,1.8856766998976795,7
1405,4.712622149046815,2.812913356642856,-1.8997087924039593,2
1406,4.3912117660881975,3.0791812460476247,-1.3120305200405729,8
1407,4.825622266968707,5.556302500767287,0.73068023379858,5
1408,4.060027545920182,4.334855689617291,0.2748281436971096,9
1409,2.940557721350098,4.698970004336019,1.7584122829859208,9
1410,3.9286418800857996,3.187520720836463,-0.7411211592493365,9
1411,5.738708350820787,4.167317334748176,-1.571391016072611,10
1412,3.679700458052039,3.679427896612119,-0.00027256143991971626,1
1413,3.6010083827661066,0.6989700043360189,-2.902038378430088,10
1414,4.688708716912008,4.754883228252168,0.06617451134015973,5
1415,3.818087542506727,2.556302500767288,-1.2617850417394387,9
1416,5.191584930363022,5.812913356642856,0.6213284262798338,5
1417,5.685592402264291,5.186815124447454,-0.4987772778168367,7
1418,4.977677859922757,4.821513528404773,-0.15616433151798415,2
1419,6.008652736871253,6.167317334748176,0.158664597876923,4
1420,5.310820638312606,5.903089986991944,0.5922693486793378,7
1421,6.132385197454511,5.287129620719111,-0.8452555767353997,6
1422,5.2207487566255075,5.773069340485962,0.5523205838604541,1
1423,5.8617670195834,5.845098040014257,-0.01666897956914326,3
1424,5.067854047609688,4.505149978319906,-0.562704069289782,1
1425,5.978798466911976,6.889301702506311,0.9105032355943345,8
1426,6.109749283790742,5.395850376018781,-0.7138989077719611,9
1427,6.195446983031198,6.74154551677621,0.5460985337450115,9
1428,5.495577563127707,5.698970004336019,0.20339244120831168,8
1429,2.5151774549007224,3.845098040014257,1.3299205851135345,5
1430,3.0909938538809656,2.8090544272229425,-0.2819394266580231,10
1431,2.8719622612375946,2.505149978319906,-0.36681228291768875,7
1432,2.7167734745113616,3.4471580313422194,0.7303845568308578,9
1433,3.0152661992972956,1.7993405494535817,-1.2159256498437139,4
1434,3.911280563158564,3.322219294733919,-0.5890612684246448,9
1435,3.193550302959788,1.5587085705331658,-1.6348417324266222,2
1436,6.22795008906268,5.434568904034199,-0.7933811850284807,5
1437,5.095290129923321,5.926856708949693,0.8315665790263713,10
1438,6.026299042690944,5.8750612633917,-0.15123777929924387,2
1439,6.24459245440896,6.237040791379191,-0.007551663029769173,5
1440,6.096840568605493,5.990782691803138,-0.10605787680235501,9
1441,5.912084216491865,6.447158031342219,0.535073814850354,3
1442,6.117005579667928,6.2576785748691846,0.14067299520125687,9
1443,6.25058899838624,6.653212513775344,0.402623515389104,6
1444,6.313862250443974,6.2552725051033065,-0.058589745340667854,8
1445,6.404104522616287,6.531478917042255,0.12737439442596799,9
1446,4.1650338381190295,3.3010299956639813,-0.8640038424550482,7
1447,5.9237166474540865,5.301029995663981,-0.6226866517901053,6
1448,6.032959433146519,6.230448921378274,0.1974894882317555,1
1449,6.2807847403017085,6.340444114840119,0.05965937453841086,3
1450,6.0892673949354155,6.3979400086720375,0.308672613736622,6
1451,6.021383315021852,4.346744054604849,-1.6746392604170035,10
1452,5.970209321115414,6.079181246047625,0.1089719249322112,5
1453,5.34383610733294,6.301029995663981,0.9571938883310409,5
1454,5.8909035762074735,6.623249290397901,0.7323457141904273,8
1455,6.037525409921606,6.531478917042255,0.4939535071206498,4
1456,5.631405712448582,4.352182518111363,-1.2792231943372192,8
1457,5.979825350757103,6.1702617153949575,0.19043636463785418,6
1458,5.977451665444105,6.531478917042255,0.5540272515981508,8
1459,5.933255274874941,6.358886204405869,0.42563092953092774,10
1460,5.795153803232384,4.314288660947498,-1.4808651422848857,9
1461,5.948411852634516,6.176091259055681,0.22767940642116535,8
1462,6.11235490559933,6.091315159697223,-0.021039745902106333,4
1463,6.410780815242492,6.286456469746983,-0.12432434549550919,1
1464,6.01355370761541,6.913813852383717,0.900260144768307,4
1465,5.9866801255553925,5.433321711630784,-0.5533584139246086,2
1466,5.662522645939192,6.308991029000164,0.6464683830609719,5
1467,5.194302338214019,5.361727836017593,0.16742549780357407,2
1468,4.426238457251133,4.095518042323151,-0.3307204149279812,5
1469,6.008516669284684,6.544068044350276,0.5355513750655918,7
1470,5.59304588007104,6.57978359661681,0.98673771654577,7
1471,2.3785493299954346,2.6972293427597176,0.31868001276428304,9
1472,5.982455124937484,4.746322765089953,-1.236132359847531,5
1473,5.630441692334986,6.291391053078407,0.6609493607434214,4
1474,5.81014611057738,6.747411807886423,0.9372656973090434,9
1475,6.089112520785412,6.491361693834273,0.4022491730488609,1
1476,6.065387372312492,6.113943352306837,0.04855597999434469,6
1477,5.5600792647298825,6.096910013008056,0.5368307482781738,6
1478,5.1913368954528005,3.804820678721162,-1.3865162167316387,10
1479,4.950298164241495,5.079181246047625,0.12888308180612995,7
1480,3.0544507024045005,2.220108088040055,-0.8343426143644455,6
1481,5.471039596123515,4.850646235183066,-0.6203933609404491,9
1482,5.797168360159763,6.045322978786658,0.24815461862689503,10
1483,5.871515286808284,5.791690649020118,-0.07982463778816662,5
1484,5.666578282447136,5.155609283678915,-0.5109689987682211,7
1485,5.5221134334939315,5.690196080028514,0.16808264653458238,10
1486,5.014441587430976,5.000867721531227,-0.013573865899748405,1
1487,5.583427294529148,6.806179973983888,1.2227526794547403,5
1488,5.536574301807836,6.041392685158225,0.504818383350389,8
1489,5.618973505048883,5.656960182742849,0.03798667769396591,4
1490,5.068076688795246,6.355068206348851,1.2869915175536049,5
1491,6.413069006717479,6.324282455297693,-0.08878655141978609,9
1492,5.232823341491404,5.944482672150168,0.7116593306587644,9
1493,6.2687071840978215,6.3979400086720375,0.12923282457421603,1
1494,6.083542469978524,6.1702617153949575,0.08671924541643339,4
1495,5.574304038832159,4.413634997198556,-1.1606690416336036,10
1496,5.830695061322371,5.949390006644912,0.11869494532254166,5
1497,5.917542538622893,6.056904851336473,0.13936231271357968,9
1498,5.820382344357444,5.072984744627931,-0.7473975997295135,4
1499,5.889328408757652,5.697229342759718,-0.19209906599793403,10
1500,5.2306219466004995,5.698970004336019,0.46834805773551924,10
1501,6.049089302496257,6.664547962246547,0.6154586597502902,2
1502,6.200075209873501,6.937016107464814,0.736940897591313,9
1503,6.121624501215973,7.531478917042255,1.409854415826282,7
1504,5.884447886871023,6.240798771117332,0.356350884246309,3
1505,6.561646894577037,6.012837224705172,-0.548809669871865,9
1506,6.154380473405582,6.44870631990508,0.2943258464994978,4
1507,5.270595788855869,6.580468783951002,1.3098729950951329,5
1508,6.259802843493187,5.778151250383644,-0.4816515931095431,10
1509,6.1932829982836415,5.732393759822968,-0.4608892384606733,5
1510,5.690688167052575,4.954242509439325,-0.7364456576132499,4
1511,6.013096867482459,6.857332496431268,0.8442356289488089,6
1512,6.125916209063859,5.308393649976259,-0.8175225590875996,2
1513,5.702314841730562,6.277090960334402,0.5747761186038396,10
1514,6.100663423341599,5.857332496431268,-0.24333092691033098,7
1515,5.861907272006253,5.0,-0.8619072720062526,10
1516,5.728399756948214,5.301029995663981,-0.42736976128423265,7
1517,3.691652091354282,4.123851640967086,0.43219954961280393,2
1518,5.77803494269971,4.505149978319906,-1.272884964379804,6
1519,5.607062962288449,6.32221929473392,0.7151563324454715,5
1520,5.781026843745704,4.505149978319906,-1.275876865425798,3
1521,5.704393437110951,4.568201724066995,-1.1361917130439556,1
1522,4.034026527983468,4.900367128656471,0.866340600673003,3
1523,5.793427097368294,5.477121254719663,-0.3163058426486316,8
1524,5.5580786429169855,6.041392685158225,0.48331404224123986,3
1525,5.862273315216221,6.496791315700042,0.6345180004838209,9
1526,5.700705706291578,4.486713775982485,-1.213991930309093,7
1527,5.938974021546872,5.0,-0.9389740215468718,8
1528,5.796321605961509,6.32221929473392,0.5258976887724112,10
1529,5.5503041995306965,4.685741738602264,-0.8645624609284326,8
1530,5.784567983660105,6.504701881045554,0.7201338973854483,9
1531,4.038598820551425,2.146128035678238,-1.8924707848731872,2
1532,4.31053063142132,1.4471580313422192,-2.8633726000791,4
1533,3.5124187369209166,3.113943352306837,-0.3984753846140796,9
1534,3.152954313443447,4.826074802700826,1.673120489257379,7
1535,5.936264172141278,4.247973266361806,-1.6882909057794713,10
1536,3.5996861443056396,5.0,1.4003138556943604,7
1537,5.582350642871867,5.653212513775344,0.07086187090347718,3
1538,5.901896293052167,5.653212513775344,-0.24868377927682328,9
1539,5.78028589121465,6.204119982655925,0.42383409144127526,4
1540,5.96887420658333,6.079181246047625,0.11030703946429554,1
1541,6.0726486695052495,6.3979400086720375,0.325291339166788,4
1542,6.005047385423588,5.223755453657241,-0.7812919317663471,3
1543,6.1412605283258435,5.079181246047625,-1.0620792822782184,9
1544,6.0726486695052495,6.778151250383644,0.7055025808783943,4
1545,5.524010255902699,5.585460729508501,0.06145047360580236,1
1546,6.079405896290525,5.845098040014257,-0.23430785627626793,7
1547,5.9506902852707775,5.934498451243568,-0.01619183402720914,8
1548,6.072181521099683,5.771587480881255,-0.30059404021842795,8
1549,5.824869490734561,6.653212513775344,0.8283430230407829,1
1550,5.738129261334238,5.903089986991944,0.16496072565770614,7
1551,6.045301669332634,4.927370363039024,-1.1179313062936096,5
1552,5.878796810923816,4.826074802700826,-1.0527220082229896,7
1553,5.594421025548639,5.002166061756507,-0.5922549637921319,9
1554,5.438115126295659,6.662757831681574,1.2246427053859152,2
1555,5.892612398937319,6.071882007306125,0.17926960836880568,7
1556,4.142878574953611,2.6766936096248664,-1.4661849653287442,7
1557,5.56067125448862,4.184691430817598,-1.3759798236710212,2
1558,5.788299806985889,4.933993163831242,-0.8543066431546471,5
1559,5.672213502402283,5.3979400086720375,-0.2742734937302451,1
1560,5.537066889362214,6.57978359661681,1.0427167072545958,5
1561,5.359644221306457,6.0,0.640355778693543,3
1562,4.631107417704566,4.469365398766434,-0.16174201893813223,3
1563,4.747881761890378,4.252853030979893,-0.4950287309104846,9
1564,5.743928389581942,6.041392685158225,0.2974642955762832,3
1565,5.57566912239682,5.079181246047625,-0.4964878763491951,6
1566,5.672590332439854,6.491361693834273,0.8187713613944192,9
1567,5.943197523162491,6.278753600952829,0.33555607779033814,4
1568,4.804107738220324,3.892651033877301,-0.9114567043430233,6
1569,4.489181162110233,5.079181246047625,0.590000083937392,3
1570,5.079167381656602,4.787743771646467,-0.2914236100101357,7
1571,5.590040969892732,5.575187844927661,-0.014853124965070741,4
1572,6.0901187777786365,4.56157836830096,-1.5285404094776762,1
1573,5.114189048813665,7.133858125203335,2.01966907638967,7
1574,4.8215826535916,5.221674997070769,0.40009234347916944,7
1575,5.752779023111228,4.239049093140191,-1.5137299299710367,1
1576,5.698805344247373,3.964730921053629,-1.7340744231937442,1
1577,3.60329229982299,3.6972293427597176,0.09393704293672744,2
1578,3.8343750341879,5.041392685158225,1.2070176509703252,4
1579,5.5817759419734445,6.0,0.4182240580265555,9
1580,6.9807332017701915,5.442479769064448,-1.5382534327057433,9
1581,6.258711577044742,7.397940008672037,1.139228431627295,4
1582,5.458921254443712,6.690196080028514,1.2312748255848023,3
1583,5.805326655732351,6.079181246047625,0.27385459031527404,9
1584,5.03849308147743,4.064457989226918,-0.9740350922505119,10
1585,5.142315722280406,3.686636269262293,-1.4556794530181132,4
1586,5.967232854030468,5.168939213835978,-0.7982936401944896,10
1587,6.0589404442457875,6.079181246047625,0.020240801801837627,9
1588,4.146831036343249,5.32221929473392,1.1753882583906714,3
1589,5.316205333514749,4.895201474778894,-0.42100385873585555,8
1590,5.626529570312743,6.079181246047625,0.45265167573488174,5
1591,5.211711939901176,5.648360010980932,0.43664807107975623,7
1592,5.628826540220135,4.473924693416158,-1.1549018468039778,6
1593,5.420189440269538,5.931966114728173,0.511776674458635,4
1594,5.516384835721742,4.93981866282138,-0.5765661729003622,8
1595,4.995277067739929,5.732393759822968,0.7371166920830392,4
1596,4.016550996654634,3.3010299956639813,-0.7155210009906527,2
1597,5.134552289589494,4.57978359661681,-0.5547686929726838,8
1598,6.266001711912887,6.57978359661681,0.3137818847039231,1
1599,5.969154824638496,7.19942604159399,1.2302712169554946,8
1600,6.54915400265104,6.795880017344075,0.246726014693035,9
1601,2.5446547498870795,4.0,1.4553452501129205,8
1602,5.748312518751013,5.532384880503846,-0.21592763824716688,5
1603,6.022118063827232,6.32221929473392,0.30010123090668817,10
1604,6.339329712468669,6.176091259055681,-0.16323845341298782,8
1605,6.067944824601181,5.311965660368366,-0.7559791642328149,5
1606,6.028962984869503,5.338456493604605,-0.6905064912648982,6
1607,6.17076349704964,5.489958479424835,-0.680805017624805,6
1608,6.022662361766997,5.205096047578484,-0.8175663141885128,5
1609,6.000324474445839,6.531478917042255,0.5311544425964163,2
1610,5.5960427985481545,6.079181246047625,0.48313844749947066,1
1611,5.114611256953761,4.301029995663981,-0.8135812612897801,4
1612,6.091623463901327,5.491361693834273,-0.6002617700670543,3
1613,5.966850535246872,6.0,0.0331494647531283,9
1614,5.964719383763037,6.185542154854375,0.2208227710913384,8
1615,5.89006904262813,5.301029995663981,-0.5890390469641487,4
1616,6.894412782025381,6.079181246047625,-0.8152315359777562,3
1617,5.998690763092634,4.892372907398436,-1.106317855694198,9
1618,5.956498701836077,6.176091259055681,0.21959255721960425,1
1619,4.960736704716726,6.491361693834273,1.5306249891175474,1
1620,3.5420656765628293,3.556302500767288,0.01423682420445882,1
1621,5.331153574677329,4.089905111439398,-1.2412484632379313,7
1622,3.3098610891520837,4.653212513775344,1.3433514246232603,1
1623,6.138913866710631,5.221022805204841,-0.9178910615057898,7
1624,5.920941625065805,5.698970004336019,-0.2219716207297866,7
1625,6.226897184385003,7.342422680822207,1.1155254964372032,10
1626,5.821625120558805,6.176091259055681,0.3544661384968766,8
1627,6.563564200360738,6.414973347970818,-0.14859085238991998,1
1628,6.265601328819705,6.977723605288848,0.7121222764691426,8
