idx,y_pred,y_true,residual,fold
0,4.107289149183998,5.698970004336019,1.5916808551520205,1
1,4.139083049921955,5.698970004336019,1.5598869544140639,10
2,4.400491022049809,5.698970004336019,1.29847898228621,9
3,4.1448314956725785,5.698970004336019,1.5541385086634403,8
4,3.7391896395463213,5.698970004336019,1.9597803647896974,7
5,4.094658166280855,5.698970004336019,1.604311838055164,5
6,4.793639106824062,5.698970004336019,0.9053308975119565,4
7,4.0807844357109335,5.698970004336019,1.6181855686250852,3
8,3.9728763174354724,5.698970004336019,1.7260936869005463,2
9,3.615631969610923,3.049218022670181,-0.5664139469407421,10
10,3.6503247016824893,3.049218022670181,-0.6011066790123083,8
11,3.630501966471525,3.049218022670181,-0.5812839438013437,7
12,4.314925379395919,3.049218022670181,-1.2657073567257378,5
13,3.639362409505293,3.049218022670181,-0.590144386835112,4
14,3.673142526308894,3.049218022670181,-0.6239245036387131,3
15,3.6623454010857706,3.049218022670181,-0.6131273784155895,2
16,3.6822182692391148,3.049218022670181,-0.6330002465689337,6
17,3.6078276483804945,3.049218022670181,-0.5586096257103135,1
18,3.630501966471525,2.903089986991944,-0.7274119794795806,7
19,3.6078276483804945,2.903089986991944,-0.7047376613885503,1
20,3.615631969610923,2.903089986991944,-0.7125419826189789,10
21,3.6503247016824893,2.903089986991944,-0.7472347146905451,8
22,3.639362409505293,2.903089986991944,-0.7362724225133488,4
23,3.884539142344892,2.903089986991944,-0.9814491553529479,9
24,3.673142526308894,2.903089986991944,-0.77005253931695,3
25,3.6822182692391148,2.903089986991944,-0.7791282822471706,6
26,3.6623454010857706,2.903089986991944,-0.7592554140938264,2
27,4.169731409271824,2.9542425094393248,-1.2154888998324993,1
28,4.421509953415264,2.9542425094393248,-1.4672674439759397,8
29,4.387548448571491,2.9542425094393248,-1.433305939132166,6
30,4.413956475858928,2.9542425094393248,-1.4597139664196033,10
31,4.353695117012343,2.9542425094393248,-1.3994526075730183,9
32,4.3079851824433675,2.9542425094393248,-1.3537426730040427,2
33,4.388398015826238,2.9542425094393248,-1.434155506386913,3
34,4.293774474003794,2.9542425094393248,-1.3395319645644697,7
35,4.327478903952287,2.9542425094393248,-1.3732363945129626,4
36,5.008866905179789,3.90848501887865,-1.1003818863011392,9
37,4.909973896251244,3.90848501887865,-1.0014888773725938,3
38,4.868712378075643,3.90848501887865,-0.9602273591969932,7
39,4.934039490600624,3.90848501887865,-1.0255544717219744,5
40,4.931579978827525,3.90848501887865,-1.023094959948875,2
41,4.759593433929808,3.90848501887865,-0.8511084150511583,10
42,4.955791553454155,3.90848501887865,-1.047306534575505,1
43,4.724907001384059,3.90848501887865,-0.8164219825054091,4
44,4.898934944202757,3.90848501887865,-0.9904499253241075,6
45,4.1941785130149425,3.322219294733919,-0.8719592182810234,6
46,4.285631782978733,3.322219294733919,-0.9634124882448138,8
47,4.144428166036209,3.322219294733919,-0.8222088713022901,3
48,4.071049222958299,3.322219294733919,-0.7488299282243802,1
49,4.173847293755613,3.322219294733919,-0.851627999021694,7
50,4.218286823714772,3.322219294733919,-0.8960675289808528,10
51,4.1747337140972025,3.322219294733919,-0.8525144193632834,4
52,4.110461876226756,3.322219294733919,-0.7882425814928369,9
53,4.270393671746175,3.322219294733919,-0.9481743770122555,2
54,5.383354688228341,5.301029995663981,-0.08232469256435948,6
55,5.282417850651049,5.301029995663981,0.018612145012932402,7
56,5.325951801797322,5.301029995663981,-0.024921806133340496,3
57,5.2634490110389205,5.301029995663981,0.037580984625060765,10
58,5.393256114524263,5.301029995663981,-0.09222611886028176,8
59,5.293887398962498,5.301029995663981,0.007142596701482873,9
60,5.284903634039621,5.301029995663981,0.01612636162436054,2
61,5.315455320999437,5.301029995663981,-0.014425325335455597,4
62,5.300691663681655,5.301029995663981,0.0003383319823262454,1
63,4.999879840692353,4.086359830674748,-0.9135200100176046,2
64,4.977972229993739,4.086359830674748,-0.8916123993189906,10
65,5.013517156712028,4.086359830674748,-0.9271573260372792,1
66,4.972446327673807,4.086359830674748,-0.8860864969990585,4
67,5.131155481867165,4.086359830674748,-1.044795651192417,5
68,5.03607775258326,4.086359830674748,-0.9497179219085119,3
69,4.988115546934616,4.086359830674748,-0.901755716259868,9
70,5.141474583677389,4.086359830674748,-1.0551147530026403,8
71,5.111060190251639,4.086359830674748,-1.0247003595768902,6
72,5.693096472263051,6.035709837827862,0.34261336556481137,7
73,5.718501900632064,6.035709837827862,0.3172079371957981,2
74,5.7502386294226415,6.035709837827862,0.28547120840522044,5
75,5.683593194252617,6.035709837827862,0.3521166435752452,8
76,5.719507471589894,6.035709837827862,0.3162023662379676,1
77,5.828155917117576,6.035709837827862,0.20755392071028567,4
78,5.655585180912231,6.035709837827862,0.3801246569156307,10
79,5.715278593148463,6.035709837827862,0.32043124467939865,3
80,5.841186921131646,6.035709837827862,0.1945229166962159,6
81,4.810226592617954,5.954242509439325,1.1440159168213713,1
82,4.9912747696077435,5.954242509439325,0.9629677398315817,4
83,4.844609996562672,5.954242509439325,1.1096325128766535,5
84,4.783038315909618,5.954242509439325,1.1712041935297073,3
85,4.861327084543538,5.954242509439325,1.0929154248957875,2
86,4.898918722328013,5.954242509439325,1.0553237871113126,8
87,4.47195782968195,5.954242509439325,1.4822846797573748,9
88,4.902039226573242,5.954242509439325,1.052203282866083,10
89,4.852833976588551,5.954242509439325,1.1014085328507743,7
90,5.710288523579719,3.949390006644913,-1.7608985169348066,6
91,5.598077167938642,3.949390006644913,-1.6486871612937288,8
92,5.663592446301919,3.949390006644913,-1.7142024396570066,9
93,5.731315359532784,3.949390006644913,-1.7819253528878716,5
94,5.672946418193548,3.949390006644913,-1.723556411548635,7
95,5.734393137392248,3.949390006644913,-1.7850031307473349,1
96,5.714469249416724,3.949390006644913,-1.7650792427718112,10
97,5.842628449850398,3.949390006644913,-1.8932384432054854,3
98,5.698331353359823,3.949390006644913,-1.74894134671491,2
99,5.5387677523202345,5.742725131304698,0.2039573789844633,9
100,5.513957697447815,5.742725131304698,0.22876743385688325,1
101,5.458329642759138,5.742725131304698,0.2843954885455595,4
102,5.518472304698734,5.742725131304698,0.22425282660596402,10
103,5.506959153437537,5.742725131304698,0.23576597786716125,3
104,5.612942592922707,5.742725131304698,0.12978253838199105,8
105,5.533936747469666,5.742725131304698,0.2087883838350315,5
106,5.5741970250290125,5.742725131304698,0.16852810627568537,6
107,5.36414522718728,5.742725131304698,0.3785799041174176,2
108,4.193769491533401,3.661812685537261,-0.5319568059961401,7
109,4.219657694765291,3.661812685537261,-0.5578450092280303,6
110,4.336276811774124,3.661812685537261,-0.6744641262368631,3
111,4.3031067813573305,3.661812685537261,-0.6412940958200695,8
112,4.248298870079208,3.661812685537261,-0.5864861845419469,10
113,4.400405753884532,3.661812685537261,-0.7385930683472708,4
114,4.194498614489283,3.661812685537261,-0.5326859289520218,2
115,4.326520253719045,3.661812685537261,-0.6647075681817842,1
116,4.254178274348437,3.661812685537261,-0.5923655888111758,9
117,4.293720318049909,3.505149978319906,-0.7885703397300028,3
118,4.436448242791529,3.505149978319906,-0.9312982644716228,2
119,4.258623098107556,3.505149978319906,-0.7534731197876501,9
120,4.381572274659458,3.505149978319906,-0.8764222963395523,6
121,4.323486308787807,3.505149978319906,-0.818336330467901,7
122,4.353862650219608,3.505149978319906,-0.8487126718997025,4
123,4.466242712636254,3.505149978319906,-0.9610927343163485,8
124,4.602216160618207,3.505149978319906,-1.0970661822983012,5
125,4.210976074109656,3.505149978319906,-0.70582609578975,1
126,5.202044826792855,5.0948203803548,-0.10722444643805584,8
127,5.180747791315817,5.0948203803548,-0.08592741096101708,9
128,5.129477652149664,5.0948203803548,-0.03465727179486411,2
129,5.038815137305443,5.0948203803548,0.0560052430493565,1
130,5.0647846662059575,5.0948203803548,0.030035714148842096,4
131,5.182254886725293,5.0948203803548,-0.0874345063704931,3
132,5.179112686847958,5.0948203803548,-0.08429230649315844,6
133,5.1698973666757695,5.0948203803548,-0.07507698632096993,5
134,5.0940092424750505,5.0948203803548,0.0008111378797490687,7
135,4.177680544387029,3.397940008672037,-0.7797405357149922,1
136,4.224575518695533,3.397940008672037,-0.8266355100234963,4
137,4.293586443347184,3.397940008672037,-0.8956464346751472,10
138,4.434666377556705,3.397940008672037,-1.036726368884668,5
139,4.178924992085811,3.397940008672037,-0.7809849834137741,9
140,4.367327266152745,3.397940008672037,-0.9693872574807076,8
141,4.33065926148601,3.397940008672037,-0.9327192528139734,7
142,4.320769397671844,3.397940008672037,-0.9228293889998072,6
143,4.242015724710272,3.397940008672037,-0.8440757160382346,3
144,4.214149980870028,3.832508912706236,-0.3816410681637916,3
145,4.370816022157956,3.832508912706236,-0.5383071094517198,10
146,4.172427753312007,3.832508912706236,-0.33991884060577116,9
147,4.265460598124985,3.832508912706236,-0.43295168541874895,7
148,4.189257435989016,3.832508912706236,-0.35674852328277984,1
149,4.2845046571881475,3.832508912706236,-0.4519957444819114,2
150,4.460770086077557,3.832508912706236,-0.6282611733713206,5
151,4.2828052155994865,3.832508912706236,-0.4502963028932503,4
152,4.434998377260593,3.832508912706236,-0.6024894645543566,6
153,5.572835798417263,5.6020599913279625,0.02922419291069911,2
154,5.517486284081623,5.6020599913279625,0.0845737072463395,7
155,5.513750216240254,5.6020599913279625,0.08830977508770843,5
156,5.667172912190516,5.6020599913279625,-0.06511292086255338,4
157,5.514060406038751,5.6020599913279625,0.0879995852892117,9
158,5.565814448566085,5.6020599913279625,0.0362455427618773,3
159,5.543848367644071,5.6020599913279625,0.05821162368389121,10
160,5.499984594868948,5.6020599913279625,0.1020753964590142,6
161,5.497553671891078,5.6020599913279625,0.10450631943688471,1
162,4.2066567888939455,5.238046103128795,1.0313893142348496,5
163,4.100897724820278,5.238046103128795,1.1371483783085168,9
164,4.109688469637669,5.238046103128795,1.1283576334911256,10
165,4.181014340470734,5.238046103128795,1.0570317626580614,1
166,4.367794555857509,5.238046103128795,0.8702515472712857,8
167,4.186356485640377,5.238046103128795,1.0516896174884183,2
168,4.180399085675694,5.238046103128795,1.0576470174531014,7
169,4.194735179074397,5.238046103128795,1.0433109240543983,6
170,4.479287487176437,5.238046103128795,0.7587586159523578,4
171,3.8641081262720047,3.0791812460476247,-0.7849268802243801,9
172,3.8861694561651077,3.0791812460476247,-0.806988210117483,2
173,3.8220285657866135,3.0791812460476247,-0.7428473197389889,3
174,3.845812757267783,3.0791812460476247,-0.7666315112201585,5
175,3.9300045572133735,3.0791812460476247,-0.8508233111657488,4
176,3.8997302368897198,3.0791812460476247,-0.8205489908420951,6
177,3.830365596003974,3.0791812460476247,-0.7511843499563495,10
178,3.8947034465814756,3.0791812460476247,-0.8155222005338509,1
179,3.927590564400182,3.0791812460476247,-0.8484093183525574,7
180,3.738899166439809,3.823474229170301,0.08457506273049198,1
181,3.8553113589191743,3.823474229170301,-0.031837129748873316,5
182,3.7591581925411335,3.823474229170301,0.06431603662916752,4
183,3.729305010201181,3.823474229170301,0.09416921896912012,9
184,3.7315911615287445,3.823474229170301,0.09188306764155652,2
185,3.70627335696778,3.823474229170301,0.11720087220252084,6
186,3.7197267488895833,3.823474229170301,0.10374748028071767,7
187,3.8039758281663443,3.823474229170301,0.019498401003956722,8
188,3.8871678658087796,3.823474229170301,-0.0636936366384786,3
189,4.818221446253798,3.838849090737255,-0.9793723555165426,5
190,4.749892595900828,3.838849090737255,-0.911043505163573,2
191,4.785854878543853,3.838849090737255,-0.947005787806598,8
192,4.827458512848484,3.838849090737255,-0.9886094221112285,9
193,4.851468031103105,3.838849090737255,-1.0126189403658494,1
194,4.803366189352414,3.838849090737255,-0.964517098615159,7
195,4.79985449735808,3.838849090737255,-0.9610054066208247,6
196,4.894407652485388,3.838849090737255,-1.0555585617481325,3
197,4.848923608218397,3.838849090737255,-1.0100745174811414,4
198,4.166912298236185,3.505149978319906,-0.6617623199162792,1
199,4.14663745382633,3.505149978319906,-0.6414874755064246,3
200,4.227946809299198,3.505149978319906,-0.7227968309792918,6
201,4.26202772625877,3.505149978319906,-0.7568777479388644,4
202,4.245291077346836,3.505149978319906,-0.7401410990269306,2
203,4.195564736875153,3.505149978319906,-0.6904147585552471,9
204,4.244519130809391,3.505149978319906,-0.7393691524894854,10
205,4.287215920360316,3.505149978319906,-0.7820659420404099,7
206,4.3999878616940675,3.505149978319906,-0.8948378833741617,5
207,4.883004671021101,6.041392685158225,1.1583880141371248,2
208,4.821177200054447,6.041392685158225,1.220215485103778,9
209,4.962558556171832,6.041392685158225,1.0788341289863936,10
210,4.883787819578081,6.041392685158225,1.1576048655801445,3
211,4.881637906935145,6.041392685158225,1.1597547782230802,4
212,4.833604396834778,6.041392685158225,1.2077882883234476,7
213,4.823221585605478,6.041392685158225,1.2181710995527473,6
214,5.020654019333224,6.041392685158225,1.020738665825001,5
215,5.035889879823362,6.041392685158225,1.0055028053348636,8
216,4.32664902709197,3.8813846567705728,-0.44526437032139743,1
217,4.400441079617462,3.8813846567705728,-0.519056422846889,3
218,4.475113136955904,3.8813846567705728,-0.5937284801853311,6
219,4.399015532018506,3.8813846567705728,-0.5176308752479333,9
220,4.4084334476914995,3.8813846567705728,-0.5270487909209267,7
221,4.555231528720936,3.8813846567705728,-0.6738468719503636,8
222,4.501220342505065,3.8813846567705728,-0.6198356857344924,2
223,4.478039383195333,3.8813846567705728,-0.5966547264247604,10
224,4.411764772754041,3.8813846567705728,-0.5303801159834682,4
225,4.650249238529585,5.576341350205793,0.9260921116762075,8
226,4.45897407617801,5.576341350205793,1.1173672740277825,3
227,4.536152468423927,5.576341350205793,1.0401888817818659,7
228,4.5759376016834805,5.576341350205793,1.000403748522312,6
229,4.6220128232003574,5.576341350205793,0.9543285270054351,4
230,4.463198906962652,5.576341350205793,1.1131424432431407,1
231,4.510929658990687,5.576341350205793,1.0654116912151057,9
232,4.605036457719572,5.576341350205793,0.9713048924862209,10
233,4.591761485819005,5.576341350205793,0.984579864386788,2
234,6.222680326561251,6.823539433656859,0.6008591070956077,7
235,6.2332534705773766,6.823539433656859,0.5902859630794826,8
236,6.182573522741942,6.823539433656859,0.6409659109149173,2
237,6.271768769137091,6.823539433656859,0.5517706645197684,10
238,6.309762670713579,6.823539433656859,0.5137767629432801,4
239,6.19178625258644,6.823539433656859,0.6317531810704189,1
240,6.252105229728479,6.823539433656859,0.57143420392838,6
241,6.239009255178775,6.823539433656859,0.5845301784780839,3
242,6.331202890593776,6.823539433656859,0.4923365430630833,5
243,6.1765451662819775,6.3979400086720375,0.22139484239006002,6
244,6.202016780836022,6.3979400086720375,0.19592322783601546,9
245,6.159528011325323,6.3979400086720375,0.2384119973467147,4
246,6.155909549720654,6.3979400086720375,0.2420304589513833,10
247,6.183291226237359,6.3979400086720375,0.21464878243467833,8
248,6.259879682350799,6.3979400086720375,0.13806032632123877,2
249,6.193056810518097,6.3979400086720375,0.20488319815394007,3
250,6.180119353031469,6.3979400086720375,0.21782065564056818,1
251,6.137037658123852,6.3979400086720375,0.2609023505481858,7
252,6.221227418244638,6.707570176097937,0.48634275785329883,3
253,6.190739576363861,6.707570176097937,0.5168305997340754,8
254,6.176514318888515,6.707570176097937,0.5310558572094219,6
255,6.212868414573834,6.707570176097937,0.4947017615241025,9
256,6.169037923077763,6.707570176097937,0.5385322530201737,5
257,6.162079212412884,6.707570176097937,0.5454909636850527,10
258,6.230847642514774,6.707570176097937,0.4767225335831631,2
259,6.157087011031429,6.707570176097937,0.5504831650665079,4
260,6.177694385599843,6.707570176097937,0.5298757904980933,1
261,6.2595891900085014,6.3979400086720375,0.13835081866353605,4
262,6.361995349717041,6.3979400086720375,0.0359446589549961,9
263,6.238269192785599,6.3979400086720375,0.1596708158864386,7
264,6.2492194019845435,6.3979400086720375,0.14872060668749398,6
265,6.2497596268995865,6.3979400086720375,0.14818038177245096,5
266,6.256602385720987,6.3979400086720375,0.1413376229510508,10
267,6.297140977165355,6.3979400086720375,0.1007990315066829,8
268,6.305385051240664,6.3979400086720375,0.0925549574313731,2
269,6.306732239998424,6.3979400086720375,0.09120776867361347,3
270,5.864341153172352,6.558708570533166,0.6943674173608141,4
271,5.876945704939505,6.558708570533166,0.6817628655936607,9
272,5.828443361215132,6.558708570533166,0.7302652093180342,3
273,5.853132292961292,6.558708570533166,0.7055762775718737,7
274,5.823834342091953,6.558708570533166,0.7348742284412131,5
275,5.915812271453198,6.558708570533166,0.6428962990799674,2
276,5.823239995100621,6.558708570533166,0.7354685754325452,10
277,5.827293594494803,6.558708570533166,0.731414976038363,8
278,5.897820492545203,6.558708570533166,0.6608880779879627,6
279,5.853132292961292,6.107549129744687,0.25441683678339455,7
280,5.876945704939505,6.107549129744687,0.2306034248051816,9
281,5.864341153172352,6.107549129744687,0.24320797657233495,4
282,5.823834342091953,6.107549129744687,0.28371478765273395,5
283,5.827293594494803,6.107549129744687,0.2802555352498839,8
284,5.912138639788226,6.107549129744687,0.19541048995646104,1
285,5.823239995100621,6.107549129744687,0.28430913464406604,10
286,5.897820492545203,6.107549129744687,0.20972863719948354,6
287,5.915812271453198,6.107549129744687,0.19173685829148823,2
288,5.746095146765026,4.193681029541281,-1.5524141172237451,2
289,5.604180669127886,4.193681029541281,-1.4104996395866047,7
290,5.616206716221251,4.193681029541281,-1.42252568667997,10
291,5.620855924308814,4.193681029541281,-1.427174894767533,8
292,5.655151164439181,4.193681029541281,-1.4614701348979002,4
293,5.55938676176055,4.193681029541281,-1.3657057322192685,3
294,5.697158482067107,4.193681029541281,-1.5034774525258259,9
295,5.62465452063177,4.193681029541281,-1.430973491090489,6
296,5.603352341746643,4.193681029541281,-1.4096713122053615,5
297,6.061679612142431,5.929418925714293,-0.13226068642813793,5
298,6.131659484979296,5.929418925714293,-0.20224055926500295,4
299,6.1194557997907575,5.929418925714293,-0.19003687407646463,9
300,6.1498785676337135,5.929418925714293,-0.2204596419194207,2
301,6.044872266022325,5.929418925714293,-0.115453340308032,10
302,6.118542641735818,5.929418925714293,-0.1891237160215251,7
303,6.075689555821111,5.929418925714293,-0.14627063010681773,8
304,6.0940027770419976,5.929418925714293,-0.1645838513277047,1
305,6.050263847188197,5.929418925714293,-0.12084492147390424,3
306,6.2620153120419095,6.531478917042255,0.26946360500034583,2
307,6.2511581495622455,6.531478917042255,0.2803207674800099,9
308,6.219007953180071,6.531478917042255,0.3124709638621841,8
309,6.264969682563094,6.531478917042255,0.2665092344791615,6
310,6.266504988911952,6.531478917042255,0.2649739281303036,4
311,6.265560268991769,6.531478917042255,0.26591864805048626,5
312,6.256881601883455,6.531478917042255,0.27459731515880037,3
313,6.255276024221224,6.531478917042255,0.27620289282103094,1
314,6.264898837140769,6.531478917042255,0.2665800799014866,7
315,6.30563053739987,6.414973347970818,0.10934281057094797,3
316,6.316444089872668,6.414973347970818,0.09852925809815005,7
317,6.297858708785259,6.414973347970818,0.11711463918555953,4
318,6.346241360361976,6.414973347970818,0.06873198760884236,2
319,6.313535723588674,6.414973347970818,0.10143762438214399,6
320,6.297254928540603,6.414973347970818,0.117718419430215,9
321,6.251416744407265,6.414973347970818,0.16355660356355362,1
322,6.283732707887039,6.414973347970818,0.1312406400837789,10
323,6.318265649973424,6.414973347970818,0.09670769799739443,5
324,6.238123735809149,6.372912002970106,0.1347882671609577,3
325,6.213022228073247,6.372912002970106,0.1598897748968593,8
326,6.216036468344836,6.372912002970106,0.1568755346252706,1
327,6.232698760219854,6.372912002970106,0.14021324275025204,5
328,6.163459376593757,6.372912002970106,0.20945262637634965,10
329,6.226313965239554,6.372912002970106,0.14659803773055202,6
330,6.250770963616811,6.372912002970106,0.1221410393532949,2
331,6.235447490542193,6.372912002970106,0.13746451242791302,9
332,6.21238870858992,6.372912002970106,0.16052329438018642,4
333,6.2702940527407796,6.384890796530554,0.11459674378977436,5
334,6.303547162874045,6.384890796530554,0.08134363365650898,2
335,6.292231055723387,6.384890796530554,0.09265974080716699,3
336,6.267069007311619,6.384890796530554,0.11782178921893482,10
337,6.296011600293063,6.384890796530554,0.08887919623749063,7
338,6.236395746373226,6.384890796530554,0.14849505015732767,6
339,6.277090295407828,6.384890796530554,0.10780050112272566,8
340,6.258200614577317,6.384890796530554,0.12669018195323734,1
341,6.267657731424967,6.384890796530554,0.11723306510558729,4
342,5.914990660494408,6.325843928293292,0.41085326779888387,4
343,5.905383744532716,6.325843928293292,0.4204601837605759,6
344,5.882093225527188,6.325843928293292,0.4437507027661036,10
345,5.949916165354669,6.325843928293292,0.3759277629386233,3
346,5.891993264617339,6.325843928293292,0.43385066367595293,2
347,5.935409152685538,6.325843928293292,0.39043477560775397,8
348,5.916209339786319,6.325843928293292,0.40963458850697254,1
349,5.951203014486229,6.325843928293292,0.3746409138070632,5
350,5.9575817186914595,6.325843928293292,0.3682622096018324,9
351,6.23884286212216,7.0,0.7611571378778397,4
352,6.282768723131073,7.0,0.7172312768689268,2
353,6.309889581362349,7.0,0.6901104186376514,8
354,6.323920690333787,7.0,0.6760793096662132,9
355,6.313820502145606,7.0,0.6861794978543942,1
356,6.342772423951329,7.0,0.6572275760486708,3
357,6.226500645108798,7.0,0.7734993548912019,10
358,6.400879571600993,7.0,0.599120428399007,7
359,6.192815367513337,7.0,0.8071846324866634,6
360,6.250052818375566,6.8750612633917,0.6250084450161344,8
361,6.1387971685769465,6.8750612633917,0.7362640948147536,6
362,6.3416553247904845,6.8750612633917,0.5334059386012155,3
363,6.3192382811917955,6.8750612633917,0.5558229821999046,7
364,6.246977016397532,6.8750612633917,0.6280842469941685,9
365,6.152294708104998,6.8750612633917,0.722766555286702,5
366,6.216316958476096,6.8750612633917,0.6587443049156043,2
367,6.228474819545745,6.8750612633917,0.6465864438459548,4
368,6.234893519318011,6.8750612633917,0.6401677440736888,1
369,6.147099458390911,6.835056101720117,0.6879566433292057,6
370,6.258534107277334,6.835056101720117,0.5765219944427828,8
371,6.208549119559646,6.835056101720117,0.6265069821604703,10
372,6.384445378338132,6.835056101720117,0.4506107233819847,7
373,6.346388600748604,6.835056101720117,0.4886675009715127,3
374,6.266001711912887,6.835056101720117,0.5690543898072296,1
375,6.254140764369033,6.835056101720117,0.5809153373510831,2
376,6.194413275297043,6.835056101720117,0.6406428264230737,5
377,6.284007095002654,6.835056101720117,0.5510490067174629,9
378,6.236351137147942,7.079181246047625,0.8428301088996832,4
379,6.264844691971295,7.079181246047625,0.8143365540763305,9
380,6.300607889852241,7.079181246047625,0.778573356195384,7
381,6.185533833038935,7.079181246047625,0.89364741300869,8
382,6.214103015271364,7.079181246047625,0.8650782307762608,2
383,6.1462005354149065,7.079181246047625,0.9329807106327186,1
384,6.307162153808897,7.079181246047625,0.772019092238728,10
385,6.340637485263239,7.079181246047625,0.7385437607843865,5
386,6.264826927989108,7.079181246047625,0.8143543180585171,3
387,4.369621839381006,4.072984744627931,-0.2966370947530752,1
388,4.449119202959272,4.072984744627931,-0.3761344583313413,10
389,4.78849143115604,4.072984744627931,-0.7155066865281094,7
390,4.418199005376385,4.072984744627931,-0.3452142607484543,4
391,4.4205779633875295,4.072984744627931,-0.3475932187595987,9
392,4.3504381286292935,4.072984744627931,-0.27745338400136266,3
393,4.415115538094929,4.072984744627931,-0.34213079346699793,5
394,4.424643646418347,4.072984744627931,-0.35165890179041615,6
395,4.393113122849735,4.072984744627931,-0.3201283782218045,8
396,5.886439294169046,5.113943352306837,-0.7724959418622088,3
397,5.862911478276327,5.113943352306837,-0.7489681259694905,8
398,5.849415061159869,5.113943352306837,-0.7354717088530318,7
399,5.877105963920813,5.113943352306837,-0.7631626116139758,5
400,5.859004161214526,5.113943352306837,-0.7450608089076889,6
401,5.8226119163203744,5.113943352306837,-0.7086685640135375,10
402,5.7803782492359685,5.113943352306837,-0.6664348969291316,1
403,5.9053365456999485,5.113943352306837,-0.7913931933931115,9
404,5.874360932013797,5.113943352306837,-0.7604175797069601,4
405,4.344783185832783,5.096910013008056,0.7521268271752737,9
406,4.469099830474456,5.096910013008056,0.6278101825336,4
407,4.4203958244735135,5.096910013008056,0.6765141885345427,2
408,4.420555570754695,5.096910013008056,0.6763544422533609,10
409,4.297579107485977,5.096910013008056,0.799330905522079,7
410,4.389755734080272,5.096910013008056,0.707154278927784,1
411,4.338509752084541,5.096910013008056,0.7584002609235156,6
412,4.315075744643894,5.096910013008056,0.7818342683641619,3
413,4.410702856890548,5.096910013008056,0.6862071561175078,8
414,5.267312424826485,5.342422680822207,0.07511025599572196,10
415,5.270556723469505,5.342422680822207,0.07186595735270185,1
416,5.138144799935605,5.342422680822207,0.20427788088660126,9
417,5.137264918471373,5.342422680822207,0.20515776235083383,6
418,5.1912644356220925,5.342422680822207,0.15115824520011412,5
419,5.270722009496898,5.342422680822207,0.071700671325309,4
420,5.140879151822835,5.342422680822207,0.20154352899937145,3
421,5.10246567500652,5.342422680822207,0.23995700581568702,7
422,5.56067125448862,5.342422680822207,-0.21824857366641304,2
423,6.008905547921816,6.2405492482826,0.23164370036078452,3
424,5.951843984120404,6.2405492482826,0.28870526416219633,9
425,5.980828072303012,6.2405492482826,0.2597211759795881,6
426,5.95241157580897,6.2405492482826,0.2881376724736304,10
427,5.973868323725722,6.2405492482826,0.2666809245568782,8
428,5.962421967519089,6.2405492482826,0.27812728076351156,4
429,5.932337125162575,6.2405492482826,0.30821212312002544,2
430,5.96257218102105,6.2405492482826,0.27797706726155,1
431,5.941822637456133,6.2405492482826,0.298726610826467,7
432,4.106519311521426,5.278753600952829,1.1722342894314028,10
433,4.1687088048525744,5.278753600952829,1.1100447961002544,9
434,4.185592654815116,5.278753600952829,1.0931609461377132,7
435,4.12611282433587,5.278753600952829,1.152640776616959,2
436,4.090003319609916,5.278753600952829,1.1887502813429132,3
437,4.287275707926841,5.278753600952829,0.991477893025988,6
438,4.245213925092393,5.278753600952829,1.0335396758604363,8
439,4.215087270501031,5.278753600952829,1.063666330451798,5
440,4.2330834404147994,5.278753600952829,1.0456701605380294,1
441,6.054274659834805,6.2552725051033065,0.2009978452685015,7
442,6.016632522489097,6.2552725051033065,0.2386399826142096,3
443,6.015133940879133,6.2552725051033065,0.24013856422417312,6
444,6.002386279716814,6.2552725051033065,0.25288622538649275,5
445,6.020679129431118,6.2552725051033065,0.23459337567218874,9
446,5.995990954707803,6.2552725051033065,0.25928155039550305,8
447,6.021696729363684,6.2552725051033065,0.23357577573962285,2
448,6.022032539014813,6.2552725051033065,0.23323996608849384,10
449,6.063150087319283,6.2552725051033065,0.19212241778402372,4
450,5.169400240403644,5.023540521554854,-0.14585971884879,6
451,5.068672777939778,5.023540521554854,-0.045132256384923686,2
452,5.190973510797822,5.023540521554854,-0.16743298924296823,7
453,5.111798599018333,5.023540521554854,-0.08825807746347891,5
454,5.1427534274886115,5.023540521554854,-0.11921290593375744,1
455,5.080768935603298,5.023540521554854,-0.05722841404844381,4
456,5.160008455482084,5.023540521554854,-0.13646793392723033,9
457,5.017222323580884,5.023540521554854,0.00631819797396993,3
458,5.232902920378234,5.023540521554854,-0.20936239882338015,10
459,5.976536496682927,6.313867220369153,0.3373307236862262,9
460,5.970915248647223,6.313867220369153,0.3429519717219307,8
461,5.96543615104662,6.313867220369153,0.3484310693225332,2
462,5.9650029906886495,6.313867220369153,0.3488642296805038,4
463,5.9500673255039835,6.313867220369153,0.3637998948651697,5
464,5.94948637298603,6.313867220369153,0.3643808473831234,6
465,5.9502768590358155,6.313867220369153,0.3635903613333378,10
466,5.955629392784054,6.313867220369153,0.35823782758509903,7
467,6.004563720656761,6.313867220369153,0.30930349971239224,3
468,6.0225774973865915,6.361727836017593,0.3391503386310015,2
469,6.046239689499702,6.361727836017593,0.31548814651789137,8
470,6.067355768729238,6.361727836017593,0.2943720672883554,3
471,6.052292942392331,6.361727836017593,0.3094348936252622,10
472,6.045452261240577,6.361727836017593,0.3162755747770163,4
473,6.0425443786686195,6.361727836017593,0.3191834573489736,1
474,6.061919692481614,6.361727836017593,0.2998081435359792,5
475,6.06911147379163,6.361727836017593,0.29261636222596277,9
476,6.025028294450191,6.361727836017593,0.3366995415674019,7
477,6.052630392441103,6.6020599913279625,0.5494295988868592,2
478,6.061803805228175,6.6020599913279625,0.5402561860997874,1
479,6.092261807310662,6.6020599913279625,0.5097981840173009,5
480,6.077769194367608,6.6020599913279625,0.5242907969603543,4
481,6.0402812217937285,6.6020599913279625,0.561778769534234,7
482,6.063584667065376,6.6020599913279625,0.5384753242625866,10
483,6.11198760119054,6.6020599913279625,0.49007239013742243,6
484,6.082511192980412,6.6020599913279625,0.5195487983475502,8
485,6.096082158056515,6.6020599913279625,0.5059778332714471,3
486,6.079630424430117,6.649334858712142,0.5697044342820252,6
487,6.100232127959889,6.649334858712142,0.5491027307522529,9
488,6.10700140232685,6.649334858712142,0.5423334563852915,5
489,6.0528591755266845,6.649334858712142,0.5964756831854574,1
490,6.0734424654699914,6.649334858712142,0.5758923932421505,2
491,6.055364675443835,6.649334858712142,0.5939701832683069,8
492,6.143382919230522,6.649334858712142,0.5059519394816201,10
493,6.10346666736215,6.649334858712142,0.5458681913499923,7
494,6.0429207712404995,6.649334858712142,0.6064140874716424,4
495,6.063584667065376,6.041392685158225,-0.02219198190715055,10
496,6.0402812217937285,6.041392685158225,0.0011114633644968563,7
497,6.082511192980412,6.041392685158225,-0.041118507822186956,8
498,6.061803805228175,6.041392685158225,-0.020411120069949718,1
499,6.11198760119054,6.041392685158225,-0.07059491603231471,6
500,6.096082158056515,6.041392685158225,-0.05468947289829007,3
501,6.077769194367608,6.041392685158225,-0.036376509209382846,4
502,6.12672443020298,6.041392685158225,-0.08533174504475483,9
503,6.052630392441103,6.041392685158225,-0.011237707282877984,2
504,5.688057119493069,5.901294817165567,0.2132376976724979,8
505,5.575505451389359,5.901294817165567,0.3257893657762079,6
506,5.63208344567997,5.901294817165567,0.26921137148559726,1
507,5.612096418671735,5.901294817165567,0.28919839849383244,4
508,5.615108625167574,5.901294817165567,0.28618619199799333,3
509,5.672066929020856,5.901294817165567,0.2292278881447114,5
510,5.655720752480203,5.901294817165567,0.24557406468536414,9
511,5.556661575754073,5.901294817165567,0.3446332414114943,7
512,5.668289792731754,5.901294817165567,0.23300502443381355,10
513,5.240066957642289,6.447158031342219,1.2070910736999307,3
514,5.040266706281141,6.447158031342219,1.4068913250610784,6
515,5.085079710059674,6.447158031342219,1.3620783212825458,9
516,5.196931198033293,6.447158031342219,1.2502268333089264,4
517,5.116500367886543,6.447158031342219,1.3306576634556766,1
518,5.247060177757217,6.447158031342219,1.2000978535850022,5
519,5.029227959517468,6.447158031342219,1.4179300718247516,2
520,5.177891450961082,6.447158031342219,1.2692665803811378,10
521,5.1561134222153155,6.447158031342219,1.2910446091269039,8
522,5.97747895676838,4.681241237375588,-1.296237719392792,4
523,5.957374157987684,4.681241237375588,-1.2761329206120964,7
524,5.921773352634499,4.681241237375588,-1.2405321152589117,10
525,5.917492909722724,4.681241237375588,-1.2362516723471364,2
526,5.960437644184677,4.681241237375588,-1.2791964068090893,1
527,5.928218334757474,4.681241237375588,-1.2469770973818868,9
528,5.954939824325562,4.681241237375588,-1.2736985869499744,6
529,5.95779593478772,4.681241237375588,-1.2765546974121325,8
530,5.941066490676993,4.681241237375588,-1.2598252533014058,5
531,5.970351670333235,5.81504617606463,-0.15530549426860496,10
532,6.033748212923886,5.81504617606463,-0.2187020368592556,8
533,6.068915395128869,5.81504617606463,-0.25386921906423865,9
534,6.015659190785185,5.81504617606463,-0.20061301472055515,7
535,6.055734122747068,5.81504617606463,-0.24068794668243765,6
536,6.116625142696311,5.81504617606463,-0.3015789666316806,4
537,6.076707128768694,5.81504617606463,-0.2616609527040641,3
538,5.993260411780382,5.81504617606463,-0.17821423571575146,5
539,6.024747797137531,5.81504617606463,-0.20970162107290058,2
540,5.6150107870902835,4.992818520066679,-0.6221922670236042,4
541,5.498778035295183,4.992818520066679,-0.5059595152285041,7
542,5.646908399253972,4.992818520066679,-0.6540898791872927,3
543,5.563684830483083,4.992818520066679,-0.5708663104164033,10
544,5.564633233082236,4.992818520066679,-0.5718147130155566,9
545,5.535944319693575,4.992818520066679,-0.5431257996268961,5
546,5.577001394712364,4.992818520066679,-0.584182874645685,2
547,5.457586750061622,4.992818520066679,-0.4647682299949425,1
548,5.513223128140413,4.992818520066679,-0.5204046080737337,8
549,3.2613178525186948,3.204119982655925,-0.05719786986276976,3
550,3.2686374389868873,3.204119982655925,-0.06451745633096229,1
551,3.262709349248031,3.204119982655925,-0.05858936659210601,9
552,3.36522175713154,3.204119982655925,-0.16110177447561513,2
553,3.3136379901032336,3.204119982655925,-0.10951800744730855,4
554,3.2479037410295915,3.204119982655925,-0.04378375837366644,5
555,3.3065646768705417,3.204119982655925,-0.10244469421461666,10
556,3.292730226841454,3.204119982655925,-0.08861024418552921,8
557,3.378031449280418,3.204119982655925,-0.1739114666244932,6
558,6.025696971172574,6.8750612633917,0.8493642922191258,8
559,6.0228292761381645,6.8750612633917,0.8522319872535356,1
560,6.054607709411629,6.8750612633917,0.8204535539800712,3
561,6.0110325177729775,6.8750612633917,0.8640287456187226,10
562,5.9910392932153185,6.8750612633917,0.8840219701763816,5
563,6.046630588092064,6.8750612633917,0.8284306752996358,7
564,6.013795842996969,6.8750612633917,0.861265420394731,2
565,6.003262411429521,6.8750612633917,0.8717988519621791,9
566,6.047649399178397,6.8750612633917,0.8274118642133033,4
567,6.377928046002263,6.8909795969896885,0.5130515509874254,8
568,6.392368331580927,6.8909795969896885,0.4986112654087611,5
569,6.392221056670187,6.8909795969896885,0.4987585403195016,4
570,6.34057838635797,6.8909795969896885,0.5504012106317182,9
571,6.474945827145287,6.8909795969896885,0.4160337698444012,6
572,6.357724733779406,6.8909795969896885,0.5332548632102823,7
573,6.402495020618708,6.8909795969896885,0.48848457637098086,1
574,6.416479301326351,6.8909795969896885,0.4745002956633373,3
575,6.388564971686626,6.8909795969896885,0.5024146253030626,10
576,6.008169005167019,6.0,-0.00816900516701935,1
577,6.027846114889312,6.0,-0.027846114889311657,4
578,5.960487255672566,6.0,0.03951274432743368,2
579,5.97839064600882,6.0,0.021609353991180136,7
580,6.002951618819036,6.0,-0.0029516188190363835,3
581,6.026191065342877,6.0,-0.02619106534287674,8
582,5.997230564815677,6.0,0.0027694351843230436,6
583,6.0071392095980105,6.0,-0.00713920959801051,5
584,5.998740684524546,6.0,0.0012593154754538816,9
585,4.234579978140214,4.5003737143533735,0.26579373621315927,5
586,4.285438762401274,4.5003737143533735,0.21493495195209977,4
587,4.301040597866998,4.5003737143533735,0.19933311648637542,9
588,4.35960483864974,4.5003737143533735,0.1407688757036336,2
589,4.188301499649623,4.5003737143533735,0.31207221470375046,6
590,4.276386899925696,4.5003737143533735,0.22398681442767732,10
591,4.151025052763938,4.5003737143533735,0.34934866158943567,3
592,4.391686271911031,4.5003737143533735,0.10868744244234296,7
593,4.360312370100304,4.5003737143533735,0.14006134425306982,8
594,6.004783831740758,6.3979400086720375,0.3931561769312797,8
595,5.967079474118107,6.3979400086720375,0.4308605345539309,10
596,5.996816565554942,6.3979400086720375,0.40112344311709514,4
597,5.980524274263564,6.3979400086720375,0.4174157344084737,1
598,5.994096568321105,6.3979400086720375,0.4038434403509328,7
599,6.010403785971399,6.3979400086720375,0.38753622270063826,9
600,5.9998531760106575,6.3979400086720375,0.39808683266138,2
601,6.0486697866623444,6.3979400086720375,0.34927022200969304,6
602,6.045562283094103,6.3979400086720375,0.35237772557793434,3
603,6.309057782419197,6.447158031342219,0.1381002489230223,1
604,6.320411380657325,6.447158031342219,0.1267466506848942,6
605,6.239755911510488,6.447158031342219,0.2074021198317313,3
606,6.34971339781788,6.447158031342219,0.09744463352433907,4
607,6.279153994655404,6.447158031342219,0.16800403668681518,7
608,6.4222858718072064,6.447158031342219,0.024872159535012983,5
609,6.37214795244352,6.447158031342219,0.07501007889869982,10
610,6.200075209873501,6.447158031342219,0.24708282146871863,9
611,6.343916396629376,6.447158031342219,0.10324163471284376,8
612,5.758063545148351,7.267171728403014,1.5091081832546624,1
613,5.685466936171666,7.267171728403014,1.5817047922313474,2
614,5.719289050484439,7.267171728403014,1.547882677918575,8
615,5.764041770192624,7.267171728403014,1.5031299582103896,3
616,5.690475278799303,7.267171728403014,1.5766964496037108,9
617,5.590790625216601,7.267171728403014,1.6763811031864124,7
618,5.735908827118188,7.267171728403014,1.5312629012848253,4
619,5.773434960209474,7.267171728403014,1.49373676819354,10
620,5.788299806985889,7.267171728403014,1.4788719214171246,5
621,6.031919510139154,5.045714058940868,-0.9862054511982858,3
622,5.957004284238723,5.045714058940868,-0.9112902252978543,7
623,5.929813126447727,5.045714058940868,-0.8840990675068587,2
624,5.944678677781369,5.045714058940868,-0.8989646188405009,6
625,5.960504937125832,5.045714058940868,-0.9147908781849639,10
626,5.929472821497201,5.045714058940868,-0.8837587625563321,8
627,5.989144339925924,5.045714058940868,-0.9434302809850559,5
628,5.976478900504515,5.045714058940868,-0.9307648415636463,4
629,5.976749549804002,5.045714058940868,-0.9310354908631338,9
630,5.99172454019234,6.230448921378274,0.23872438118593386,5
631,6.021393482924571,6.230448921378274,0.2090554384537029,2
632,6.008527196498801,6.230448921378274,0.22192172487947293,3
633,5.980462851893369,6.230448921378274,0.24998606948490476,8
634,5.883211124440801,6.230448921378274,0.34723779693747314,4
635,5.9880008303542205,6.230448921378274,0.24244809102405362,10
636,6.005964025865685,6.230448921378274,0.22448489551258888,7
637,5.940189070970806,6.230448921378274,0.2902598504074678,9
638,6.053594820460945,6.230448921378274,0.17685410091732923,6
639,5.557889005149983,4.127104798364807,-1.4307842067851757,3
640,5.603568363704642,4.127104798364807,-1.4764635653398344,7
641,5.4454395493806285,4.127104798364807,-1.3183347510158212,10
642,5.519978900910428,4.127104798364807,-1.3928741025456208,8
643,5.5288413884880425,4.127104798364807,-1.4017365901232353,2
644,5.472073397098915,4.127104798364807,-1.3449685987341073,4
645,5.454640233932087,4.127104798364807,-1.3275354355672802,9
646,5.43874422794101,4.127104798364807,-1.3116394295762026,1
647,5.545965146436465,4.127104798364807,-1.4188603480716582,5
648,5.988498796924436,6.0,0.011501203075564348,7
649,5.9169102946655805,6.0,0.0830897053344195,10
650,5.965930955115676,6.0,0.034069044884324384,2
651,5.985255108924636,6.0,0.01474489107536403,1
652,6.031666472609678,6.0,-0.03166647260967803,3
653,5.975763117575051,6.0,0.024236882424949258,8
654,5.987371734817308,6.0,0.012628265182692111,6
655,6.0661454527802325,6.0,-0.06614545278023254,4
656,6.0334960061676455,6.0,-0.033496006167645476,9
657,6.30250118455546,5.715167357848458,-0.5873338267070025,7
658,6.305221103567706,5.715167357848458,-0.5900537457192483,10
659,6.368186017502588,5.715167357848458,-0.6530186596541308,3
660,6.257247203051543,5.715167357848458,-0.5420798452030855,8
661,6.233643665116351,5.715167357848458,-0.5184763072678935,9
662,6.269071757352812,5.715167357848458,-0.5539043995043542,6
663,6.302946769723198,5.715167357848458,-0.5877794118747399,2
664,6.3106308862319755,5.715167357848458,-0.5954635283835179,4
665,6.313638181513349,5.715167357848458,-0.5984708236648917,5
666,5.9327155289645,6.024046225131059,0.0913306961665592,9
667,5.951108084492582,6.024046225131059,0.07293814063847659,7
668,5.916810899569713,6.024046225131059,0.10723532556134607,2
669,5.944264688494352,6.024046225131059,0.07978153663670717,8
670,5.960932183816315,6.024046225131059,0.06311404131474418,4
671,5.933072833958459,6.024046225131059,0.09097339117260006,5
672,5.957174581999044,6.024046225131059,0.0668716431320151,3
673,5.925328958076822,6.024046225131059,0.09871726705423711,10
674,5.937639612030335,6.024046225131059,0.08640661310072417,1
675,3.3770036100629004,3.645422269349092,0.26841865928619146,4
676,3.477741040228103,3.645422269349092,0.16768122912098882,5
677,3.46153239898488,3.645422269349092,0.183889870364212,9
678,3.5570083639462915,3.645422269349092,0.08841390540280036,10
679,3.565272099408219,3.645422269349092,0.08015016994087265,3
680,3.6783474014681037,3.645422269349092,-0.032925132119011824,6
681,3.617410781608107,3.645422269349092,0.02801148774098472,1
682,3.577962278303224,3.645422269349092,0.06745999104586797,8
683,3.5106460531390677,3.645422269349092,0.1347762162100241,2
684,3.599400517615004,3.146128035678238,-0.4532724819367657,9
685,3.6992401931022023,3.146128035678238,-0.5531121574239641,3
686,3.743200031801671,3.146128035678238,-0.5970719961234328,6
687,3.7056610742900644,3.146128035678238,-0.5595330386118262,10
688,3.741620612009003,3.146128035678238,-0.595492576330765,7
689,3.4595572121374842,3.146128035678238,-0.31342917645924606,4
690,3.6207674109259385,3.146128035678238,-0.4746393752477003,5
691,3.650776494668692,3.146128035678238,-0.5046484589904536,2
692,3.7345771544908306,3.146128035678238,-0.5884491188125924,8
693,3.3770036100629004,2.8750612633917,-0.5019423466712003,4
694,3.5106460531390677,2.8750612633917,-0.6355847897473677,2
695,3.477741040228103,2.8750612633917,-0.602679776836403,5
696,3.577962278303224,2.8750612633917,-0.7029010149115238,8
697,3.5858441329932043,2.8750612633917,-0.7107828696015042,7
698,3.565272099408219,2.8750612633917,-0.6902108360165191,3
699,3.617410781608107,2.8750612633917,-0.742349518216407,1
700,3.46153239898488,2.8750612633917,-0.5864711355931798,9
701,3.5570083639462915,2.8750612633917,-0.6819471005545914,10
702,4.04283887760841,3.3010299956639813,-0.7418088819444284,7
703,4.0577308776326575,3.3010299956639813,-0.7567008819686762,3
704,4.007727806492451,3.3010299956639813,-0.7066978108284694,4
705,3.9709188389804324,3.3010299956639813,-0.6698888433164512,9
706,4.010056719392366,3.3010299956639813,-0.7090267237283845,8
707,4.017595593794578,3.3010299956639813,-0.7165655981305967,10
708,4.0182854543797255,3.3010299956639813,-0.7172554587157443,5
709,4.1482249937081805,3.3010299956639813,-0.8471949980441993,6
710,3.999280193120919,3.3010299956639813,-0.6982501974569377,1
711,3.6568900299078586,3.3138672203691533,-0.34302280953870534,1
712,3.505631302528027,3.3138672203691533,-0.19176408215887353,9
713,3.5619269947778545,3.3138672203691533,-0.2480597744087012,10
714,3.4630941724996918,3.3138672203691533,-0.1492269521305385,4
715,3.60582237518064,3.3138672203691533,-0.2919551548114869,6
716,3.580872485510202,3.3138672203691533,-0.26700526514104883,5
717,3.547493569337494,3.3138672203691533,-0.23362634896834056,2
718,3.5498925021833334,3.3138672203691533,-0.23602528181418014,8
719,3.5457699710269606,3.3138672203691533,-0.2319027506578073,3
720,4.474293922988628,5.905795880367869,1.4315019573792407,4
721,4.542902245642353,5.905795880367869,1.3628936347255154,10
722,4.691042861137761,5.905795880367869,1.2147530192301081,8
723,4.513877286896615,5.905795880367869,1.391918593471254,7
724,4.525451823200457,5.905795880367869,1.3803440571674122,9
725,4.458861775002345,5.905795880367869,1.446934105365524,2
726,4.370081869296216,5.905795880367869,1.5357140110716525,3
727,4.5662904688257235,5.905795880367869,1.3395054115421452,1
728,4.50093492245386,5.905795880367869,1.4048609579140088,5
729,3.542787681328544,2.6989700043360187,-0.8438176769925252,8
730,3.427928801361603,2.6989700043360187,-0.7289587970255842,4
731,3.5730213747502,2.6989700043360187,-0.8740513704141812,6
732,3.550939047221968,2.6989700043360187,-0.8519690428859494,5
733,3.577841006256158,2.6989700043360187,-0.8788710019201393,10
734,3.5465317124838998,2.6989700043360187,-0.847561708147881,1
735,3.4881902447273485,2.6989700043360187,-0.7892202403913298,9
736,3.5118785216729065,2.6989700043360187,-0.8129085173368877,2
737,3.537035197513542,2.6989700043360187,-0.8380651931775231,7
738,4.037932120510929,4.146128035678238,0.10819591516730931,4
739,4.152097537671871,4.146128035678238,-0.005969501993632775,5
740,4.014116553955689,4.146128035678238,0.13201148172254928,1
741,3.997275492748395,4.146128035678238,0.14885254292984307,8
742,4.017918441233134,4.146128035678238,0.12820959444510382,7
743,4.017090590470499,4.146128035678238,0.1290374452077394,9
744,4.087528234571609,4.146128035678238,0.0585998011066291,10
745,4.032032656444648,4.146128035678238,0.11409537923359014,3
746,3.978850946814976,4.146128035678238,0.16727708886326198,2
747,3.789993922203166,3.2430380486862944,-0.5469558735168718,6
748,3.993543466570253,3.2430380486862944,-0.7505054178839585,7
749,4.028477304009874,3.2430380486862944,-0.7854392553235794,2
750,4.058643585136016,3.2430380486862944,-0.8156055364497217,8
751,4.1468374611334475,3.2430380486862944,-0.9037994124471531,3
752,4.023277026297769,3.2430380486862944,-0.7802389776114742,10
753,4.083994589714205,3.2430380486862944,-0.8409565410279107,1
754,4.025314943739316,3.2430380486862944,-0.7822768950530214,9
755,4.074309502328785,3.2430380486862944,-0.8312714536424908,5
756,3.5186507742797666,2.6532125137753435,-0.8654382605044231,3
757,3.3935731230198782,2.6532125137753435,-0.7403606092445347,10
758,3.3672094946447917,2.6532125137753435,-0.7139969808694482,8
759,3.3520655140368274,2.6532125137753435,-0.6988530002614839,9
760,3.371849509795723,2.6532125137753435,-0.7186369960203796,1
761,3.3727022275676695,2.6532125137753435,-0.719489713792326,4
762,3.3740928850932694,2.6532125137753435,-0.7208803713179259,7
763,3.409817283476962,2.6532125137753435,-0.7566047697016183,5
764,3.389564662226869,2.6532125137753435,-0.7363521484515254,2
765,3.201173864853857,2.1089031276673134,-1.0922707371865434,8
766,3.375525700293912,2.1089031276673134,-1.2666225726265985,3
767,3.2473588046369826,2.1089031276673134,-1.1384556769696692,7
768,3.2222772194538334,2.1089031276673134,-1.11337409178652,10
769,3.158910145906538,2.1089031276673134,-1.0500070182392247,9
770,3.2142126177436214,2.1089031276673134,-1.105309490076308,6
771,3.16833594873416,2.1089031276673134,-1.0594328210668467,2
772,3.1496395225501264,2.1089031276673134,-1.040736394882813,4
773,3.159886088916611,2.1089031276673134,-1.0509829612492978,1
774,3.6375311146020937,3.7781512503836434,0.14062013578154975,1
775,3.6872917001602215,3.7781512503836434,0.09085955022342196,6
776,3.599497102098687,3.7781512503836434,0.17865414828495663,4
777,3.6790971734164684,3.7781512503836434,0.09905407696717505,2
778,3.651213921857056,3.7781512503836434,0.12693732852658757,8
779,3.7425366972070115,3.7781512503836434,0.03561455317663187,7
780,3.8443723396182854,3.7781512503836434,-0.06622108923464198,10
781,3.722768542230382,3.7781512503836434,0.05538270815326163,5
782,3.6173929290868063,3.7781512503836434,0.1607583212968371,9
783,3.7425366972070115,3.3010299956639813,-0.4415067015430303,7
784,3.599497102098687,3.3010299956639813,-0.29846710643470553,4
785,3.6872917001602215,3.3010299956639813,-0.3862617044962402,6
786,3.6790971734164684,3.3010299956639813,-0.3780671777524871,2
787,3.722768542230382,3.3010299956639813,-0.42173854656640053,5
788,3.6754408614798253,3.3010299956639813,-0.37441086581584404,3
789,3.6375311146020937,3.3010299956639813,-0.3365011189381124,1
790,3.6173929290868063,3.3010299956639813,-0.31636293342282507,9
791,3.651213921857056,3.3010299956639813,-0.3501839261930746,8
792,3.5807624207266993,3.0,-0.5807624207266993,3
793,3.546354707342715,3.0,-0.5463547073427151,2
794,3.663872377226994,3.0,-0.6638723772269941,10
795,3.510728683619415,3.0,-0.5107286836194151,9
796,3.5502533102146616,3.0,-0.5502533102146616,8
797,3.589462852181939,3.0,-0.589462852181939,6
798,3.6234689466846612,3.0,-0.6234689466846612,7
799,3.5706487172408465,3.0,-0.5706487172408465,1
800,3.6133528879589947,3.0,-0.6133528879589947,5
801,4.328481198777343,4.431363764158987,0.10288256538164386,2
802,4.256207605314144,4.431363764158987,0.17515615884484248,1
803,4.0987829653947125,4.431363764158987,0.3325807987642744,6
804,4.3427475916099745,4.431363764158987,0.08861617254901244,4
805,4.275798525583881,4.431363764158987,0.15556523857510562,8
806,4.201231790649343,4.431363764158987,0.23013197350964365,3
807,4.265715671193382,4.431363764158987,0.165648092965605,10
808,4.190456342881446,4.431363764158987,0.24090742127754083,5
809,4.21347274377831,4.431363764158987,0.21789102038067654,9
810,4.099334251532564,4.423245873936808,0.32391162240424354,6
811,4.472485662570196,4.423245873936808,-0.04923978863338796,4
812,4.3052562787586535,4.423245873936808,0.11798959517815444,3
813,4.358851875206659,4.423245873936808,0.06439399873014917,1
814,4.367812603620212,4.423245873936808,0.05543327031659562,8
815,4.22111463860978,4.423245873936808,0.2021312353270277,9
816,4.390569605462373,4.423245873936808,0.032676268474435055,10
817,4.301750273864793,4.423245873936808,0.12149560007201465,5
818,4.312296289286944,4.423245873936808,0.11094958464986426,2
819,3.830550213800215,4.431363764158987,0.6008135503587719,6
820,4.0174077500407614,4.431363764158987,0.41395601411822547,7
821,4.126828858399406,4.431363764158987,0.30453490575958053,3
822,4.060145687651376,4.431363764158987,0.37121807650761074,1
823,3.955876468859257,4.431363764158987,0.4754872952997298,2
824,4.07474584317933,4.431363764158987,0.35661792097965694,5
825,3.986356659522774,4.431363764158987,0.44500710463621296,9
826,4.103634290500256,4.431363764158987,0.3277294736587306,8
827,4.031605193047566,4.431363764158987,0.39975857111142066,4
828,4.138243543426337,5.544068044350276,1.4058245009239387,8
829,4.155789530217104,5.544068044350276,1.3882785141331713,5
830,4.196080194066893,5.544068044350276,1.347987850283383,4
831,4.139212061658814,5.544068044350276,1.404855982691462,1
832,4.057914339298432,5.544068044350276,1.4861537050518434,2
833,4.008041306446244,5.544068044350276,1.5360267379040318,7
834,4.157808221962649,5.544068044350276,1.3862598223876264,3
835,4.01575878399432,5.544068044350276,1.5283092603559556,9
836,4.1596512631182145,5.544068044350276,1.3844167812320611,10
837,3.780626470862326,3.0,-0.7806264708623258,6
838,3.664044156064496,3.0,-0.6640441560644961,4
839,3.874750086592591,3.0,-0.874750086592591,2
840,3.859389135112061,3.0,-0.8593891351120608,1
841,3.8260909414492312,3.0,-0.8260909414492312,10
842,3.833163571003791,3.0,-0.8331635710037908,3
843,3.8976266675296394,3.0,-0.8976266675296394,9
844,3.8687745642028237,3.0,-0.8687745642028237,7
845,3.8358434929302105,3.0,-0.8358434929302105,5
846,3.8227412542258974,3.1583624920952498,-0.6643787621306476,2
847,3.873517897521721,3.1583624920952498,-0.7151554054264713,10
848,3.812087859112874,3.1583624920952498,-0.6537253670176244,3
849,3.818208333122659,3.1583624920952498,-0.6598458410274093,9
850,3.720113693792513,3.1583624920952498,-0.5617512016972634,4
851,3.884672180381466,3.1583624920952498,-0.7263096882862161,8
852,3.8155299868032087,3.1583624920952498,-0.6571674947079589,7
853,3.7533785351444386,3.1583624920952498,-0.5950160430491889,1
854,3.9584620643658712,3.1583624920952498,-0.8000995722706215,5
855,3.852398954806537,2.740362689494244,-1.1120362653122928,5
856,3.8379111087529494,2.740362689494244,-1.0975484192587053,8
857,3.691652091354282,2.740362689494244,-0.9512894018600377,2
858,3.790465553219267,2.740362689494244,-1.050102863725023,7
859,3.8840131000160807,2.740362689494244,-1.1436504105218366,4
860,3.8427658149670325,2.740362689494244,-1.1024031254727884,1
861,3.6490250526529207,2.740362689494244,-0.9086623631586765,6
862,3.8094449310239242,2.740362689494244,-1.0690822415296801,3
863,3.7448598683958556,2.740362689494244,-1.0044971789016115,9
864,4.166271452388781,3.6232492903979,-0.5430221619908808,2
865,4.211603924845786,3.6232492903979,-0.588354634447886,7
866,4.321611057636669,3.6232492903979,-0.6983617672387687,10
867,4.210445845399041,3.6232492903979,-0.5871965550011415,1
868,4.17539800369713,3.6232492903979,-0.5521487132992302,3
869,4.200501886519907,3.6232492903979,-0.5772525961220074,6
870,4.150878892491928,3.6232492903979,-0.5276296020940281,9
871,4.101439808879778,3.6232492903979,-0.47819051848187843,5
872,4.188870976188486,3.6232492903979,-0.5656216857905862,8
873,6.071606235944932,5.375092713083399,-0.6965135228615331,3
874,6.068796889169437,5.375092713083399,-0.6937041760860376,2
875,6.057118100818822,5.375092713083399,-0.6820253877354228,8
876,6.090946752706061,5.375092713083399,-0.7158540396226618,9
877,6.082079452698839,5.375092713083399,-0.7069867396154397,10
878,6.088858161019613,5.375092713083399,-0.7137654479362139,7
879,6.060356311693275,5.375092713083399,-0.6852635986098763,5
880,6.149182270037328,5.375092713083399,-0.7740895569539292,1
881,6.110402557537405,5.375092713083399,-0.7353098444540063,4
882,6.120415953478105,6.361727836017593,0.2413118825394882,4
883,6.073999686489331,6.361727836017593,0.2877281495282622,5
884,6.129444419857572,6.361727836017593,0.2322834161600209,1
885,6.094982404450504,6.361727836017593,0.26674543156708896,2
886,6.103088445855616,6.361727836017593,0.258639390161977,3
887,6.094121150836901,6.361727836017593,0.2676066851806924,6
888,6.115916639126977,6.361727836017593,0.24581119689061648,9
889,6.0681289810097585,6.361727836017593,0.29359885500783456,7
890,6.085870730039026,6.361727836017593,0.2758571059785675,8
891,6.022032539014813,6.409933123331294,0.38790058431648156,10
892,5.995990954707803,6.409933123331294,0.41394216862349076,8
893,6.016632522489097,6.409933123331294,0.3933006008421973,3
894,6.015133940879133,6.409933123331294,0.39479918245216084,6
895,6.054274659834805,6.409933123331294,0.3556584634964892,7
896,6.063150087319283,6.409933123331294,0.34678303601201144,4
897,6.020679129431118,6.409933123331294,0.38925399390017645,9
898,6.002386279716814,6.409933123331294,0.40754684361448046,5
899,6.021696729363684,6.409933123331294,0.38823639396761056,2
900,6.617767753855239,6.477121254719663,-0.1406464991355767,10
901,6.577658922690029,6.477121254719663,-0.10053766797036623,7
902,6.5893406999326665,6.477121254719663,-0.11221944521300387,1
903,6.448085565746371,6.477121254719663,0.02903568897329123,4
904,6.59274759253384,6.477121254719663,-0.1156263378141773,3
905,6.559441216144578,6.477121254719663,-0.08231996142491571,9
906,6.365221437244578,6.477121254719663,0.11189981747508426,8
907,6.60372395119085,6.477121254719663,-0.1266026964711875,5
908,6.585732122542395,6.477121254719663,-0.10861086782273244,6
909,6.145596861076278,7.021189299069938,0.8755924379936602,3
910,6.144352137145692,7.021189299069938,0.8768371619242465,8
911,6.140323395877075,7.021189299069938,0.8808659031928636,5
912,6.201873014309017,7.021189299069938,0.8193162847609212,4
913,6.224828901232936,7.021189299069938,0.7963603978370024,10
914,6.133969632656699,7.021189299069938,0.8872196664132392,9
915,6.154454139567232,7.021189299069938,0.8667351595027064,6
916,6.312879484403957,7.021189299069938,0.7083098146659816,7
917,6.151429373871586,7.021189299069938,0.8697599251983519,1
918,4.660352299545782,3.413299764081252,-1.2470525354645297,9
919,4.439380046765912,3.413299764081252,-1.02608028268466,5
920,4.3788713774786565,3.413299764081252,-0.9655716133974046,4
921,4.471447962164995,3.413299764081252,-1.0581481980837433,8
922,4.7082273117950555,3.413299764081252,-1.2949275477138036,7
923,4.715618365978899,3.413299764081252,-1.302318601897647,10
924,4.625687170218949,3.413299764081252,-1.2123874061376974,1
925,4.413505843989364,3.413299764081252,-1.0002060799081125,3
926,4.64951863426095,3.413299764081252,-1.2362188701796981,2
927,4.899850123685186,4.260071387985075,-0.6397787357001112,1
928,4.888727594336253,4.260071387985075,-0.6286562063511782,10
929,4.985738287399602,4.260071387985075,-0.7256668994145272,6
930,4.953648762850714,4.260071387985075,-0.6935773748656393,3
931,5.03228916624181,4.260071387985075,-0.772217778256735,4
932,5.096787999832664,4.260071387985075,-0.8367166118475886,7
933,4.956853658064251,4.260071387985075,-0.6967822700791757,2
934,4.948023930261782,4.260071387985075,-0.6879525422767072,8
935,4.830191430577545,4.260071387985075,-0.5701200425924702,5
936,6.053565590559727,6.0,-0.053565590559727205,5
937,6.091626678295662,6.0,-0.09162667829566207,7
938,6.036530004770509,6.0,-0.03653000477050927,1
939,6.031998917736668,6.0,-0.03199891773666774,8
940,6.068958118174212,6.0,-0.06895811817421205,2
941,6.0924724557092125,6.0,-0.09247245570921248,4
942,6.016797029550932,6.0,-0.016797029550931875,10
943,6.047118238226782,6.0,-0.04711823822678163,9
944,6.039089776448195,6.0,-0.039089776448195224,3
945,6.2331502963940375,6.740362689494244,0.5072123931002066,10
946,6.241943155345318,6.740362689494244,0.49841953414892615,5
947,6.332903367319861,6.740362689494244,0.4074593221743834,9
948,6.230733666626337,6.740362689494244,0.509629022867907,8
949,6.2592549005919365,6.740362689494244,0.48110778890230765,3
950,6.209646044902683,6.740362689494244,0.5307166445915614,7
951,6.273662709225505,6.740362689494244,0.46669998026873927,2
952,6.303807498961512,6.740362689494244,0.43655519053273206,4
953,6.289242730026266,6.740362689494244,0.4511199594679782,1
954,6.2826592724287345,6.099231615080882,-0.1834276573478526,8
955,6.362641569418798,6.099231615080882,-0.2634099543379165,6
956,6.366140475958455,6.099231615080882,-0.2669088608775727,9
957,6.421559271095612,6.099231615080882,-0.3223276560147301,1
958,6.368682329559887,6.099231615080882,-0.2694507144790048,2
959,6.384462593601724,6.099231615080882,-0.28523097852084245,10
960,6.369262803650093,6.099231615080882,-0.27003118856921127,7
961,6.399460806349632,6.099231615080882,-0.30022919126875003,4
962,6.409086521792627,6.099231615080882,-0.3098549067117453,3
963,6.098608483152195,6.431363764158987,0.33275528100679175,3
964,6.209275524052853,6.431363764158987,0.22208824010613348,7
965,6.077751727224398,6.431363764158987,0.35361203693458876,1
966,6.082979669661333,6.431363764158987,0.3483840944976535,8
967,6.112482691894445,6.431363764158987,0.3188810722645421,6
968,6.115886138687278,6.431363764158987,0.31547762547170866,9
969,6.109109803260025,6.431363764158987,0.3222539608989621,10
970,6.14288895492018,6.431363764158987,0.28847480923880653,4
971,6.091772360971842,6.431363764158987,0.33959140318714454,5
972,6.061914240055268,4.6464037262230695,-1.4155105138321984,4
973,6.0720044651045955,4.6464037262230695,-1.425600738881526,10
974,5.957359464809491,4.6464037262230695,-1.3109557385864212,2
975,6.028480499494479,4.6464037262230695,-1.3820767732714092,5
976,6.046459720936088,4.6464037262230695,-1.4000559947130187,8
977,6.0397017710493905,4.6464037262230695,-1.393298044826321,9
978,5.994102768876858,4.6464037262230695,-1.3476990426537885,6
979,6.041057128607605,4.6464037262230695,-1.3946534023845354,3
980,6.043963138753048,4.6464037262230695,-1.3975594125299784,1
981,6.271041290679206,6.142702245737616,-0.12833904494159043,9
982,6.275818528635,6.142702245737616,-0.13311628289738398,6
983,6.284900009512099,6.142702245737616,-0.14219776377448312,4
984,6.159406350371407,6.142702245737616,-0.01670410463379124,7
985,6.282498603019563,6.142702245737616,-0.13979635728194673,3
986,6.269690781792634,6.142702245737616,-0.12698853605501803,5
987,6.210711267841418,6.142702245737616,-0.06800902210380233,8
988,6.2841391377156155,6.142702245737616,-0.14143689197799958,10
989,6.265110890622651,6.142702245737616,-0.12240864488503522,2
990,6.25086817777894,6.431363764158987,0.18049558638004726,7
991,6.272456717788418,6.431363764158987,0.15890704637056885,8
992,6.2702131294466765,6.431363764158987,0.1611506347123104,9
993,6.258932233994496,6.431363764158987,0.17243153016449053,2
994,6.217550537019198,6.431363764158987,0.2138132271397888,5
995,6.197832014020796,6.431363764158987,0.23353175013819083,3
996,6.257775197332233,6.431363764158987,0.17358856682675405,4
997,6.242432291398805,6.431363764158987,0.1889314727601823,10
998,6.262169547337454,6.431363764158987,0.16919421682153324,1
999,6.0917827542741625,6.19258417809083,0.10080142381666768,2
1000,6.103194090404027,6.19258417809083,0.08939008768680345,6
1001,6.201590001600059,6.19258417809083,-0.00900582350922896,9
1002,6.077673786879043,6.19258417809083,0.11491039121178748,4
1003,6.092184110022068,6.19258417809083,0.10040006806876178,10
1004,6.1428514506921665,6.19258417809083,0.049732727398663634,8
1005,6.130912543399322,6.19258417809083,0.061671634691507826,5
1006,6.10395781402102,6.19258417809083,0.08862636406981039,1
1007,6.104873818830544,6.19258417809083,0.08771035926028592,7
1008,6.079595330208722,6.238046103128795,0.15845077292007304,1
1009,6.132599967429328,6.238046103128795,0.10544613569946737,6
1010,6.133268194185652,6.238046103128795,0.10477790894314332,4
1011,6.133410102801543,6.238046103128795,0.10463600032725218,7
1012,6.079701369108826,6.238046103128795,0.15834473401996885,3
1013,6.0630421420178005,6.238046103128795,0.1750039611109946,10
1014,6.0958804233348785,6.238046103128795,0.1421656797939166,2
1015,6.093859141215254,6.238046103128795,0.1441869619135412,8
1016,6.082351439962921,6.238046103128795,0.15569466316587377,5
1017,6.11453555247072,6.950851458888547,0.8363159064178269,6
1018,6.121315502669797,6.950851458888547,0.8295359562187494,10
1019,6.058140078224039,6.950851458888547,0.8927113806645082,2
1020,6.134241788156808,6.950851458888547,0.8166096707317392,9
1021,6.10362040615669,6.950851458888547,0.847231052731857,1
1022,6.151212051653199,6.950851458888547,0.7996394072353477,4
1023,6.083366524070721,6.950851458888547,0.867484934817826,5
1024,6.063856560939216,6.950851458888547,0.8869948979493305,8
1025,6.2146942873818976,6.950851458888547,0.7361571715066493,7
1026,5.981781203595835,4.819543935541868,-1.1622372680539668,2
1027,6.020042769991429,4.819543935541868,-1.2004988344495606,9
1028,6.002572202379096,4.819543935541868,-1.183028266837228,1
1029,6.001826822765371,4.819543935541868,-1.1822828872235025,4
1030,5.990026703816096,4.819543935541868,-1.170482768274228,10
1031,5.993365522222905,4.819543935541868,-1.1738215866810364,3
1032,5.9441439440242325,4.819543935541868,-1.1246000084823642,8
1033,5.9684675678046855,4.819543935541868,-1.1489236322628171,5
1034,5.972565664920613,4.819543935541868,-1.1530217293787448,6
1035,5.910848971471873,4.716504163773217,-1.1943448076986565,4
1036,5.8913787945457,4.716504163773217,-1.174874630772483,7
1037,5.8399148933092,4.716504163773217,-1.1234107295359834,3
1038,5.8910235031887455,4.716504163773217,-1.1745193394155287,9
1039,5.919420802539731,4.716504163773217,-1.2029166387665144,6
1040,5.92643967136844,4.716504163773217,-1.2099355075952234,5
1041,5.972872593399328,4.716504163773217,-1.2563684296261108,1
1042,5.9371745026536065,4.716504163773217,-1.2206703388803897,8
1043,5.935005108719264,4.716504163773217,-1.2185009449460473,10
1044,6.168371064386666,6.612783856719736,0.4444127923330701,7
1045,6.192935103124671,6.612783856719736,0.41984875359506546,9
1046,6.112945309257952,6.612783856719736,0.4998385474617839,2
1047,6.089112520785412,6.612783856719736,0.5236713359343241,1
1048,6.143986452132477,6.612783856719736,0.46879740458725916,4
1049,6.113724519692519,6.612783856719736,0.4990593370272176,10
1050,6.084708226733942,6.612783856719736,0.5280756299857945,3
1051,6.147667693611714,6.612783856719736,0.4651161631080223,6
1052,6.083397221204536,6.612783856719736,0.5293866355152002,5
1053,6.022684664381352,5.7160033436348,-0.3066813207465513,4
1054,5.981829182387295,5.7160033436348,-0.26582583875249455,9
1055,5.999934020069309,5.7160033436348,-0.2839306764345091,7
1056,5.979827340598325,5.7160033436348,-0.26382399696352454,3
1057,5.954691486530956,5.7160033436348,-0.23868814289615603,5
1058,5.965056353417118,5.7160033436348,-0.24905300978231804,10
1059,5.972821807202637,5.7160033436348,-0.25681846356783655,1
1060,5.971920723242404,5.7160033436348,-0.2559173796076033,2
1061,5.96620370604811,5.7160033436348,-0.25020036241330956,8
1062,5.954800413403741,6.3979400086720375,0.4431395952682964,2
1063,5.962043244039719,6.3979400086720375,0.43589676463231886,8
1064,5.953309190493318,6.3979400086720375,0.4446308181787195,5
1065,5.958467503218092,6.3979400086720375,0.43947250545394567,1
1066,5.934575304649201,6.3979400086720375,0.4633647040228368,10
1067,5.966421899953121,6.3979400086720375,0.43151810871891616,7
1068,5.96965691669489,6.3979400086720375,0.4282830919771472,3
1069,6.016924938708951,6.3979400086720375,0.38101506996308654,4
1070,5.961143620699106,6.3979400086720375,0.4367963879729313,9
1071,5.975304617183043,6.077258863692948,0.10195424650990503,7
1072,5.944597321721326,6.077258863692948,0.13266154197162194,10
1073,5.950696119299453,6.077258863692948,0.12656274439349513,6
1074,5.974937273866144,6.077258863692948,0.10232158982680417,1
1075,5.962884005975806,6.077258863692948,0.11437485771714151,3
1076,5.9747571097662275,6.077258863692948,0.10250175392672034,2
1077,5.953384617405837,6.077258863692948,0.12387424628711052,9
1078,5.940686993555658,6.077258863692948,0.13657187013729022,5
1079,5.991044064778833,6.077258863692948,0.08621479891411532,4
1080,6.200102880992256,6.614897216033135,0.41479433504087915,8
1081,6.166668044516697,6.614897216033135,0.4482291715164388,2
1082,6.292493238856412,6.614897216033135,0.3224039771767231,7
1083,6.283893738278647,6.614897216033135,0.33100347775448835,9
1084,6.25592247086007,6.614897216033135,0.3589747451730654,6
1085,6.281066359546003,6.614897216033135,0.3338308564871326,4
1086,6.2887432208771665,6.614897216033135,0.3261539951559689,1
1087,6.231944488091016,6.614897216033135,0.38295272794211943,3
1088,6.242030879905376,6.614897216033135,0.37286633612775955,10
1089,5.413763518605338,5.00902574208691,-0.40473777651842724,5
1090,5.419232156734993,5.00902574208691,-0.4102064146480826,4
1091,5.434326304525372,5.00902574208691,-0.42530056243846115,1
1092,5.457606720479266,5.00902574208691,-0.44858097839235533,8
1093,5.41765614139942,5.00902574208691,-0.4086303993125098,6
1094,5.223803408751022,5.00902574208691,-0.21477766666411124,9
1095,5.389615624801434,5.00902574208691,-0.3805898827145233,7
1096,5.537862537276606,5.00902574208691,-0.5288367951896955,3
1097,5.39414654928355,5.00902574208691,-0.3851208071966399,2
1098,5.456312233569925,5.37383114507383,-0.08248108849609448,3
1099,5.234814964799654,5.37383114507383,0.13901618027417673,2
1100,5.236197613965725,5.37383114507383,0.13763353110810517,6
1101,5.309351949608382,5.37383114507383,0.06447919546544867,7
1102,5.42315477571233,5.37383114507383,-0.04932363063849987,8
1103,5.219314212028001,5.37383114507383,0.15451693304582914,4
1104,5.245001287882981,5.37383114507383,0.1288298571908495,5
1105,5.242503896747149,5.37383114507383,0.13132724832668163,10
1106,5.207358981655782,5.37383114507383,0.1664721634180486,1
1107,5.973844812452134,6.477121254719663,0.5032764422675289,10
1108,5.971395697853675,6.477121254719663,0.505725556865988,8
1109,6.02409840313171,6.477121254719663,0.45302285158795286,4
1110,5.997181055997561,6.477121254719663,0.4799401987221019,5
1111,6.003555572867778,6.477121254719663,0.47356568185188497,2
1112,6.012596748407427,6.477121254719663,0.46452450631223563,3
1113,5.992251475317394,6.477121254719663,0.4848697794022687,6
1114,6.032521807671957,6.477121254719663,0.4445994470477057,9
1115,6.051570838375776,6.477121254719663,0.4255504163438868,7
1116,5.9146167278687365,4.862250674597925,-1.052366053270812,10
1117,5.967986302459385,4.862250674597925,-1.1057356278614607,7
1118,5.921313690976903,4.862250674597925,-1.0590630163789783,5
1119,5.942786425254846,4.862250674597925,-1.0805357506569218,3
1120,5.904884616850689,4.862250674597925,-1.0426339422527642,8
1121,5.987532896668287,4.862250674597925,-1.1252822220703624,4
1122,5.909404899315627,4.862250674597925,-1.0471542247177021,2
1123,5.9244046544455875,4.862250674597925,-1.062153979847663,9
1124,5.946459804368719,4.862250674597925,-1.0842091297707945,6
1125,5.876112316865374,6.466867620354109,0.5907553034887352,8
1126,5.8849187672531285,6.466867620354109,0.5819488531009807,9
1127,5.882085243531528,6.466867620354109,0.5847823768225808,5
1128,5.916276756679572,6.466867620354109,0.5505908636745369,4
1129,5.80901018854911,6.466867620354109,0.6578574318049988,10
1130,5.861773095516553,6.466867620354109,0.6050945248375559,7
1131,5.820523795883795,6.466867620354109,0.6463438244703141,1
1132,5.86760883686583,6.466867620354109,0.5992587834882794,2
1133,5.744062449201963,6.466867620354109,0.7228051711521459,3
1134,6.076211028837577,5.188084373714938,-0.8881266551226386,6
1135,6.101891056684027,5.188084373714938,-0.9138066829690894,9
1136,6.080504818470896,5.188084373714938,-0.8924204447559578,3
1137,6.117721543288977,5.188084373714938,-0.9296371695740389,8
1138,6.058467172171037,5.188084373714938,-0.8703827984560988,7
1139,6.056031925955445,5.188084373714938,-0.8679475522405067,5
1140,6.046422472006416,5.188084373714938,-0.8583380982914779,2
1141,6.104875451959149,5.188084373714938,-0.916791078244211,10
1142,6.121326085614215,5.188084373714938,-0.9332417118992771,1
1143,6.155430027792969,6.079181246047625,-0.07624878174534366,9
1144,6.192932220750822,6.079181246047625,-0.11375097470319684,3
1145,6.128203366508497,6.079181246047625,-0.04902212046087229,5
1146,6.2072613484644625,6.079181246047625,-0.12808010241683743,10
1147,6.196864208788043,6.079181246047625,-0.11768296274041745,4
1148,6.219451538999449,6.079181246047625,-0.1402702929518238,2
1149,6.082795352712601,6.079181246047625,-0.003614106664976191,6
1150,6.152762168428239,6.079181246047625,-0.07358092238061431,7
1151,6.205230410412846,6.079181246047625,-0.12604916436522107,1
1152,6.103881963454199,6.146128035678238,0.042246072224038755,4
1153,6.101455089397871,6.146128035678238,0.04467294628036722,6
1154,6.058796718240647,6.146128035678238,0.0873313174375916,1
1155,6.098644417823586,6.146128035678238,0.04748361785465249,9
1156,6.010627061911983,6.146128035678238,0.13550097376625558,10
1157,6.039278268146676,6.146128035678238,0.10684976753156228,5
1158,5.959817832894232,6.146128035678238,0.18631020278400623,8
1159,6.11707779378625,6.146128035678238,0.029050241891988016,7
1160,6.026483343607925,6.146128035678238,0.11964469207031314,3
1161,5.9533132445885135,5.326335860928752,-0.6269773836597619,2
1162,6.013080954857087,5.326335860928752,-0.6867450939283355,7
1163,5.946794819105723,5.326335860928752,-0.6204589581769717,8
1164,5.941265048552993,5.326335860928752,-0.6149291876242415,5
1165,5.969183566783572,5.326335860928752,-0.6428477058548205,1
1166,5.946768295741646,5.326335860928752,-0.6204324348128942,10
1167,5.988787545011507,5.326335860928752,-0.6624516840827557,6
1168,5.964673808436129,5.326335860928752,-0.6383379475073774,3
1169,6.011314197203211,5.326335860928752,-0.684978336274459,9
1170,6.122637868557185,6.768638101247615,0.6460002326904295,5
1171,6.021129159787316,6.768638101247615,0.7475089414602989,8
1172,6.049352355409261,6.768638101247615,0.7192857458383539,3
1173,6.064825874847182,6.768638101247615,0.7038122264004327,2
1174,6.065067256300721,6.768638101247615,0.7035708449468938,6
1175,6.0614851824451454,6.768638101247615,0.7071529188024694,1
1176,6.022520031962119,6.768638101247615,0.7461180692854956,7
1177,6.135471642744336,6.768638101247615,0.633166458503279,9
1178,6.085305312196827,6.768638101247615,0.6833327890507883,4
1179,5.977724592597834,5.48572142648158,-0.4920031661162545,9
1180,5.992107580683206,5.48572142648158,-0.5063861542016266,3
1181,6.036439412022893,5.48572142648158,-0.5507179855413131,6
1182,5.949114433592027,5.48572142648158,-0.4633930071104473,10
1183,5.9730688459376315,5.48572142648158,-0.48734741945605187,1
1184,5.974185622759936,5.48572142648158,-0.4884641962783567,8
1185,5.953747251466106,5.48572142648158,-0.46802582498452594,5
1186,5.968970824668881,5.48572142648158,-0.4832493981873016,2
1187,6.041700914834123,5.48572142648158,-0.5559794883525431,7
1188,6.017892078610974,5.507072896756503,-0.5108191818544716,10
1189,5.994297126735621,5.507072896756503,-0.48722422997911785,9
1190,6.016029324563883,5.507072896756503,-0.5089564278073802,2
1191,6.031596010615757,5.507072896756503,-0.5245231138592539,8
1192,6.008631709373766,5.507072896756503,-0.5015588126172634,5
1193,6.072791287693161,5.507072896756503,-0.5657183909366585,4
1194,6.003981657539929,5.507072896756503,-0.49690876078342594,3
1195,6.089382150134835,5.507072896756503,-0.5823092533783321,7
1196,6.036839333464115,5.507072896756503,-0.5297664367076118,1
1197,5.96614624637432,5.08361010516231,-0.8825361412120101,1
1198,5.955556594503836,5.08361010516231,-0.8719464893415259,3
1199,5.959266336181974,5.08361010516231,-0.875656231019664,2
1200,5.963206947415492,5.08361010516231,-0.8795968422531821,5
1201,5.970949124564202,5.08361010516231,-0.8873390194018915,9
1202,5.985692810458813,5.08361010516231,-0.902082705296503,6
1203,5.9607096739032315,5.08361010516231,-0.8770995687409213,10
1204,5.975876189511853,5.08361010516231,-0.8922660843495427,8
1205,6.024413234156449,5.08361010516231,-0.9408031289941388,4
1206,6.107374712334412,6.156851901070011,0.04947718873559914,5
1207,6.14859751231046,6.156851901070011,0.008254388759550757,9
1208,6.153389689585122,6.156851901070011,0.0034622114848890106,6
1209,6.1766956544962595,6.156851901070011,-0.019843753426248334,4
1210,6.179663376575694,6.156851901070011,-0.022811475505682743,1
1211,6.1392066912840235,6.156851901070011,0.017645209785987603,2
1212,6.1241249252238825,6.156851901070011,0.0327269758461286,3
1213,6.177383284841898,6.156851901070011,-0.020531383771887235,7
1214,6.15864667421435,6.156851901070011,-0.001794773144339068,8
1215,6.018186263392271,5.676693609624866,-0.34149265376740434,5
1216,6.354309339519396,5.676693609624866,-0.67761572989453,10
1217,6.083617720696534,5.676693609624866,-0.4069241110716675,9
1218,6.096199634900841,5.676693609624866,-0.41950602527597436,3
1219,6.0776087492763144,5.676693609624866,-0.4009151396514481,4
1220,6.117568036840925,5.676693609624866,-0.44087442721605896,6
1221,6.03945601816522,5.676693609624866,-0.3627624085403536,2
1222,6.077625469482407,5.676693609624866,-0.40093185985754065,8
1223,6.091411119872336,5.676693609624866,-0.4147175102474696,7
1224,6.772425898749008,7.252853030979893,0.4804271322308855,1
1225,6.640644424053147,7.252853030979893,0.6122086069267461,8
1226,6.773517988346497,7.252853030979893,0.4793350426333962,10
1227,6.742552606030013,7.252853030979893,0.5103004249498806,2
1228,6.741593728943369,7.252853030979893,0.5112593020365246,6
1229,6.733412293353694,7.252853030979893,0.5194407376261996,4
1230,6.794379719141199,7.252853030979893,0.4584733118386941,3
1231,6.734394893450765,7.252853030979893,0.5184581375291284,9
1232,6.726768421265371,7.252853030979893,0.5260846097145224,7
1233,6.489233821221692,6.301029995663981,-0.18820382555771076,5
1234,6.52113773188606,6.301029995663981,-0.22010773622207847,2
1235,6.482450735992096,6.301029995663981,-0.1814207403281145,8
1236,6.557926002760663,6.301029995663981,-0.2568960070966817,3
1237,6.60213452343463,6.301029995663981,-0.301104527770649,10
1238,6.574789595290691,6.301029995663981,-0.27375959962671015,4
1239,6.55185372292924,6.301029995663981,-0.25082372726525914,9
1240,6.589436213483997,6.301029995663981,-0.2884062178200155,7
1241,6.581928975272838,6.301029995663981,-0.2808989796088568,1
1242,6.577142749511373,6.477121254719663,-0.10002149479171063,1
1243,6.5684463676999245,6.477121254719663,-0.09132511298026191,9
1244,6.574586624897145,6.477121254719663,-0.09746537017748214,7
1245,6.587914285007296,6.477121254719663,-0.11079303028763299,4
1246,6.5277413504786175,6.477121254719663,-0.050620095758954875,2
1247,6.480283846023161,6.477121254719663,-0.0031625913034982744,8
1248,6.6400956800681605,6.477121254719663,-0.16297442534849793,6
1249,6.604552937034802,6.477121254719663,-0.12743168231513913,10
1250,6.568304948120479,6.477121254719663,-0.09118369340081678,3
1251,5.974021363515794,6.361727836017593,0.3877064725017991,2
1252,5.981382450395522,6.361727836017593,0.3803453856220713,1
1253,5.9556779071081225,6.361727836017593,0.40604992890947056,8
1254,5.963782102508588,6.361727836017593,0.39794573350900464,10
1255,6.004505396959973,6.361727836017593,0.35722243905761975,9
1256,6.0288407232127375,6.361727836017593,0.3328871128048556,4
1257,6.015643562443571,6.361727836017593,0.3460842735740224,7
1258,5.967040725718658,6.361727836017593,0.39468711029893466,3
1259,5.983699376491386,6.361727836017593,0.3780284595262069,6
1260,5.730806672930479,6.079181246047625,0.34837457311714637,2
1261,5.626710381342793,6.079181246047625,0.4524708647048321,1
1262,5.737486873425412,6.079181246047625,0.34169437262221347,7
1263,5.766236084754596,6.079181246047625,0.31294516129302874,3
1264,5.701201999412798,6.079181246047625,0.37797924663482707,5
1265,5.774679493745161,6.079181246047625,0.304501752302464,10
1266,5.497910480099556,6.079181246047625,0.5812707659480694,6
1267,5.7078965658412475,6.079181246047625,0.3712846802063776,9
1268,5.737946733470458,6.079181246047625,0.3412345125771674,8
1269,5.8520605356863555,4.396199347095736,-1.4558611885906192,10
1270,5.804853871141358,4.396199347095736,-1.4086545240456214,6
1271,5.8400087013708655,4.396199347095736,-1.4438093542751291,3
1272,5.804852812390989,4.396199347095736,-1.4086534652952523,7
1273,5.825947239838996,4.396199347095736,-1.4297478927432596,8
1274,5.7641356873980465,4.396199347095736,-1.3679363403023101,9
1275,5.80284111711406,4.396199347095736,-1.4066417700183234,5
1276,5.775179183555808,4.396199347095736,-1.378979836460072,4
1277,5.844231365992198,4.396199347095736,-1.4480320188964617,1
1278,5.97415500965448,6.14705767102836,0.17290266137387977,5
1279,5.984477150717288,6.14705767102836,0.16258052031107262,10
1280,5.963650990596446,6.14705767102836,0.1834066804319141,7
1281,5.938226742381022,6.14705767102836,0.20883092864733843,3
1282,5.988931879883862,6.14705767102836,0.15812579114449843,9
1283,5.937969117832683,6.14705767102836,0.2090885531956772,8
1284,5.942373225293471,6.14705767102836,0.2046844457348893,1
1285,5.982703244954246,6.14705767102836,0.1643544260741141,6
1286,5.933975754258755,6.14705767102836,0.21308191676960497,2
1287,6.062833292777725,5.195456833628169,-0.8673764591495559,8
1288,6.113724519692519,5.195456833628169,-0.9182676860643495,10
1289,6.168371064386666,5.195456833628169,-0.972914230758497,7
1290,6.147667693611714,5.195456833628169,-0.9522108599835448,6
1291,6.112945309257952,5.195456833628169,-0.9174884756297832,2
1292,6.089112520785412,5.195456833628169,-0.893655687157243,1
1293,6.143986452132477,5.195456833628169,-0.948529618504308,4
1294,6.084708226733942,5.195456833628169,-0.8892513931057726,3
1295,6.083397221204536,5.195456833628169,-0.887940387576367,5
1296,5.967882894335125,5.643551368562945,-0.3243315257721804,8
1297,5.990571341967946,5.643551368562945,-0.34701997340500057,4
1298,6.006518298964172,5.643551368562945,-0.3629669304012273,9
1299,6.004273556777039,5.643551368562945,-0.3607221882140941,1
1300,5.9629390730100615,5.643551368562945,-0.3193877044471165,10
1301,6.0061025057355915,5.643551368562945,-0.3625511371726464,6
1302,5.884447886871023,5.643551368562945,-0.24089651830807757,3
1303,5.9934658363347,5.643551368562945,-0.3499144677717547,5
1304,6.049087531447423,5.643551368562945,-0.405536162884478,2
1305,5.891473935249646,6.016197353512439,0.12472341826279276,10
1306,5.871765641926882,6.016197353512439,0.14443171158555668,1
1307,5.782175731235884,6.016197353512439,0.23402162227655499,9
1308,5.8373188019615165,6.016197353512439,0.17887855155092236,8
1309,5.876050082401165,6.016197353512439,0.14014727111127367,7
1310,5.824366772236288,6.016197353512439,0.19183058127615116,4
1311,5.812023792324168,6.016197353512439,0.2041735611882709,5
1312,5.898831172300353,6.016197353512439,0.11736618121208586,2
1313,5.846291795620525,6.016197353512439,0.16990555789191397,3
1314,5.8155430262254,6.079181246047625,0.2636382198222247,8
1315,5.847347282350197,6.079181246047625,0.23183396369742848,10
1316,5.889025815694447,6.079181246047625,0.19015543035317783,2
1317,5.840168996365679,6.079181246047625,0.239012249681946,1
1318,5.787254691170562,6.079181246047625,0.29192655487706354,6
1319,5.781885103895048,6.079181246047625,0.29729614215257705,5
1320,5.803224934028402,6.079181246047625,0.27595631201922277,7
1321,5.74871273227024,6.079181246047625,0.33046851377738484,4
1322,5.819665827410803,6.079181246047625,0.2595154186368225,3
1323,6.024787840551991,6.146128035678238,0.12134019512624761,9
1324,6.058828386767845,6.146128035678238,0.08729964891039277,7
1325,6.021250621537643,6.146128035678238,0.12487741414059528,6
1326,5.968357285930754,6.146128035678238,0.1777707497474843,8
1327,5.999584954781599,6.146128035678238,0.14654308089663903,10
1328,6.0063496629382325,6.146128035678238,0.1397783727400057,1
1329,6.011679440536185,6.146128035678238,0.13444859514205287,3
1330,5.991022281656946,6.146128035678238,0.15510575402129234,5
1331,6.008207284226857,6.146128035678238,0.13792075145138138,2
1332,5.742674544974377,6.0,0.2573254550256232,3
1333,5.8408457352389,6.0,0.15915426476110017,1
1334,5.537066889362214,6.0,0.46293311063778564,5
1335,5.820157923511565,6.0,0.17984207648843498,9
1336,5.812253933796611,6.0,0.18774606620338918,4
1337,5.749427522318053,6.0,0.25057247768194735,7
1338,5.794150822766226,6.0,0.20584917723377405,10
1339,5.806427071603964,6.0,0.19357292839603613,8
1340,5.863396062377534,6.0,0.13660393762246592,6
1341,4.939503555087262,4.113943352306837,-0.8255602027804247,1
1342,4.878889707210053,4.113943352306837,-0.7649463549032163,5
1343,4.996249733305928,4.113943352306837,-0.8823063809990908,7
1344,4.942325085227266,4.113943352306837,-0.8283817329204295,9
1345,4.933844817235718,4.113943352306837,-0.8199014649288809,6
1346,4.9243779432162995,4.113943352306837,-0.8104345909094626,2
1347,4.942599718616257,4.113943352306837,-0.8286563663094197,10
1348,4.87847931503676,4.113943352306837,-0.7645359627299229,3
1349,4.881276872474312,4.113943352306837,-0.7673335201674751,4
1350,6.08589667589497,6.577491799837225,0.4915951239422549,3
1351,6.015542703224594,6.577491799837225,0.561949096612631,8
1352,6.184897413854909,6.577491799837225,0.3925943859823162,7
1353,6.069116563056769,6.577491799837225,0.5083752367804557,10
1354,6.118640074945287,6.577491799837225,0.4588517248919377,4
1355,6.1060320355891795,6.577491799837225,0.4714597642480456,5
1356,6.111677625369129,6.577491799837225,0.4658141744680959,2
1357,6.114131143875341,6.577491799837225,0.4633606559618837,6
1358,6.070399008381667,6.577491799837225,0.5070927914555581,1
1359,6.323380930015919,5.472756449317212,-0.8506244806987064,5
1360,6.218416518683162,5.472756449317212,-0.7456600693659494,8
1361,6.354607914063641,5.472756449317212,-0.8818514647464291,1
1362,6.283015492051017,5.472756449317212,-0.8102590427338043,3
1363,6.365505625514867,5.472756449317212,-0.8927491761976549,7
1364,6.3535675442721855,5.472756449317212,-0.8808110949549732,2
1365,6.2981963650954365,5.472756449317212,-0.8254399157782242,10
1366,6.317024487190546,5.472756449317212,-0.8442680378733334,4
1367,6.368694225188575,5.472756449317212,-0.8959377758713627,6
1368,6.359516959347088,6.334453751150931,-0.025063208196157483,5
1369,6.430886337048914,6.334453751150931,-0.09643258589798354,1
1370,6.392243751109925,6.334453751150931,-0.057789999958994365,7
1371,6.376816399643257,6.334453751150931,-0.042362648492326294,4
1372,6.355493619308669,6.334453751150931,-0.021039868157738617,10
1373,6.444423901130706,6.334453751150931,-0.10997014997977494,6
1374,6.280941293772907,6.334453751150931,0.0535124573780239,8
1375,6.367377119022155,6.334453751150931,-0.03292336787122441,3
1376,6.3890022507687965,6.334453751150931,-0.05454849961786579,2
1377,6.522469380243263,7.276921132065774,0.7544517518225113,9
1378,6.384254183084369,7.276921132065774,0.8926669489814048,5
1379,6.403218992143049,7.276921132065774,0.8737021399227247,4
1380,6.445880388554492,7.276921132065774,0.8310407435112817,2
1381,6.421769344209414,7.276921132065774,0.8551517878563599,1
1382,6.36399186603094,7.276921132065774,0.9129292660348343,3
1383,6.407911890892476,7.276921132065774,0.8690092411732984,10
1384,6.455464367047793,7.276921132065774,0.8214567650179809,7
1385,6.4911205329946435,7.276921132065774,0.7858005990711305,6
1386,5.9834479227968815,4.819543935541868,-1.1639039872550132,2
1387,5.996883706547461,4.819543935541868,-1.1773397710055926,9
1388,6.014993449165048,4.819543935541868,-1.1954495136231795,1
1389,5.965503791749546,4.819543935541868,-1.1459598562076776,4
1390,5.901584683038335,4.819543935541868,-1.0820407474964666,10
1391,5.912071550436434,4.819543935541868,-1.092527614894566,5
1392,5.906934004953831,4.819543935541868,-1.0873900694119625,6
1393,5.938096424590898,4.819543935541868,-1.11855248904903,7
1394,5.946222993513846,4.819543935541868,-1.1266790579719776,3
1395,6.957368054406232,7.483587296968894,0.5262192425626617,6
1396,6.967430330767539,7.483587296968894,0.516156966201355,8
1397,7.259252456024409,7.483587296968894,0.22433484094448453,3
1398,7.262756435321662,7.483587296968894,0.2208308616472321,10
1399,7.131575905142703,7.483587296968894,0.3520113918261911,9
1400,7.151316608841206,7.483587296968894,0.33227068812768756,2
1401,7.212048101296395,7.483587296968894,0.2715391956724993,1
1402,7.174429308233078,7.483587296968894,0.3091579887358158,7
1403,7.247934996039493,7.483587296968894,0.23565230092940048,5
1404,7.035743707899943,8.041392685158225,1.0056489772582822,7
1405,7.073811375435662,8.041392685158225,0.9675813097225632,2
1406,7.002209296076142,8.041392685158225,1.0391833890820834,6
1407,6.944403154690621,8.041392685158225,1.0969895304676047,8
1408,7.0718547006386165,8.041392685158225,0.9695379845196088,3
1409,7.045258909719376,8.041392685158225,0.9961337754388495,10
1410,6.996018393921755,8.041392685158225,1.0453742912364703,1
1411,7.082969149161414,8.041392685158225,0.9584235359968112,9
1412,6.980885556348239,8.041392685158225,1.060507128809986,5
1413,6.822562020089507,7.477121254719663,0.6545592346301552,3
1414,6.8546089409441215,7.477121254719663,0.6225123137755411,10
1415,6.818968698924862,7.477121254719663,0.6581525557948007,5
1416,6.852439395099532,7.477121254719663,0.6246818596201305,1
1417,6.832900287181585,7.477121254719663,0.6442209675380779,6
1418,6.827610159843703,7.477121254719663,0.6495110948759599,7
1419,6.9109133723697855,7.477121254719663,0.5662078823498771,9
1420,6.708296306071537,7.477121254719663,0.7688249486481258,4
1421,6.872103965547541,7.477121254719663,0.6050172891721219,2
1422,6.3835801450797955,6.479393896404411,0.09581375132461556,9
1423,6.522201189853205,6.479393896404411,-0.04280729344879397,1
1424,6.479413591866251,6.479393896404411,-1.9695461840107953e-05,2
1425,6.266763411087306,6.479393896404411,0.2126304853171055,8
1426,6.4744146606241495,6.479393896404411,0.004979235780261604,7
1427,6.442630811812425,6.479393896404411,0.036763084591986406,10
1428,6.412258069569553,6.479393896404411,0.06713582683485786,6
1429,6.381907700563021,6.479393896404411,0.09748619584139018,5
1430,6.46394522858388,6.479393896404411,0.015448667820531448,3
1431,6.978123120762268,7.477121254719663,0.4989981339573948,2
1432,6.845766131827628,7.477121254719663,0.6313551228920344,7
1433,6.907486136640166,7.477121254719663,0.5696351180794963,4
1434,6.959466329781036,7.477121254719663,0.5176549249386264,3
1435,6.995010857801803,7.477121254719663,0.48211039691785995,6
1436,6.944328272907497,7.477121254719663,0.5327929818121655,9
1437,6.979736585682174,7.477121254719663,0.4973846690374888,5
1438,6.982319733178336,7.477121254719663,0.4948015215413264,1
1439,6.992995580260676,7.477121254719663,0.484125674458987,10
1440,6.258250184442083,6.320146286111054,0.06189610166897097,10
1441,6.173631142351079,6.320146286111054,0.14651514375997543,2
1442,6.182168855425654,6.320146286111054,0.13797743068540047,1
1443,6.185153857702658,6.320146286111054,0.13499242840839631,6
1444,6.194213988162694,6.320146286111054,0.12593229794835992,3
1445,6.193671763087803,6.320146286111054,0.12647452302325135,4
1446,6.2419513714272705,6.320146286111054,0.0781949146837837,7
1447,6.268130306953733,6.320146286111054,0.05201597915732137,5
1448,6.261956750128741,6.320146286111054,0.058189535982313245,8
1449,6.256603595130612,6.3979400086720375,0.1413364135414259,3
1450,6.248916280232236,6.3979400086720375,0.1490237284398015,2
1451,6.248472504344088,6.3979400086720375,0.14946750432794964,4
1452,6.2806718154383745,6.3979400086720375,0.117268193233663,8
1453,6.237832951345846,6.3979400086720375,0.1601070573261918,5
1454,6.299037531585628,6.3979400086720375,0.09890247708640931,7
1455,6.256679165559251,6.3979400086720375,0.14126084311278664,1
1456,6.219868332236964,6.3979400086720375,0.17807167643507338,6
1457,6.222227996172038,6.3979400086720375,0.17571201249999913,9
1458,6.138030918874241,6.113943352306837,-0.024087566567404295,5
1459,6.169976677863669,6.113943352306837,-0.05603332555683238,10
1460,6.1169497813060225,6.113943352306837,-0.003006428999185573,3
1461,6.1160372041150675,6.113943352306837,-0.002093851808230518,9
1462,6.16253334131955,6.113943352306837,-0.048589989012713275,7
1463,6.142104764301167,6.113943352306837,-0.028161411994330088,4
1464,6.086747000288961,6.113943352306837,0.02719635201787618,2
1465,6.08987643827184,6.113943352306837,0.0240669140349965,6
1466,6.1426935741482405,6.113943352306837,-0.028750221841403523,8
1467,6.268130306953733,6.201397124320452,-0.0667331826332811,5
1468,6.193671763087803,6.201397124320452,0.007725361232648886,4
1469,6.2419513714272705,6.201397124320452,-0.040554247106818764,7
1470,6.185153857702658,6.201397124320452,0.01624326661779385,6
1471,6.258250184442083,6.201397124320452,-0.056853060121631493,10
1472,6.182168855425654,6.201397124320452,0.019228268894798006,1
1473,6.194213988162694,6.201397124320452,0.007183136157757453,3
1474,6.261956750128741,6.201397124320452,-0.06055962580828922,8
1475,6.199848140857634,6.201397124320452,0.0015489834628175103,9
1476,6.206099341508754,6.986771734266245,0.7806723927574915,9
1477,6.261041828688198,6.986771734266245,0.7257299055780475,7
1478,6.219657757851582,6.986771734266245,0.7671139764146631,3
1479,6.194725558268228,6.986771734266245,0.7920461759980171,1
1480,6.2710242607255315,6.986771734266245,0.7157474735407137,8
1481,6.270231909485753,6.986771734266245,0.7165398247804919,10
1482,6.192663534250787,6.986771734266245,0.794108200015458,6
1483,6.21594737634996,6.986771734266245,0.7708243579162852,2
1484,6.276136221392807,6.986771734266245,0.7106355128734378,5
1485,6.2585418162577415,6.474216264076255,0.21567444781851375,10
1486,6.243514334898682,6.474216264076255,0.23070192917757293,4
1487,6.260345374560392,6.474216264076255,0.21387088951586364,7
1488,6.269196450092048,6.474216264076255,0.2050198139842072,8
1489,6.206310251275459,6.474216264076255,0.26790601280079596,1
1490,6.229822489995675,6.474216264076255,0.2443937740805806,3
1491,6.200050921904296,6.474216264076255,0.2741653421719592,2
1492,6.2727729103767675,6.474216264076255,0.20144335369948774,5
1493,6.24871821045463,6.474216264076255,0.22549805362162534,9
1494,6.186315658923852,6.004136436761356,-0.18217922216249605,3
1495,6.208809064013832,6.004136436761356,-0.20467262725247615,8
1496,6.191842693627473,6.004136436761356,-0.1877062568661172,7
1497,6.11016391368387,6.004136436761356,-0.10602747692251402,6
1498,6.142473249824839,6.004136436761356,-0.138336813063483,2
1499,6.151503846050156,6.004136436761356,-0.1473674092888002,1
1500,6.1908938924061045,6.004136436761356,-0.18675745564474866,5
1501,6.158983398070706,6.004136436761356,-0.15484696130935038,9
1502,6.160037359112166,6.004136436761356,-0.15590092235080988,4
1503,6.081637766548788,6.477121254719663,0.39548348817087486,6
1504,6.051272736490216,6.477121254719663,0.42584851822944625,2
1505,6.072974679973929,6.477121254719663,0.40414657474573357,4
1506,6.044773967774972,6.477121254719663,0.43234728694469027,3
1507,6.103739045843245,6.477121254719663,0.3733822088764178,1
1508,6.129992985571183,6.477121254719663,0.34712826914847916,10
1509,6.083124238170703,6.477121254719663,0.39399701654895924,9
1510,6.174599666010381,6.477121254719663,0.3025215887092818,7
1511,6.086365355609106,6.477121254719663,0.3907558991105562,8
1512,6.187157371236006,6.434888120867316,0.2477307496313097,4
1513,6.183419988268286,6.434888120867316,0.25146813259903045,2
1514,6.149070507513333,6.434888120867316,0.28581761335398337,6
1515,6.229423100702097,6.434888120867316,0.20546502016521906,7
1516,6.243769615141486,6.434888120867316,0.19111850572583045,5
1517,6.194307806865968,6.434888120867316,0.24058031400134805,9
1518,6.236145435850502,6.434888120867316,0.19874268501681414,10
1519,6.237837709642747,6.434888120867316,0.197050411224569,8
1520,6.204416885463072,6.434888120867316,0.2304712354042442,3
1521,7.42086732956002,8.122543524068755,0.7016761945087353,9
1522,7.437524418170223,8.122543524068755,0.6850191058985322,6
1523,7.00600204335438,8.122543524068755,1.1165414807143748,2
1524,7.494326845281765,8.122543524068755,0.6282166787869903,5
1525,7.452854781288243,8.122543524068755,0.6696887427805116,1
1526,7.524859675667763,8.122543524068755,0.5976838484009921,3
1527,7.462217369170762,8.122543524068755,0.6603261548979926,10
1528,7.444032059076236,8.122543524068755,0.6785114649925186,4
1529,7.351522835525471,8.122543524068755,0.7710206885432838,8
1530,6.103997026470729,6.281033367247727,0.17703634077699792,1
1531,6.159440846828013,6.281033367247727,0.12159252041971413,8
1532,6.07850333542161,6.281033367247727,0.20253003182611717,9
1533,6.103887461298481,6.281033367247727,0.17714590594924662,4
1534,6.11943061734903,6.281033367247727,0.16160274989869716,5
1535,6.153763937421781,6.281033367247727,0.12726942982594647,10
1536,6.068273823067102,6.281033367247727,0.21275954418062515,3
1537,6.058130184814242,6.281033367247727,0.22290318243348484,6
1538,6.078869970064904,6.281033367247727,0.20216339718282317,7
1539,6.183104926976512,5.953421399681036,-0.22968352729547536,6
1540,6.140284137364954,5.953421399681036,-0.18686273768391803,2
1541,6.2286595253314525,5.953421399681036,-0.27523812565041617,10
1542,6.192195502907547,5.953421399681036,-0.23877410322651027,7
1543,6.120385701564961,5.953421399681036,-0.16696430188392508,3
1544,6.243098811914916,5.953421399681036,-0.2896774122338792,1
1545,6.172783915998812,5.953421399681036,-0.21936251631777548,9
1546,6.133176585151599,5.953421399681036,-0.17975518547056257,4
1547,6.214951570284184,5.953421399681036,-0.2615301706031481,8
1548,5.464841714200816,6.518513939877887,1.0536722256770714,1
1549,5.523830489999594,6.518513939877887,0.994683449878293,6
1550,5.6585895216371975,6.518513939877887,0.8599244182406895,5
1551,5.54748991640311,6.518513939877887,0.9710240234747767,2
1552,5.584776921100943,6.518513939877887,0.9337370187769443,3
1553,5.553772700437841,6.518513939877887,0.9647412394400456,8
1554,5.575261982202058,6.518513939877887,0.9432519576758294,10
1555,5.411082713544903,6.518513939877887,1.1074312263329844,9
1556,5.518433952805153,6.518513939877887,1.0000799870727342,4
1557,6.177706175115731,6.556423121371285,0.37871694625555374,3
1558,6.207710259682783,6.556423121371285,0.3487128616885018,7
1559,6.166210691596071,6.556423121371285,0.39021242977521453,6
1560,6.235515667598204,6.556423121371285,0.3209074537730814,8
1561,6.240162404408105,6.556423121371285,0.31626071696318014,10
1562,6.180013514997142,6.556423121371285,0.37640960637414356,9
1563,6.1646482360002155,6.556423121371285,0.39177488537106964,2
1564,6.166420382008823,6.556423121371285,0.3900027393624619,4
1565,6.254373245854772,6.556423121371285,0.30204987551651286,5
1566,6.245323330353943,6.348304863048161,0.10298153269421739,9
1567,6.198031429318081,6.348304863048161,0.15027343373007973,6
1568,6.195548240202203,6.348304863048161,0.15275662284595803,1
1569,6.246021022340637,6.348304863048161,0.10228384070752394,7
1570,6.195277688957338,6.348304863048161,0.15302717409082245,2
1571,6.233408182685187,6.348304863048161,0.11489668036297385,4
1572,6.265537895390922,6.348304863048161,0.08276696765723823,8
1573,6.2697142936350385,6.348304863048161,0.07859056941312215,5
1574,6.251193510588321,6.348304863048161,0.09711135245983993,10
1575,2.090240194224177,1.954242509439325,-0.13599768478485186,1
1576,2.1304505253272805,1.954242509439325,-0.17620801588795554,8
1577,1.9970651266493744,1.954242509439325,-0.04282261721004943,10
1578,2.0606791320368187,1.954242509439325,-0.10643662259749376,9
1579,2.0960624344512655,1.954242509439325,-0.14181992501194052,3
1580,2.102429080659621,1.954242509439325,-0.1481865712202961,4
1581,1.9742025586307943,1.954242509439325,-0.01996004919146932,7
1582,2.2183391254706,1.954242509439325,-0.264096616031275,5
1583,2.091257317599233,1.954242509439325,-0.13701480815990785,6
1584,2.1586317855879518,2.6020599913279625,0.44342820574001074,8
1585,2.0978176139775577,2.6020599913279625,0.5042423773504048,2
1586,2.1024843039979335,2.6020599913279625,0.499575687330029,4
1587,2.1368654712959256,2.6020599913279625,0.4651945200320369,6
1588,2.130841100837947,2.6020599913279625,0.4712188904900154,9
1589,2.1676848816564616,2.6020599913279625,0.43437510967150095,3
1590,2.015613940333225,2.6020599913279625,0.5864460509947373,10
1591,2.126580238614249,2.6020599913279625,0.47547975271371357,1
1592,2.364833393582854,2.6020599913279625,0.23722659774510868,5
1593,2.3404125258337976,1.3010299956639813,-1.0393825301698163,6
1594,2.3241076577977378,1.3010299956639813,-1.0230776621337565,5
1595,2.172516491222893,1.3010299956639813,-0.8714864955589117,9
1596,2.1296888651270716,1.3010299956639813,-0.8286588694630903,2
1597,2.146272598753365,1.3010299956639813,-0.8452426030893836,1
1598,2.1286773853628556,1.3010299956639813,-0.8276473896988743,3
1599,2.1673055534565715,1.3010299956639813,-0.8662755577925902,10
1600,2.280013316166393,1.3010299956639813,-0.9789833205024117,4
1601,2.130499422633969,1.3010299956639813,-0.8294694269699878,8
1602,2.31349102899962,1.9549175537349588,-0.3585734752646612,5
1603,2.158158101684526,1.9549175537349588,-0.20324054794956714,3
1604,2.1896310645115102,1.9549175537349588,-0.23471351077655145,8
1605,2.066951856298804,1.9549175537349588,-0.11203430256384506,10
1606,2.2111536920350927,1.9549175537349588,-0.2562361383001339,2
1607,2.093242784547576,1.9549175537349588,-0.13832523081261705,7
1608,2.102763685353757,1.9549175537349588,-0.147846131618798,9
1609,2.1681844515811757,1.9549175537349588,-0.21326689784621689,1
1610,2.187025655206542,1.9549175537349588,-0.23210810147158334,6
1611,2.383660993134548,2.0,-0.3836609931345478,5
1612,2.316748244932603,2.0,-0.3167482449326031,10
1613,2.3823087523787563,2.0,-0.3823087523787563,2
1614,2.4316847050054418,2.0,-0.43168470500544176,1
1615,2.3804210457560373,2.0,-0.3804210457560373,8
1616,2.4354068908729873,2.0,-0.43540689087298734,3
1617,2.446056802477939,2.0,-0.4460568024779392,6
1618,2.350680952113923,2.0,-0.3506809521139229,7
1619,2.428779314359145,2.0,-0.42877931435914496,9
1620,2.5256883634780594,2.146128035678238,-0.3795603277998212,9
1621,2.5511285328452673,2.146128035678238,-0.4050004971670291,5
1622,2.615332934347978,2.146128035678238,-0.4692048986697399,7
1623,2.4981416534550864,2.146128035678238,-0.35201361777684825,2
1624,2.709019233580955,2.146128035678238,-0.5628911979027169,6
1625,2.500388419416954,2.146128035678238,-0.35426038373871593,10
1626,2.596146878435893,2.146128035678238,-0.4500188427576548,1
1627,2.458711319938968,2.146128035678238,-0.3125832842607297,4
1628,2.591925305676121,2.146128035678238,-0.44579726999788294,3
1629,2.9142128992147125,3.164352855784437,0.25013995656972465,3
1630,2.830950138801387,3.164352855784437,0.33340271698305024,8
1631,2.953755623501041,3.164352855784437,0.210597232283396,2
1632,2.9184280819937256,3.164352855784437,0.24592477379071154,6
1633,3.1720198601463294,3.164352855784437,-0.007667004361892271,1
1634,2.9271455604559464,3.164352855784437,0.23720729532849072,5
1635,2.8648039973293957,3.164352855784437,0.2995488584550414,9
1636,2.9544955106508457,3.164352855784437,0.20985734513359144,7
1637,2.963257035792155,3.164352855784437,0.2010958199922821,10
1638,2.3326703731850844,1.390935107103379,-0.9417352660817053,3
1639,2.336593918638128,1.390935107103379,-0.9456588115347488,4
1640,2.3762356304723227,1.390935107103379,-0.9853005233689436,7
1641,2.445197221454633,1.390935107103379,-1.054262114351254,9
1642,2.3839966348416297,1.390935107103379,-0.9930615277382506,5
1643,2.2335121333480568,1.390935107103379,-0.8425770262446777,10
1644,2.312951072590674,1.390935107103379,-0.9220159654872948,8
1645,2.173812792829617,1.390935107103379,-0.7828776857262378,1
1646,2.2550853517413456,1.390935107103379,-0.8641502446379665,2
1647,2.8935156486601277,2.9552065375419416,0.061690888881813954,9
1648,3.0849496754075547,2.9552065375419416,-0.1297431378656131,1
1649,2.9173267095361464,2.9552065375419416,0.03787982800579526,10
1650,2.986216589586883,2.9552065375419416,-0.03101005204494145,3
1651,3.0465196594381467,2.9552065375419416,-0.09131312189620511,2
1652,3.2213704840479007,2.9552065375419416,-0.2661639465059591,4
1653,2.8787789815068168,2.9552065375419416,0.07642755603512486,5
1654,3.1252258714327024,2.9552065375419416,-0.17001933389076074,8
1655,3.0215690925356222,2.9552065375419416,-0.0663625549936806,7
1656,2.863657949098913,3.562292864456474,0.6986349153575611,7
1657,3.011424004298026,3.562292864456474,0.5508688601584484,1
1658,2.8745044677684852,3.562292864456474,0.687788396687989,4
1659,3.000900908078567,3.562292864456474,0.5613919563779071,6
1660,2.9093227834021422,3.562292864456474,0.652970081054332,8
1661,2.889527406254764,3.562292864456474,0.6727654582017104,3
1662,2.9021451576651094,3.562292864456474,0.6601477067913648,5
1663,2.8862413940740144,3.562292864456474,0.6760514703824598,9
1664,2.668383748572522,3.562292864456474,0.893909115883952,10
1665,2.0371688569237953,1.9268567089496924,-0.11031214797410294,4
1666,1.973289523302385,1.9268567089496924,-0.04643281435269264,2
1667,1.9150164333437576,1.9268567089496924,0.011840275605934814,10
1668,1.9434710923260397,1.9268567089496924,-0.01661438337634724,7
1669,2.0948779142740364,1.9268567089496924,-0.16802120532434395,9
1670,2.0185264694026492,1.9268567089496924,-0.09166976045295683,3
1671,2.034487459324916,1.9268567089496924,-0.1076307503752234,6
1672,2.103006145703397,1.9268567089496924,-0.17614943675370465,5
1673,2.0892171771881833,1.9268567089496924,-0.16236046823849093,8
1674,2.3290019130968687,1.146128035678238,-1.1828738774186307,6
1675,2.1631009397420717,1.146128035678238,-1.0169729040638338,8
1676,2.1921847153021736,1.146128035678238,-1.0460566796239357,5
1677,2.3718213563929007,1.146128035678238,-1.2256933207146627,4
1678,2.1271559863022964,1.146128035678238,-0.9810279506240585,10
1679,2.097246735048389,1.146128035678238,-0.951118699370151,1
1680,2.2016983967059502,1.146128035678238,-1.0555703610277123,7
1681,2.130316439589568,1.146128035678238,-0.98418840391133,2
1682,2.156738396610941,1.146128035678238,-1.0106103609327028,3
1683,2.656229597328081,2.8512583487190755,0.19502875139099451,4
1684,2.5915519745661406,2.8512583487190755,0.25970637415293485,3
1685,2.5893845173699663,2.8512583487190755,0.26187383134910913,2
1686,2.588411356069899,2.8512583487190755,0.2628469926491763,6
1687,2.5524615677772795,2.8512583487190755,0.29879678094179596,9
1688,2.7005054915727054,2.8512583487190755,0.1507528571463701,1
1689,2.4906837787673854,2.8512583487190755,0.36057456995169,7
1690,2.6110253391351153,2.8512583487190755,0.2402330095839602,8
1691,2.6511287633267875,2.8512583487190755,0.20012958539228798,5
1692,2.6377038088446647,2.0,-0.6377038088446647,10
1693,2.6502941276572205,2.0,-0.6502941276572205,7
1694,2.6237053675656954,2.0,-0.6237053675656954,3
1695,2.6499211244782623,2.0,-0.6499211244782623,5
1696,2.7311977792804845,2.0,-0.7311977792804845,8
1697,2.547807353657941,2.0,-0.5478073536579409,9
1698,2.4852991135251927,2.0,-0.4852991135251927,6
1699,2.6839716721121003,2.0,-0.6839716721121003,2
1700,2.697432870616684,2.0,-0.6974328706166841,1
1701,2.9983319347856248,3.539452491549461,0.5411205567638362,4
1702,2.9906781896975208,3.539452491549461,0.5487743018519402,8
1703,2.989992789142432,3.539452491549461,0.5494597024070291,3
1704,2.739115057268937,3.539452491549461,0.8003374342805238,2
1705,2.9336498629534247,3.539452491549461,0.6058026285960363,7
1706,3.0206361535548805,3.539452491549461,0.5188163379945805,1
1707,2.910047718436399,3.539452491549461,0.6294047731130621,9
1708,3.058250852113767,3.539452491549461,0.48120163943569416,6
1709,3.032676517126328,3.539452491549461,0.506775974423133,5
1710,1.942509716731428,1.380211241711606,-0.5622984750198221,2
1711,2.002763521178481,1.380211241711606,-0.6225522794668752,3
1712,2.168151421411942,1.380211241711606,-0.7879401797003363,5
1713,2.044882243409234,1.380211241711606,-0.664671001697628,1
1714,1.9084569836055345,1.380211241711606,-0.5282457418939286,7
1715,1.8945775842155002,1.380211241711606,-0.5143663425038942,10
1716,2.064065701280485,1.380211241711606,-0.6838544595688791,4
1717,2.0782556228206412,1.380211241711606,-0.6980443811090353,6
1718,1.9854578930719395,1.380211241711606,-0.6052466513603336,9
1719,2.4747190761210924,2.273232834043045,-0.20148624207804744,6
1720,2.395906593335436,2.273232834043045,-0.122673759292391,1
1721,2.3430396977979986,2.273232834043045,-0.0698068637549536,8
1722,2.577702877044213,2.273232834043045,-0.3044700430011682,9
1723,2.3788018770283443,2.273232834043045,-0.10556904298529934,3
1724,2.3441693160187085,2.273232834043045,-0.07093648197566349,2
1725,2.430145851487991,2.273232834043045,-0.1569130174449458,5
1726,2.444123796340227,2.273232834043045,-0.17089096229718193,10
1727,2.4865663093120314,2.273232834043045,-0.21333347526898638,4
1728,2.7702261363635277,2.57978359661681,-0.19044253974671754,5
1729,2.7448245951464334,2.57978359661681,-0.16504099852962328,3
1730,2.63131504159806,2.57978359661681,-0.05153144498124984,4
1731,2.8785841952201157,2.57978359661681,-0.29880059860330554,6
1732,2.5627694111049726,2.57978359661681,0.017014185511837532,9
1733,2.585192929856811,2.57978359661681,-0.005409333240000702,8
1734,2.6800368965172567,2.57978359661681,-0.10025329990044662,1
1735,2.9097519671905214,2.57978359661681,-0.3299683705737113,7
1736,3.2509015000480006,2.57978359661681,-0.6711179034311905,10
1737,1.963103693650438,0.6334684555795865,-1.3296352380708516,7
1738,1.9138151461801767,0.6334684555795865,-1.2803466906005903,9
1739,1.9949501908754455,0.6334684555795865,-1.3614817352958588,4
1740,1.9227716575496439,0.6334684555795865,-1.2893032019700574,1
1741,1.8745379980074701,0.6334684555795865,-1.2410695424278835,10
1742,2.022974710225824,0.6334684555795865,-1.3895062546462373,8
1743,2.0174034536615526,0.6334684555795865,-1.383934998081966,3
1744,2.037522129958505,0.6334684555795865,-1.4040536743789183,6
1745,1.8593688563754671,0.6334684555795865,-1.2259004007958807,2
1746,5.856213648291839,6.079181246047625,0.2229675977557859,8
1747,5.655358210651961,6.079181246047625,0.4238230353956638,3
1748,5.873766079725665,6.079181246047625,0.2054151663219601,1
1749,5.76898933428425,6.079181246047625,0.3101919117633747,2
1750,5.801414625783232,6.079181246047625,0.27776662026439336,9
1751,5.792290245799294,6.079181246047625,0.2868910002483309,5
1752,5.879016141243671,6.079181246047625,0.2001651048039541,4
1753,5.868418372201251,6.079181246047625,0.21076287384637382,7
1754,5.898399995128546,6.079181246047625,0.18078125091907893,10
1755,5.169400240403644,5.023951707423388,-0.1454485329802564,6
1756,5.1427534274886115,5.023951707423388,-0.11880172006522383,1
1757,5.017222323580884,5.023951707423388,0.006729383842503545,3
1758,5.130666927123822,5.023951707423388,-0.10671521970043418,8
1759,5.160008455482084,5.023951707423388,-0.13605674805869672,9
1760,5.190973510797822,5.023951707423388,-0.16702180337443462,7
1761,5.111798599018333,5.023951707423388,-0.0878468915949453,5
1762,5.068672777939778,5.023951707423388,-0.04472107051639007,2
1763,5.232902920378234,5.023951707423388,-0.20895121295484653,10
1764,5.868418372201251,6.2322335211147335,0.3638151489134822,7
1765,5.856213648291839,6.2322335211147335,0.3760198728228943,8
1766,5.720328659643721,6.2322335211147335,0.5119048614710122,6
1767,5.873766079725665,6.2322335211147335,0.3584674413890685,1
1768,5.801414625783232,6.2322335211147335,0.43081889533150175,9
1769,5.792290245799294,6.2322335211147335,0.4399432753154393,5
1770,5.879016141243671,6.2322335211147335,0.3532173798710625,4
1771,5.76898933428425,6.2322335211147335,0.4632441868304831,2
1772,5.898399995128546,6.2322335211147335,0.3338335259861873,10
1773,4.612740027880262,3.247973266361807,-1.3647667615184553,4
1774,4.524928689608802,3.247973266361807,-1.2769554232469953,3
1775,4.560206672396601,3.247973266361807,-1.3122334060347938,10
1776,4.59686005723442,3.247973266361807,-1.3488867908726134,6
1777,4.564263686061749,3.247973266361807,-1.3162904196999423,1
1778,4.305974058011396,3.247973266361807,-1.0580007916495888,2
1779,4.627379512108077,3.247973266361807,-1.3794062457462704,5
1780,4.606210568962546,3.247973266361807,-1.3582373026007395,8
1781,4.481248644996183,3.247973266361807,-1.2332753786343758,7
1782,5.506188292259156,6.302547372487486,0.7963590802283296,7
1783,5.391250787496156,6.302547372487486,0.9112965849913301,5
1784,5.527371532932993,6.302547372487486,0.7751758395544925,10
1785,5.418960755068895,6.302547372487486,0.8835866174185911,3
1786,5.441395711935325,6.302547372487486,0.861151660552161,9
1787,5.484734173059308,6.302547372487486,0.8178131994281781,4
1788,5.46421805224087,6.302547372487486,0.8383293202466158,1
1789,5.471308214928699,6.302547372487486,0.8312391575587865,8
1790,5.512475779252834,6.302547372487486,0.7900715932346518,6
1791,5.643852808721714,4.598571663482141,-1.0452811452395734,10
1792,5.54931570209681,4.598571663482141,-0.950744038614669,9
1793,5.549132140971571,4.598571663482141,-0.9505604774894296,4
1794,5.566773116511098,4.598571663482141,-0.9682014530289571,1
1795,5.571070047570307,4.598571663482141,-0.9724983840881665,8
1796,5.6066720130662535,4.598571663482141,-1.0081003495841125,5
1797,5.608341206388962,4.598571663482141,-1.0097695429068212,7
1798,5.332918569589551,4.598571663482141,-0.7343469061074099,3
1799,5.600092690051784,4.598571663482141,-1.0015210265696428,6
1800,5.0305848347904085,4.812913356642856,-0.21767147814755283,6
1801,4.9982071936511066,4.812913356642856,-0.18529383700825086,8
1802,4.981640736414139,4.812913356642856,-0.16872737977128338,7
1803,5.090581187024157,4.812913356642856,-0.2776678303813016,5
1804,4.855702621532006,4.812913356642856,-0.04278926488915058,2
1805,4.986233089042301,4.812913356642856,-0.17331973239944531,3
1806,5.101688186904948,4.812913356642856,-0.28877483026209205,1
1807,4.885001211649014,4.812913356642856,-0.07208785500615811,9
1808,5.026359595953349,4.812913356642856,-0.21344623931049345,4
1809,4.572274799015227,3.562292864456474,-1.0099819345587524,5
1810,4.540442878069806,3.562292864456474,-0.9781500136133316,1
1811,4.5298236764786735,3.562292864456474,-0.9675308120221993,8
1812,4.507540419275569,3.562292864456474,-0.9452475548190944,4
1813,4.545597976356997,3.562292864456474,-0.9833051119005227,6
1814,4.405701521337629,3.562292864456474,-0.8434086568811545,3
1815,4.526997414740503,3.562292864456474,-0.9647045502840288,9
1816,4.56358602735008,3.562292864456474,-1.0012931628936061,2
1817,4.592228055879304,3.562292864456474,-1.02993519142283,7
1818,6.12055464488502,6.806179973983888,0.6856253290988681,10
1819,6.099348493749112,6.806179973983888,0.7068314802347766,4
1820,6.068358245842081,6.806179973983888,0.7378217281418076,6
1821,6.060167021658977,6.806179973983888,0.7460129523249117,7
1822,6.083602517900326,6.806179973983888,0.7225774560835623,5
1823,6.057036319028793,6.806179973983888,0.7491436549550956,8
1824,5.781394707409646,6.806179973983888,1.0247852665742423,3
1825,6.057013726617175,6.806179973983888,0.7491662473667136,1
1826,6.152380762144671,6.806179973983888,0.6537992118392175,2
1827,4.627379512108077,5.782472624166286,1.1550931120582089,5
1828,4.606210568962546,5.782472624166286,1.1762620552037397,8
1829,4.524928689608802,5.782472624166286,1.257543934557484,3
1830,4.481248644996183,5.782472624166286,1.3012239791701035,7
1831,4.612740027880262,5.782472624166286,1.1697325962860239,4
1832,4.564263686061749,5.782472624166286,1.218208938104537,1
1833,4.560206672396601,5.782472624166286,1.2222659517696854,10
1834,5.14826583088477,5.782472624166286,0.6342067932815159,9
1835,4.59686005723442,5.782472624166286,1.1856125669318658,6
1836,5.680103252337595,6.054957596012407,0.3748543436748122,10
1837,5.834563058862021,6.054957596012407,0.22039453715038615,2
1838,5.820644321286043,6.054957596012407,0.23431327472636454,3
1839,5.748514155193642,6.054957596012407,0.3064434408187653,9
1840,5.822587473288092,6.054957596012407,0.23237012272431556,7
1841,5.8135057138791,6.054957596012407,0.24145188213330737,1
1842,5.723183892379182,6.054957596012407,0.33177370363322556,4
1843,5.8299893328945664,6.054957596012407,0.2249682631178409,5
1844,5.838077986521434,6.054957596012407,0.21687960949097373,8
1845,5.5714236372265304,6.15124723746237,0.5798236002358399,8
1846,5.494030754104825,6.15124723746237,0.6572164833575451,1
1847,5.495462314477914,6.15124723746237,0.6557849229844566,2
1848,5.388016148354335,6.15124723746237,0.7632310891080349,4
1849,5.478049169954749,6.15124723746237,0.673198067507621,6
1850,5.461610664109165,6.15124723746237,0.689636573353205,3
1851,5.493132336848513,6.15124723746237,0.6581149006138576,7
1852,5.544507925091029,6.15124723746237,0.6067393123713414,5
1853,5.467682639386481,6.15124723746237,0.6835645980758898,9
1854,4.774499150496826,3.9036325160842376,-0.8708666344125886,7
1855,4.646656763478854,3.9036325160842376,-0.743024247394616,1
1856,4.6722887864435165,3.9036325160842376,-0.768656270359279,9
1857,4.7880965593503895,3.9036325160842376,-0.8844640432661519,6
1858,4.576975271765983,3.9036325160842376,-0.6733427556817455,3
1859,4.613257605974093,3.9036325160842376,-0.7096250898898555,2
1860,4.69470574384874,3.9036325160842376,-0.7910732277645023,5
1861,4.551697973371628,3.9036325160842376,-0.6480654572873901,4
1862,4.6991292986310205,3.9036325160842376,-0.7954967825467829,8
1863,5.578110363976309,6.501059262217751,0.922948898241442,8
1864,5.559671730683234,6.501059262217751,0.9413875315345175,3
1865,5.465082633204037,6.501059262217751,1.0359766290137138,1
1866,5.506880835139495,6.501059262217751,0.9941784270782561,10
1867,5.509328287440431,6.501059262217751,0.9917309747773206,5
1868,5.6319681524085174,6.501059262217751,0.8690911098092338,7
1869,5.526864187572724,6.501059262217751,0.974195074645027,6
1870,5.573563609147072,6.501059262217751,0.9274956530706788,4
1871,5.5446008504818245,6.501059262217751,0.9564584117359267,2
1872,4.713124864167763,4.892762234615817,0.17963737044805406,9
1873,4.779536419178978,4.892762234615817,0.11322581543683885,7
1874,4.65956990041769,4.892762234615817,0.2331923341981268,10
1875,4.775448804154984,4.892762234615817,0.11731343046083254,1
1876,4.902043092900289,4.892762234615817,-0.009280858284472338,2
1877,4.77739944277421,4.892762234615817,0.1153627918416067,6
1878,4.785659964664736,4.892762234615817,0.10710226995108041,8
1879,4.7696920486125185,4.892762234615817,0.12307018600329833,4
1880,4.799708994162357,4.892762234615817,0.09305324045346008,5
1881,6.019127204430685,7.068185861746161,1.0490586573154763,2
1882,5.958559417120912,7.068185861746161,1.109626444625249,7
1883,5.970829340746672,7.068185861746161,1.0973565209994893,6
1884,5.964040102799222,7.068185861746161,1.104145758946939,8
1885,5.9782441953437,7.068185861746161,1.0899416664024608,5
1886,5.969268220896148,7.068185861746161,1.0989176408500132,9
1887,5.942609295059996,7.068185861746161,1.1255765666861652,3
1888,5.984868848634533,7.068185861746161,1.0833170131116283,1
1889,5.934791748806288,7.068185861746161,1.1333941129398735,10
1890,4.324977594899657,3.4800069429571505,-0.8449706519425066,10
1891,4.261626345296475,3.4800069429571505,-0.7816194023393241,8
1892,4.339241469771754,3.4800069429571505,-0.8592345268146038,9
1893,4.247291549545423,3.4800069429571505,-0.7672846065882726,2
1894,4.274951945717415,3.4800069429571505,-0.7949450027602647,6
1895,4.3320389444053005,3.4800069429571505,-0.85203200144815,4
1896,4.177651432373522,3.4800069429571505,-0.6976444894163714,7
1897,4.261328391125737,3.4800069429571505,-0.7813214481685864,1
1898,4.332416077110854,3.4800069429571505,-0.8524091341537035,5
1899,4.462789173252068,4.336459733848529,-0.12632943940353858,1
1900,4.561559114748449,4.336459733848529,-0.22509938089991977,2
1901,4.609436505811553,4.336459733848529,-0.27297677196302406,3
1902,4.46533486970234,4.336459733848529,-0.12887513585381072,8
1903,4.499675294906432,4.336459733848529,-0.16321556105790247,6
1904,4.458763206110517,4.336459733848529,-0.12230347226198823,7
1905,4.545091812151099,4.336459733848529,-0.20863207830256947,9
1906,4.5220234645221,4.336459733848529,-0.18556373067357068,10
1907,4.537382207346057,4.336459733848529,-0.20092247349752768,4
1908,5.55695268560218,5.0,-0.5569526856021803,7
1909,5.524199903009587,5.0,-0.5241999030095874,9
1910,5.554105498945644,5.0,-0.5541054989456438,1
1911,5.616032943737313,5.0,-0.6160329437373129,10
1912,5.526369338207329,5.0,-0.5263693382073287,4
1913,5.483143656940528,5.0,-0.48314365694052785,3
1914,5.548427989987695,5.0,-0.5484279899876947,8
1915,5.555362692596462,5.0,-0.5553626925964616,6
1916,5.562677823738357,5.0,-0.5626778237383574,5
1917,5.73359239053484,6.0,0.2664076094651602,3
1918,5.632408045533432,6.0,0.367591954466568,1
1919,5.893874094589299,6.0,0.10612590541070066,7
1920,5.745902188735983,6.0,0.25409781126401665,6
1921,5.7308284503533775,6.0,0.2691715496466225,2
1922,5.663054311704612,6.0,0.33694568829538785,10
1923,5.726483498015475,6.0,0.27351650198452493,9
1924,5.789956311806728,6.0,0.2100436881932719,8
1925,5.789960438625578,6.0,0.2100395613744217,4
1926,4.385546587081672,5.445604203273597,1.0600576161919255,6
1927,4.456101997666755,5.445604203273597,0.9895022056068425,3
1928,4.42299162817319,5.445604203273597,1.0226125751004078,7
1929,4.5572456733869995,5.445604203273597,0.8883585298865979,5
1930,4.348093949469202,5.445604203273597,1.097510253804395,2
1931,4.393173562555527,5.445604203273597,1.0524306407180708,10
1932,4.433941465779486,5.445604203273597,1.0116627374941114,1
1933,4.430977764498107,5.445604203273597,1.0146264387754904,9
1934,4.46414105030306,5.445604203273597,0.9814631529705373,8
1935,2.093242784547576,1.7781512503836436,-0.3150915341639322,7
1936,2.187025655206542,1.7781512503836436,-0.4088744048228985,6
1937,2.066951856298804,1.7781512503836436,-0.2888006059151602,10
1938,2.102763685353757,1.7781512503836436,-0.32461243497011316,9
1939,2.2111536920350927,1.7781512503836436,-0.4330024416514491,2
1940,2.204687884678517,1.7781512503836436,-0.4265366342948733,4
1941,2.1896310645115102,1.7781512503836436,-0.4114798141278666,8
1942,2.158158101684526,1.7781512503836436,-0.3800068513008823,3
1943,2.1681844515811757,1.7781512503836436,-0.39003320119753204,1
1944,2.352301608596681,2.400537989391946,0.048236380795265266,7
1945,2.4168131634576375,2.400537989391946,-0.016275174065691456,5
1946,2.3661766187275113,2.400537989391946,0.03436137066443479,1
1947,2.3364189188837896,2.400537989391946,0.06411907050815646,8
1948,2.4353810369992948,2.400537989391946,-0.03484304760734869,9
1949,2.3912908573860094,2.400537989391946,0.009247132005936631,6
1950,2.343435804165255,2.400537989391946,0.05710218522669086,3
1951,2.3862075222594714,2.400537989391946,0.014330467132474656,2
1952,2.448965480034791,2.400537989391946,-0.048427490642844795,4
1953,4.260774760998123,3.0,-1.2607747609981228,10
1954,4.309231761803165,3.0,-1.309231761803165,9
1955,4.2615994056880195,3.0,-1.2615994056880195,6
1956,4.193445537157238,3.0,-1.1934455371572383,5
1957,4.355518727818025,3.0,-1.3555187278180254,3
1958,4.185624147353865,3.0,-1.185624147353865,7
1959,4.1633413310858005,3.0,-1.1633413310858005,4
1960,4.211538880817355,3.0,-1.211538880817355,2
1961,4.169421419671381,3.0,-1.169421419671381,1
1962,4.264634202083161,3.653212513775344,-0.611421688307817,6
1963,4.288190011142175,3.653212513775344,-0.6349774973668314,5
1964,4.333927383570826,3.653212513775344,-0.6807148697954819,4
1965,4.428410655197484,3.653212513775344,-0.7751981414221403,8
1966,4.3743516390339785,3.653212513775344,-0.7211391252586346,10
1967,4.263661826323201,3.653212513775344,-0.610449312547857,2
1968,4.31016686189189,3.653212513775344,-0.6569543481165461,1
1969,4.304852643790795,3.653212513775344,-0.6516401300154513,7
1970,4.638219998754441,3.653212513775344,-0.9850074849790973,9
1971,5.12951608543232,5.0,-0.12951608543231963,7
1972,5.142549771136235,5.0,-0.14254977113623468,2
1973,4.982971762911789,5.0,0.017028237088211107,10
1974,5.169406549920717,5.0,-0.16940654992071735,6
1975,5.083746249914628,5.0,-0.0837462499146282,5
1976,5.01379807512469,5.0,-0.013798075124690001,1
1977,5.163155275235601,5.0,-0.16315527523560114,3
1978,5.129063428761316,5.0,-0.1290634287613157,8
1979,5.35047547585033,5.0,-0.3504754758503301,4
1980,5.480153325645845,5.14921911265538,-0.3309342129904653,3
1981,5.520680716803807,5.14921911265538,-0.3714616041484273,8
1982,5.55332034605874,5.14921911265538,-0.40410123340336046,7
1983,5.389652164722901,5.14921911265538,-0.2404330520675213,5
1984,5.525300557838948,5.14921911265538,-0.37608144518356834,4
1985,5.306789034257663,5.14921911265538,-0.157569921602283,1
1986,5.48002702313451,5.14921911265538,-0.3308079104791304,9
1987,5.507904115832885,5.14921911265538,-0.35868500317750573,6
1988,5.361306290308659,5.14921911265538,-0.2120871776532791,10
1989,3.7854487124515064,4.101747073946366,0.31629836149485957,7
1990,3.7771522693925066,4.101747073946366,0.32459480455385936,10
1991,3.7789536376425876,4.101747073946366,0.3227934363037783,4
1992,3.8133227286066482,4.101747073946366,0.2884243453397177,5
1993,3.755793823256411,4.101747073946366,0.34595325068995475,2
1994,3.7449789736566617,4.101747073946366,0.3567681002897043,9
1995,3.775369647348922,4.101747073946366,0.32637742659744395,6
1996,3.7099878424644226,4.101747073946366,0.39175923148194336,8
1997,3.784235393636392,4.101747073946366,0.3175116803099738,1
1998,6.234976628052506,6.2552725051033065,0.020295877050800826,7
1999,6.2911071466723545,6.2552725051033065,-0.03583464156904803,6
2000,6.2291998738845,6.2552725051033065,0.026072631218806208,9
2001,6.104663709020949,6.2552725051033065,0.15060879608235744,1
2002,6.244274011348018,6.2552725051033065,0.010998493755288052,2
2003,6.408615653130303,6.2552725051033065,-0.15334314802699645,3
2004,6.319585884381883,6.2552725051033065,-0.06431337927857683,4
2005,6.106443510090558,6.2552725051033065,0.1488289950127486,10
2006,6.196406227778699,6.2552725051033065,0.05886627732460781,8
2007,5.803995002067364,6.361727836017593,0.5577328339502294,3
2008,5.794415132933815,6.361727836017593,0.5673127030837781,2
2009,5.824763204539444,6.361727836017593,0.5369646314781491,7
2010,5.695269284935446,6.361727836017593,0.6664585510821475,10
2011,5.775815487645148,6.361727836017593,0.5859123483724451,1
2012,5.711873376559827,6.361727836017593,0.6498544594577664,9
2013,5.8406832492978875,6.361727836017593,0.5210445867197055,4
2014,5.767037736526298,6.361727836017593,0.5946900994912951,5
2015,5.761153909828592,6.361727836017593,0.6005739261890009,8
2016,6.099087774329409,6.421603926869831,0.32251615254042143,9
2017,6.114993784332687,6.421603926869831,0.3066101425371439,7
2018,6.10622669081889,6.421603926869831,0.31537723605094126,1
2019,6.134996362790299,6.421603926869831,0.2866075640795316,4
2020,6.04871335108694,6.421603926869831,0.37289057578289064,2
2021,6.109930375727041,6.421603926869831,0.31167355114278994,8
2022,6.135561655392763,6.421603926869831,0.2860422714770676,10
2023,6.07845819302481,6.421603926869831,0.343145733845021,6
2024,6.1216725088073005,6.421603926869831,0.2999314180625303,3
2025,6.193917468826684,6.176091259055681,-0.017826209771002688,7
2026,6.162576628092679,6.176091259055681,0.013514630963002539,6
2027,6.208040206282589,6.176091259055681,-0.03194894722690744,5
2028,6.167574185840904,6.176091259055681,0.008517073214777682,4
2029,6.180525712905021,6.176091259055681,-0.0044344538493392704,3
2030,6.203320427885558,6.176091259055681,-0.02722916882987647,8
2031,6.203926069403883,6.176091259055681,-0.027834810348201344,10
2032,6.169215069788987,6.176091259055681,0.006876189266693977,2
2033,6.157810181984062,6.176091259055681,0.0182810770716193,1
2034,6.19202744726115,6.113943352306837,-0.07808409495431334,10
2035,6.151251449093791,6.113943352306837,-0.037308096786953904,6
2036,6.163590959788644,6.113943352306837,-0.0496476074818073,9
2037,6.149942581155322,6.113943352306837,-0.03599922884848539,1
2038,6.2035617089038935,6.113943352306837,-0.08961835659705653,5
2039,6.150461924741336,6.113943352306837,-0.036518572434498964,4
2040,6.166019032771851,6.113943352306837,-0.05207568046501443,3
2041,6.174825247422275,6.113943352306837,-0.060881895115437956,7
2042,6.180294250147996,6.113943352306837,-0.06635089784115866,8
2043,6.17299338839216,6.313867220369153,0.1408738319769931,1
2044,6.1695171840682175,6.313867220369153,0.1443500363009358,2
2045,6.18972332768012,6.313867220369153,0.12414389268903303,10
2046,6.203930571935821,6.313867220369153,0.10993664843333217,7
2047,6.240379356312794,6.313867220369153,0.07348786405635899,8
2048,6.209500229817077,6.313867220369153,0.10436699055207654,4
2049,6.200449264131359,6.313867220369153,0.11341795623779394,6
2050,6.224897309233253,6.313867220369153,0.08896991113590058,9
2051,6.20003704539485,6.313867220369153,0.11383017497430359,3
2052,6.1608430290227325,6.544068044350276,0.38322501532754316,7
2053,6.195296688947739,6.544068044350276,0.3487713554025369,8
2054,6.140807664240231,6.544068044350276,0.4032603801100443,4
2055,6.139234500550827,6.544068044350276,0.404833543799449,10
2056,6.129223572383792,6.544068044350276,0.4148444719664841,1
2057,6.152023548113406,6.544068044350276,0.39204449623686966,3
2058,6.099972881271351,6.544068044350276,0.4440951630789245,2
2059,6.12761405552704,6.544068044350276,0.4164539888232355,5
2060,6.132238219222831,6.544068044350276,0.4118298251274446,9
2061,6.001259881007244,5.993876914941211,-0.00738296606603317,6
2062,6.002196911076482,5.993876914941211,-0.008319996135271346,2
2063,5.987994711658375,5.993876914941211,0.0058822032828356186,1
2064,6.061974818538081,5.993876914941211,-0.06809790359687007,3
2065,6.031955788945705,5.993876914941211,-0.03807887400449417,10
2066,6.041075039963605,5.993876914941211,-0.047198125022394066,8
2067,6.114347837033165,5.993876914941211,-0.12047092209195398,7
2068,6.0382976453064146,5.993876914941211,-0.04442073036520355,4
2069,5.994337220759572,5.993876914941211,-0.0004603058183612063,5
2070,6.107400473821192,6.544068044350276,0.43666757052908345,2
2071,6.127238903482366,6.544068044350276,0.41682914086790923,7
2072,6.17083772321746,6.544068044350276,0.37323032113281585,8
2073,6.145837396881847,6.544068044350276,0.39823064746842896,9
2074,6.151594199261723,6.544068044350276,0.39247384508855276,4
2075,6.151527060749185,6.544068044350276,0.3925409836010907,3
2076,6.1431578392799056,6.544068044350276,0.4009102050703701,5
2077,6.128230619910027,6.544068044350276,0.41583742444024896,1
2078,6.104301969645508,6.544068044350276,0.43976607470476736,6
2079,6.098463118847987,6.187520720836463,0.08905760198847545,6
2080,6.103048230671469,6.187520720836463,0.08447249016499381,9
2081,6.117331775566588,6.187520720836463,0.07018894526987474,1
2082,6.137985967965224,6.187520720836463,0.04953475287123865,7
2083,6.14341548460988,6.187520720836463,0.044105236226582356,10
2084,6.184334030743746,6.187520720836463,0.0031866900927166597,5
2085,6.138156946563657,6.187520720836463,0.04936377427280547,3
2086,6.132603476353281,6.187520720836463,0.054917244483181804,4
2087,6.119879750292893,6.187520720836463,0.06764097054356988,8
2088,6.168557736071292,6.526985068559996,0.35842733248870395,9
2089,6.173075615388434,6.526985068559996,0.3539094531715614,3
2090,6.137541764634598,6.526985068559996,0.3894433039253977,1
2091,6.180185801888447,6.526985068559996,0.3467992666715487,8
2092,6.11235490559933,6.526985068559996,0.4146301629606661,4
2093,6.130720538784021,6.526985068559996,0.3962645297759746,6
2094,6.199942304593962,6.526985068559996,0.32704276396603404,2
2095,6.196270249597037,6.526985068559996,0.3307148189629583,10
2096,6.193216101057698,6.526985068559996,0.3337689675022979,7
2097,6.120367947474892,6.1003705451175625,-0.01999740235732972,6
2098,6.13062733249784,6.1003705451175625,-0.030256787380277927,2
2099,6.099723477060652,6.1003705451175625,0.0006470680569101717,9
2100,6.111672923178437,6.1003705451175625,-0.011302378060874751,5
2101,6.111572918391162,6.1003705451175625,-0.01120237327359952,8
2102,6.091539870064651,6.1003705451175625,0.008830675052911907,7
2103,6.089819572713011,6.1003705451175625,0.010550972404551828,4
2104,6.050144563170345,6.1003705451175625,0.05022598194721706,1
2105,6.056251785995942,6.1003705451175625,0.044118759121620776,10
2106,5.154830860157586,5.806179973983888,0.6513491138263028,2
2107,5.349982090344938,5.806179973983888,0.45619788363895,3
2108,5.172359972567736,5.806179973983888,0.6338200014161526,4
2109,5.197119082961969,5.806179973983888,0.6090608910219197,5
2110,5.124257177192127,5.806179973983888,0.6819227967917616,9
2111,5.191253841582047,5.806179973983888,0.6149261324018411,6
2112,5.136159003110449,5.806179973983888,0.6700209708734395,1
2113,5.193943885410042,5.806179973983888,0.6122360885738463,10
2114,5.082361809162057,5.806179973983888,0.7238181648218314,8
2115,5.804910692706801,5.093421685162235,-0.7114890075445661,2
2116,5.87301269281686,5.093421685162235,-0.7795910076546253,5
2117,5.844729304108523,5.093421685162235,-0.7513076189462886,10
2118,5.76437394621745,5.093421685162235,-0.6709522610552154,8
2119,5.826872675254237,5.093421685162235,-0.7334509900920025,1
2120,5.827766539329194,5.093421685162235,-0.7343448541669595,7
2121,5.941531374391077,5.093421685162235,-0.848109689228842,3
2122,5.788627094345434,5.093421685162235,-0.695205409183199,9
2123,5.904879411328975,5.093421685162235,-0.81145772616674,4
2124,5.675965406073769,3.963787827345555,-1.7121775787282139,6
2125,5.700897132206409,3.963787827345555,-1.7371093048608537,10
2126,5.671424027553086,3.963787827345555,-1.707636200207531,1
2127,5.5818872345143244,3.963787827345555,-1.6180994071687693,7
2128,5.701056558226381,3.963787827345555,-1.737268730880826,5
2129,5.619791178186316,3.963787827345555,-1.6560033508407606,9
2130,5.610204726124526,3.963787827345555,-1.6464168987789711,2
2131,5.77727994830694,3.963787827345555,-1.8134921209613846,4
2132,5.51021249824044,3.963787827345555,-1.546424670894885,8
2133,5.790979080434161,6.0751453270538525,0.2841662466196917,10
2134,5.756313062584059,6.0751453270538525,0.3188322644697932,2
2135,5.940243477790878,6.0751453270538525,0.13490184926297477,3
2136,5.76637636355483,6.0751453270538525,0.3087689634990225,5
2137,5.88683414198054,6.0751453270538525,0.1883111850733128,4
2138,5.723172004754573,6.0751453270538525,0.3519733222992798,9
2139,5.803474875025724,6.0751453270538525,0.2716704520281281,6
2140,5.674770926086317,6.0751453270538525,0.40037440096753585,8
2141,5.716819906275533,6.0751453270538525,0.3583254207783195,7
2142,6.39301281063509,7.146128035678238,0.7531152250431479,3
2143,6.320529285166528,7.146128035678238,0.82559875051171,1
2144,6.400834618622817,7.146128035678238,0.7452934170554215,7
2145,6.314546530417956,7.146128035678238,0.8315815052602824,4
2146,6.345465667685684,7.146128035678238,0.8006623679925537,9
2147,6.255334309136031,7.146128035678238,0.8907937265422072,5
2148,6.360421261499148,7.146128035678238,0.78570677417909,8
2149,6.257401667901384,7.146128035678238,0.8887263677768544,10
2150,6.384646507727756,7.146128035678238,0.7614815279504823,2
2151,5.802831925487262,4.792391689498253,-1.0104402359890097,2
2152,5.836154167103498,4.792391689498253,-1.0437624776052452,9
2153,5.878494607797649,4.792391689498253,-1.0861029182993969,5
2154,5.889645250060843,4.792391689498253,-1.0972535605625904,3
2155,5.843161658028563,4.792391689498253,-1.05076996853031,6
2156,5.838995777919129,4.792391689498253,-1.0466040884208763,8
2157,5.830847419887257,4.792391689498253,-1.0384557303890043,4
2158,5.827594139509314,4.792391689498253,-1.0352024500110613,10
2159,5.853715708434094,4.792391689498253,-1.0613240189358413,7
2160,6.284904238574687,6.863322860120456,0.5784186215457687,2
2161,6.268143278177128,6.863322860120456,0.5951795819433281,8
2162,6.291437904390641,6.863322860120456,0.5718849557298151,3
2163,6.342617103987454,6.863322860120456,0.520705756133002,4
2164,6.395212128163766,6.863322860120456,0.4681107319566902,5
2165,6.358253509324601,6.863322860120456,0.5050693507958552,7
2166,6.331596073128302,6.863322860120456,0.531726786992154,10
2167,6.330150286163554,6.863322860120456,0.533172573956902,9
2168,6.254142560587327,6.863322860120456,0.6091802995331292,6
2169,6.043225026603059,6.531478917042255,0.4882538904391964,1
2170,6.058467161715725,6.531478917042255,0.4730117553265307,7
2171,6.068250594828761,6.531478917042255,0.4632283222134941,9
2172,6.131136729188768,6.531478917042255,0.40034218785348763,2
2173,6.0738882481548835,6.531478917042255,0.4575906688873719,8
2174,6.089330051612743,6.531478917042255,0.4421488654295125,4
2175,6.101702308184295,6.531478917042255,0.42977660885796,3
2176,6.0914234659473445,6.531478917042255,0.44005545109491084,5
2177,6.09756165735584,6.531478917042255,0.4339172596864156,6
2178,6.049217083428817,4.472024697700282,-1.5771923857285355,6
2179,6.023842219460656,4.472024697700282,-1.5518175217603742,8
2180,6.025077365835285,4.472024697700282,-1.5530526681350034,4
2181,6.017233466279159,4.472024697700282,-1.5452087685788776,2
2182,6.048531283176232,4.472024697700282,-1.5765065854759506,3
2183,6.031391453314853,4.472024697700282,-1.5593667556145716,9
2184,6.013264236506884,4.472024697700282,-1.541239538806602,7
2185,6.000398001502202,4.472024697700282,-1.5283733038019198,1
2186,5.984276453229685,4.472024697700282,-1.5122517555294035,10
2187,6.003576516830526,5.315970345456917,-0.6876061713736084,3
2188,5.982579747056593,5.315970345456917,-0.6666094015996755,1
2189,5.972336109398644,5.315970345456917,-0.6563657639417269,9
2190,5.963201617444209,5.315970345456917,-0.6472312719872919,7
2191,5.96615176768471,5.315970345456917,-0.6501814222277922,2
2192,5.8782633205484,5.315970345456917,-0.5622929750914825,6
2193,5.944365606513256,5.315970345456917,-0.6283952610563386,8
2194,5.979327758578008,5.315970345456917,-0.6633574131210906,10
2195,6.021989894600025,5.315970345456917,-0.7060195491431074,5
2196,6.041108445077152,6.266114049531676,0.22500560445452322,8
2197,6.045877350062718,6.266114049531676,0.2202366994689573,7
2198,6.048639662761915,6.266114049531676,0.21747438676976039,9
2199,6.046798743433845,6.266114049531676,0.21931530609783056,6
2200,6.046929678213807,6.266114049531676,0.21918437131786828,5
2201,6.049027604787337,6.266114049531676,0.21708644474433836,3
2202,6.048756806857664,6.266114049531676,0.21735724267401135,2
2203,5.992987122151923,6.266114049531676,0.27312692737975297,10
2204,6.046562905400483,6.266114049531676,0.21955114413119237,4
2205,3.7177020056121437,3.397940008672037,-0.31976199694010665,3
2206,3.61625236382117,3.397940008672037,-0.21831235514913283,2
2207,3.6594960412256254,3.397940008672037,-0.2615560325535884,5
2208,3.6680053838923317,3.397940008672037,-0.2700653752202946,9
2209,3.6849846640598627,3.397940008672037,-0.28704465538782564,10
2210,3.4187519542353497,3.397940008672037,-0.020811945563312673,4
2211,3.7091063888274465,3.397940008672037,-0.3111663801554094,6
2212,3.6604941276124885,3.397940008672037,-0.26255411894045144,1
2213,3.675105361627392,3.397940008672037,-0.2771653529553548,7
2214,6.091626678295662,6.109915863023793,0.018289184728130792,7
2215,6.039089776448195,6.109915863023793,0.07082608657559764,3
2216,6.053565590559727,6.109915863023793,0.056350272464065654,5
2217,6.06843206164044,6.109915863023793,0.04148380138335295,6
2218,6.036530004770509,6.109915863023793,0.07338585825328359,1
2219,6.031998917736668,6.109915863023793,0.07791694528712512,8
2220,6.016797029550932,6.109915863023793,0.09311883347286098,10
2221,6.068958118174212,6.109915863023793,0.04095774484958081,2
2222,6.0924724557092125,6.109915863023793,0.017443407314580384,4
2223,6.194344997986495,6.539076098792776,0.344731100806281,4
2224,6.224688317500863,6.539076098792776,0.3143877812919129,5
2225,6.23933456802068,6.539076098792776,0.29974153077209653,8
2226,6.181453544979777,6.539076098792776,0.3576225538129991,9
2227,6.195104920349658,6.539076098792776,0.34397117844311786,3
2228,6.222643615002327,6.539076098792776,0.3164324837904493,7
2229,6.203635042858485,6.539076098792776,0.3354410559342913,2
2230,6.162481900158561,6.539076098792776,0.3765941986342156,6
2231,6.2313359084706645,6.539076098792776,0.30774019032211175,10
2232,6.494592592403393,6.342817314635733,-0.1517752777676602,7
2233,6.434751817908821,6.342817314635733,-0.09193450327308827,10
2234,6.494228090077886,6.342817314635733,-0.15141077544215342,3
2235,6.484255688805925,6.342817314635733,-0.14143837417019256,5
2236,6.357928476838415,6.342817314635733,-0.015111162202682493,8
2237,6.393584232591777,6.342817314635733,-0.05076691795604393,1
2238,6.4994848220987,6.342817314635733,-0.15666750746296731,4
2239,6.33812331723867,6.342817314635733,0.004693997397062333,2
2240,6.39334631249369,6.342817314635733,-0.05052899785795706,9
2241,2.3786927062050167,2.0791812460476247,-0.29951146015739205,9
2242,2.3627307379225626,2.0791812460476247,-0.28354949187493794,1
2243,2.412060743583335,2.0791812460476247,-0.33287949753571056,7
2244,2.245596684257882,2.0791812460476247,-0.16641543821025717,8
2245,2.3181967718169982,2.0791812460476247,-0.23901552576937357,3
2246,2.315252019998107,2.0791812460476247,-0.23607077395048215,2
2247,2.2204266358254103,2.0791812460476247,-0.14124538977778567,10
2248,2.410622782929969,2.0791812460476247,-0.33144153688234423,4
2249,2.470682648108833,2.0791812460476247,-0.3915014020612082,5
2250,5.2432925423774135,5.202352067809752,-0.04094047456766159,3
2251,5.431607206375619,5.202352067809752,-0.22925513856586743,7
2252,5.469413934584177,5.202352067809752,-0.26706186677442467,10
2253,5.403777020592057,5.202352067809752,-0.20142495278230488,2
2254,5.300475766437757,5.202352067809752,-0.0981236986280054,5
2255,5.388185355494604,5.202352067809752,-0.18583328768485252,1
2256,5.391107878323713,5.202352067809752,-0.1887558105139613,8
2257,5.3603713488721905,5.202352067809752,-0.15801928106243857,4
2258,5.464534679609979,5.202352067809752,-0.2621826118002275,9
2259,6.171115788744758,6.409764104266346,0.23864831552158794,2
2260,6.1945648865246286,6.409764104266346,0.21519921774171724,5
2261,6.174218801438639,6.409764104266346,0.23554530282770703,3
2262,6.167251729102087,6.409764104266346,0.2425123751642584,7
2263,6.156674470934985,6.409764104266346,0.2530896333313608,9
2264,6.152617924204589,6.409764104266346,0.25714618006175716,10
2265,6.141074893850623,6.409764104266346,0.26868921041572236,6
2266,6.191599227451214,6.409764104266346,0.21816487681513141,8
2267,6.1744246225418795,6.409764104266346,0.23533948172446628,4
2268,6.204143176438371,6.477121254719663,0.27297807828129184,4
2269,6.155533948674706,6.477121254719663,0.32158730604495656,2
2270,6.19023831209207,6.477121254719663,0.2868829426275923,5
2271,6.163389893037067,6.477121254719663,0.31373136168259563,9
2272,6.184691943909249,6.477121254719663,0.29242931081041323,8
2273,6.137105125954712,6.477121254719663,0.340016128764951,1
2274,6.186521530639763,6.477121254719663,0.2905997240798994,3
2275,6.2182134331418215,6.477121254719663,0.2589078215778411,7
2276,6.1374155877908745,6.477121254719663,0.3397056669287881,6
2277,6.120367947474892,6.137926673293154,0.017558725818261678,6
2278,6.089819572713011,6.137926673293154,0.048107100580143225,4
2279,6.108730560238658,6.137926673293154,0.02919611305449621,3
2280,6.091539870064651,6.137926673293154,0.046386803228503304,7
2281,6.111572918391162,6.137926673293154,0.026353754901991877,8
2282,6.056251785995942,6.137926673293154,0.08167488729721217,10
2283,6.111672923178437,6.137926673293154,0.026253750114716645,5
2284,6.13062733249784,6.137926673293154,0.007299340795313469,2
2285,6.050144563170345,6.137926673293154,0.08778211012280845,1
2286,6.050144563170345,6.45071087814692,0.40056631497657413,1
2287,6.120367947474892,6.45071087814692,0.33034293067202736,6
2288,6.111572918391162,6.45071087814692,0.33913795975575756,8
2289,6.089819572713011,6.45071087814692,0.3608913054339089,4
2290,6.056251785995942,6.45071087814692,0.39445909215097785,10
2291,6.111672923178437,6.45071087814692,0.3390379549684823,5
2292,6.091539870064651,6.45071087814692,0.359171008082269,7
2293,6.099723477060652,6.45071087814692,0.35098740108626725,9
2294,6.13062733249784,6.45071087814692,0.32008354564907915,2
2295,6.16657144003144,6.60422605308447,0.4376546130530299,7
2296,6.130571744754369,6.60422605308447,0.4736543083301008,8
2297,6.114551274108719,6.60422605308447,0.4896747789757505,9
2298,6.1315250441588365,6.60422605308447,0.4727010089256334,3
2299,6.144013713926856,6.60422605308447,0.4602123391576143,4
2300,6.0973151983338685,6.60422605308447,0.5069108547506014,1
2301,6.095868302350173,6.60422605308447,0.5083577507342971,10
2302,6.138849790732618,6.60422605308447,0.46537626235185225,5
2303,6.155902466273233,6.60422605308447,0.4483235868112372,2
2304,6.097951858533176,6.187520720836463,0.08956886230328642,3
2305,6.118297068566082,6.187520720836463,0.06922365227038085,6
2306,6.058570403593658,6.187520720836463,0.12895031724280503,1
2307,6.124844483876607,6.187520720836463,0.06267623695985591,2
2308,6.107989429155752,6.187520720836463,0.07953129168071094,7
2309,6.12366232803146,6.187520720836463,0.0638583928050025,8
2310,6.067261850296017,6.187520720836463,0.1202588705404457,10
2311,6.089036166332967,6.187520720836463,0.09848455450349558,4
2312,6.109345028925242,6.187520720836463,0.07817569191122065,9
2313,6.058679914553684,6.278753600952829,0.22007368639914482,3
2314,6.0577602791469305,6.278753600952829,0.22099332180589837,4
2315,6.061677367175895,6.278753600952829,0.2170762337769343,5
2316,6.011445422650724,6.278753600952829,0.2673081783021045,10
2317,6.052308960793434,6.278753600952829,0.2264446401593947,9
2318,6.037634933967443,6.278753600952829,0.2411186669853862,1
2319,6.072544246726593,6.278753600952829,0.2062093542262362,2
2320,6.0473009916799425,6.278753600952829,0.23145260927288636,7
2321,6.0508083943222,6.278753600952829,0.22794520663062912,6
2322,6.3373315254420906,6.518513939877887,0.18118241443579652,2
2323,6.290080108987887,6.518513939877887,0.22843383089000024,4
2324,6.309321299029851,6.518513939877887,0.2091926408480358,1
2325,6.2759423489460096,6.518513939877887,0.24257159093187752,6
2326,6.32166297258814,6.518513939877887,0.19685096728974738,9
2327,6.273685454122598,6.518513939877887,0.24482848575528937,3
2328,6.325090344921997,6.518513939877887,0.19342359495589,7
2329,6.305720841081926,6.518513939877887,0.2127930987959612,8
2330,6.316539225118195,6.518513939877887,0.2019747147596922,10
2331,5.889277462941348,4.342422680822207,-1.5468547821191416,3
2332,5.931679681597189,4.342422680822207,-1.5892570007749827,5
2333,5.836259913809494,4.342422680822207,-1.4938372329872873,8
2334,5.834833887165701,4.342422680822207,-1.492411206343494,6
2335,5.943057647584261,4.342422680822207,-1.6006349667620547,1
2336,5.939087174438489,4.342422680822207,-1.5966644936162826,9
2337,5.862178641073143,4.342422680822207,-1.5197559602509365,7
2338,5.915283405794628,4.342422680822207,-1.5728607249724211,4
2339,5.897216520775328,4.342422680822207,-1.5547938399531214,10
2340,6.101460434240251,5.651762447380111,-0.44969798686013984,10
2341,6.111279256005636,5.651762447380111,-0.4595168086255246,8
2342,6.1271180441284585,5.651762447380111,-0.47535559674834715,3
2343,6.1405367757995,5.651762447380111,-0.48877432841938884,4
2344,6.092452463993708,5.651762447380111,-0.44069001661359675,1
2345,6.0905635925291515,5.651762447380111,-0.4388011451490401,6
2346,6.112847407830149,5.651762447380111,-0.46108496045003733,9
2347,6.145990467219429,5.651762447380111,-0.4942280198393174,7
2348,6.1377070899884885,5.651762447380111,-0.4859446426083771,2
2349,6.069895461626273,6.301969226865995,0.232073765239722,7
2350,6.071553158453005,6.301969226865995,0.2304160684129899,4
2351,6.113954359671116,6.301969226865995,0.18801486719487936,2
2352,6.106191656768365,6.301969226865995,0.19577757009763008,5
2353,6.078403562584343,6.301969226865995,0.2235656642816517,3
2354,6.065713963504271,6.301969226865995,0.2362552633617243,8
2355,6.058302317629824,6.301969226865995,0.24366690923617096,10
2356,6.100782371210085,6.301969226865995,0.20118685565591043,9
2357,6.0819538152665835,6.301969226865995,0.22001541159941151,6
2358,6.554751230242476,6.903089986991944,0.34833875674946757,2
2359,6.586010552017712,6.903089986991944,0.3170794349742314,7
2360,6.554739399583996,6.903089986991944,0.348350587407948,10
2361,6.6044567727610435,6.903089986991944,0.2986332142309003,4
2362,6.399647954810962,6.903089986991944,0.503442032180982,5
2363,6.5518655526625835,6.903089986991944,0.35122443432936024,6
2364,6.594090647729643,6.903089986991944,0.30899933926230094,8
2365,6.603768794395104,6.903089986991944,0.29932119259683976,1
2366,6.461194743902167,6.903089986991944,0.44189524308977646,3
2367,5.990501858170336,5.983175072037813,-0.007326786132522578,4
2368,5.995442101806301,5.983175072037813,-0.012267029768487703,2
2369,5.9962193105321155,5.983175072037813,-0.013044238494302363,10
2370,6.0263494240472095,5.983175072037813,-0.043174352009396344,5
2371,6.028465570843185,5.983175072037813,-0.045290498805371726,3
2372,6.040142538850415,5.983175072037813,-0.05696746681260212,9
2373,6.0162457186930025,5.983175072037813,-0.03307064665518933,6
2374,6.0019434515565795,5.983175072037813,-0.01876837951876631,7
2375,5.984337363498806,5.983175072037813,-0.0011622914609930035,1
2376,6.053513633123303,6.587710965018911,0.5341973318956086,10
2377,6.118091935501842,6.587710965018911,0.46961902951706946,5
2378,6.0681828659111945,6.587710965018911,0.5195280991077169,4
2379,6.1005431222195785,6.587710965018911,0.4871678427993329,9
2380,6.073717259494446,6.587710965018911,0.5139937055244657,3
2381,6.058373443520922,6.587710965018911,0.5293375214979896,2
2382,6.042389819412783,6.587710965018911,0.5453211456061284,1
2383,6.084187485363849,6.587710965018911,0.5035234796550627,8
2384,6.101037682809008,6.587710965018911,0.48667328220990314,6
2385,6.0681828659111945,6.5843312243675305,0.516148358456336,4
2386,6.118091935501842,6.5843312243675305,0.46623928886568855,5
2387,6.101037682809008,6.5843312243675305,0.4832935415585222,6
2388,6.058373443520922,6.5843312243675305,0.5259577808466087,2
2389,6.084187485363849,6.5843312243675305,0.5001437390036818,8
2390,6.042389819412783,6.5843312243675305,0.5419414049547475,1
2391,6.053513633123303,6.5843312243675305,0.5308175912442277,10
2392,6.060098657368218,6.5843312243675305,0.5242325669993129,7
2393,6.1005431222195785,6.5843312243675305,0.483788102147952,9
2394,5.790861580517434,5.229425847920695,-0.5614357325967383,7
2395,5.719230826322859,5.229425847920695,-0.4898049784021632,6
2396,5.724996504258865,5.229425847920695,-0.49557065633816944,1
2397,5.733701869487987,5.229425847920695,-0.5042760215672919,10
2398,5.81614045854352,5.229425847920695,-0.5867146106228249,5
2399,5.804544933831473,5.229425847920695,-0.575119085910778,4
2400,5.695092366851368,5.229425847920695,-0.46566651893067235,9
2401,5.816049701932574,5.229425847920695,-0.5866238540118784,3
2402,5.70636511256471,5.229425847920695,-0.4769392646440149,8
2403,5.962921147087323,6.136720567156407,0.17379942006908333,7
2404,5.929174659518659,6.136720567156407,0.20754590763774772,9
2405,5.929816577512105,6.136720567156407,0.20690398964430212,5
2406,5.918100728941515,6.136720567156407,0.21861983821489162,3
2407,5.858772144354119,6.136720567156407,0.2779484228022877,2
2408,5.97015793764315,6.136720567156407,0.1665626295132565,1
2409,5.91897345587244,6.136720567156407,0.21774711128396707,10
2410,5.869971128039458,6.136720567156407,0.2667494391169489,8
2411,5.9706386433032,6.136720567156407,0.16608192385320653,4
2412,6.0794057260017675,5.0,-1.0794057260017675,10
2413,6.147016659465075,5.0,-1.1470166594650753,9
2414,6.120157739016877,5.0,-1.1201577390168769,2
2415,6.116865384945133,5.0,-1.1168653849451333,3
2416,6.081142277866081,5.0,-1.081142277866081,1
2417,6.105192109233985,5.0,-1.1051921092339851,7
2418,6.1419726381114605,5.0,-1.1419726381114605,5
2419,6.109174059780807,5.0,-1.1091740597808073,4
2420,6.141820827803176,5.0,-1.1418208278031763,6
2421,6.067971350658258,6.531478917042255,0.46350756638399737,6
2422,5.986949552564565,6.531478917042255,0.5445293644776905,1
2423,6.045894494891391,6.531478917042255,0.4855844221508647,5
2424,5.907509527431157,6.531478917042255,0.6239693896110987,4
2425,5.990881209225783,6.531478917042255,0.5405977078164721,7
2426,5.943608055754246,6.531478917042255,0.5878708612880095,2
2427,5.936349938428425,6.531478917042255,0.5951289786138307,9
2428,5.983269595729025,6.531478917042255,0.5482093213132302,8
2429,5.993311867413044,6.531478917042255,0.5381670496292115,3
2430,5.852993711588368,4.292256071356476,-1.560737640231892,7
2431,5.906787960086824,4.292256071356476,-1.6145318887303475,9
2432,5.804439712008552,4.292256071356476,-1.5121836406520757,10
2433,5.821763064343895,4.292256071356476,-1.529506992987419,6
2434,5.848865502917208,4.292256071356476,-1.556609431560732,3
2435,5.8007356966048285,4.292256071356476,-1.508479625248352,8
2436,5.601398686717424,4.292256071356476,-1.3091426153609476,5
2437,5.766801455051462,4.292256071356476,-1.474545383694986,2
2438,5.826748957735237,4.292256071356476,-1.5344928863787608,4
2439,6.129740814265983,6.371067862271736,0.24132704800575322,8
2440,6.1357742738592425,6.371067862271736,0.23529358841249337,2
2441,6.101151317769087,6.371067862271736,0.26991654450264857,9
2442,6.097296751626167,6.371067862271736,0.27377111064556914,3
2443,6.125448050051914,6.371067862271736,0.24561981221982165,7
2444,6.09860760057325,6.371067862271736,0.2724602616984857,4
2445,6.110286385735026,6.371067862271736,0.26078147653671024,6
2446,6.11499922027439,6.371067862271736,0.2560686419973459,5
2447,6.0498043680788065,6.371067862271736,0.3212634941929293,10
2448,6.008959242042499,6.305351369446623,0.2963921274041246,9
2449,5.947363520590837,6.305351369446623,0.35798784885578616,1
2450,5.9145580936046045,6.305351369446623,0.39079327584201895,6
2451,5.887752739187593,6.305351369446623,0.41759863025903066,10
2452,5.944276846872507,6.305351369446623,0.36107452257411676,2
2453,5.9391518198315065,6.305351369446623,0.3661995496151169,4
2454,5.98706803710119,6.305351369446623,0.31828333234543305,7
2455,5.954432229347252,6.305351369446623,0.3509191400993714,8
2456,5.939583743438106,6.305351369446623,0.36576762600851787,3
2457,6.109174059780807,6.477121254719663,0.3679471949388553,4
2458,6.141820827803176,6.477121254719663,0.3353004269164863,6
2459,6.0794057260017675,6.477121254719663,0.39771552871789506,10
2460,6.173219099642539,6.477121254719663,0.3039021550771235,8
2461,6.120157739016877,6.477121254719663,0.3569635157027857,2
2462,6.147016659465075,6.477121254719663,0.33010459525458735,9
2463,6.081142277866081,6.477121254719663,0.3959789768535815,1
2464,6.105192109233985,6.477121254719663,0.37192914548567746,7
2465,6.116865384945133,6.477121254719663,0.3602558697745293,3
2466,6.316269476544911,6.894105511777515,0.577836035232604,5
2467,6.201067493788323,6.894105511777515,0.693038017989192,6
2468,6.218745074692,6.894105511777515,0.6753604370855149,8
2469,6.284307585847389,6.894105511777515,0.6097979259301258,9
2470,6.2673933107465425,6.894105511777515,0.6267122010309727,7
2471,6.24665841315169,6.894105511777515,0.6474470986258254,10
2472,6.244097690191007,6.894105511777515,0.6500078215865086,4
2473,6.267810573570958,6.894105511777515,0.6262949382065575,3
2474,6.200248268985177,6.894105511777515,0.6938572427923386,1
2475,6.062207445211147,6.477121254719663,0.41491380950851564,8
2476,6.090843804820972,6.477121254719663,0.3862774498986905,7
2477,6.066683928128571,6.477121254719663,0.4104373265910919,2
2478,6.083772778264383,6.477121254719663,0.39334847645527926,6
2479,6.045746524138831,6.477121254719663,0.4313747305808313,10
2480,6.091960071002075,6.477121254719663,0.3851611837175879,3
2481,6.125475453075045,6.477121254719663,0.3516458016446178,9
2482,6.109475979380984,6.477121254719663,0.3676452753386785,5
2483,6.08126389010893,6.477121254719663,0.3958573646107322,4
2484,5.9194050094870825,6.530839778616521,0.6114347691294384,5
2485,5.941404196278677,6.530839778616521,0.5894355823378437,2
2486,5.824345055649367,6.530839778616521,0.7064947229671539,1
2487,5.919996960339615,6.530839778616521,0.6108428182769057,8
2488,5.961241598654755,6.530839778616521,0.5695981799617655,7
2489,5.886456495006407,6.530839778616521,0.6443832836101135,3
2490,5.917918557352445,6.530839778616521,0.6129212212640756,6
2491,5.935407418557645,6.530839778616521,0.5954323600588758,4
2492,5.868230631655861,6.530839778616521,0.6626091469606603,9
2493,6.109345028925242,6.3979400086720375,0.2885949797467955,9
2494,6.107989429155752,6.3979400086720375,0.2899505795162858,7
2495,6.12366232803146,6.3979400086720375,0.27427768064057734,8
2496,6.089036166332967,6.3979400086720375,0.3089038423390704,4
2497,6.124334332229464,6.3979400086720375,0.27360567644257383,5
2498,6.124844483876607,6.3979400086720375,0.27309552479543076,2
2499,6.118297068566082,6.3979400086720375,0.2796429401059557,6
2500,6.058570403593658,6.3979400086720375,0.3393696050783799,1
2501,6.067261850296017,6.3979400086720375,0.33067815837602055,10
2502,6.087161536102005,5.681241237375588,-0.405920298726417,6
2503,6.074739254378813,5.681241237375588,-0.3934980170032256,5
2504,6.033054238769924,5.681241237375588,-0.35181300139433613,4
2505,6.048844339773734,5.681241237375588,-0.36760310239814675,1
2506,6.01206431580966,5.681241237375588,-0.3308230784340722,10
2507,6.006947394533478,5.681241237375588,-0.32570615715789053,8
2508,6.050001956629742,5.681241237375588,-0.368760719254154,2
2509,6.063842667522136,5.681241237375588,-0.3826014301465488,9
2510,6.039787821188754,5.681241237375588,-0.3585465838131663,3
2511,6.118091935501842,6.173186268412274,0.05509433291043209,5
2512,6.060098657368218,6.173186268412274,0.1130876110440564,7
2513,6.053513633123303,6.173186268412274,0.11967263528897121,10
2514,6.073717259494446,6.173186268412274,0.09946900891782828,3
2515,6.058373443520922,6.173186268412274,0.11481282489135225,2
2516,6.101037682809008,6.173186268412274,0.07214858560326576,6
2517,6.0681828659111945,6.173186268412274,0.10500340250107953,4
2518,6.042389819412783,6.173186268412274,0.13079644899949106,1
2519,6.084187485363849,6.173186268412274,0.08899878304842535,8
2520,6.066473770954102,6.5910646070265,0.5245908360723988,3
2521,6.002692443686283,6.5910646070265,0.5883721633402175,10
2522,6.04070792867405,6.5910646070265,0.5503566783524505,7
2523,6.0120111054415375,6.5910646070265,0.5790535015849629,2
2524,6.007919704578665,6.5910646070265,0.5831449024478355,1
2525,6.040603300152347,6.5910646070265,0.5504613068741531,4
2526,6.051718620048753,6.5910646070265,0.5393459869777475,8
2527,6.0631538879098255,6.5910646070265,0.527910719116675,5
2528,6.073646561346197,6.5910646070265,0.5174180456803033,9
2529,6.2086817180162255,7.074450718954592,0.865769000938367,10
2530,6.34637493814699,7.074450718954592,0.7280757808076022,2
2531,6.318850403560116,7.074450718954592,0.7556003153944761,1
2532,6.289766787070904,7.074450718954592,0.7846839318836887,5
2533,6.330695904561235,7.074450718954592,0.7437548143933572,9
2534,6.269010719489541,7.074450718954592,0.8054399994650518,4
2535,6.336559155585438,7.074450718954592,0.7378915633691543,3
2536,6.272801185892515,7.074450718954592,0.8016495330620774,7
2537,6.388577115711908,7.074450718954592,0.6858736032426842,8
2538,6.060626030965913,6.486487153065907,0.4258611220999944,2
2539,6.0763781244555055,6.486487153065907,0.41010902861040144,9
2540,6.067975380630951,6.486487153065907,0.41851177243495563,10
2541,6.120485712315201,6.486487153065907,0.36600144075070595,7
2542,6.086870703637135,6.486487153065907,0.3996164494287724,5
2543,6.090270420256361,6.486487153065907,0.3962167328095463,8
2544,6.079196954068858,6.486487153065907,0.40729019899704877,6
2545,6.099816148578352,6.486487153065907,0.386671004487555,3
2546,6.064652007988725,6.486487153065907,0.421835145077182,1
2547,6.283269895315827,6.505149978319906,0.2218800830040797,2
2548,6.307296848970811,6.505149978319906,0.19785312934909527,6
2549,6.265525013340912,6.505149978319906,0.23962496497899455,8
2550,6.330874585680899,6.505149978319906,0.17427539263900726,3
2551,6.267656304780038,6.505149978319906,0.23749367353986806,10
2552,6.335837760551592,6.505149978319906,0.16931221776831418,4
2553,6.32034145463233,6.505149978319906,0.18480852368757628,5
2554,6.259071683577177,6.505149978319906,0.24607829474272958,1
2555,6.340247711301906,6.505149978319906,0.16490226701800026,7
2556,5.932843106181842,5.549003262025788,-0.38383984415605443,2
2557,5.961568667014401,5.549003262025788,-0.41256540498861316,3
2558,5.979498650338123,5.549003262025788,-0.4304953883123357,1
2559,5.987094102096495,5.549003262025788,-0.4380908400707071,9
2560,5.979847936835174,5.549003262025788,-0.4308446748093866,5
2561,5.941440868381704,5.549003262025788,-0.39243760635591673,10
2562,5.987090731120752,5.549003262025788,-0.4380874690949641,8
2563,5.959967573135141,5.549003262025788,-0.4109643111093533,4
2564,5.984528283591349,5.549003262025788,-0.43552502156556105,6
2565,5.962647769501857,6.190331698170292,0.22768392866843445,6
2566,5.897417490964806,6.190331698170292,0.2929142072054862,10
2567,5.904233490833169,6.190331698170292,0.28609820733712255,4
2568,5.871201095153575,6.190331698170292,0.3191306030167169,7
2569,5.8952504169186195,6.190331698170292,0.2950812812516723,9
2570,5.840165546932367,6.190331698170292,0.35016615123792505,1
2571,5.927160060364622,6.190331698170292,0.26317163780566943,8
2572,5.919806772437592,6.190331698170292,0.27052492573270026,5
2573,5.903255566859232,6.190331698170292,0.2870761313110597,2
2574,6.051520109529606,6.196728722623287,0.14520861309368094,6
2575,6.032686634372157,6.196728722623287,0.1640420882511302,4
2576,6.037489798564678,6.196728722623287,0.1592389240586085,8
2577,6.067675454655056,6.196728722623287,0.12905326796823058,5
2578,6.0070577499265445,6.196728722623287,0.18967097269674227,2
2579,6.027376625790275,6.196728722623287,0.16935209683301178,1
2580,6.05339263480747,6.196728722623287,0.14333608781581653,9
2581,6.00945811183734,6.196728722623287,0.18727061078594698,10
2582,6.039378277096208,6.196728722623287,0.15735044552707844,7
2583,5.965793451687842,4.968482948553935,-0.9973105031339076,2
2584,5.977155373340457,4.968482948553935,-1.0086724247865222,7
2585,5.975689020715624,4.968482948553935,-1.0072060721616891,1
2586,5.993451150021514,4.968482948553935,-1.024968201467579,4
2587,5.9848025508343055,4.968482948553935,-1.0163196022803707,6
2588,5.9823201852449746,4.968482948553935,-1.0138372366910398,9
2589,5.920293845476542,4.968482948553935,-0.9518108969226073,10
2590,5.984513144821551,4.968482948553935,-1.0160301962676161,5
2591,5.971799486673998,4.968482948553935,-1.003316538120063,8
2592,5.946191770576564,6.568201724066995,0.6220099534904309,6
2593,5.927287794605522,6.568201724066995,0.6409139294614734,3
2594,5.912564517489236,6.568201724066995,0.6556372065777589,8
2595,5.969723070887998,6.568201724066995,0.5984786531789972,7
2596,5.9407825423543,6.568201724066995,0.6274191817126953,5
2597,5.989950566080913,6.568201724066995,0.5782511579860818,4
2598,5.852774919929343,6.568201724066995,0.7154268041376524,2
2599,5.96466833383298,6.568201724066995,0.6035333902340154,9
2600,5.9688629858971805,6.568201724066995,0.5993387381698145,1
2601,5.665232841118035,4.913813852383717,-0.7514189887343186,9
2602,5.716665944566891,4.913813852383717,-0.8028520921831745,7
2603,5.681570506274539,4.913813852383717,-0.7677566538908227,4
2604,5.7594404365291965,4.913813852383717,-0.8456265841454798,6
2605,5.758256109130676,4.913813852383717,-0.8444422567469596,10
2606,5.751242178629277,4.913813852383717,-0.8374283262455604,3
2607,5.733918217092497,4.913813852383717,-0.8201043647087802,5
2608,5.667080769237816,4.913813852383717,-0.7532669168540993,1
2609,5.7379249890440285,4.913813852383717,-0.8241111366603118,8
2610,6.141820827803176,6.207580514765431,0.06575968696225498,6
2611,6.0794057260017675,6.207580514765431,0.12817478876366373,10
2612,6.147016659465075,6.207580514765431,0.06056385530035602,9
2613,6.105192109233985,6.207580514765431,0.10238840553144612,7
2614,6.1419726381114605,6.207580514765431,0.06560787665397072,5
2615,6.120157739016877,6.207580514765431,0.0874227757485544,2
2616,6.116865384945133,6.207580514765431,0.09071512982029795,3
2617,6.173219099642539,6.207580514765431,0.03436141512289215,8
2618,6.081142277866081,6.207580514765431,0.1264382368993502,1
2619,6.12366232803146,6.225309281725863,0.10164695369440313,8
2620,6.067261850296017,6.225309281725863,0.15804743142984634,10
2621,6.107989429155752,6.225309281725863,0.11731985257011157,7
2622,6.124334332229464,6.225309281725863,0.10097494949639962,5
2623,6.124844483876607,6.225309281725863,0.10046479784925655,2
2624,6.109345028925242,6.225309281725863,0.11596425280062128,9
2625,6.118297068566082,6.225309281725863,0.10701221315978149,6
2626,6.097951858533176,6.225309281725863,0.12735742319268706,3
2627,6.058570403593658,6.225309281725863,0.16673887813220567,1
2628,5.959297388269325,6.491361693834273,0.5320643055649477,4
2629,5.939134376635897,6.491361693834273,0.5522273171983763,1
2630,6.073353188838708,6.491361693834273,0.41800850499556486,9
2631,5.933988524636472,6.491361693834273,0.5573731691978008,5
2632,5.971490972255355,6.491361693834273,0.5198707215789184,6
2633,5.94501629379821,6.491361693834273,0.5463454000360635,2
2634,5.959004924010559,6.491361693834273,0.5323567698237142,8
2635,5.884178317604272,6.491361693834273,0.607183376230001,10
2636,5.936926769595949,6.491361693834273,0.5544349242383237,7
2637,5.938355511075189,6.209515014542631,0.2711595034674419,6
2638,5.919535483943862,6.209515014542631,0.28997953059876913,4
2639,6.008267924899935,6.209515014542631,0.20124708964269544,7
2640,6.002983371822991,6.209515014542631,0.2065316427196402,2
2641,5.923340586281912,6.209515014542631,0.28617442826071837,8
2642,5.882043584766416,6.209515014542631,0.3274714297762147,5
2643,5.877872526692414,6.209515014542631,0.33164248785021666,3
2644,5.907118442627011,6.209515014542631,0.30239657191561964,1
2645,5.917690578363264,6.209515014542631,0.2918244361793665,10
2646,6.111572918391162,6.230448921378274,0.1188760029871121,8
2647,6.111672923178437,6.230448921378274,0.11877599819983686,5
2648,6.099723477060652,6.230448921378274,0.1307254443176218,9
2649,6.091539870064651,6.230448921378274,0.13890905131362352,7
2650,6.13062733249784,6.230448921378274,0.09982158888043369,2
2651,6.120367947474892,6.230448921378274,0.1100809739033819,6
2652,6.056251785995942,6.230448921378274,0.1741971353823324,10
2653,6.050144563170345,6.230448921378274,0.18030435820792867,1
2654,6.108730560238658,6.230448921378274,0.12171836113961643,3
2655,6.047623635947382,6.361727836017593,0.31410420007021145,1
2656,6.09239005014972,6.361727836017593,0.26933778586787316,4
2657,6.1144372922936805,6.361727836017593,0.24729054372391257,6
2658,6.114873184718035,6.361727836017593,0.2468546512995582,7
2659,6.109320134911448,6.361727836017593,0.2524077011061454,8
2660,6.0962325406047455,6.361727836017593,0.26549529541284755,3
2661,6.0900722915120635,6.361727836017593,0.27165554450552953,9
2662,6.117239721079312,6.361727836017593,0.2444881149382807,2
2663,6.130447307196656,6.361727836017593,0.2312805288209372,5
2664,6.035913627649534,5.089905111439398,-0.9460085162101359,7
2665,6.049348697325822,5.089905111439398,-0.9594435858864241,5
2666,6.022259042551522,5.089905111439398,-0.9323539311121243,1
2667,6.071551119148563,5.089905111439398,-0.9816460077091653,8
2668,6.082901624347764,5.089905111439398,-0.9929965129083662,3
2669,6.0645625048766645,5.089905111439398,-0.9746573934372664,9
2670,6.077817292681463,5.089905111439398,-0.9879121812420646,2
2671,6.061529638215078,5.089905111439398,-0.9716245267756802,6
2672,5.99134102815538,5.089905111439398,-0.9014359167159816,10
2673,5.977391693515414,6.426511261364575,0.44911956784916107,7
2674,5.959927047869047,6.426511261364575,0.46658421349552803,9
2675,6.027142867441353,6.426511261364575,0.399368393923222,3
2676,6.01771478189731,6.426511261364575,0.4087964794672647,4
2677,5.933013654572996,6.426511261364575,0.4934976067915793,10
2678,5.9714786659590935,6.426511261364575,0.45503259540548147,2
2679,5.964743554803081,6.426511261364575,0.4617677065614938,6
2680,5.9792933194161195,6.426511261364575,0.44721794194845543,5
2681,5.992066241800135,6.426511261364575,0.43444501956444004,8
2682,5.85337480384961,6.095029796648452,0.24165499279884273,7
2683,5.823964642696959,6.095029796648452,0.27106515395149344,3
2684,5.919600820118231,6.095029796648452,0.17542897653022127,10
2685,5.85147047047825,6.095029796648452,0.24355932617020226,9
2686,5.884699251266419,6.095029796648452,0.21033054538203366,2
2687,5.836716169611231,6.095029796648452,0.2583136270372215,8
2688,5.8027842142982005,6.095029796648452,0.2922455823502519,4
2689,5.8142544110969645,6.095029796648452,0.28077538555148784,5
2690,5.866435799349919,6.095029796648452,0.22859399729853358,6
2691,6.12701297798365,6.223080397831155,0.09606741984750489,2
2692,6.134217692292772,6.223080397831155,0.08886270553838305,8
2693,6.126633126068859,6.223080397831155,0.09644727176229573,4
2694,6.01286674385526,6.223080397831155,0.2102136539758952,6
2695,6.201170929305302,6.223080397831155,0.021909468525852738,9
2696,6.158181735999108,6.223080397831155,0.06489866183204729,7
2697,6.078483746136687,6.223080397831155,0.14459665169446811,10
2698,6.089127256335574,6.223080397831155,0.13395314149558146,3
2699,6.232348275423765,6.223080397831155,-0.009267877592609608,1
2700,6.141264398399802,6.456366033129043,0.315101634729241,4
2701,6.101016095730842,6.456366033129043,0.3553499373982003,3
2702,6.112567966147289,6.456366033129043,0.34379806698175397,5
2703,6.106516945367909,6.456366033129043,0.3498490877611333,6
2704,6.0792712491525185,6.456366033129043,0.3770947839765242,8
2705,6.082489184272381,6.456366033129043,0.3738768488566615,10
2706,6.100101326479021,6.456366033129043,0.3562647066500215,9
2707,6.180687016755368,6.456366033129043,0.2756790163736751,2
2708,6.142891035074621,6.456366033129043,0.3134749980544216,7
2709,5.5261584912652175,5.802773725291976,0.27661523402675847,1
2710,5.566003744124352,5.802773725291976,0.23676998116762427,3
2711,5.3680566115711725,5.802773725291976,0.43471711372080346,9
2712,5.5144066158324,5.802773725291976,0.28836710945957567,5
2713,5.550037258203051,5.802773725291976,0.2527364670889254,6
2714,5.537296344338342,5.802773725291976,0.2654773809536337,4
2715,5.902493713669137,5.802773725291976,-0.0997199883771609,10
2716,5.5666034647190195,5.802773725291976,0.23617026057295654,2
2717,5.520157923633199,5.802773725291976,0.2826158016587774,7
2718,5.944365606513256,6.3979400086720375,0.45357440215878153,8
2719,5.972336109398644,6.3979400086720375,0.42560389927339326,9
2720,6.021989894600025,6.3979400086720375,0.37595011407201273,5
2721,5.982579747056593,6.3979400086720375,0.4153602616154446,1
2722,5.979327758578008,6.3979400086720375,0.41861225009402947,10
2723,5.963201617444209,6.3979400086720375,0.4347383912278282,7
2724,6.003576516830526,6.3979400086720375,0.39436349184151176,3
2725,6.071015184674701,6.3979400086720375,0.32692482399733613,4
2726,5.96615176768471,6.3979400086720375,0.43178824098732793,2
2727,5.9871666316433005,5.603642280263075,-0.3835243513802258,3
2728,6.017265928297997,5.603642280263075,-0.413623648034922,5
2729,5.997603522539452,5.603642280263075,-0.39396124227637763,7
2730,5.96155915623714,5.603642280263075,-0.3579168759740652,8
2731,6.032775933567535,5.603642280263075,-0.4291336533044605,4
2732,5.945740191892836,5.603642280263075,-0.3420979116297609,6
2733,6.018748991014872,5.603642280263075,-0.4151067107517976,10
2734,6.004023432227706,5.603642280263075,-0.4003811519646314,1
2735,5.992649307746494,5.603642280263075,-0.3890070274834194,9
2736,6.034529995248624,6.20682587603185,0.172295880783226,5
2737,5.999496181076734,6.20682587603185,0.20732969495511622,2
2738,6.005636055742055,6.20682587603185,0.2011898202897946,1
2739,5.951177010003863,6.20682587603185,0.255648866027987,6
2740,6.000567774106843,6.20682587603185,0.20625810192500715,9
2741,6.009107033323927,6.20682587603185,0.19771884270792306,4
2742,6.005673503169749,6.20682587603185,0.20115237286210075,10
2743,5.997909317329047,6.20682587603185,0.20891655870280257,3
2744,6.030773566286467,6.20682587603185,0.17605230974538255,7
2745,6.089846801213993,6.342422680822207,0.25257587960821404,3
2746,6.091070521019409,6.342422680822207,0.25135215980279746,2
2747,6.09912542417471,6.342422680822207,0.24329725664749624,5
2748,6.133420577762941,6.342422680822207,0.20900210305926592,4
2749,6.070284406117829,6.342422680822207,0.27213827470437746,10
2750,6.077946990476267,6.342422680822207,0.26447569034593954,1
2751,6.085039375818927,6.342422680822207,0.25738330500327944,9
2752,6.12237938528138,6.342422680822207,0.2200432955408269,7
2753,6.043969978680474,6.342422680822207,0.2984527021417325,8
2754,5.894686956247939,6.301029995663981,0.40634303941604255,9
2755,5.946607292704427,6.301029995663981,0.35442270295955414,4
2756,5.723839686952065,6.301029995663981,0.5771903087119163,8
2757,5.933542543107255,6.301029995663981,0.367487452556726,3
2758,5.8926146826051164,6.301029995663981,0.4084153130588648,1
2759,5.873860407006708,6.301029995663981,0.4271695886572733,6
2760,5.882748680550321,6.301029995663981,0.41828131511365996,10
2761,5.991838670446111,6.301029995663981,0.3091913252178706,5
2762,5.964811792373195,6.301029995663981,0.33621820329078655,7
2763,5.985986822414917,6.505149978319906,0.5191631559049892,8
2764,6.017283294742494,6.505149978319906,0.4878666835774119,2
2765,6.04956828338681,6.505149978319906,0.4555816949330964,4
2766,6.002600045689811,6.505149978319906,0.5025499326300951,3
2767,6.014515145338838,6.505149978319906,0.49063483298106814,9
2768,6.023686924765813,6.505149978319906,0.48146305355409336,1
2769,6.036504662410571,6.505149978319906,0.46864531590933556,5
2770,6.0262289519142795,6.505149978319906,0.4789210264056267,10
2771,6.036994046559297,6.505149978319906,0.46815593176060943,7
2772,5.965212667207768,6.176091259055681,0.21087859184791302,2
2773,5.942327403986168,6.176091259055681,0.23376385506951358,6
2774,5.948128527989656,6.176091259055681,0.22796273106602527,8
2775,5.964832135948384,6.176091259055681,0.21125912310729777,9
2776,5.988808197162138,6.176091259055681,0.1872830618935435,1
2777,5.984992059097372,6.176091259055681,0.19109919995830893,3
2778,6.015434498250951,6.176091259055681,0.16065676080473068,5
2779,5.983583115555674,6.176091259055681,0.19250814350000756,7
2780,5.995993732038454,6.176091259055681,0.18009752701722714,10
2781,6.267775030224113,7.1003705451175625,0.8325955148934492,8
2782,6.263856590886196,7.1003705451175625,0.8365139542313669,10
2783,6.221469416196867,7.1003705451175625,0.8789011289206954,9
2784,6.199968286539157,7.1003705451175625,0.9004022585784055,3
2785,6.277727368330904,7.1003705451175625,0.8226431767866584,4
2786,6.303673695815695,7.1003705451175625,0.7966968493018678,5
2787,6.253411152043648,7.1003705451175625,0.8469593930739148,1
2788,6.2817017735227445,7.1003705451175625,0.818668771594818,7
2789,6.194588767623664,7.1003705451175625,0.9057817774938988,6
2790,5.761001247404462,5.836197480778925,0.0751962333744638,8
2791,5.736213986719108,5.836197480778925,0.09998349405981699,1
2792,5.816774876601389,5.836197480778925,0.01942260417753605,10
2793,5.7515447635594725,5.836197480778925,0.08465271721945289,6
2794,5.780503923730209,5.836197480778925,0.05569355704871626,9
2795,5.767466265753394,5.836197480778925,0.06873121502553126,4
2796,5.7595519478698805,5.836197480778925,0.07664553290904497,7
2797,5.735899954901333,5.836197480778925,0.10029752587759244,5
2798,5.732728997122246,5.836197480778925,0.10346848365667949,2
2799,5.836415092372525,6.054708787938054,0.2182936955655288,7
2800,5.876889023944309,6.054708787938054,0.1778197639937451,8
2801,5.8908263549408035,6.054708787938054,0.16388243299725058,10
2802,5.901710197182275,6.054708787938054,0.1529985907557787,1
2803,5.909767070835474,6.054708787938054,0.1449417171025802,4
2804,5.869067546725517,6.054708787938054,0.18564124121253744,9
2805,5.874480934128116,6.054708787938054,0.18022785380993778,6
2806,5.868304644137506,6.054708787938054,0.18640414380054793,3
2807,5.738873308112688,6.054708787938054,0.315835479825366,2
2808,6.0198201366763495,6.477121254719663,0.4573011180433131,5
2809,6.023749151629926,6.477121254719663,0.45337210308973663,6
2810,6.05649109483275,6.477121254719663,0.42063015988691266,3
2811,6.042532847969588,6.477121254719663,0.43458840675007426,1
2812,6.079857284838836,6.477121254719663,0.3972639698808269,7
2813,6.077482758774529,6.477121254719663,0.39963849594513334,9
2814,6.044502957183852,6.477121254719663,0.4326182975358108,2
2815,6.043970935357261,6.477121254719663,0.4331503193624018,8
2816,6.066645316706684,6.477121254719663,0.4104759380129783,10
2817,5.875662690009282,6.133644275865875,0.2579815858565935,3
2818,5.797918493651373,6.133644275865875,0.3357257822145021,2
2819,5.942066022114167,6.133644275865875,0.19157825375170834,1
2820,5.85104884285045,6.133644275865875,0.282595433015425,5
2821,5.908431730336199,6.133644275865875,0.2252125455296765,7
2822,5.916840236813634,6.133644275865875,0.21680403905224122,9
2823,5.868925750764107,6.133644275865875,0.2647185251017685,6
2824,5.887792241927462,6.133644275865875,0.24585203393841315,10
2825,5.8972727846859,6.133644275865875,0.23637149117997502,4
2826,5.826748957735237,6.32221929473392,0.49547033699868326,4
2827,5.766801455051462,6.32221929473392,0.5554178396824581,2
2828,5.804439712008552,6.32221929473392,0.5177795827253684,10
2829,5.906787960086824,6.32221929473392,0.4154313346470966,9
2830,5.852993711588368,6.32221929473392,0.46922558314555207,7
2831,5.848865502917208,6.32221929473392,0.4733537918167121,3
2832,5.8007356966048285,6.32221929473392,0.521483598129092,8
2833,5.821763064343895,6.32221929473392,0.5004562303900251,6
2834,5.968149365678978,6.32221929473392,0.3540699290549423,1
2835,5.8007356966048285,5.880813592280791,0.0800778956759629,8
2836,5.852993711588368,5.880813592280791,0.027819880692423027,7
2837,5.968149365678978,5.880813592280791,-0.08733577339818677,1
2838,5.848865502917208,5.880813592280791,0.031948089363583065,3
2839,5.906787960086824,5.880813592280791,-0.02597436780603246,9
2840,5.826748957735237,5.880813592280791,0.05406463454555421,4
2841,5.601398686717424,5.880813592280791,0.27941490556336745,5
2842,5.766801455051462,5.880813592280791,0.11401213722932901,2
2843,5.821763064343895,5.880813592280791,0.059050527936896025,6
2844,5.919611752615642,6.477121254719663,0.5575095021040202,9
2845,5.892160223904621,6.477121254719663,0.5849610308150419,7
2846,5.827233732462474,6.477121254719663,0.6498875222571883,5
2847,5.888007734190414,6.477121254719663,0.5891135205292484,10
2848,5.921719726740369,6.477121254719663,0.5554015279792939,1
2849,5.898371303499338,6.477121254719663,0.5787499512203249,6
2850,5.951697500031725,6.477121254719663,0.5254237546879379,4
2851,5.908646536243938,6.477121254719663,0.5684747184757244,3
2852,5.869449167331214,6.477121254719663,0.6076720873884485,8
2853,5.670184537965597,4.6020599913279625,-1.0681245466376348,8
2854,5.661302758299299,4.6020599913279625,-1.0592427669713365,6
2855,5.573332040752022,4.6020599913279625,-0.9712720494240594,5
2856,5.741386485916322,4.6020599913279625,-1.1393264945883592,4
2857,5.627165484779937,4.6020599913279625,-1.0251054934519743,7
2858,5.668652867189097,4.6020599913279625,-1.0665928758611347,3
2859,5.682466203368067,4.6020599913279625,-1.0804062120401046,2
2860,5.648688490963864,4.6020599913279625,-1.0466284996359017,1
2861,5.664873108170671,4.6020599913279625,-1.0628131168427082,10
2862,5.820162309197952,6.02530586526477,0.205143556066818,3
2863,5.8447667008096005,6.02530586526477,0.18053916445516993,7
2864,5.868819137692746,6.02530586526477,0.1564867275720241,6
2865,5.846492811625872,6.02530586526477,0.17881305363889854,4
2866,5.886602317323748,6.02530586526477,0.1387035479410228,1
2867,5.726229347149317,6.02530586526477,0.2990765181154531,2
2868,5.837513100511396,6.02530586526477,0.18779276475337436,8
2869,5.882574876798489,6.02530586526477,0.14273098846628152,9
2870,5.831253492041555,6.02530586526477,0.1940523732232151,10
2871,5.6793694057147714,5.477121254719663,-0.20224815099510884,10
2872,5.665934121949713,5.477121254719663,-0.18881286723004997,8
2873,5.714138406024842,5.477121254719663,-0.23701715130517975,3
2874,5.695967459769111,5.477121254719663,-0.21884620504944863,7
2875,5.683185913129291,5.477121254719663,-0.20606465840962862,1
2876,5.650995491265635,5.477121254719663,-0.17387423654597267,4
2877,5.6937105749745625,5.477121254719663,-0.21658932025489985,6
2878,5.601524300466649,5.477121254719663,-0.12440304574698668,2
2879,5.666178225463937,5.477121254719663,-0.1890569707442742,9
2880,5.577846921171354,6.505149978319906,0.9273030571485519,6
2881,5.741149073886126,6.505149978319906,0.7640009044337805,10
2882,5.634334529039016,6.505149978319906,0.8708154492808902,3
2883,5.590661009396528,6.505149978319906,0.9144889689233784,5
2884,5.575167107921366,6.505149978319906,0.9299828703985407,4
2885,5.6904650848339475,6.505149978319906,0.8146848934859587,1
2886,5.624254407195999,6.505149978319906,0.880895571123907,9
2887,5.62021283268965,6.505149978319906,0.8849371456302562,2
2888,5.543413650735617,6.505149978319906,0.9617363275842896,7
2889,5.968149365678978,6.812913356642856,0.8447639909638776,1
2890,5.821763064343895,6.812913356642856,0.9911502922989603,6
2891,5.804439712008552,6.812913356642856,1.0084736446343037,10
2892,5.766801455051462,6.812913356642856,1.0461119015913933,2
2893,5.8007356966048285,6.812913356642856,1.0121776600380272,8
2894,5.852993711588368,6.812913356642856,0.9599196450544873,7
2895,5.826748957735237,6.812913356642856,0.9861643989076185,4
2896,5.906787960086824,6.812913356642856,0.9061253965560319,9
2897,5.848865502917208,6.812913356642856,0.9640478537256474,3
2898,5.751883194730896,5.17897694729317,-0.572906247437726,4
2899,5.7237720315172815,5.17897694729317,-0.5447950842241118,6
2900,5.766145997338928,5.17897694729317,-0.587169050045758,1
2901,5.763672255602481,5.17897694729317,-0.5846953083093114,8
2902,5.774133019806018,5.17897694729317,-0.5951560725128484,9
2903,5.7463496803202,5.17897694729317,-0.56737273302703,7
2904,5.564406125502768,5.17897694729317,-0.38542917820959843,2
2905,5.77387259957733,5.17897694729317,-0.5948956522841602,10
2906,5.685664244185626,5.17897694729317,-0.5066872968924567,5
2907,5.740603775638497,5.365487984890899,-0.37511579074759727,2
2908,5.860573343698319,5.365487984890899,-0.4950853588074198,1
2909,5.829085567559482,5.365487984890899,-0.46359758266858275,6
2910,5.844766676591896,5.365487984890899,-0.4792786917009968,3
2911,5.829957405133829,5.365487984890899,-0.4644694202429296,8
2912,5.834434697529205,5.365487984890899,-0.46894671263830556,7
2913,5.834051253044778,5.365487984890899,-0.4685632681538783,9
2914,5.826937201682029,5.365487984890899,-0.46144921679112993,5
2915,5.83612841778038,5.365487984890899,-0.4706404328894802,10
2916,5.587349074297684,6.15839265038712,0.5710435760894361,8
2917,5.800580828365741,6.15839265038712,0.35781182202137884,9
2918,5.751456854390398,6.15839265038712,0.4069357959967226,4
2919,5.702227231052359,6.15839265038712,0.45616541933476107,3
2920,5.737292207292471,6.15839265038712,0.421100443094649,6
2921,5.758908142963715,6.15839265038712,0.3994845074234057,2
2922,5.607438665651692,6.15839265038712,0.5509539847354281,7
2923,5.733358823678285,6.15839265038712,0.4250338267088356,10
2924,5.842441943560921,6.15839265038712,0.3159507068261993,5
2925,4.976731884108049,4.477121254719663,-0.4996106293883864,6
2926,4.940783096925043,4.477121254719663,-0.4636618422053802,1
2927,5.064409106792037,4.477121254719663,-0.5872878520723743,9
2928,4.87354549793719,4.477121254719663,-0.39642424321752756,2
2929,5.001773495202197,4.477121254719663,-0.524652240482534,8
2930,5.020191327173294,4.477121254719663,-0.5430700724536317,10
2931,4.9975468230022395,4.477121254719663,-0.5204255682825769,4
2932,5.041639482383607,4.477121254719663,-0.5645182276639442,7
2933,4.938674554443518,4.477121254719663,-0.46155329972385584,3
2934,5.789973537842996,4.453624073591451,-1.336349464251545,10
2935,5.777133733965996,4.453624073591451,-1.3235096603745449,3
2936,5.775044723953702,4.453624073591451,-1.321420650362251,2
2937,5.743768869096075,4.453624073591451,-1.2901447955046246,6
2938,5.727148433368285,4.453624073591451,-1.2735243597768342,5
2939,5.773106774469291,4.453624073591451,-1.31948270087784,9
2940,5.843814792822396,4.453624073591451,-1.3901907192309455,1
2941,5.777196333527015,4.453624073591451,-1.3235722599355642,7
2942,5.820373155029983,4.453624073591451,-1.366749081438532,8
2943,6.116573502569224,6.086359830674748,-0.03021367189447588,6
2944,6.055873366922599,6.086359830674748,0.030486463752149362,10
2945,6.051262312034765,6.086359830674748,0.03509751863998378,1
2946,6.09913779593282,6.086359830674748,-0.01277796525807151,9
2947,6.107957063386412,6.086359830674748,-0.021597232711664027,8
2948,6.115239613522225,6.086359830674748,-0.0288797828474765,5
2949,6.084693202983982,6.086359830674748,0.001666627690766198,7
2950,6.093014194623931,6.086359830674748,-0.006654363949182951,4
2951,6.1091502596823055,6.086359830674748,-0.022790429007557123,2
2952,6.107301219279436,6.086359830674748,-0.02094138860468764,3
2953,6.115682457047228,6.086359830674748,-0.029322626372479732,8
2954,6.0667132974883655,6.086359830674748,0.019646533186382875,10
2955,6.106490559198685,6.086359830674748,-0.02013072852393627,2
2956,6.128842749936968,6.086359830674748,-0.04248291926221981,5
2957,6.1162426994727195,6.086359830674748,-0.029882868797971085,6
2958,6.0602706077383175,6.086359830674748,0.0260892229364309,1
2959,6.100308041302262,6.086359830674748,-0.013948210627513724,9
2960,6.0843481182382995,6.086359830674748,0.0020117124364489314,7
2961,6.075642999246282,6.319314304090512,0.24367130484422983,6
2962,6.0695378399295405,6.319314304090512,0.24977646416097166,2
2963,6.052742313890376,6.319314304090512,0.266571990200136,9
2964,6.070587438624902,6.319314304090512,0.24872686546560985,4
2965,5.9956578291305025,6.319314304090512,0.3236564749600097,10
2966,6.05701930091577,6.319314304090512,0.2622950031747422,5
2967,6.0688737758708,6.319314304090512,0.25044052821971263,8
2968,6.085143424205672,6.319314304090512,0.2341708798848403,3
2969,6.010549072092846,6.319314304090512,0.3087652319976666,1
2970,6.025532556993808,6.477121254719663,0.45158869772585497,1
2971,6.0816764803917875,6.477121254719663,0.39544477432787506,8
2972,6.081278460254636,6.477121254719663,0.39584279446502624,4
2973,6.091671687463173,6.477121254719663,0.38544956725648927,3
2974,6.079087920350975,6.477121254719663,0.39803333436868726,6
2975,6.060724523285184,6.477121254719663,0.416396731434479,7
2976,6.066439972798114,6.477121254719663,0.4106812819215486,9
2977,6.061354766641383,6.477121254719663,0.41576648807827965,5
2978,6.089144723093296,6.477121254719663,0.387976531626367,2
2979,6.002692443686283,6.374198257929082,0.3715058142427994,10
2980,6.0120111054415375,6.374198257929082,0.36218715248754485,2
2981,6.0631538879098255,6.374198257929082,0.3110443700192569,5
2982,6.056210993283624,6.374198257929082,0.317987264645458,6
2983,6.04070792867405,6.374198257929082,0.3334903292550324,7
2984,6.073646561346197,6.374198257929082,0.30055169658288516,9
2985,6.051718620048753,6.374198257929082,0.3224796378803294,8
2986,6.040603300152347,6.374198257929082,0.333594957776735,4
2987,6.066473770954102,6.374198257929082,0.30772448697498067,3
2988,5.908045742623761,6.3979400086720375,0.48989426604827635,2
2989,5.923552298416789,6.3979400086720375,0.4743877102552485,9
2990,5.999090169010817,6.3979400086720375,0.3988498396612208,3
2991,5.936831141561515,6.3979400086720375,0.46110886711052235,4
2992,5.836971730767616,6.3979400086720375,0.5609682779044212,10
2993,5.934996998433386,6.3979400086720375,0.4629430102386518,5
2994,5.904196913972439,6.3979400086720375,0.49374309469959865,6
2995,5.935494377987304,6.3979400086720375,0.46244563068473354,7
2996,5.949014743763481,6.3979400086720375,0.44892526490855644,8
2997,5.584093670981945,5.187520720836463,-0.3965729501454822,5
2998,5.381226057415807,5.187520720836463,-0.1937053365793444,7
2999,5.502086202120134,5.187520720836463,-0.31456548128367157,3
3000,5.434574851346708,5.187520720836463,-0.2470541305102456,2
3001,5.319182735280764,5.187520720836463,-0.13166201444430126,10
3002,5.497538215134713,5.187520720836463,-0.31001749429825054,6
3003,5.514059225108378,5.187520720836463,-0.3265385042719151,8
3004,5.347954789501081,5.187520720836463,-0.1604340686646184,9
3005,5.464602489382424,5.187520720836463,-0.277081768545961,1
3006,5.970950857814735,5.528916700277655,-0.44203415753707986,8
3007,5.847720250989976,5.528916700277655,-0.318803550712321,10
3008,5.961033918332067,5.528916700277655,-0.4321172180544117,7
3009,5.95973061716407,5.528916700277655,-0.43081391688641446,9
3010,5.978890556454832,5.528916700277655,-0.4499738561771771,5
3011,5.9102214989977915,5.528916700277655,-0.38130479872013634,3
3012,6.022669490174617,5.528916700277655,-0.4937527898969618,4
3013,5.973023280999388,5.528916700277655,-0.4441065807217326,2
3014,5.917094263817768,5.528916700277655,-0.388177563540113,1
3015,6.031574737137517,6.568201724066995,0.5366269869294777,3
3016,6.155383452700454,6.568201724066995,0.41281827136654137,2
3017,6.0498814325010315,6.568201724066995,0.5183202915659635,7
3018,6.001564573987952,6.568201724066995,0.5666371500790426,9
3019,6.032964161952244,6.568201724066995,0.5352375621147507,5
3020,6.0254036644935205,6.568201724066995,0.5427980595734745,6
3021,6.0567512632687635,6.568201724066995,0.5114504607982315,10
3022,6.016347802322785,6.568201724066995,0.5518539217442102,4
3023,6.007196258103793,6.568201724066995,0.561005465963202,1
3024,5.7411549589635635,5.0,-0.7411549589635635,8
3025,5.765507254790071,5.0,-0.7655072547900712,9
3026,5.781336869302805,5.0,-0.7813368693028053,3
3027,5.670860318991072,5.0,-0.670860318991072,7
3028,5.736215911877261,5.0,-0.7362159118772613,1
3029,5.7239054054024585,5.0,-0.7239054054024585,4
3030,5.670518524272709,5.0,-0.6705185242727092,10
3031,5.796104385305925,5.0,-0.7961043853059246,2
3032,5.709065305698813,5.0,-0.7090653056988128,6
3033,5.857856501774181,6.079181246047625,0.22132474427344384,3
3034,5.736573534105303,6.079181246047625,0.3426077119423221,2
3035,5.78703611602484,6.079181246047625,0.2921451300227851,8
3036,5.858508336372216,6.079181246047625,0.2206729096754092,4
3037,5.842459488339418,6.079181246047625,0.23672175770820747,7
3038,5.8107614716224125,6.079181246047625,0.2684197744252126,1
3039,5.798573570778521,6.079181246047625,0.28060767526910446,5
3040,5.817751287312676,6.079181246047625,0.2614299587349489,6
3041,5.831644988714397,6.079181246047625,0.24753625733322782,9
3042,5.882539640904575,4.814913181275074,-1.0676264596295013,9
3043,5.8722110085603,4.814913181275074,-1.0572978272852263,1
3044,5.8522734963557745,4.814913181275074,-1.0373603150807007,3
3045,5.8375489985790985,4.814913181275074,-1.0226358173040246,8
3046,5.853767838972868,4.814913181275074,-1.0388546576977937,4
3047,5.789704168992764,4.814913181275074,-0.9747909877176903,6
3048,5.837183269090936,4.814913181275074,-1.022270087815862,2
3049,5.818642172193022,4.814913181275074,-1.0037289909179483,5
3050,5.734062487002534,4.814913181275074,-0.9191493057274602,10
3051,5.581537742462007,5.08170727009735,-0.49983047236465783,2
3052,5.60915490047503,5.08170727009735,-0.5274476303776803,3
3053,5.627331100725786,5.08170727009735,-0.5456238306284362,8
3054,5.616911388982812,5.08170727009735,-0.5352041188854626,7
3055,5.558180413572504,5.08170727009735,-0.4764731434751548,5
3056,5.2797854951284435,5.08170727009735,-0.19807822503109396,6
3057,5.6606042591104515,5.08170727009735,-0.5788969890131019,4
3058,5.730214725525587,5.08170727009735,-0.6485074554282377,9
3059,5.586540482104991,5.08170727009735,-0.5048332120076413,10
3060,5.999085188695281,6.384711742938283,0.38562655424300196,5
3061,5.91205144186374,6.384711742938283,0.4726603010745425,6
3062,5.923044300440215,6.384711742938283,0.4616674424980678,9
3063,5.892731830264478,6.384711742938283,0.4919799126738047,10
3064,5.943530425050785,6.384711742938283,0.4411813178874979,3
3065,5.905320171593296,6.384711742938283,0.479391571344987,2
3066,5.986927700526657,6.384711742938283,0.3977840424116259,7
3067,5.994100204697252,6.384711742938283,0.3906115382410311,4
3068,5.9385106468173685,6.384711742938283,0.4462010961209142,1
3069,6.118997303516547,6.342422680822207,0.22342537730565937,6
3070,6.056956635719569,6.342422680822207,0.2854660451026376,1
3071,6.109176202080364,6.342422680822207,0.2332464787418429,2
3072,6.076742315267329,6.342422680822207,0.2656803655548776,9
3073,6.1010831369198835,6.342422680822207,0.24133954390232315,5
3074,6.079255295603562,6.342422680822207,0.2631673852186447,8
3075,6.069852626341605,6.342422680822207,0.27257005448060134,3
3076,6.033908962628796,6.342422680822207,0.308513718193411,10
3077,6.0671931262497125,6.342422680822207,0.2752295545724941,7
3078,6.0672048118353645,5.671172842715083,-0.3960319691202816,5
3079,6.048518488501345,5.671172842715083,-0.37734564578626184,7
3080,6.078226147452643,5.671172842715083,-0.40705330473755996,6
3081,6.033805253129141,5.671172842715083,-0.3626324104140579,8
3082,6.079513329494051,5.671172842715083,-0.40834048677896817,2
3083,6.05849048037891,5.671172842715083,-0.387317637663827,4
3084,6.029698993516079,5.671172842715083,-0.35852615080099604,3
3085,6.048456873061843,5.671172842715083,-0.37728403034676017,9
3086,5.991421492057868,5.671172842715083,-0.3202486493427852,10
3087,6.035728174725069,6.278753600952829,0.24302542622776002,5
3088,5.98127665174817,6.278753600952829,0.2974769492046585,7
3089,5.971418364780594,6.278753600952829,0.3073352361722348,2
3090,5.931508852409975,6.278753600952829,0.34724474854285425,3
3091,5.938118860215609,6.278753600952829,0.34063474073721967,1
3092,5.919327241501815,6.278753600952829,0.35942635945101387,6
3093,6.053468778109169,6.278753600952829,0.22528482284366014,4
3094,5.91415558328319,6.278753600952829,0.36459801766963906,9
3095,5.905909736711557,6.278753600952829,0.3728438642412719,8
3096,5.664873108170671,6.284656282788515,0.6197831746178446,10
3097,5.573332040752022,6.284656282788515,0.7113242420364934,5
3098,5.661302758299299,6.284656282788515,0.6233535244892163,6
3099,5.741386485916322,6.284656282788515,0.5432697968721936,4
3100,5.668652867189097,6.284656282788515,0.6160034155994181,3
3101,5.670184537965597,6.284656282788515,0.614471744822918,8
3102,5.682466203368067,6.284656282788515,0.6021900794204482,2
3103,5.627165484779937,6.284656282788515,0.6574907980085785,7
3104,5.845049545866909,6.284656282788515,0.4396067369216059,9
3105,5.882898454067333,6.3560258571931225,0.4731274031257895,4
3106,5.9740786049263646,6.3560258571931225,0.38194725226675796,5
3107,5.82849999428042,6.3560258571931225,0.5275258629127029,10
3108,5.940011573006654,6.3560258571931225,0.4160142841864687,8
3109,5.98631656337223,6.3560258571931225,0.36970929382089235,3
3110,5.941147899880473,6.3560258571931225,0.4148779573126493,2
3111,5.923211934893356,6.3560258571931225,0.4328139222997667,1
3112,6.085741220506894,6.3560258571931225,0.2702846366862284,6
3113,5.933738020691448,6.3560258571931225,0.4222878365016749,7
3114,5.492914878600723,5.671172842715083,0.17825796411436023,7
3115,5.409022216134942,5.671172842715083,0.26215062658014077,5
3116,5.552530696672857,5.671172842715083,0.11864214604222578,2
3117,5.441216943326142,5.671172842715083,0.22995589938894057,6
3118,5.383035094157241,5.671172842715083,0.28813774855784224,3
3119,5.729238609810279,5.671172842715083,-0.058065767095196286,10
3120,5.422553927631094,5.671172842715083,0.2486189150839886,8
3121,5.523099929197753,5.671172842715083,0.1480729135173302,1
3122,5.372792945221141,5.671172842715083,0.298379897493942,9
3123,6.134648207758569,6.477121254719663,0.3424730469610937,6
3124,6.172795178494211,6.477121254719663,0.3043260762254514,4
3125,6.095705940768055,6.477121254719663,0.38141531395160744,8
3126,6.008315467032074,6.477121254719663,0.4688057876875886,10
3127,6.12525939479531,6.477121254719663,0.3518618599243526,3
3128,6.097831116175765,6.477121254719663,0.37929013854389737,5
3129,6.128388075465332,6.477121254719663,0.34873317925433067,2
3130,6.127466514448783,6.477121254719663,0.3496547402708794,9
3131,6.0870366332685615,6.477121254719663,0.3900846214511011,1
3132,5.844232806899486,5.0,-0.8442328068994858,8
3133,5.881568775833619,5.0,-0.8815687758336193,3
3134,5.834967181930443,5.0,-0.834967181930443,7
3135,5.886170943913548,5.0,-0.8861709439135481,9
3136,5.754822310787336,5.0,-0.7548223107873362,10
3137,5.824238743220353,5.0,-0.8242387432203531,5
3138,5.844981541817239,5.0,-0.8449815418172388,2
3139,5.868272859774853,5.0,-0.8682728597748532,1
3140,5.828597753548376,5.0,-0.828597753548376,6
3141,5.926722750883739,5.852174904420303,-0.07454784646343615,7
3142,5.901569132218592,5.852174904420303,-0.04939422779828906,10
3143,5.922444698859036,5.852174904420303,-0.07026979443873316,6
3144,5.96730555549224,5.852174904420303,-0.11513065107193743,4
3145,5.886976414763082,5.852174904420303,-0.03480151034277945,2
3146,5.920285668596083,5.852174904420303,-0.06811076417578033,9
3147,5.913496902059215,5.852174904420303,-0.06132199763891233,8
3148,5.928540375548011,5.852174904420303,-0.07636547112770842,3
3149,5.964947422952786,5.852174904420303,-0.11277251853248327,1
3150,5.664638312961366,5.3979400086720375,-0.2666983042893287,8
3151,5.544508620862889,5.3979400086720375,-0.14656861219085116,5
3152,5.594349343300324,5.3979400086720375,-0.1964093346282869,7
3153,5.709441015797536,5.3979400086720375,-0.3115010071254982,6
3154,5.7189295252824,5.3979400086720375,-0.32098951661036246,2
3155,5.574662498942789,5.3979400086720375,-0.17672249027075182,10
3156,5.668375531361471,5.3979400086720375,-0.27043552268943394,4
3157,5.703383671168765,5.3979400086720375,-0.30544366249672716,3
3158,5.650654951656508,5.3979400086720375,-0.25271494298447017,9
3159,5.945015950521505,6.139879086401237,0.19486313587973214,6
3160,5.964470159037846,6.139879086401237,0.17540892736339053,4
3161,5.9035247624299645,6.139879086401237,0.23635432397127243,3
3162,5.95635127294539,6.139879086401237,0.18352781345584734,8
3163,5.882274332797298,6.139879086401237,0.257604753603939,10
3164,5.929605745105419,6.139879086401237,0.2102733412958182,1
3165,5.951405066114159,6.139879086401237,0.18847402028707805,5
3166,5.968101564692996,6.139879086401237,0.17177752170824068,9
3167,5.965843021848525,6.139879086401237,0.1740360645527117,7
3168,6.075894857437594,6.273487409697184,0.19759255225959027,5
3169,6.092260995807903,6.273487409697184,0.18122641388928074,3
3170,6.08516403399681,6.273487409697184,0.18832337570037438,8
3171,6.09499792547837,6.273487409697184,0.17848948421881428,4
3172,6.08862570607943,6.273487409697184,0.184861703617754,6
3173,6.099334115755613,6.273487409697184,0.17415329394157109,2
3174,6.080387758403152,6.273487409697184,0.19309965129403217,9
3175,6.099351074701413,6.273487409697184,0.1741363349957714,7
3176,6.040996500281861,6.273487409697184,0.2324909094153229,10
3177,6.083398187237179,6.320623955053538,0.2372257678163585,4
3178,6.041154852105865,6.320623955053538,0.27946910294767324,10
3179,6.077902854777123,6.320623955053538,0.24272110027641514,8
3180,6.129687951248476,6.320623955053538,0.19093600380506182,7
3181,6.098247294485413,6.320623955053538,0.22237666056812522,5
3182,6.085543475522936,6.320623955053538,0.23508047953060185,6
3183,6.081909650782018,6.320623955053538,0.23871430427151985,9
3184,6.089448413583844,6.320623955053538,0.23117554146969432,3
3185,6.066134199544398,6.320623955053538,0.2544897555091401,2
3186,6.008743437331566,6.6020599913279625,0.5933165539963969,5
3187,6.049979664764931,6.6020599913279625,0.5520803265630319,7
3188,5.982353135495971,6.6020599913279625,0.6197068558319918,8
3189,5.996209058688737,6.6020599913279625,0.6058509326392256,2
3190,6.026114784920098,6.6020599913279625,0.5759452064078641,4
3191,5.990614981322704,6.6020599913279625,0.6114450100052586,1
3192,5.986242428050568,6.6020599913279625,0.6158175632773943,10
3193,5.992802979019932,6.6020599913279625,0.6092570123080305,9
3194,5.990634361899381,6.6020599913279625,0.6114256294285818,6
3195,6.102097915845599,6.337459261290656,0.2353613454450567,10
3196,6.150164206911934,6.337459261290656,0.18729505437872174,2
3197,6.171133795571722,6.337459261290656,0.16632546571893414,7
3198,6.132397098245372,6.337459261290656,0.2050621630452838,3
3199,6.162798435759076,6.337459261290656,0.17466082553157936,6
3200,6.137331387441979,6.337459261290656,0.20012787384867714,5
3201,6.164829796747914,6.337459261290656,0.17262946454274175,8
3202,6.112847377882622,6.337459261290656,0.22461188340803417,1
3203,6.146356841252095,6.337459261290656,0.19110242003856115,9
3204,6.118619448443257,6.301029995663981,0.1824105472207247,3
3205,6.1083673659035345,6.301029995663981,0.1926626297604468,2
3206,6.170455226255107,6.301029995663981,0.13057476940887458,7
3207,6.131370055507396,6.301029995663981,0.1696599401565848,5
3208,6.10745083650799,6.301029995663981,0.19357915915599122,1
3209,6.12682136912448,6.301029995663981,0.1742086265395013,9
3210,6.1041639080545895,6.301029995663981,0.19686608760939173,10
3211,6.144218360923537,6.301029995663981,0.15681163474044446,6
3212,6.135453609598576,6.301029995663981,0.16557638606540515,4
3213,6.163301754624199,6.3979400086720375,0.23463825404783822,3
3214,6.134911603236576,6.3979400086720375,0.26302840543546147,2
3215,6.1941141382250615,6.3979400086720375,0.20382587044697598,4
3216,6.182184480168298,6.3979400086720375,0.21575552850373914,8
3217,6.136719753061766,6.3979400086720375,0.2612202556102714,6
3218,6.143016456922726,6.3979400086720375,0.2549235517493118,9
3219,6.138493505658757,6.3979400086720375,0.2594465030132804,10
3220,6.16813729632937,6.3979400086720375,0.2298027123426678,5
3221,6.142407635087097,6.3979400086720375,0.2555323735849404,1
3222,6.073665360929539,6.45484486000851,0.3811794990789714,6
3223,6.1129368457491715,6.45484486000851,0.3419080142593387,8
3224,6.085869990726775,6.45484486000851,0.3689748692817352,9
3225,6.090666831849476,6.45484486000851,0.3641780281590341,5
3226,6.084837856429939,6.45484486000851,0.3700070035785714,4
3227,6.131589830536224,6.45484486000851,0.32325502947228646,7
3228,6.069345240302177,6.45484486000851,0.3854996197063336,10
3229,6.10662776177943,6.45484486000851,0.34821709822908,2
3230,6.060052194731265,6.45484486000851,0.39479266527724555,1
3231,7.020194415396734,8.146128035678238,1.1259336202815042,5
3232,6.715653064532125,8.146128035678238,1.430474971146113,9
3233,6.6856398335792075,8.146128035678238,1.4604882020990306,8
3234,6.739762098608808,8.146128035678238,1.4063659370694301,10
3235,6.748546855175262,8.146128035678238,1.3975811805029759,4
3236,6.726738929763286,8.146128035678238,1.4193891059149522,1
3237,6.716277381483678,8.146128035678238,1.42985065419456,7
3238,6.812985335783579,8.146128035678238,1.3331426998946592,3
3239,6.665083106867302,8.146128035678238,1.4810449288109364,2
3240,5.673825550183116,4.5820633629117085,-1.0917621872714074,9
3241,5.814047341987508,4.5820633629117085,-1.2319839790757996,3
3242,5.6797655661445114,4.5820633629117085,-1.097702203232803,5
3243,5.714627979094556,4.5820633629117085,-1.1325646161828473,6
3244,5.721540061311333,4.5820633629117085,-1.1394766983996245,10
3245,5.6659235636156335,4.5820633629117085,-1.083860200703925,1
3246,5.721471630182472,4.5820633629117085,-1.1394082672707633,7
3247,5.6032607011173745,4.5820633629117085,-1.021197338205666,2
3248,5.7265848926010525,4.5820633629117085,-1.144521529689344,8
3249,5.961118015202177,6.272305844402086,0.31118782919990906,10
3250,6.0238887908816166,6.272305844402086,0.24841705352046972,7
3251,6.007904020497387,6.272305844402086,0.26440182390469946,9
3252,6.052698242385101,6.272305844402086,0.21960760201698548,3
3253,6.078016473521919,6.272305844402086,0.19428937088016696,4
3254,6.036123127970289,6.272305844402086,0.2361827164317969,8
3255,5.985748845812114,6.272305844402086,0.2865569985899725,6
3256,6.009506101375388,6.272305844402086,0.2627997430266982,5
3257,5.9878563482096965,6.272305844402086,0.2844494961923898,2
3258,6.367850891998951,5.728256359248493,-0.6395945327504577,6
3259,6.739762098608808,5.728256359248493,-1.0115057393603148,10
3260,6.748546855175262,5.728256359248493,-1.0202904959267691,4
3261,6.726738929763286,5.728256359248493,-0.9984825705147928,1
3262,6.716277381483678,5.728256359248493,-0.9880210222351851,7
3263,6.665083106867302,5.728256359248493,-0.9368267476188086,2
3264,6.6856398335792075,5.728256359248493,-0.9573834743307144,8
3265,6.715653064532125,5.728256359248493,-0.9873967052836319,9
3266,6.812985335783579,5.728256359248493,-1.0847289765350858,3
3267,6.038779193182746,5.71717102683231,-0.321608166350436,7
3268,6.056805200569047,5.71717102683231,-0.3396341737367372,9
3269,6.074663895534367,5.71717102683231,-0.35749286870205665,2
3270,6.025603934037423,5.71717102683231,-0.3084329072051126,8
3271,6.040431744936058,5.71717102683231,-0.32326071810374746,6
3272,6.005894497015192,5.71717102683231,-0.288723470182882,1
3273,6.041835558054612,5.71717102683231,-0.324664531222302,5
3274,6.053529631181152,5.71717102683231,-0.3363586043488418,4
3275,6.003321628929132,5.71717102683231,-0.2861506020968214,10
3276,5.883235405562184,6.049218022670182,0.1659826171079981,9
3277,5.873546530236879,6.049218022670182,0.17567149243330338,7
3278,5.733865465249627,6.049218022670182,0.3153525574205549,2
3279,5.74500048486928,6.049218022670182,0.304217537800902,4
3280,5.644130438350378,6.049218022670182,0.4050875843198041,3
3281,5.726737757645449,6.049218022670182,0.32248026502473337,8
3282,5.699201902081184,6.049218022670182,0.35001612058899756,6
3283,5.723738299768971,6.049218022670182,0.3254797229012105,1
3284,5.650604270007498,6.049218022670182,0.3986137526626843,10
3285,5.560011223585324,6.396199347095736,0.8361881235104125,8
3286,5.710881337522675,6.396199347095736,0.6853180095730611,5
3287,5.422925873546495,6.396199347095736,0.9732734735492414,1
3288,5.638152809040255,6.396199347095736,0.7580465380554813,6
3289,5.645786403572082,6.396199347095736,0.7504129435236546,9
3290,5.5887327388278685,6.396199347095736,0.8074666082678679,10
3291,5.612597623405404,6.396199347095736,0.7836017236903325,2
3292,5.6041910460842495,6.396199347095736,0.7920083010114869,4
3293,5.685079939936651,6.396199347095736,0.7111194071590852,7
3294,5.982719862778689,5.550228353055094,-0.4324915097235946,8
3295,5.946739567200742,5.550228353055094,-0.39651121414564816,10
3296,5.960874118808715,5.550228353055094,-0.4106457657536211,3
3297,5.914633178642646,5.550228353055094,-0.3644048255875516,6
3298,5.943263441260643,5.550228353055094,-0.3930350882055489,5
3299,5.995829122550708,5.550228353055094,-0.44560076949561367,4
3300,5.979458430978368,5.550228353055094,-0.4292300779232736,1
3301,5.9466121779409935,5.550228353055094,-0.3963838248858993,9
3302,5.944356094460911,5.550228353055094,-0.39412774140581686,7
3303,6.036796403200083,5.575072325713813,-0.4617240774862701,1
3304,5.937412836069203,5.575072325713813,-0.3623405103553905,9
3305,5.9367995770473705,5.575072325713813,-0.36172725133355765,6
3306,5.939036939428759,5.575072325713813,-0.3639646137149466,10
3307,6.0144079215240875,5.575072325713813,-0.4393355958102747,7
3308,5.933322070548216,5.575072325713813,-0.35824974483440286,5
3309,5.990259839733628,5.575072325713813,-0.4151875140198156,4
3310,5.969278444787647,5.575072325713813,-0.39420611907383396,8
3311,5.942084714895482,5.575072325713813,-0.367012389181669,2
3312,5.969876421981265,6.100025730107863,0.13014930812659742,8
3313,5.962148536622372,6.100025730107863,0.13787719348549032,9
3314,5.93472922889868,6.100025730107863,0.16529650120918227,3
3315,5.966970704799882,6.100025730107863,0.1330550253079803,10
3316,5.920622203948288,6.100025730107863,0.17940352615957433,1
3317,5.96828269067761,6.100025730107863,0.131743039430253,2
3318,5.903886633518707,6.100025730107863,0.19613909658915585,7
3319,5.929606721757057,6.100025730107863,0.17041900835080526,6
3320,5.956318790782359,6.100025730107863,0.1437069393255035,4
3321,5.852590408569669,4.860338006570994,-0.9922524019986749,9
3322,5.7963946843428005,4.860338006570994,-0.9360566777718065,2
3323,5.813308458739569,4.860338006570994,-0.9529704521685751,1
3324,5.803826339753579,4.860338006570994,-0.943488333182585,7
3325,5.813976839556071,4.860338006570994,-0.9536388329850771,5
3326,5.807080435241322,4.860338006570994,-0.9467424286703281,3
3327,5.865388115131716,4.860338006570994,-1.005050108560722,10
3328,5.843719658085134,4.860338006570994,-0.98338165151414,4
3329,5.808475333345469,4.860338006570994,-0.948137326774475,6
3330,6.304559590595666,6.489958479424835,0.18539888882916866,9
3331,6.169268499166313,6.489958479424835,0.32068998025852125,6
3332,6.349880341350937,6.489958479424835,0.14007813807389802,10
3333,6.3462504310185,6.489958479424835,0.14370804840633422,5
3334,6.385149419811669,6.489958479424835,0.10480905961316545,7
3335,6.331924294540352,6.489958479424835,0.15803418488448262,1
3336,6.305059688306967,6.489958479424835,0.18489879111786767,3
3337,6.383182875525457,6.489958479424835,0.10677560389937746,2
3338,6.191814591266612,6.489958479424835,0.298143888158223,8
3339,5.998586133883248,6.3979400086720375,0.3993538747887895,4
3340,6.040394548798344,6.3979400086720375,0.3575454598736938,9
3341,5.993581993546923,6.3979400086720375,0.4043580151251147,3
3342,5.975359863570072,6.3979400086720375,0.42258014510196507,10
3343,6.007318681383724,6.3979400086720375,0.3906213272883132,5
3344,6.026803524832751,6.3979400086720375,0.37113648383928677,2
3345,6.0205049468858824,6.3979400086720375,0.37743506178615505,8
3346,6.004447858919833,6.3979400086720375,0.3934921497522046,6
3347,5.991321360006626,6.3979400086720375,0.4066186486654111,7
3348,5.754493461935449,6.3560258571931225,0.6015323952576734,1
3349,5.825622390906309,6.3560258571931225,0.5304034662868133,4
3350,5.823200106669263,6.3560258571931225,0.5328257505238598,6
3351,5.8106483992564275,6.3560258571931225,0.545377457936695,3
3352,5.934062994416196,6.3560258571931225,0.42196286277692696,8
3353,5.858950821218258,6.3560258571931225,0.4970750359748646,10
3354,5.858121868178966,6.3560258571931225,0.4979039890141568,2
3355,5.841977966978347,6.3560258571931225,0.5140478902147754,9
3356,5.773856238550302,6.3560258571931225,0.5821696186428209,5
3357,5.541920926223331,4.705863712283919,-0.8360572139394122,2
3358,5.541316476170483,4.705863712283919,-0.8354527638865639,8
3359,5.596562118232148,4.705863712283919,-0.8906984059482292,3
3360,5.567942862392484,4.705863712283919,-0.8620791501085652,5
3361,5.646089724317149,4.705863712283919,-0.9402260120332304,10
3362,5.668896787731211,4.705863712283919,-0.9630330754472922,4
3363,5.549484763108588,4.705863712283919,-0.8436210508246695,9
3364,5.467680964991576,4.705863712283919,-0.7618172527076572,7
3365,5.597885017930405,4.705863712283919,-0.8920213056464865,1
3366,5.474229756291293,4.833147111912785,-0.6410826443785078,9
3367,5.512082399544154,4.833147111912785,-0.6789352876313686,1
3368,5.439259886608543,4.833147111912785,-0.6061127746957578,2
3369,5.511286730880162,4.833147111912785,-0.6781396189673767,4
3370,5.4986479099647285,4.833147111912785,-0.6655007980519434,6
3371,5.3522285690393945,4.833147111912785,-0.5190814571266094,8
3372,5.445343753083562,4.833147111912785,-0.6121966411707769,5
3373,5.582669784529617,4.833147111912785,-0.7495226726168323,10
3374,5.407845620695858,4.833147111912785,-0.5746985087830732,7
3375,6.011138387324437,6.182671386675478,0.17153299935104105,7
3376,6.044497141981226,6.182671386675478,0.13817424469425266,8
3377,6.029963083401495,6.182671386675478,0.15270830327398333,6
3378,6.0436152965633845,6.182671386675478,0.13905609011209386,9
3379,6.055756416708081,6.182671386675478,0.12691496996739726,2
3380,6.017089965740374,6.182671386675478,0.16558142093510408,3
3381,6.037198169621314,6.182671386675478,0.14547321705416394,5
3382,5.999582317636876,6.182671386675478,0.18308906903860223,10
3383,6.0046786059100565,6.182671386675478,0.1779927807654218,1
3384,6.010773973931687,6.262023704606317,0.25124973067463063,3
3385,6.014332288516215,6.262023704606317,0.24769141609010248,8
3386,6.037717874963241,6.262023704606317,0.22430582964307622,1
3387,5.984055521521939,6.262023704606317,0.2779681830843783,9
3388,5.988637661974001,6.262023704606317,0.2733860426323167,10
3389,6.000705166479719,6.262023704606317,0.26131853812659855,2
3390,6.018660234644951,6.262023704606317,0.24336346996136626,4
3391,6.031146635556123,6.262023704606317,0.23087706905019445,7
3392,5.970670412152362,6.262023704606317,0.29135329245395525,6
3393,5.962541863387575,6.408239965311849,0.4456981019242745,5
3394,5.96356122111335,6.408239965311849,0.44467874419849895,3
3395,5.919490609447061,6.408239965311849,0.48874935586478774,10
3396,5.93608632650631,6.408239965311849,0.47215363880553873,1
3397,5.904553164955912,6.408239965311849,0.5036868003559372,7
3398,5.94490240575195,6.408239965311849,0.46333755955989897,9
3399,5.936034456638915,6.408239965311849,0.47220550867293376,2
3400,5.953131148161569,6.408239965311849,0.45510881715027995,6
3401,5.95948663905315,6.408239965311849,0.4487533262586991,8
3402,6.029384924149941,6.5910646070265,0.5616796828765596,1
3403,6.030719483481414,6.5910646070265,0.560345123545086,7
3404,6.050433163408965,6.5910646070265,0.540631443617535,4
3405,6.0540137790496935,6.5910646070265,0.5370508279768069,2
3406,6.064259142405603,6.5910646070265,0.5268054646208977,8
3407,6.066580971565371,6.5910646070265,0.5244836354611291,3
3408,6.0469225534760405,6.5910646070265,0.54414205355046,9
3409,6.051150395272226,6.5910646070265,0.5399142117542741,5
3410,6.047714524530883,6.5910646070265,0.5433500824956177,6
3411,5.977165591779998,5.876217840591642,-0.10094775118835564,8
3412,5.9974083473857585,5.876217840591642,-0.12119050679411636,3
3413,5.960458631046341,5.876217840591642,-0.08424079045469934,5
3414,5.950577393987723,5.876217840591642,-0.07435955339608125,6
3415,5.997853630035567,5.876217840591642,-0.12163578944392484,4
3416,5.947247634364597,5.876217840591642,-0.07102979377295515,2
3417,5.977735710152527,5.876217840591642,-0.10151786956088493,1
3418,5.960379708752197,5.876217840591642,-0.08416186816055493,9
3419,5.952393774005548,5.876217840591642,-0.07617593341390627,7
3420,5.064512048189402,6.1041455505540085,1.0396335023646062,10
3421,5.087769838396415,6.1041455505540085,1.0163757121575934,4
3422,5.169494788753221,6.1041455505540085,0.9346507618007873,2
3423,5.066517684095565,6.1041455505540085,1.0376278664584433,9
3424,5.014705695188507,6.1041455505540085,1.0894398553655016,6
3425,4.959852635955586,6.1041455505540085,1.1442929145984229,5
3426,5.166469406483149,6.1041455505540085,0.9376761440708599,1
3427,5.019472776157938,6.1041455505540085,1.0846727743960702,8
3428,5.064781832851613,6.1041455505540085,1.039363717702395,7
3429,5.857544725073893,4.630122642859312,-1.2274220822145816,2
3430,5.820270849404149,4.630122642859312,-1.190148206544837,6
3431,5.871884803383662,4.630122642859312,-1.2417621605243507,7
3432,5.7921324863052845,4.630122642859312,-1.162009843445973,9
3433,5.897625783007029,4.630122642859312,-1.267503140147717,4
3434,5.884128023387641,4.630122642859312,-1.254005380528329,8
3435,5.775014534609041,4.630122642859312,-1.1448918917497295,10
3436,5.8663121588639395,4.630122642859312,-1.236189516004628,3
3437,5.843491684436824,4.630122642859312,-1.2133690415775122,5
3438,5.98233115123038,6.5910646070265,0.6087334557961208,5
3439,5.934303964493516,6.5910646070265,0.6567606425329844,6
3440,5.999101572108771,6.5910646070265,0.5919630349177298,4
3441,5.973652368092892,6.5910646070265,0.6174122389336087,3
3442,5.961162444899595,6.5910646070265,0.6299021621269052,10
3443,5.988434207163312,6.5910646070265,0.6026303998631883,1
3444,5.943591268464135,6.5910646070265,0.6474733385623654,8
3445,5.968269266615429,6.5910646070265,0.6227953404110718,7
3446,5.9650262494018795,6.5910646070265,0.6260383576246209,9
3447,6.016859122810704,5.978180516937414,-0.038678605873290195,3
3448,5.986500827775559,5.978180516937414,-0.008320310838144884,6
3449,5.983982749823477,5.978180516937414,-0.005802232886063408,1
3450,6.001896067079725,5.978180516937414,-0.023715550142311415,7
3451,6.012155727579646,5.978180516937414,-0.03397521064223241,9
3452,6.0121383912209625,5.978180516937414,-0.033957874283548684,5
3453,5.977449442904784,5.978180516937414,0.0007310740326298415,8
3454,5.981676681278861,5.978180516937414,-0.003496164341447283,10
3455,6.009794751979027,5.978180516937414,-0.03161423504161309,4
3456,5.975169276737734,6.32221929473392,0.3470500179961862,10
3457,5.9963874058115,6.32221929473392,0.3258318889224201,1
3458,5.982850207658694,6.32221929473392,0.3393690870752266,3
3459,6.006725684796374,6.32221929473392,0.3154936099375467,5
3460,6.006036185843551,6.32221929473392,0.31618310889036927,6
3461,6.025833273719795,6.32221929473392,0.2963860210141256,8
3462,6.036980966584029,6.32221929473392,0.2852383281498918,4
3463,5.991239681034232,6.32221929473392,0.33097961369968854,7
3464,6.027300484013238,6.32221929473392,0.2949188107206826,2
3465,5.951220543621072,6.100025730107863,0.14880518648679075,6
3466,5.967893759323033,6.100025730107863,0.13213197078482963,8
3467,5.9838030341495605,6.100025730107863,0.11622269595830215,5
3468,5.997828671573737,6.100025730107863,0.10219705853412542,4
3469,5.971133574534617,6.100025730107863,0.1288921555732454,9
3470,5.967455941639181,6.100025730107863,0.13256978846868162,1
3471,5.982390210331113,6.100025730107863,0.11763551977674958,3
3472,5.984927471380038,6.100025730107863,0.11509825872782464,7
3473,5.943022912877759,6.100025730107863,0.15700281723010345,2
3474,5.9820390584015035,5.675778341674085,-0.3062607167274187,10
3475,5.99989441791847,5.675778341674085,-0.3241160762443851,3
3476,6.019540610661944,5.675778341674085,-0.34376226898785944,4
3477,6.021712788302438,5.675778341674085,-0.3459344466283536,6
3478,6.021168406838502,5.675778341674085,-0.34539006516441706,8
3479,6.023523224134348,5.675778341674085,-0.3477448824602636,9
3480,6.022679371550989,5.675778341674085,-0.3469010298769044,5
3481,5.991679712342417,5.675778341674085,-0.3159013706683318,1
3482,5.976885398753598,5.675778341674085,-0.3011070570795136,2
3483,5.998463218382938,6.0,0.0015367816170623882,2
3484,6.06980159823101,6.0,-0.06980159823100962,4
3485,6.035519632529744,6.0,-0.035519632529743994,7
3486,6.000467958418998,6.0,-0.000467958418997938,9
3487,6.026320836334645,6.0,-0.026320836334645215,8
3488,5.987575278604653,6.0,0.012424721395347227,3
3489,6.01054380501984,6.0,-0.010543805019840313,6
3490,6.012714639096963,6.0,-0.012714639096962799,5
3491,6.020200671221325,6.0,-0.02020067122132474,1
3492,5.927194655848406,6.431363764158987,0.504169108310581,7
3493,5.937946080068682,6.431363764158987,0.4934176840903053,9
3494,5.95988458223927,6.431363764158987,0.47147918191971705,5
3495,5.889034728856054,6.431363764158987,0.5423290353029326,2
3496,5.950530060570163,6.431363764158987,0.48083370358882416,1
3497,5.977994048505301,6.431363764158987,0.453369715653686,4
3498,5.931891707325812,6.431363764158987,0.4994720568331745,3
3499,5.924791524586202,6.431363764158987,0.506572239572785,10
3500,5.925899568714866,6.431363764158987,0.5054641954441212,8
3501,6.28713270878028,6.1525940779274695,-0.13453863085281093,3
3502,6.264351939361835,6.1525940779274695,-0.1117578614343655,4
3503,6.243982331766457,6.1525940779274695,-0.09138825383898741,5
3504,6.296423149812393,6.1525940779274695,-0.1438290718849231,1
3505,6.287914089465834,6.1525940779274695,-0.13532001153836415,2
3506,6.28683035710094,6.1525940779274695,-0.13423627917347059,8
3507,6.271842480110487,6.1525940779274695,-0.11924840218301735,6
3508,6.2580468251743495,6.1525940779274695,-0.10545274724688003,10
3509,6.24139762756522,6.1525940779274695,-0.08880354963775083,9
3510,6.596013108776601,6.732393759822968,0.13638065104636699,8
3511,6.600850374689011,6.732393759822968,0.13154338513395736,7
3512,6.643949459759269,6.732393759822968,0.08844430006369919,1
3513,6.648032119731073,6.732393759822968,0.0843616400918954,2
3514,6.576453015919825,6.732393759822968,0.15594074390314283,6
3515,6.689882769595683,6.732393759822968,0.042510990227285106,10
3516,6.772078942259578,6.732393759822968,-0.039685182436610233,3
3517,6.686987041552953,6.732393759822968,0.045406718270014856,5
3518,6.632829039140476,6.732393759822968,0.09956472068249234,9
3519,5.395209867887493,4.491361693834273,-0.9038481740532198,6
3520,5.307604969127141,4.491361693834273,-0.8162432752928677,3
3521,5.436908272175299,4.491361693834273,-0.945546578341026,1
3522,5.31843059079667,4.491361693834273,-0.8270688969623965,4
3523,5.324886627386746,4.491361693834273,-0.8335249335524733,7
3524,5.271742972779566,4.491361693834273,-0.7803812789452929,8
3525,5.345647966419575,4.491361693834273,-0.854286272585302,9
3526,5.473990675765249,4.491361693834273,-0.9826289819309757,2
3527,5.342288753804495,4.491361693834273,-0.8509270599702221,5
3528,5.01935584580645,4.77901897191487,-0.24033687389157965,4
3529,4.946258858933834,4.77901897191487,-0.16723988701896353,8
3530,4.934025459255976,4.77901897191487,-0.15500648734110545,7
3531,4.883042869637068,4.77901897191487,-0.10402389772219767,3
3532,4.964967209587512,4.77901897191487,-0.18594823767264224,1
3533,4.829040534240677,4.77901897191487,-0.05002156232580646,5
3534,4.965806712280463,4.77901897191487,-0.18678774036559265,6
3535,5.111767925057503,4.77901897191487,-0.33274895314263286,2
3536,4.80734245297913,4.77901897191487,-0.02832348106425986,9
3537,5.554069246364286,6.556302500767287,1.0022332544030013,1
3538,5.440579465328012,6.556302500767287,1.1157230354392746,3
3539,5.512662683457717,6.556302500767287,1.04363981730957,6
3540,5.67876301881872,6.556302500767287,0.8775394819485669,2
3541,5.578670023368639,6.556302500767287,0.9776324773986476,7
3542,5.442065088269344,6.556302500767287,1.1142374124979426,9
3543,5.515577710709429,6.556302500767287,1.0407247900578582,8
3544,5.515974331615184,6.556302500767287,1.0403281691521027,4
3545,5.606662734533805,6.556302500767287,0.9496397662334815,10
3546,4.502875878283631,4.850033257689769,0.3471573794061378,8
3547,4.499631758787632,4.850033257689769,0.3504014989021371,6
3548,4.596313552016571,4.850033257689769,0.25371970567319746,9
3549,4.410530461049475,4.850033257689769,0.43950279664029424,5
3550,4.258472971821274,4.850033257689769,0.5915602858684945,7
3551,4.210964532927399,4.850033257689769,0.6390687247623701,3
3552,4.56167746512301,4.850033257689769,0.28835579256675903,4
3553,4.517337638652469,4.850033257689769,0.33269561903729983,10
3554,4.796758267015547,4.850033257689769,0.05327499067422181,2
3555,6.017853830469273,6.278753600952829,0.2608997704835563,1
3556,6.127017661398159,6.278753600952829,0.15173593955467002,2
3557,6.11621031976087,6.278753600952829,0.16254328119195893,5
3558,6.091222511416731,6.278753600952829,0.18753108953609754,3
3559,6.114469956578951,6.278753600952829,0.164283644373878,8
3560,6.071709053945677,6.278753600952829,0.20704454700715225,10
3561,6.097856631938489,6.278753600952829,0.1808969690143396,4
3562,6.1165935368690665,6.278753600952829,0.16216006408376238,6
3563,6.088219512175415,6.278753600952829,0.1905340887774143,9
3564,6.125210195981632,6.4623979978989565,0.33718780191732467,10
3565,6.1342873216500005,6.4623979978989565,0.32811067624895607,4
3566,6.089987226493654,6.4623979978989565,0.37241077140530265,1
3567,6.252913221434967,6.4623979978989565,0.20948477646398977,9
3568,6.143423460924163,6.4623979978989565,0.3189745369747934,5
3569,6.0511063804336,6.4623979978989565,0.4112916174653565,8
3570,6.064777219025216,6.4623979978989565,0.3976207788737405,3
3571,6.123507430198266,6.4623979978989565,0.33889056770069015,2
3572,6.083895732015712,6.4623979978989565,0.3785022658832444,6
3573,6.032959433146519,6.399154333958217,0.36619490081169825,1
3574,6.078160735962549,6.399154333958217,0.32099359799566773,9
3575,6.056184339213068,6.399154333958217,0.34296999474514855,7
3576,6.0562668548537575,6.399154333958217,0.3428874791044594,4
3577,6.076296865650554,6.399154333958217,0.3228574683076628,3
3578,6.0935014122707445,6.399154333958217,0.3056529216874724,5
3579,6.110787230604388,6.399154333958217,0.28836710335382865,2
3580,6.066844449808352,6.399154333958217,0.33230988414986484,8
3581,6.069447203973442,6.399154333958217,0.3297071299847749,6
3582,5.904663988360816,6.3979400086720375,0.49327602031122186,10
3583,5.9037353743805765,6.3979400086720375,0.494204634291461,1
3584,5.967505094804828,6.3979400086720375,0.43043491386720945,9
3585,5.842358943018805,6.3979400086720375,0.5555810656532323,6
3586,5.814362837941538,6.3979400086720375,0.5835771707304991,4
3587,5.806494770050674,6.3979400086720375,0.5914452386213638,7
3588,5.834257285963011,6.3979400086720375,0.5636827227090269,3
3589,5.809461441401072,6.3979400086720375,0.5884785672709656,5
3590,5.91765739129251,6.3979400086720375,0.4802826173795278,8
3591,6.0094376244054795,5.880813592280791,-0.1286240321246881,1
3592,6.0206484402058615,5.880813592280791,-0.13983484792507017,9
3593,6.022537390206041,5.880813592280791,-0.14172379792524925,2
3594,6.028989669851925,5.880813592280791,-0.14817607757113382,3
3595,6.033077393406614,5.880813592280791,-0.15226380112582305,6
3596,6.024424705525653,5.880813592280791,-0.14361111324486142,4
3597,6.01732095965835,5.880813592280791,-0.13650736737755853,7
3598,5.987597489920438,5.880813592280791,-0.10678389763964624,10
3599,6.048592449792359,5.880813592280791,-0.16777885751156774,5
3600,5.896593277553815,5.892094602690481,-0.004498674863333996,2
3601,5.876696747015229,5.892094602690481,0.015397855675251648,1
3602,5.9154159914714555,5.892094602690481,-0.023321388780974672,3
3603,5.926571912072454,5.892094602690481,-0.03447730938197324,4
3604,5.885740877355574,5.892094602690481,0.006353725334906635,10
3605,5.8994567634136175,5.892094602690481,-0.007362160723136668,6
3606,5.90305679054817,5.892094602690481,-0.010962187857689543,7
3607,5.856321825530322,5.892094602690481,0.03577277716015903,5
3608,5.887984857026123,5.892094602690481,0.004109745664357511,8
3609,5.910311689723402,5.7160033436348,-0.1943083460886017,3
3610,5.884800228297647,5.7160033436348,-0.16879688466284648,4
3611,5.854301179888588,5.7160033436348,-0.13829783625378766,7
3612,5.885148898479673,5.7160033436348,-0.1691455548448726,8
3613,5.983296527916305,5.7160033436348,-0.2672931842815043,1
3614,5.870190160658019,5.7160033436348,-0.154186817023219,2
3615,5.863270666350879,5.7160033436348,-0.147267322716079,5
3616,5.928475884278956,5.7160033436348,-0.2124725406441561,9
3617,5.875683915737982,5.7160033436348,-0.15968057210318154,6
3618,6.162119974000841,6.696836730575163,0.5347167565743218,6
3619,6.105915585635063,6.696836730575163,0.5909211449401006,7
3620,6.049505166189587,6.696836730575163,0.6473315643855759,1
3621,6.166760772195116,6.696836730575163,0.5300759583800474,2
3622,6.10811864318591,6.696836730575163,0.5887180873892532,10
3623,6.164725387884995,6.696836730575163,0.5321113426901682,8
3624,6.120183050611842,6.696836730575163,0.5766536799633215,4
3625,6.131698560885514,6.696836730575163,0.5651381696896491,5
3626,6.131663688633492,6.696836730575163,0.5651730419416712,3
3627,5.790861580517434,5.530481449815745,-0.2603801307016891,7
3628,5.719230826322859,5.530481449815745,-0.188749376507114,6
3629,5.70636511256471,5.530481449815745,-0.17588366274896572,8
3630,5.804548731270138,5.530481449815745,-0.27406728145439363,2
3631,5.804544933831473,5.530481449815745,-0.2740634840157288,4
3632,5.724996504258865,5.530481449815745,-0.19451505444312023,1
3633,5.733701869487987,5.530481449815745,-0.2032204196722427,10
3634,5.81614045854352,5.530481449815745,-0.2856590087277757,5
3635,5.816049701932574,5.530481449815745,-0.28556825211682924,3
3636,5.60915490047503,6.465828815357437,0.856673914882407,3
3637,5.581537742462007,6.465828815357437,0.8842910728954294,2
3638,5.627331100725786,6.465828815357437,0.838497714631651,8
3639,5.586540482104991,6.465828815357437,0.8792883332524459,10
3640,5.730214725525587,6.465828815357437,0.7356140898318495,9
3641,5.651200328151732,6.465828815357437,0.814628487205705,1
3642,5.616911388982812,6.465828815357437,0.8489174263746246,7
3643,5.6606042591104515,6.465828815357437,0.8052245562469853,4
3644,5.558180413572504,6.465828815357437,0.9076484017849324,5
3645,5.758920793678431,6.5910646070265,0.8321438133480692,3
3646,5.773506551000355,6.5910646070265,0.8175580560261455,4
3647,5.937879127295926,6.5910646070265,0.6531854797305741,5
3648,5.771694505931368,6.5910646070265,0.8193701010951324,10
3649,5.700978656628402,6.5910646070265,0.890085950398098,6
3650,5.720191949874652,6.5910646070265,0.8708726571518488,8
3651,5.737894166135362,6.5910646070265,0.8531704408911382,2
3652,5.696358184701158,6.5910646070265,0.894706422325342,7
3653,5.741931660413823,6.5910646070265,0.8491329466126771,9
3654,6.173219099642539,6.919078092376074,0.7458589927335346,8
3655,6.120157739016877,6.919078092376074,0.7989203533591969,2
3656,6.081142277866081,6.919078092376074,0.8379358145099927,1
3657,6.141820827803176,6.919078092376074,0.7772572645728975,6
3658,6.105192109233985,6.919078092376074,0.8138859831420886,7
3659,6.147016659465075,6.919078092376074,0.7720614329109985,9
3660,6.1419726381114605,6.919078092376074,0.7771054542646132,5
3661,6.116865384945133,6.919078092376074,0.8022127074309404,3
3662,6.109174059780807,6.919078092376074,0.8099040325952664,4
3663,5.8895046821826655,6.301029995663981,0.4115253134813157,6
3664,5.871515286808284,6.301029995663981,0.429514708855697,5
3665,5.924520940721696,6.301029995663981,0.3765090549422849,4
3666,5.906196751698031,6.301029995663981,0.3948332439659499,2
3667,5.920448677476767,6.301029995663981,0.38058131818721463,7
3668,5.871001040367442,6.301029995663981,0.43002895529653884,1
3669,5.86312586026596,6.301029995663981,0.4379041353980213,3
3670,5.8743471888593914,6.301029995663981,0.4266828068045898,9
3671,5.947602264569736,6.301029995663981,0.3534277310942455,10
3672,6.064050403815215,6.380211241711606,0.3161608378963914,10
3673,6.096216152632482,6.380211241711606,0.2839950890791245,3
3674,6.139404669191533,6.380211241711606,0.2408065725200732,7
3675,6.110009248585768,6.380211241711606,0.2702019931258386,5
3676,6.091782059366174,6.380211241711606,0.2884291823454328,9
3677,6.064039882629872,6.380211241711606,0.31617135908173477,8
3678,6.077943513725075,6.380211241711606,0.3022677279865311,6
3679,6.084159677303989,6.380211241711606,0.29605156440761693,1
3680,6.139232977147117,6.380211241711606,0.24097826456448956,4
3681,5.979115685059006,6.204119982655925,0.22500429759691887,1
3682,5.9642689845851775,6.204119982655925,0.2398509980707475,9
3683,6.089553060058467,6.204119982655925,0.11456692259745793,4
3684,6.032308750532829,6.204119982655925,0.1718112321230958,7
3685,5.968918395806011,6.204119982655925,0.23520158684991443,10
3686,5.996468917599945,6.204119982655925,0.2076510650559804,8
3687,5.9809416266380335,6.204119982655925,0.2231783560178915,6
3688,5.948827150963364,6.204119982655925,0.2552928316925609,3
3689,6.001667271975873,6.204119982655925,0.20245271068005177,2
3690,5.949271408129176,6.301029995663981,0.35175858753480505,5
3691,5.9486652484588705,6.301029995663981,0.3523647472051108,10
3692,5.979616095142293,6.301029995663981,0.32141390052168806,1
3693,5.957903456311093,6.301029995663981,0.3431265393528884,3
3694,5.993892782813691,6.301029995663981,0.3071372128502903,7
3695,5.925792673573681,6.301029995663981,0.3752373220903005,6
3696,5.938691659026583,6.301029995663981,0.36233833663739823,9
3697,5.9497062772596925,6.301029995663981,0.3513237184042888,8
3698,5.984409152134935,6.301029995663981,0.31662084352904607,2
3699,5.882651737168755,6.073105874968971,0.19045413780021647,6
3700,5.907325796304009,6.073105874968971,0.16578007866496236,2
3701,5.910207320144005,6.073105874968971,0.16289855482496574,5
3702,5.89674103451257,6.073105874968971,0.17636484045640088,3
3703,5.875822873597775,6.073105874968971,0.19728300137119614,9
3704,5.925703635423393,6.073105874968971,0.14740223954557763,4
3705,5.907873486961799,6.073105874968971,0.16523238800717177,7
3706,5.919948839883814,6.073105874968971,0.1531570350851572,10
3707,5.9088059604634395,6.073105874968971,0.1642999145055315,8
3708,5.889364953892555,6.2552725051033065,0.3659075512107517,10
3709,5.876637111748116,6.2552725051033065,0.37863539335519025,6
3710,5.920666296717795,6.2552725051033065,0.33460620838551147,3
3711,5.787610711482276,6.2552725051033065,0.4676617936210308,2
3712,5.91611046382265,6.2552725051033065,0.3391620412806562,5
3713,5.95316727640385,6.2552725051033065,0.3021052286994568,4
3714,5.867936587930112,6.2552725051033065,0.3873359171731945,1
3715,5.81304002002955,6.2552725051033065,0.4422324850737569,8
3716,5.817857846637932,6.2552725051033065,0.4374146584653742,9
3717,6.005696538874331,6.32221929473392,0.3165227558595891,1
3718,5.953717087713135,6.32221929473392,0.36850220702078573,8
3719,5.95040538968141,6.32221929473392,0.37181390505251066,3
3720,5.9425352997311025,6.32221929473392,0.3796839950028179,10
3721,5.9624234702766925,6.32221929473392,0.3597958244572279,5
3722,5.961742182603424,6.32221929473392,0.3604771121304964,7
3723,5.983089903527076,6.32221929473392,0.3391293912068445,4
3724,5.949775389397995,6.32221929473392,0.372443905335925,9
3725,5.943499349652772,6.32221929473392,0.3787199450811487,6
3726,5.952439829763814,5.866287339084195,-0.08615249067961894,5
3727,5.985253945393689,5.866287339084195,-0.11896660630949363,9
3728,5.917118001386026,5.866287339084195,-0.05083066230183064,3
3729,5.971196133895798,5.866287339084195,-0.1049087948116032,7
3730,5.894965696672024,5.866287339084195,-0.028678357587828884,6
3731,5.898453284896199,5.866287339084195,-0.03216594581200383,2
3732,5.92660070116869,5.866287339084195,-0.06031336208449467,10
3733,5.909247139075688,5.866287339084195,-0.04295979999149324,8
3734,5.935824621098435,5.866287339084195,-0.06953728201423992,4
3735,5.8942502607179215,6.318063334962762,0.4238130742448405,10
3736,5.927287794605522,6.318063334962762,0.3907755403572404,3
3737,5.989950566080913,6.318063334962762,0.3281127688818488,4
3738,5.946191770576564,6.318063334962762,0.37187156438619784,6
3739,5.9688629858971805,6.318063334962762,0.3492003490655815,1
3740,5.969723070887998,6.318063334962762,0.34834026407476415,7
3741,5.96466833383298,6.318063334962762,0.3533950011297824,9
3742,5.9407825423543,6.318063334962762,0.37728079260846226,5
3743,5.912564517489236,6.318063334962762,0.4054988174735259,8
3744,5.96466833383298,6.368100851709351,0.4034325178763716,9
3745,5.9407825423543,6.368100851709351,0.42731830935505144,5
3746,5.969723070887998,6.368100851709351,0.39837778082135333,7
3747,5.9688629858971805,6.368100851709351,0.3992378658121707,1
3748,5.8942502607179215,6.368100851709351,0.4738505909914297,10
3749,5.912564517489236,6.368100851709351,0.4555363342201151,8
3750,5.946191770576564,6.368100851709351,0.421909081132787,6
3751,5.989950566080913,6.368100851709351,0.378150285628438,4
3752,5.927287794605522,6.368100851709351,0.44081305710382956,3
3753,5.911398976302545,6.378397900948138,0.4669989246455932,2
3754,5.922680172291623,6.378397900948138,0.4557177286565146,6
3755,5.971487535907139,6.378397900948138,0.4069103650409991,4
3756,5.927217793041432,6.378397900948138,0.4511801079067057,9
3757,5.911271941142428,6.378397900948138,0.4671259598057098,8
3758,5.901553052014258,6.378397900948138,0.47684484893388035,10
3759,5.964507367110522,6.378397900948138,0.4138905338376162,1
3760,5.9427040548452625,6.378397900948138,0.4356938461028754,3
3761,5.950654068966804,6.378397900948138,0.42774383198133403,5
3762,5.883341513809014,6.326130956710794,0.44278944290178046,1
3763,5.848936905247465,6.326130956710794,0.4771940514633295,5
3764,5.850696650351835,6.326130956710794,0.47543430635895945,4
3765,5.871874908038551,6.326130956710794,0.4542560486722431,9
3766,5.839063662429657,6.326130956710794,0.48706729428113693,3
3767,5.778651634749659,6.326130956710794,0.5474793219611351,2
3768,5.784100968567738,6.326130956710794,0.5420299881430566,6
3769,5.739430361913257,6.326130956710794,0.586700594797537,8
3770,5.883796644799296,6.326130956710794,0.4423343119114982,7
3771,5.641586361980185,4.354108439147401,-1.2874779228327835,10
3772,5.687142910184868,4.354108439147401,-1.3330344710374664,6
3773,5.71896836537124,4.354108439147401,-1.364859926223839,2
3774,5.6544209212946335,4.354108439147401,-1.3003124821472323,3
3775,5.763207567175072,4.354108439147401,-1.4090991280276706,1
3776,5.661535929387315,4.354108439147401,-1.3074274902399141,7
3777,5.707963026333457,4.354108439147401,-1.3538545871860554,9
3778,5.698472284435775,4.354108439147401,-1.344363845288374,5
3779,5.562360557127367,4.354108439147401,-1.2082521179799661,8
3780,5.996209058688737,6.396722278503773,0.4005132198150365,2
3781,6.008743437331566,6.396722278503773,0.3879788411722078,5
3782,5.986242428050568,6.396722278503773,0.41047985045320523,10
3783,5.992802979019932,6.396722278503773,0.4039192994838414,9
3784,5.97407789859942,6.396722278503773,0.42264437990435333,3
3785,6.026114784920098,6.396722278503773,0.37060749358367495,4
3786,5.990634361899381,6.396722278503773,0.4060879166043927,6
3787,5.982353135495971,6.396722278503773,0.4143691430078027,8
3788,6.049979664764931,6.396722278503773,0.34674261373884274,7
3789,5.893814574996919,5.619093330626742,-0.274721244370177,8
3790,5.889927271428451,5.619093330626742,-0.2708339408017091,10
3791,5.885941119641473,5.619093330626742,-0.2668477890147303,9
3792,5.885558237857009,5.619093330626742,-0.26646490723026695,5
3793,5.85774700084482,5.619093330626742,-0.2386536702180777,7
3794,5.9032141766232,5.619093330626742,-0.2841208459964575,3
3795,5.896321443729843,5.619093330626742,-0.27722811310310025,4
3796,5.931747252331657,5.619093330626742,-0.31265392170491424,1
3797,5.855445204825631,5.619093330626742,-0.23635187419888837,2
3798,4.517337638652469,3.6989700043360174,-0.8183676343164517,10
3799,4.56167746512301,3.6989700043360174,-0.8627074607869925,4
3800,4.210964532927399,3.6989700043360174,-0.5119945285913814,3
3801,4.502875878283631,3.6989700043360174,-0.8039058739476137,8
3802,4.258472971821274,3.6989700043360174,-0.559502967485257,7
3803,4.499631758787632,3.6989700043360174,-0.8006617544516144,6
3804,4.596313552016571,3.6989700043360174,-0.897343547680554,9
3805,4.796758267015547,3.6989700043360174,-1.0977882626795297,2
3806,4.410530461049475,3.6989700043360174,-0.7115604567134572,5
3807,5.887126411349544,5.766784515497859,-0.12034189585168509,1
3808,5.898429321783669,5.766784515497859,-0.1316448062858102,8
3809,5.913258150750734,5.766784515497859,-0.1464736352528746,4
3810,5.84563194034627,5.766784515497859,-0.07884742484841123,2
3811,5.85495860823095,5.766784515497859,-0.08817409273309096,9
3812,5.848230660652085,5.766784515497859,-0.0814461451542261,6
3813,5.899725941293091,5.766784515497859,-0.13294142579523172,7
3814,5.901050834306429,5.766784515497859,-0.13426631880856998,10
3815,5.899387499624953,5.766784515497859,-0.13260298412709393,5
3816,6.0726486695052495,6.474755154291798,0.40210648478654853,4
3817,6.0556236899385825,6.474755154291798,0.4191314643532156,1
3818,6.09563148836146,6.474755154291798,0.3791236659303383,9
3819,6.091950868324427,6.474755154291798,0.3828042859673708,7
3820,6.066098631715256,6.474755154291798,0.4086565225765417,10
3821,6.103494662034183,6.474755154291798,0.3712604922576155,3
3822,6.103533217529763,6.474755154291798,0.3712219367620353,8
3823,6.125661576599004,6.474755154291798,0.3490935776927939,2
3824,6.109231445410683,6.474755154291798,0.3655237088811152,6
3825,5.899741952610389,5.643452676486188,-0.2562892761242015,8
3826,5.838706593635298,5.643452676486188,-0.19525391714911056,1
3827,5.86224053294551,5.643452676486188,-0.21878785645932197,7
3828,5.903419633327528,5.643452676486188,-0.25996695684133986,4
3829,5.874793055441358,5.643452676486188,-0.2313403789551698,5
3830,5.900747761190786,5.643452676486188,-0.25729508470459805,3
3831,5.888652800631573,5.643452676486188,-0.24520012414538517,10
3832,5.794863180705606,5.643452676486188,-0.15141050421941848,6
3833,5.8562104532986385,5.643452676486188,-0.21275777681245067,9
3834,6.102651526355222,6.453318340047038,0.3506668136918156,5
3835,6.048518856144382,6.453318340047038,0.4047994839026563,4
3836,6.07667941934314,6.453318340047038,0.3766389207038978,6
3837,6.084270906633091,6.453318340047038,0.36904743341394664,9
3838,6.06528711500938,6.453318340047038,0.38803122503765763,8
3839,6.0413870864670045,6.453318340047038,0.41193125358003346,10
3840,6.062384458474485,6.453318340047038,0.39093388157255315,2
3841,6.067555213031062,6.453318340047038,0.38576312701597626,3
3842,6.06808075600464,6.453318340047038,0.3852375840423976,7
3843,5.8731967484773575,4.764176132390331,-1.1090206160870268,6
3844,5.847770753484076,4.764176132390331,-1.083594621093745,7
3845,5.898354271862249,4.764176132390331,-1.134178139471918,9
3846,5.893349753971436,4.764176132390331,-1.1291736215811055,3
3847,5.867293998541198,4.764176132390331,-1.1031178661508676,5
3848,5.876613338636356,4.764176132390331,-1.1124372062460255,4
3849,5.874240347743145,4.764176132390331,-1.1100642153528142,2
3850,5.870545036452309,4.764176132390331,-1.106368904061978,8
3851,5.889867289050191,4.764176132390331,-1.12569115665986,10
3852,5.9661676247585005,6.227115082589125,0.2609474578306248,10
3853,5.92635644861395,6.227115082589125,0.30075863397517555,6
3854,5.941989463234424,6.227115082589125,0.2851256193547016,5
3855,5.972186798520587,6.227115082589125,0.25492828406853807,4
3856,5.945157512788501,6.227115082589125,0.2819575698006247,8
3857,5.903959474453878,6.227115082589125,0.3231556081352469,7
3858,5.914373966912727,6.227115082589125,0.3127411156763982,9
3859,5.966534315296566,6.227115082589125,0.2605807672925593,1
3860,5.954654891398187,6.227115082589125,0.27246019119093834,2
3861,5.665232841118035,6.039255443806487,0.3740226026884521,9
3862,5.913458638836698,6.039255443806487,0.12579680496978973,2
3863,5.758256109130676,6.039255443806487,0.28099933467581106,10
3864,5.7594404365291965,6.039255443806487,0.2798150072772909,6
3865,5.716665944566891,6.039255443806487,0.3225894992395961,7
3866,5.7379249890440285,6.039255443806487,0.3013304547624589,8
3867,5.751242178629277,6.039255443806487,0.28801326517721026,3
3868,5.733918217092497,6.039255443806487,0.30533722671399044,5
3869,5.681570506274539,6.039255443806487,0.35768493753194797,4
3870,5.792445210886972,6.079181246047625,0.2867360351606534,8
3871,5.766991253932712,6.079181246047625,0.31218999211491294,7
3872,5.824654671942809,6.079181246047625,0.2545265741048164,10
3873,5.716040817327326,6.079181246047625,0.36314042872029884,9
3874,5.771915595426691,6.079181246047625,0.30726565062093414,2
3875,5.832347217270317,6.079181246047625,0.2468340287773083,6
3876,5.711679378022411,6.079181246047625,0.36750186802521423,5
3877,5.727769740596845,6.079181246047625,0.3514115054507805,3
3878,5.7508271875594765,6.079181246047625,0.3283540584881486,1
3879,6.018076001541564,6.387211800313731,0.3691357987721666,1
3880,6.098075555301129,6.387211800313731,0.2891362450126014,3
3881,6.101929658453115,6.387211800313731,0.2852821418606153,5
3882,6.022118063827232,6.387211800313731,0.36509373648649834,10
3883,6.056642859088689,6.387211800313731,0.33056894122504143,7
3884,6.059427364863046,6.387211800313731,0.3277844354506847,4
3885,6.073092472377938,6.387211800313731,0.314119327935793,9
3886,6.061710115867514,6.387211800313731,0.3255016844462162,2
3887,6.06090532695002,6.387211800313731,0.32630647336371066,6
3888,5.926041683591839,5.575072325713813,-0.35096935787802597,10
3889,5.959101206831054,5.575072325713813,-0.3840288811172412,4
3890,5.922723069518716,5.575072325713813,-0.3476507438049028,8
3891,5.9189617298619135,5.575072325713813,-0.34388940414810065,5
3892,5.911570434668615,5.575072325713813,-0.33649810895480226,2
3893,5.920078407439876,5.575072325713813,-0.34500608172606295,9
3894,5.975516386322182,5.575072325713813,-0.40044406060836923,3
3895,5.90914279437045,5.575072325713813,-0.3340704686566376,6
3896,5.927071421475695,5.575072325713813,-0.35199909576188215,7
3897,5.9865668528485045,6.539076098792776,0.5525092459442718,6
3898,6.04547236718609,6.539076098792776,0.4936037316066866,5
3899,6.010822437836403,6.539076098792776,0.5282536609563735,3
3900,6.03346701776214,6.539076098792776,0.5056090810306362,7
3901,5.982836303951356,6.539076098792776,0.5562397948414199,4
3902,5.959935886310225,6.539076098792776,0.5791402124825513,2
3903,5.9749024441952745,6.539076098792776,0.5641736545975018,9
3904,5.952747817992699,6.539076098792776,0.5863282808000774,10
3905,5.974361926083337,6.539076098792776,0.5647141727094391,8
3906,5.765128894568239,6.008600171761918,0.24347127719367911,3
3907,5.947198837997945,6.008600171761918,0.06140133376397294,1
3908,5.904679894384568,6.008600171761918,0.10392027737734999,7
3909,5.818112860244733,6.008600171761918,0.19048731151718457,9
3910,5.661287657086396,6.008600171761918,0.34731251467552227,10
3911,5.833045630074633,6.008600171761918,0.17555454168728524,4
3912,5.780290115808196,6.008600171761918,0.2283100559537221,5
3913,5.822090463511018,6.008600171761918,0.18650970825089974,2
3914,5.820800626006152,6.008600171761918,0.18779954575576596,8
3915,6.134217400407202,6.113943352306837,-0.02027404810036515,8
3916,6.114049432344039,6.113943352306837,-0.0001060800372023607,7
3917,6.141737985955147,6.113943352306837,-0.02779463364830992,1
3918,6.114525967553322,6.113943352306837,-0.0005826152464853962,5
3919,6.122834669391201,6.113943352306837,-0.008891317084364303,3
3920,6.14980228024455,6.113943352306837,-0.035858927937712615,2
3921,6.097838420051545,6.113943352306837,0.01610493225529197,6
3922,6.129822772464291,6.113943352306837,-0.015879420157453694,10
3923,6.2395124882209245,6.113943352306837,-0.12556913591408758,9
3924,6.191413020652546,6.222456336679247,0.031043316026701184,3
3925,6.23701511498322,6.222456336679247,-0.014558778303972453,2
3926,6.247413745336101,6.222456336679247,-0.024957408656853808,9
3927,6.205452372790396,6.222456336679247,0.01700396388885128,10
3928,6.2049932133061665,6.222456336679247,0.01746312337308087,1
3929,6.142699046238932,6.222456336679247,0.07975729044031521,8
3930,6.214835283069106,6.222456336679247,0.007621053610141537,4
3931,6.13386003114265,6.222456336679247,0.0885963055365977,5
3932,6.160904637600323,6.222456336679247,0.061551699078924216,7
3933,6.112879264277591,5.276461804173244,-0.8364174601043475,5
3934,6.216088597129721,5.276461804173244,-0.939626792956477,2
3935,6.139676601475057,5.276461804173244,-0.8632147973018132,10
3936,6.207903237898097,5.276461804173244,-0.9314414337248529,4
3937,6.2631427156412,5.276461804173244,-0.986680911467956,7
3938,6.305933024330935,5.276461804173244,-1.0294712201576912,8
3939,6.248799908924029,5.276461804173244,-0.9723381047507855,1
3940,6.131388044121109,5.276461804173244,-0.854926239947865,3
3941,6.239204662935461,5.276461804173244,-0.9627428587622173,6
3942,6.215624355156804,6.301029995663981,0.0854056405071777,4
3943,6.207081156241966,6.301029995663981,0.0939488394220156,1
3944,6.147711613849315,6.301029995663981,0.15331838181466662,5
3945,6.159336512453634,6.301029995663981,0.14169348321034736,6
3946,6.195397385110554,6.301029995663981,0.10563261055342732,3
3947,6.183315488982952,6.301029995663981,0.11771450668102901,8
3948,6.196322985592749,6.301029995663981,0.10470701007123218,7
3949,6.2804097868352695,6.301029995663981,0.02062020882871174,9
3950,6.210651169033092,6.301029995663981,0.09037882663088936,10
3951,5.798128126036367,5.275103949569196,-0.523024176467171,2
3952,5.848367078247444,5.275103949569196,-0.5732631286782475,6
3953,5.798031894498506,5.275103949569196,-0.52292794492931,10
3954,5.75943294807073,5.275103949569196,-0.48432899850153355,7
3955,6.109749283790742,5.275103949569196,-0.8346453342215456,9
3956,5.814231428975368,5.275103949569196,-0.5391274794061713,3
3957,5.833310494644608,5.275103949569196,-0.5582065450754117,8
3958,5.852038951066229,5.275103949569196,-0.5769350014970325,1
3959,5.8200783002939405,5.275103949569196,-0.5449743507247442,5
3960,6.4548634937812315,6.884795363948981,0.42993187016774925,10
3961,6.355734951225859,6.884795363948981,0.5290604127231218,8
3962,6.376507415624375,6.884795363948981,0.5082879483246057,6
3963,6.375284714461027,6.884795363948981,0.5095106494879538,2
3964,6.463314786282432,6.884795363948981,0.4214805776665491,9
3965,6.3977099892849365,6.884795363948981,0.4870853746640442,3
3966,6.361642476436666,6.884795363948981,0.5231528875123148,1
3967,6.348869400945607,6.884795363948981,0.5359259630033737,4
3968,6.388263374042876,6.884795363948981,0.4965319899061047,7
3969,6.804525979576344,6.849419413796899,0.044893434220554695,10
3970,6.882238346875912,6.849419413796899,-0.03281893307901296,3
3971,6.7422966099114925,6.849419413796899,0.10712280388540663,6
3972,6.741067686243671,6.849419413796899,0.1083517275532282,5
3973,6.794654522549606,6.849419413796899,0.054764891247293335,1
3974,6.693742653147421,6.849419413796899,0.15567676064947822,8
3975,6.796878394896647,6.849419413796899,0.05254101890025176,2
3976,6.5923438627458655,6.849419413796899,0.25707555105103364,4
3977,6.887773278747977,6.849419413796899,-0.03835386495107773,7
3978,6.479368374595049,6.7979596437371965,0.3185912691421473,4
3979,6.47098149689945,6.7979596437371965,0.32697814683774684,6
3980,6.507661340240379,6.7979596437371965,0.29029830349681784,7
3981,6.496661123614387,6.7979596437371965,0.3012985201228098,2
3982,6.403573945451492,6.7979596437371965,0.3943856982857046,8
3983,6.547790169696294,6.7979596437371965,0.2501694740409022,3
3984,6.479716765858168,6.7979596437371965,0.3182428778790287,10
3985,6.434866107851914,6.7979596437371965,0.3630935358852829,9
3986,6.486721284551749,6.7979596437371965,0.31123835918544795,1
3987,6.570980419402047,7.505149978319906,0.9341695589178594,6
3988,6.5604219746602634,7.505149978319906,0.9447280036596428,5
3989,6.621058621682003,7.505149978319906,0.884091356637903,3
3990,6.587229540971595,7.505149978319906,0.917920437348311,1
3991,6.568362978864079,7.505149978319906,0.9367869994558271,10
3992,6.5073723532219825,7.505149978319906,0.9977776250979238,4
3993,6.62929733139466,7.505149978319906,0.8758526469252459,9
3994,6.594294696682145,7.505149978319906,0.9108552816377609,7
3995,6.588656450954927,7.505149978319906,0.9164935273649792,2
3996,6.18208487137365,6.517723594833735,0.33563872346008505,6
3997,6.27458629887897,6.517723594833735,0.24313729595476552,8
3998,6.19428924470036,6.517723594833735,0.3234343501333754,4
3999,6.17746291596281,6.517723594833735,0.3402606788709255,2
4000,6.272558114196868,6.517723594833735,0.24516548063686727,5
4001,6.208026064958256,6.517723594833735,0.3096975298754794,3
4002,6.26059131653003,6.517723594833735,0.2571322783037049,10
4003,6.203514050741912,6.517723594833735,0.3142095440918231,9
4004,6.1945881473833495,6.517723594833735,0.3231354474503858,1
4005,6.232261877566004,6.6349808000512285,0.40271892248522434,7
4006,6.1777068152363945,6.6349808000512285,0.45727398481483394,4
4007,6.180027930712227,6.6349808000512285,0.45495286933900125,2
4008,6.248208727349281,6.6349808000512285,0.38677207270194724,5
4009,6.1672168851419675,6.6349808000512285,0.46776391490926095,1
4010,6.196365581957821,6.6349808000512285,0.43861521809340775,3
4011,6.231198084973212,6.6349808000512285,0.4037827150780169,10
4012,6.192596360376084,6.6349808000512285,0.44238443967514485,9
4013,6.234516778749363,6.6349808000512285,0.40046402130186554,8
4014,6.266074681556646,6.6452748593294935,0.3792001777728471,7
4015,6.195714206129875,6.6452748593294935,0.4495606531996188,9
4016,6.216745601698928,6.6452748593294935,0.42852925763056504,4
4017,6.175686012144046,6.6452748593294935,0.469588847185447,2
4018,6.2628261271428824,6.6452748593294935,0.382448732186611,5
4019,6.185535900328626,6.6452748593294935,0.4597389590008678,1
4020,6.239255349204583,6.6452748593294935,0.4060195101249109,10
4021,6.274646897213903,6.6452748593294935,0.37062796211559057,8
4022,6.222782343728953,6.6452748593294935,0.42249251560054013,3
4023,5.621709414747021,6.270678836144707,0.6489694213976858,8
4024,5.4569521280731825,6.270678836144707,0.813726708071524,9
4025,5.414023188124894,6.270678836144707,0.8566556480198129,1
4026,5.3923228702108235,6.270678836144707,0.8783559659338831,7
4027,5.439695645548686,6.270678836144707,0.8309831905960205,2
4028,5.219470673448942,6.270678836144707,1.0512081626957643,10
4029,5.388761329255869,6.270678836144707,0.8819175068888372,3
4030,5.4033348834120645,6.270678836144707,0.8673439527326421,6
4031,5.389817409384591,6.270678836144707,0.8808614267601156,5
4032,6.276136221392807,6.024895960107485,-0.2512402612853224,5
4033,6.1965849936159545,6.024895960107485,-0.17168903350846954,4
4034,6.2710242607255315,6.024895960107485,-0.24612830061804658,8
4035,6.21594737634996,6.024895960107485,-0.19105141624247501,2
4036,6.270231909485753,6.024895960107485,-0.2453359493782683,10
4037,6.206099341508754,6.024895960107485,-0.1812033814012688,9
4038,6.261041828688198,6.024895960107485,-0.23614586858071274,7
4039,6.194725558268228,6.024895960107485,-0.16982959816074317,1
4040,6.219657757851582,6.024895960107485,-0.1947617977440972,3
4041,6.190068532622845,7.385606273598312,1.1955377409754675,9
4042,6.20958265009053,7.385606273598312,1.1760236235077821,1
4043,6.289601165118192,7.385606273598312,1.09600510848012,7
4044,6.2304508475831355,7.385606273598312,1.1551554260151766,4
4045,6.248751967249237,7.385606273598312,1.1368543063490755,5
4046,6.278807198447273,7.385606273598312,1.1067990751510388,8
4047,6.1850325388479215,7.385606273598312,1.2005737347503906,2
4048,6.241190520723129,7.385606273598312,1.144415752875183,3
4049,6.281586740640454,7.385606273598312,1.1040195329578584,10
4050,6.403573945451492,6.284453294010853,-0.11912065144063888,8
4051,6.479368374595049,6.284453294010853,-0.19491508058419615,4
4052,6.4204356897661565,6.284453294010853,-0.13598239575530346,5
4053,6.507661340240379,6.284453294010853,-0.22320804622952561,7
4054,6.479716765858168,6.284453294010853,-0.19526347184731474,10
4055,6.486721284551749,6.284453294010853,-0.2022679905408955,1
4056,6.496661123614387,6.284453294010853,-0.21220782960353368,2
4057,6.47098149689945,6.284453294010853,-0.18652820288859662,6
4058,6.434866107851914,6.284453294010853,-0.15041281384106053,9
4059,6.198281068829085,6.501059262217751,0.30277819338866596,6
4060,6.275143430719818,6.501059262217751,0.22591583149793326,10
4061,6.201486499900088,6.501059262217751,0.2995727623176636,1
4062,6.226375115889266,6.501059262217751,0.27468414632848503,3
4063,6.275349858507078,6.501059262217751,0.22570940371067305,5
4064,6.275954887189178,6.501059262217751,0.2251043750285735,8
4065,6.273248959325873,6.501059262217751,0.22781030289187854,7
4066,6.21006655147394,6.501059262217751,0.2909927107438115,4
4067,6.213491890290203,6.501059262217751,0.28756737192754844,9
4068,6.109463308256267,6.501059262217751,0.3915959539614846,8
4069,6.133980563229955,6.501059262217751,0.3670786989877959,1
4070,6.100053665252533,6.501059262217751,0.4010055969652182,4
4071,6.170399047735648,6.501059262217751,0.33066021448210314,10
4072,6.011840586541967,6.501059262217751,0.4892186756757839,2
4073,6.027093413497581,6.501059262217751,0.47396584872017034,6
4074,6.107488519418779,6.501059262217751,0.3935707427989721,7
4075,6.060034357717559,6.501059262217751,0.4410249045001926,3
4076,6.087508521019663,6.501059262217751,0.41355074119808855,5
4077,6.274646897213903,6.7160033436348,0.44135644642089744,8
4078,6.195714206129875,6.7160033436348,0.5202891375049257,9
4079,6.154795273205294,6.7160033436348,0.5612080704295064,6
4080,6.266074681556646,6.7160033436348,0.44992866207815396,7
4081,6.185535900328626,6.7160033436348,0.5304674433061747,1
4082,6.2628261271428824,6.7160033436348,0.4531772164919179,5
4083,6.216745601698928,6.7160033436348,0.4992577419358719,4
4084,6.222782343728953,6.7160033436348,0.493220999905847,3
4085,6.239255349204583,6.7160033436348,0.47674799443021776,10
4086,6.283108153978352,6.3979400086720375,0.11483185469368529,1
4087,6.321423607669113,6.3979400086720375,0.0765164010029249,2
4088,6.269301603637956,6.3979400086720375,0.12863840503408142,3
4089,6.299963422378522,6.3979400086720375,0.09797658629351513,8
4090,6.312303597016767,6.3979400086720375,0.0856364116552708,5
4091,6.2962121348197755,6.3979400086720375,0.10172787385226201,4
4092,6.2890803349081,6.3979400086720375,0.10885967376393779,6
4093,6.285599797983115,6.3979400086720375,0.11234021068892286,9
4094,6.281159226209415,6.3979400086720375,0.11678078246262213,10
4095,6.120340540842217,6.2716557723522754,0.15131523151005855,1
4096,6.151137698953729,6.2716557723522754,0.12051807339854648,5
4097,6.121987545878813,6.2716557723522754,0.14966822647346234,9
4098,6.122025620844653,6.2716557723522754,0.1496301515076226,2
4099,6.14378168828863,6.2716557723522754,0.1278740840636452,3
4100,6.128467808312272,6.2716557723522754,0.14318796404000356,8
4101,6.097438857480105,6.2716557723522754,0.1742169148721704,6
4102,6.166310735141922,6.2716557723522754,0.10534503721035371,7
4103,6.138369581964695,6.2716557723522754,0.13328619038758038,4
4104,6.103929463563289,6.269512944217916,0.16558348065462702,10
4105,6.073012364461218,6.269512944217916,0.1965005797566981,1
4106,6.062793589916795,6.269512944217916,0.20671935430112143,4
4107,6.0328448291781935,6.269512944217916,0.23666811503972252,3
4108,6.006140455205564,6.269512944217916,0.2633724890123519,6
4109,6.062332420085478,6.269512944217916,0.20718052413243804,9
4110,6.079609594604672,6.269512944217916,0.1899033496132443,8
4111,6.095862930235792,6.269512944217916,0.1736500139821242,2
4112,6.086404257600028,6.269512944217916,0.1831086866178877,5
4113,6.186260131022501,6.32221929473392,0.13595916371141925,3
4114,6.201451815491241,6.32221929473392,0.12076747924267917,4
4115,6.169305042100519,6.32221929473392,0.1529142526334013,10
4116,6.217932373569019,6.32221929473392,0.10428692116490179,7
4117,6.1985963905152035,6.32221929473392,0.12362290421871691,5
4118,6.194541791399098,6.32221929473392,0.12767750333482208,8
4119,6.146054793156009,6.32221929473392,0.17616450157791164,2
4120,6.168438087466306,6.32221929473392,0.15378120726761413,9
4121,6.1423832099793625,6.32221929473392,0.17983608475455792,1
4122,6.105339565990073,5.337459261290656,-0.7678803046994176,2
4123,6.130113687674825,5.337459261290656,-0.7926544263841695,9
4124,6.107945812389302,5.337459261290656,-0.7704865510986458,3
4125,6.085334368100511,5.337459261290656,-0.7478751068098557,7
4126,6.0905030423859,5.337459261290656,-0.7530437810952444,8
4127,6.093727113678458,5.337459261290656,-0.7562678523878024,10
4128,6.090142144150132,5.337459261290656,-0.7526828828594763,6
4129,6.080181282787304,5.337459261290656,-0.7427220214966486,1
4130,6.136773092113125,5.337459261290656,-0.7993138308224692,5
4131,6.214792694637096,6.755874855672492,0.541082161035396,7
4132,6.181852410301003,6.755874855672492,0.5740224453714893,1
4133,6.254896543237777,6.755874855672492,0.5009783124347154,5
4134,6.222195445183726,6.755874855672492,0.5336794104887668,3
4135,6.233972976079409,6.755874855672492,0.5219018795930834,4
4136,6.2154355579673215,6.755874855672492,0.5404392977051709,6
4137,6.24060646664415,6.755874855672492,0.5152683890283427,9
4138,6.265900024690248,6.755874855672492,0.48997483098224404,8
4139,6.183083473776085,6.755874855672492,0.5727913818964074,2
4140,6.24060646664415,6.596047007545439,0.35544054090128974,9
4141,6.222195445183726,6.596047007545439,0.3738515623617138,3
4142,6.183083473776085,6.596047007545439,0.41296353376935446,2
4143,6.254896543237777,6.596047007545439,0.3411504643076624,5
4144,6.181852410301003,6.596047007545439,0.4141945972444363,1
4145,6.233972976079409,6.596047007545439,0.36207403146603045,4
4146,6.225255625203634,6.596047007545439,0.370791382341805,10
4147,6.2154355579673215,6.596047007545439,0.3806114495781179,6
4148,6.265900024690248,6.596047007545439,0.33014698285519106,8
4149,6.088774212059307,6.372912002970106,0.2841377909107994,6
4150,6.096526302441891,6.372912002970106,0.2763857005282153,2
4151,6.126752670636242,6.372912002970106,0.246159332333864,9
4152,6.1672072081778495,6.372912002970106,0.20570479479225678,8
4153,6.153787244919541,6.372912002970106,0.2191247580505653,3
4154,6.097649216518651,6.372912002970106,0.27526278645145563,1
4155,6.131059312499142,6.372912002970106,0.24185269047096458,5
4156,6.114273960374719,6.372912002970106,0.25863804259538714,10
4157,6.107778979257458,6.372912002970106,0.26513302371264835,7
4158,6.032291019235885,4.484299839346786,-1.5479911798890988,9
4159,6.01167648372928,4.484299839346786,-1.5273766443824943,2
4160,6.03833547978897,4.484299839346786,-1.5540356404421845,5
4161,6.059044795026235,4.484299839346786,-1.5747449556794493,4
4162,6.048707821132001,4.484299839346786,-1.564407981785215,8
4163,5.956000235317439,4.484299839346786,-1.471700395970653,10
4164,6.010915973273843,4.484299839346786,-1.5266161339270568,6
4165,6.016780090580644,4.484299839346786,-1.5324802512338582,1
4166,6.019363488246202,4.484299839346786,-1.535063648899416,7
4167,6.117384406993254,6.227886704613674,0.11050229762042019,8
4168,6.11905398074399,6.227886704613674,0.10883272386968379,5
4169,6.126624033927126,6.227886704613674,0.10126267068654826,4
4170,6.132197613880164,6.227886704613674,0.09568909073350973,7
4171,6.104977913218651,6.227886704613674,0.12290879139502309,1
4172,6.137746648512657,6.227886704613674,0.09014005610101705,3
4173,6.059515424359156,6.227886704613674,0.16837128025451786,6
4174,6.098600195322548,6.227886704613674,0.12928650929112617,2
4175,6.090805832029064,6.227886704613674,0.13708087258461,10
4176,6.045511868368988,6.477121254719663,0.4316093863506749,3
4177,6.0815263269646165,6.477121254719663,0.3955949277550461,7
4178,6.009771335207329,6.477121254719663,0.4673499195123334,2
4179,6.036768552496333,6.477121254719663,0.44035270222333,9
4180,6.09890146703669,6.477121254719663,0.3782197876829727,4
4181,6.0766606167409085,6.477121254719663,0.4004606379787541,10
4182,6.075663685665047,6.477121254719663,0.4014575690546156,5
4183,6.063686911315785,6.477121254719663,0.4134343434038774,8
4184,6.076113823668534,6.477121254719663,0.4010074310511289,6
4185,5.701167616931411,6.079181246047625,0.3780136291162144,1
4186,5.6979321051394995,6.079181246047625,0.38124914090812556,8
4187,5.622911022692631,6.079181246047625,0.456270223354994,9
4188,5.688783717155108,6.079181246047625,0.39039752889251744,4
4189,5.666246996097439,6.079181246047625,0.4129342499501858,10
4190,5.6831054415486415,6.079181246047625,0.3960758044989836,5
4191,5.629896420931209,6.079181246047625,0.44928482511641654,7
4192,5.627492046453279,6.079181246047625,0.4516891995943464,2
4193,5.598363889852029,6.079181246047625,0.48081735619559574,3
4194,6.17304861958391,6.3979400086720375,0.22489138908812745,3
4195,6.200733071247312,6.3979400086720375,0.19720693742472584,8
4196,6.139761243002938,6.3979400086720375,0.2581787656690997,2
4197,6.14005406283876,6.3979400086720375,0.2578859458332774,4
4198,6.129032002969365,6.3979400086720375,0.2689080057026727,6
4199,6.153202136456016,6.3979400086720375,0.24473787221602183,9
4200,6.142299007399288,6.3979400086720375,0.2556410012727497,7
4201,6.123078707555111,6.3979400086720375,0.2748613011169265,1
4202,6.186944479685394,6.3979400086720375,0.21099552898664342,5
4203,4.649114347839735,4.742725131304698,0.0936107834649631,2
4204,4.739322925146514,4.742725131304698,0.0034022061581842067,6
4205,4.7211308352398165,4.742725131304698,0.02159429606488139,1
4206,4.750320490069057,4.742725131304698,-0.007595358764358906,8
4207,4.723258831841204,4.742725131304698,0.01946629946349354,10
4208,4.8437276754862015,4.742725131304698,-0.10100254418150367,4
4209,4.648252721535573,4.742725131304698,0.09447240976912497,7
4210,4.751176944034508,4.742725131304698,-0.008451812729810548,9
4211,4.694943639480331,4.742725131304698,0.04778149182436664,3
4212,6.178955943595362,6.278753600952829,0.09979765735746682,8
4213,6.107343107338778,6.278753600952829,0.1714104936140508,9
4214,6.055091911836658,6.278753600952829,0.22366168911617113,2
4215,6.15319954022247,6.278753600952829,0.12555406073035869,5
4216,6.123300965398589,6.278753600952829,0.15545263555423983,10
4217,6.116610026115293,6.278753600952829,0.16214357483753616,7
4218,6.098711695575946,6.278753600952829,0.18004190537688292,1
4219,6.149285762520333,6.278753600952829,0.12946783843249587,3
4220,6.110405997822434,6.278753600952829,0.1683476031303952,6
4221,6.131107029496069,6.380211241711606,0.24910421221553758,6
4222,6.119671426254417,6.380211241711606,0.2605398154571894,2
4223,6.164806316285857,6.380211241711606,0.21540492542574974,3
4224,6.1468180485026895,6.380211241711606,0.23339319320891683,5
4225,6.201315711350748,6.380211241711606,0.17889553036085815,4
4226,6.1125328301161925,6.380211241711606,0.26767841159541383,10
4227,6.137954783857445,6.380211241711606,0.24225645785416106,1
4228,6.174598808282869,6.380211241711606,0.2056124334287377,8
4229,6.134147607015344,6.380211241711606,0.24606363469626213,7
4230,6.143224942496929,5.4446692309385245,-0.6985557115584049,7
4231,6.118786327001776,5.4446692309385245,-0.6741170960632514,9
4232,6.141092282785287,5.4446692309385245,-0.6964230518467627,10
4233,6.095692640052386,5.4446692309385245,-0.6510234091138614,2
4234,6.135919066514188,5.4446692309385245,-0.6912498355756638,5
4235,6.09196945985871,5.4446692309385245,-0.6473002289201855,6
4236,6.1334458842972355,5.4446692309385245,-0.688776653358711,4
4237,6.1198196175489725,5.4446692309385245,-0.675150386610448,1
4238,6.151796775496386,5.4446692309385245,-0.7071275445578618,3
4239,6.140712558652635,6.43695733066945,0.29624477201681465,4
4240,6.107178291764196,6.43695733066945,0.3297790389052535,9
4241,6.113277693995947,6.43695733066945,0.32367963667350264,1
4242,6.12594686346829,6.43695733066945,0.31101046720116,8
4243,6.190920567668208,6.43695733066945,0.2460367630012419,7
4244,6.081600027678982,6.43695733066945,0.35535730299046797,6
4245,6.121013281961683,6.43695733066945,0.3159440487077667,5
4246,6.090185302677669,6.43695733066945,0.346772027991781,10
4247,6.146680752001685,6.43695733066945,0.2902765786677648,3
4248,6.163705808415717,6.063145637106638,-0.10056017130907868,3
4249,6.163611536892128,6.063145637106638,-0.10046589978548948,10
4250,6.15986280547155,6.063145637106638,-0.09671716836491218,1
4251,6.214537247072841,6.063145637106638,-0.15139160996620316,8
4252,6.138249931473891,6.063145637106638,-0.07510429436725286,2
4253,6.168008354463468,6.063145637106638,-0.10486271735682973,5
4254,6.19670258403607,6.063145637106638,-0.1335569469294322,4
4255,6.1687987493657905,6.063145637106638,-0.10565311225915242,6
4256,6.192368496437297,6.063145637106638,-0.12922285933065858,7
4257,6.176535176973739,6.442479769064448,0.2659445920907091,4
4258,6.147545131127438,6.442479769064448,0.29493463793701036,5
4259,6.126551887559116,6.442479769064448,0.31592788150533213,9
4260,6.118041291121326,6.442479769064448,0.3244384779431222,6
4261,6.139673414160008,6.442479769064448,0.3028063549044404,3
4262,6.144839651866246,6.442479769064448,0.2976401171982026,10
4263,6.190896474805036,6.442479769064448,0.2515832942594125,7
4264,6.156564372068273,6.442479769064448,0.28591539699617563,1
4265,6.139568784916053,6.442479769064448,0.30291098414839546,2
4266,6.112917529766137,6.645324001562293,0.5324064717961559,5
4267,6.142244024125041,6.645324001562293,0.5030799774372516,7
4268,6.102676149183874,6.645324001562293,0.5426478523784191,1
4269,6.151450075862953,6.645324001562293,0.4938739256993401,8
4270,6.103238200281514,6.645324001562293,0.5420858012807788,9
4271,6.064763269470375,6.645324001562293,0.5805607320919179,2
4272,6.103187493503909,6.645324001562293,0.542136508058384,3
4273,6.1084454149002765,6.645324001562293,0.5368785866620165,6
4274,6.168201090883915,6.645324001562293,0.47712291067837764,4
4275,6.04067548219853,5.373500477967874,-0.6671750042306561,9
4276,5.992675955391893,5.373500477967874,-0.6191754774240188,2
4277,6.068557995647896,5.373500477967874,-0.6950575176800218,3
4278,6.0456759753749,5.373500477967874,-0.672175497407026,8
4279,5.995223060079154,5.373500477967874,-0.6217225821112802,5
4280,5.988386127061236,5.373500477967874,-0.6148856490933623,6
4281,6.027970358966383,5.373500477967874,-0.6544698809985086,10
4282,5.984282463762561,5.373500477967874,-0.610781985794687,1
4283,6.027790103447693,5.373500477967874,-0.6542896254798185,4
4284,6.15056992406731,6.477121254719663,0.32655133065235287,10
4285,6.113558381820975,6.477121254719663,0.3635628728986875,6
4286,6.155462691327294,6.477121254719663,0.32165856339236854,5
4287,6.155501872885591,6.477121254719663,0.321619381834072,2
4288,6.144780583405369,6.477121254719663,0.33234067131429335,7
4289,6.237572120671135,6.477121254719663,0.23954913404852718,3
4290,6.163097356687388,6.477121254719663,0.31402389803227493,4
4291,6.118840607160202,6.477121254719663,0.3582806475594609,1
4292,6.151649484734513,6.477121254719663,0.3254717699851497,9
4293,5.245599310758042,5.283301228703549,0.03770191794550737,5
4294,5.157172866959277,5.283301228703549,0.12612836174427233,6
4295,5.704291979427914,5.283301228703549,-0.4209907507243651,9
4296,5.2971823849437945,5.283301228703549,-0.013881156240245218,3
4297,5.157689161736581,5.283301228703549,0.12561206696696825,2
4298,5.228921895824599,5.283301228703549,0.05437933287895014,10
4299,5.408834220132398,5.283301228703549,-0.125532991428849,7
4300,4.999535622853263,5.283301228703549,0.2837656058502862,1
4301,5.253466063159618,5.283301228703549,0.02983516554393084,8
4302,5.263354887619503,6.176091259055681,0.9127363714361785,2
4303,5.282860128729255,6.176091259055681,0.8932311303264262,8
4304,5.285156681961727,6.176091259055681,0.8909345770939545,4
4305,5.513572404791664,6.176091259055681,0.6625188542640172,9
4306,5.4510494590478356,6.176091259055681,0.7250418000078458,7
4307,5.462289728521754,6.176091259055681,0.7138015305339271,5
4308,5.293635504424504,6.176091259055681,0.8824557546311773,10
4309,5.1170816499425404,6.176091259055681,1.059009609113141,3
4310,5.287902606168794,6.176091259055681,0.8881886528868872,6
4311,5.915711173050149,6.57978359661681,0.6640724235666609,7
4312,5.91917782744544,6.57978359661681,0.6606057691713705,4
4313,5.9454284624227505,6.57978359661681,0.6343551341940596,3
4314,5.889014486116577,6.57978359661681,0.6907691105002334,6
4315,5.900199010155113,6.57978359661681,0.6795845864616972,2
4316,5.935669050639664,6.57978359661681,0.6441145459771462,8
4317,5.948314716802384,6.57978359661681,0.6314688798144257,9
4318,5.907192833234867,6.57978359661681,0.672590763381943,5
4319,6.094769680021357,6.57978359661681,0.48501391659545323,10
4320,6.01318729045985,5.845098040014257,-0.1680892504455933,9
4321,6.0215349868531405,5.845098040014257,-0.17643694683888356,1
4322,6.031577844884668,5.845098040014257,-0.1864798048704115,5
4323,6.03698604806657,5.845098040014257,-0.1918880080523131,10
4324,6.058975759357881,5.845098040014257,-0.21387771934362387,4
4325,6.0636699425456495,5.845098040014257,-0.21857190253139258,8
4326,5.977802127690636,5.845098040014257,-0.13270408767637942,2
4327,6.054235056330361,5.845098040014257,-0.20913701631610415,7
4328,6.039172734256438,5.845098040014257,-0.1940746942421807,3
4329,5.77601522113942,5.62797998982998,-0.14803523130944019,5
4330,5.799272255771737,5.62797998982998,-0.17129226594175773,3
4331,5.736644716903877,5.62797998982998,-0.10866472707389718,7
4332,5.739999653825038,5.62797998982998,-0.11201966399505814,4
4333,5.621122448761444,5.62797998982998,0.006857541068535866,9
4334,5.743641722583087,5.62797998982998,-0.11566173275310732,8
4335,5.798978975748217,5.62797998982998,-0.1709989859182377,10
4336,5.780421325329725,5.62797998982998,-0.1524413354997458,1
4337,5.710340437194283,5.62797998982998,-0.08236044736430337,6
4338,5.9777244964941465,6.146128035678238,0.16840353918409168,3
4339,6.010206922123997,6.146128035678238,0.1359211135542413,10
4340,5.963348920444125,6.146128035678238,0.18277911523411294,4
4341,5.9443161116396315,6.146128035678238,0.2018119240386067,6
4342,5.948193918214685,6.146128035678238,0.1979341174635536,7
4343,5.992489816867253,6.146128035678238,0.15363821881098527,1
4344,5.962480813589615,6.146128035678238,0.1836472220886236,8
4345,5.952486350732987,6.146128035678238,0.19364168494525114,9
4346,5.986787298769014,6.146128035678238,0.15934073690922457,5
4347,5.758096210848457,6.528736777724652,0.7706405668761951,7
4348,5.79943880175183,6.528736777724652,0.7292979759728224,2
4349,5.817915678515259,6.528736777724652,0.7108210992093928,9
4350,5.823138838524166,6.528736777724652,0.7055979392004863,5
4351,5.755493083387515,6.528736777724652,0.773243694337137,3
4352,5.633505108383506,6.528736777724652,0.895231669341146,4
4353,5.83883044494334,6.528736777724652,0.6899063327813124,8
4354,5.781944770387843,6.528736777724652,0.7467920073368095,6
4355,5.792442096142889,6.528736777724652,0.7362946815817635,10
4356,6.059863881556485,6.32221929473392,0.2623554131774357,2
4357,6.096745937507302,6.32221929473392,0.2254733572266181,7
4358,6.115936397332913,6.32221929473392,0.20628289740100758,8
4359,6.080734525902057,6.32221929473392,0.24148476883186376,1
4360,6.1033070811967525,6.32221929473392,0.21891221353716794,9
4361,6.073953986406627,6.32221929473392,0.24826530832729343,6
4362,6.102446905999797,6.32221929473392,0.21977238873412297,4
4363,6.092431219640655,6.32221929473392,0.22978807509326504,3
4364,6.095772570187913,6.32221929473392,0.22644672454600734,5
4365,6.052870293658867,6.184691430817598,0.131821137158731,2
4366,6.151060524331927,6.184691430817598,0.03363090648567102,8
4367,6.14167976790764,6.184691430817598,0.04301166290995884,10
4368,6.112209436814749,6.184691430817598,0.0724819940028496,7
4369,6.089753764848925,6.184691430817598,0.09493766596867381,6
4370,6.122188365569766,6.184691430817598,0.06250306524783245,5
4371,6.104621871230609,6.184691430817598,0.08006955958698914,9
4372,6.100850731095964,6.184691430817598,0.08384069972163477,1
4373,6.129233548440661,6.184691430817598,0.055457882376937384,4
4374,6.01769204271197,6.6020599913279625,0.5843679486159923,6
4375,6.093339719125927,6.6020599913279625,0.5087202722020354,8
4376,6.046521677939122,6.6020599913279625,0.5555383133888405,9
4377,6.081307869932308,6.6020599913279625,0.5207521213956543,5
4378,6.092576672119111,6.6020599913279625,0.5094833192088517,4
4379,6.049839890915879,6.6020599913279625,0.5522201004120832,1
4380,6.059861791188133,6.6020599913279625,0.5421982001398291,3
4381,6.079444126890693,6.6020599913279625,0.5226158644372694,7
4382,6.132443302182896,6.6020599913279625,0.4696166891450666,10
4383,6.052075332558391,5.900312496983727,-0.1517628355746643,7
4384,6.019763653827211,5.900312496983727,-0.11945115684348462,5
4385,6.029913761024883,5.900312496983727,-0.12960126404115613,1
4386,5.991139449989341,5.900312496983727,-0.09082695300561472,9
4387,5.955341151802251,5.900312496983727,-0.055028654818524814,2
4388,6.010322436908422,5.900312496983727,-0.11000993992469521,6
4389,6.049927179204217,5.900312496983727,-0.14961468222049046,4
4390,6.01664414351451,5.900312496983727,-0.11633164653078332,3
4391,6.0284243888764415,5.900312496983727,-0.12811189189271488,10
4392,5.7253616907860145,6.108226656374929,0.38286496558891425,1
4393,5.831640181833218,6.108226656374929,0.2765864745417108,5
4394,5.822372676409284,6.108226656374929,0.285853979965645,8
4395,5.755047709306217,6.108226656374929,0.3531789470687121,2
4396,5.829188173926181,6.108226656374929,0.2790384824487475,10
4397,5.807235166320572,6.108226656374929,0.3009914900543569,4
4398,5.840088255462938,6.108226656374929,0.26813840091199115,6
4399,5.875184432128682,6.108226656374929,0.23304222424624665,7
4400,5.816425564976586,6.108226656374929,0.29180109139834265,3
4401,6.020450025919548,6.385606273598312,0.3651562476787644,3
4402,6.030379212209454,6.385606273598312,0.35522706138885773,6
4403,5.996528736511745,6.385606273598312,0.38907753708656756,2
4404,6.037724768269718,6.385606273598312,0.3478815053285942,5
4405,6.022207670424596,6.385606273598312,0.3633986031737164,7
4406,6.011857919446344,6.385606273598312,0.37374835415196817,9
4407,6.0573485784518315,6.385606273598312,0.3282576951464806,4
4408,6.043515184404338,6.385606273598312,0.3420910891939739,1
4409,6.032428893702488,6.385606273598312,0.35317737989582376,10
4410,5.957197081199901,6.585460729508501,0.6282636483086002,4
4411,5.9205335637409755,6.585460729508501,0.6649271657675255,6
4412,5.959004962613725,6.585460729508501,0.6264557668947761,5
4413,5.924589018117729,6.585460729508501,0.6608717113907723,7
4414,6.02433889905785,6.585460729508501,0.5611218304506513,10
4415,5.9474914056328805,6.585460729508501,0.6379693238756206,3
4416,5.973923829013666,6.585460729508501,0.6115369004948352,8
4417,5.967508692888276,6.585460729508501,0.6179520366202249,1
4418,5.920291570286588,6.585460729508501,0.6651691592219127,9
4419,6.027544461185101,6.271841606536499,0.24429714535139802,8
4420,5.897414904042372,6.271841606536499,0.3744267024941266,2
4421,5.931298294798133,6.271841606536499,0.34054331173836516,9
4422,5.9478438281909325,6.271841606536499,0.3239977783455661,6
4423,6.005506116360814,6.271841606536499,0.2663354901756847,4
4424,5.996387445764169,6.271841606536499,0.27545416077232954,5
4425,6.065406524814647,6.271841606536499,0.20643508172185143,10
4426,5.984603879123605,6.271841606536499,0.28723772741289366,3
4427,6.004329461026775,6.271841606536499,0.26751214550972335,1
4428,6.112361613922408,6.401572845676446,0.28921123175403807,6
4429,6.147775945063883,6.401572845676446,0.25379690061256266,3
4430,6.175132800799173,6.401572845676446,0.22644004487727276,8
4431,6.117664004338908,6.401572845676446,0.2839088413375377,1
4432,6.11234117671873,6.401572845676446,0.2892316689577159,2
4433,6.157549805437523,6.401572845676446,0.24402304023892274,7
4434,6.157414810948513,6.401572845676446,0.24415803472793307,4
4435,6.1461002820352455,6.401572845676446,0.2554725636412005,9
4436,6.181415588254903,6.401572845676446,0.22015725742154313,5
4437,4.6220859275649335,3.724275869600789,-0.8978100579641444,4
4438,4.561239727855795,3.724275869600789,-0.8369638582550056,7
4439,4.549273549787753,3.724275869600789,-0.8249976801869634,9
4440,4.536776159769018,3.724275869600789,-0.812500290168229,5
4441,4.5865048920601,3.724275869600789,-0.862229022459311,10
4442,4.70756805300291,3.724275869600789,-0.9832921834021207,6
4443,4.6119687474762365,3.724275869600789,-0.8876928778754474,8
4444,4.5616688440630755,3.724275869600789,-0.8373929744622863,2
4445,4.65554631630735,3.724275869600789,-0.9312704467065611,3
4446,5.566976838822698,6.176091259055681,0.6091144202329835,10
4447,5.638097759215314,6.176091259055681,0.5379934998403675,8
4448,5.591919449420335,6.176091259055681,0.5841718096353468,5
4449,5.608717475431508,6.176091259055681,0.5673737836241735,4
4450,5.611275012567714,6.176091259055681,0.5648162464879674,6
4451,5.5821337219544045,6.176091259055681,0.5939575371012769,7
4452,5.558105868491563,6.176091259055681,0.6179853905641179,3
4453,5.554318268209113,6.176091259055681,0.6217729908465683,9
4454,5.558287677517895,6.176091259055681,0.6178035815377863,1
4455,4.919299732107674,6.176091259055681,1.2567915269480077,10
4456,4.863829379594399,6.176091259055681,1.312261879461282,7
4457,4.9237729588733785,6.176091259055681,1.2523183001823028,2
4458,4.87985820972022,6.176091259055681,1.296233049335461,8
4459,5.050822589087618,6.176091259055681,1.1252686699680634,5
4460,4.8793900467908085,6.176091259055681,1.296701212264873,1
4461,4.903849832105577,6.176091259055681,1.2722414269501048,4
4462,4.963034142433306,6.176091259055681,1.213057116622375,9
4463,4.858252825171698,6.176091259055681,1.317838433883983,6
4464,6.27281015587068,6.301029995663981,0.02821983979330156,2
4465,6.179578835610995,6.301029995663981,0.1214511600529864,3
4466,6.17809783733986,6.301029995663981,0.12293215832412141,10
4467,6.184484309158031,6.301029995663981,0.11654568650595021,7
4468,6.166009483413769,6.301029995663981,0.13502051225021194,4
4469,6.233637736836962,6.301029995663981,0.06739225882701927,5
4470,6.198174640533941,6.301029995663981,0.10285535513003996,6
4471,6.205481699718933,6.301029995663981,0.09554829594504799,1
4472,6.192080131358372,6.301029995663981,0.10894986430560927,9
4473,5.770936334715856,5.04688519083771,-0.7240511438781461,4
4474,5.735225778423833,5.04688519083771,-0.688340587586123,3
4475,5.80890694254595,5.04688519083771,-0.7620217517082404,8
4476,5.713044943750564,5.04688519083771,-0.6661597529128542,10
4477,5.732444738580289,5.04688519083771,-0.6855595477425789,6
4478,5.737740490932995,5.04688519083771,-0.6908553000952855,5
4479,5.787425326745888,5.04688519083771,-0.7405401359081782,1
4480,5.739239860747481,5.04688519083771,-0.6923546699097711,9
4481,5.799226583667611,5.04688519083771,-0.7523413928299014,7
4482,6.208166272966981,6.068185861746161,-0.1399804112208196,5
4483,6.202017661122418,6.068185861746161,-0.13383179937625655,10
4484,6.224843564700345,6.068185861746161,-0.1566577029541838,6
4485,6.226919724479031,6.068185861746161,-0.15873386273286982,2
4486,6.220059539697765,6.068185861746161,-0.15187367795160345,1
4487,6.2361312424985105,6.068185861746161,-0.16794538075234922,9
4488,6.207756946554212,6.068185861746161,-0.13957108480805047,4
4489,6.213022083729745,6.068185861746161,-0.14483622198358415,8
4490,6.219679435735724,6.068185861746161,-0.15149357398956287,3
4491,5.882133588711033,6.181843587944773,0.2997099992337393,10
4492,5.953464764965385,6.181843587944773,0.22837882297938794,3
4493,5.956818477760421,6.181843587944773,0.2250251101843519,8
4494,5.96036552708644,6.181843587944773,0.22147806085833288,5
4495,5.977523784686717,6.181843587944773,0.20431980325805554,4
4496,6.022785891180444,6.181843587944773,0.15905769676432868,9
4497,5.949134529131244,6.181843587944773,0.232709058813529,6
4498,6.020788157305078,6.181843587944773,0.16105543063969474,2
4499,5.955207042172499,6.181843587944773,0.22663654577227366,1
4500,6.203770021837496,6.32221929473392,0.1184492728964246,3
4501,6.2066123126363095,6.32221929473392,0.11560698209761089,1
4502,6.178354456753519,6.32221929473392,0.14386483798040128,7
4503,6.246964352649764,6.32221929473392,0.07525494208415662,2
4504,6.214804986479842,6.32221929473392,0.1074143082540786,10
4505,6.181044715286964,6.32221929473392,0.14117457944695655,9
4506,6.183214363811019,6.32221929473392,0.13900493092290134,5
4507,6.181473224685764,6.32221929473392,0.14074607004815665,6
4508,6.172458383044057,6.32221929473392,0.14976091168986372,8
4509,6.2841391377156155,6.855525212731306,0.5713860750156909,10
4510,6.282498603019563,6.855525212731306,0.5730266097117438,3
4511,6.271041290679206,6.855525212731306,0.5844839220521001,9
4512,6.284900009512099,6.855525212731306,0.5706252032192074,4
4513,6.314926413134698,6.855525212731306,0.5405987995966086,1
4514,6.265110890622651,6.855525212731306,0.5904143221086553,2
4515,6.275818528635,6.855525212731306,0.5797066840963065,6
4516,6.269690781792634,6.855525212731306,0.5858344309386725,5
4517,6.210711267841418,6.855525212731306,0.6448139448898882,8
4518,6.089594499691171,6.342422680822207,0.25282818113103556,2
4519,5.92013238294012,6.342422680822207,0.4222902978820864,5
4520,6.054426826531579,6.342422680822207,0.287995854290628,8
4521,6.020284916015705,6.342422680822207,0.32213776480650136,9
4522,6.069555782486312,6.342422680822207,0.27286689833589506,3
4523,6.030906578712327,6.342422680822207,0.3115161021098798,4
4524,6.03988860474139,6.342422680822207,0.30253407608081684,6
4525,5.959935885786386,6.342422680822207,0.3824867950358204,7
4526,5.923679575233126,6.342422680822207,0.4187431055890807,1
4527,6.3373315254420906,6.447158031342219,0.10982650590012888,2
4528,6.305720841081926,6.447158031342219,0.14143719026029355,8
4529,6.325090344921997,6.447158031342219,0.12206768642022237,7
4530,6.316539225118195,6.447158031342219,0.13061880622402455,10
4531,6.273685454122598,6.447158031342219,0.17347257721962173,3
4532,6.2759423489460096,6.447158031342219,0.17121568239620988,6
4533,6.290080108987887,6.447158031342219,0.1570779223543326,4
4534,6.309321299029851,6.447158031342219,0.13783673231236815,1
4535,6.32166297258814,6.447158031342219,0.12549505875407974,9
4536,6.2962121348197755,6.491361693834273,0.1951495590144976,4
4537,6.285599797983115,6.491361693834273,0.20576189585115845,9
4538,6.312303597016767,6.491361693834273,0.1790580968175064,5
4539,6.281159226209415,6.491361693834273,0.21020246762485773,10
4540,6.321423607669113,6.491361693834273,0.16993808616516048,2
4541,6.299963422378522,6.491361693834273,0.19139827145575072,8
4542,6.2890803349081,6.491361693834273,0.20228135892617338,6
4543,6.269301603637956,6.491361693834273,0.222060090196317,3
4544,6.283108153978352,6.491361693834273,0.20825353985592088,1
4545,6.067844654127154,6.32221929473392,0.2543746406067662,4
4546,6.09862288236508,6.32221929473392,0.2235964123688401,10
4547,6.113471431384187,6.32221929473392,0.20874786334973372,1
4548,6.088223288715325,6.32221929473392,0.23399600601859571,6
4549,6.076455909467914,6.32221929473392,0.24576338526600683,7
4550,6.073118337787776,6.32221929473392,0.24910095694614398,9
4551,6.193089183343253,6.32221929473392,0.12913011139066732,2
4552,6.1067554557468995,6.32221929473392,0.21546383898702093,3
4553,6.10199144762884,6.32221929473392,0.2202278471050807,8
4554,6.365479842021804,7.0,0.634520157978196,4
4555,6.450497416945687,7.0,0.5495025830543128,2
4556,6.458649183845666,7.0,0.5413508161543339,5
4557,6.422709257724287,7.0,0.5772907422757134,3
4558,6.4442572697949165,7.0,0.5557427302050835,9
4559,6.430560531919505,7.0,0.5694394680804953,6
4560,6.432558718849324,7.0,0.5674412811506757,7
4561,6.444867049386942,7.0,0.555132950613058,10
4562,6.396540918193836,7.0,0.6034590818061636,8
4563,6.21288645791999,6.357934847000454,0.1450483890804639,8
4564,6.2018899291788125,6.357934847000454,0.15604491782164143,10
4565,6.204082767309565,6.357934847000454,0.1538520796908891,7
4566,6.252710234678517,6.357934847000454,0.10522461232193692,2
4567,6.201005113174984,6.357934847000454,0.1569297338254696,5
4568,6.237679199471419,6.357934847000454,0.12025564752903506,1
4569,6.248657558173948,6.357934847000454,0.10927728882650634,9
4570,6.196194772348823,6.357934847000454,0.16174007465163065,4
4571,6.20237215699374,6.357934847000454,0.15556269000671374,3
4572,6.331627331116289,6.309757882316366,-0.02186944879992314,5
4573,6.284010542136469,6.309757882316366,0.02574734017989666,3
4574,6.293021045920013,6.309757882316366,0.016736836396352928,7
4575,6.289563204889037,6.309757882316366,0.02019467742732939,1
4576,6.307565884782997,6.309757882316366,0.002191997533368628,8
4577,6.304475145672659,6.309757882316366,0.005282736643707153,9
4578,6.333345055453515,6.309757882316366,-0.023587173137149087,2
4579,6.2776194615696514,6.309757882316366,0.03213842074671458,4
4580,6.280133264703597,6.309757882316366,0.029624617612769022,6
4581,6.216020008957363,5.751510050270041,-0.46450995868732203,5
4582,6.23944977673323,5.751510050270041,-0.48793972646318906,6
4583,6.237970121111413,5.751510050270041,-0.486460070841372,3
4584,6.206592446580928,5.751510050270041,-0.4550823963108872,7
4585,6.191410769397709,5.751510050270041,-0.43990071912766826,4
4586,6.23047589636129,5.751510050270041,-0.47896584609124915,1
4587,6.131407672722997,5.751510050270041,-0.37989762245295555,10
4588,6.249359926491094,5.751510050270041,-0.4978498762210526,2
4589,6.21782871640536,5.751510050270041,-0.4663186661353187,8
4590,5.940307067701525,6.290034611362518,0.34972754366099323,9
4591,5.870810653567402,6.290034611362518,0.4192239577951167,4
4592,5.944650572821026,6.290034611362518,0.3453840385414919,6
4593,5.957638451848034,6.290034611362518,0.3323961595144844,3
4594,6.024456333956586,6.290034611362518,0.26557827740593254,2
4595,5.862268488426962,6.290034611362518,0.42776612293555605,7
4596,5.940616213438439,6.290034611362518,0.34941839792407947,1
4597,5.880907496763907,6.290034611362518,0.4091271145986113,8
4598,6.038065499356188,6.290034611362518,0.2519691120063303,5
4599,6.179035428303803,6.301029995663981,0.12199456736017833,1
4600,6.1876101418474,6.301029995663981,0.11341985381658137,3
4601,6.166622767622369,6.301029995663981,0.13440722804161265,4
4602,6.199835573659629,6.301029995663981,0.10119442200435191,2
4603,6.175811468458021,6.301029995663981,0.12521852720596005,7
4604,6.164886486860162,6.301029995663981,0.1361435088038192,10
4605,6.217535727602004,6.301029995663981,0.08349426806197702,9
4606,6.165614181164561,6.301029995663981,0.13541581449941997,5
4607,6.1910372938713305,6.301029995663981,0.10999270179265075,6
4608,6.210622242385821,6.073351702386901,-0.13727053999891936,4
4609,6.238559297994523,6.073351702386901,-0.16520759560762155,3
4610,6.240285541138174,6.073351702386901,-0.1669338387512731,5
4611,6.273780079054156,6.073351702386901,-0.20042837666725433,6
4612,6.26721202557638,6.073351702386901,-0.19386032318947866,7
4613,6.244739447926642,6.073351702386901,-0.17138774553974034,1
4614,6.297120258943446,6.073351702386901,-0.2237685565565446,9
4615,6.290628778453895,6.073351702386901,-0.21727707606699376,2
4616,6.2086683569046155,6.073351702386901,-0.13531665451771424,10
4617,6.17937368229455,6.057099097526547,-0.1222745847680029,3
4618,6.171018478933047,6.057099097526547,-0.11391938140650026,7
4619,6.166930396254506,6.057099097526547,-0.10983129872795949,9
4620,6.072050841916955,6.057099097526547,-0.014951744390407917,4
4621,6.134596334819344,6.057099097526547,-0.07749723729279712,5
4622,6.113708615480212,6.057099097526547,-0.056609517953664756,2
4623,6.107602616181712,6.057099097526547,-0.050503518655165,10
4624,6.166949972861904,6.057099097526547,-0.10985087533535687,8
4625,6.13701147046962,6.057099097526547,-0.07991237294307307,6
4626,6.148545936638865,6.186278103445368,0.03773216680650382,9
4627,6.140900826729263,6.186278103445368,0.045377276716105364,3
4628,6.129568457097094,6.186278103445368,0.056709646348274134,5
4629,6.159861416668008,6.186278103445368,0.026416686777360532,8
4630,6.125492421478944,6.186278103445368,0.060785681966424754,2
4631,6.095632849965855,6.186278103445368,0.09064525347951324,1
4632,6.1181646472013,6.186278103445368,0.06811345624406862,6
4633,6.07635570449943,6.186278103445368,0.10992239894593858,10
4634,6.146396635689423,6.186278103445368,0.039881467755945366,7
4635,6.192032667276053,6.301029995663981,0.10899732838792797,3
4636,6.21038526634225,6.301029995663981,0.09064472932173118,1
4637,6.199956008309955,6.301029995663981,0.1010739873540265,6
4638,6.18750146458279,6.301029995663981,0.1135285310811911,4
4639,6.223202524359178,6.301029995663981,0.07782747130480328,9
4640,6.193517943402892,6.301029995663981,0.10751205226108951,10
4641,6.191983596049876,6.301029995663981,0.10904639961410556,5
4642,6.218991297242798,6.301029995663981,0.08203869842118294,2
4643,6.1941194927738925,6.301029995663981,0.10691050289008874,7
4644,6.278785340652827,6.477555332198981,0.19876999154615405,7
4645,6.310452306348148,6.477555332198981,0.1671030258508326,8
4646,6.302773487829047,6.477555332198981,0.17478184436993427,10
4647,6.411484410479526,6.477555332198981,0.06607092171945528,5
4648,6.310616279050817,6.477555332198981,0.16693905314816426,3
4649,6.2806721866759,6.477555332198981,0.19688314552308128,6
4650,6.281608330674612,6.477555332198981,0.1959470015243685,1
4651,6.376410787228635,6.477555332198981,0.10114454497034586,2
4652,6.213151584083727,6.477555332198981,0.2644037481152539,9
4653,5.8802567196155575,5.99563519459755,0.11537847498199216,2
4654,5.879390553463139,5.99563519459755,0.11624464113441046,3
4655,6.092174086945398,5.99563519459755,-0.09653889234784874,9
4656,5.856374653056134,5.99563519459755,0.13926054154141543,6
4657,5.864960439158758,5.99563519459755,0.13067475543879148,10
4658,5.846852048672109,5.99563519459755,0.1487831459254405,1
4659,5.803193782108748,5.99563519459755,0.19244141248880187,4
4660,5.911477855351936,5.99563519459755,0.08415733924561408,5
4661,5.9522988968360675,5.99563519459755,0.04333629776148218,7
4662,6.108875363114782,6.204119982655925,0.09524461954114294,8
4663,6.134097906835425,6.204119982655925,0.07002207582049991,9
4664,6.051748255834823,6.204119982655925,0.15237172682110245,4
4665,6.086265944578531,6.204119982655925,0.11785403807739403,5
4666,6.081811107709211,6.204119982655925,0.12230887494671361,10
4667,6.117446872156101,6.204119982655925,0.08667311049982374,2
4668,6.118770762654883,6.204119982655925,0.08534922000104217,6
4669,6.095207764213652,6.204119982655925,0.10891221844227328,3
4670,6.005136350685131,6.204119982655925,0.19898363197079405,7
4671,5.9237741318637935,6.089905111439398,0.16613097957560452,3
4672,5.981487394675319,6.089905111439398,0.10841771676407941,9
4673,5.908515298947487,6.089905111439398,0.18138981249191133,1
4674,6.032920462139877,6.089905111439398,0.05698464929952074,10
4675,5.987667179823598,6.089905111439398,0.10223793161580019,7
4676,5.955897564997247,6.089905111439398,0.13400754644215063,2
4677,5.876474258795229,6.089905111439398,0.21343085264416928,8
4678,5.9449509054257,6.089905111439398,0.1449542060136979,5
4679,5.9073260876901506,6.089905111439398,0.1825790237492475,4
4680,5.857992425693271,5.043755126968679,-0.814237298724592,5
4681,5.869901801973819,5.043755126968679,-0.8261466750051403,4
4682,5.896322357940179,5.043755126968679,-0.8525672309715002,8
4683,5.844121267638451,5.043755126968679,-0.8003661406697722,3
4684,5.921396158986421,5.043755126968679,-0.8776410320177419,1
4685,5.881015732032735,5.043755126968679,-0.8372606050640563,6
4686,5.779440409922062,5.043755126968679,-0.7356852829533826,2
4687,5.91715400693749,5.043755126968679,-0.8733988799688106,7
4688,5.85912580716357,5.043755126968679,-0.8153706801948912,9
4689,6.0760687494610535,6.394451680826216,0.3183829313651625,1
4690,5.967556660163776,6.394451680826216,0.4268950206624398,10
4691,5.92488380724679,6.394451680826216,0.4695678735794262,6
4692,6.049650436690341,6.394451680826216,0.34480124413587454,2
4693,5.95492261448536,6.394451680826216,0.43952906634085576,4
4694,5.96929199136124,6.394451680826216,0.4251596894649756,5
4695,5.940853408755055,6.394451680826216,0.45359827207116066,7
4696,5.951813174999484,6.394451680826216,0.44263850582673214,3
4697,5.988144576237702,6.394451680826216,0.4063071045885138,9
4698,3.5498925021833334,3.397940008672037,-0.15195249351129636,8
4699,3.5457699710269606,3.397940008672037,-0.14782996235492352,3
4700,3.5619269947778545,3.397940008672037,-0.1639869861058174,10
4701,3.7375053076297338,3.397940008672037,-0.3395652989576967,7
4702,3.60582237518064,3.397940008672037,-0.20788236650860314,6
4703,3.580872485510202,3.397940008672037,-0.18293247683816505,5
4704,3.505631302528027,3.397940008672037,-0.10769129385598974,9
4705,3.4630941724996918,3.397940008672037,-0.06515416382765471,4
4706,3.547493569337494,3.397940008672037,-0.14955356066545678,2
4707,6.0544576602643865,6.491361693834273,0.4369040335698866,1
4708,6.070548717464153,6.491361693834273,0.4208129763701205,3
4709,6.035647892462234,6.491361693834273,0.4557138013720392,10
4710,6.030459868194885,6.491361693834273,0.46090182563938775,6
4711,6.034024795515864,6.491361693834273,0.45733689831840874,9
4712,6.062659807139504,6.491361693834273,0.4287018866947694,4
4713,6.0640754736947065,6.491361693834273,0.42728622013956663,7
4714,6.057360305722317,6.491361693834273,0.4340013881119562,2
4715,6.057315996060291,6.491361693834273,0.43404569777398194,8
4716,5.9358580347948395,5.078094150406411,-0.8577638843884285,1
4717,5.92629605373034,5.078094150406411,-0.848201903323929,7
4718,5.932263964241807,5.078094150406411,-0.8541698138353961,8
4719,5.974271313518893,5.078094150406411,-0.8961771631124824,3
4720,5.9394915885085116,5.078094150406411,-0.8613974381021006,10
4721,5.961424203817638,5.078094150406411,-0.8833300534112274,5
4722,5.966903108493508,5.078094150406411,-0.8888089580870968,6
4723,5.937944807360319,5.078094150406411,-0.8598506569539079,2
4724,5.9546197173873,5.078094150406411,-0.8765255669808889,4
4725,5.919047314755402,5.12057393120585,-0.7984733835495526,6
4726,5.77452466323584,5.12057393120585,-0.6539507320299904,8
4727,5.717387511280484,5.12057393120585,-0.5968135800746346,4
4728,5.621161687766025,5.12057393120585,-0.5005877565601757,10
4729,5.804468716391256,5.12057393120585,-0.683894785185406,3
4730,5.7954282631635685,5.12057393120585,-0.6748543319577189,7
4731,5.825380419507059,5.12057393120585,-0.7048064883012097,1
4732,5.755644014912397,5.12057393120585,-0.6350700837065473,2
4733,5.79078867540805,5.12057393120585,-0.6702147442022008,9
4734,5.6504756200296,5.548757828573704,-0.10171779145589621,9
4735,5.572259045267214,5.548757828573704,-0.023501216693509797,5
4736,5.614025625971717,5.548757828573704,-0.06526779739801292,6
4737,5.650943279888894,5.548757828573704,-0.10218545131519008,8
4738,5.592518606534998,5.548757828573704,-0.043760777961294295,1
4739,5.588509327533533,5.548757828573704,-0.03975149895982888,7
4740,5.552467065472976,5.548757828573704,-0.0037092368992723834,3
4741,5.604497619348247,5.548757828573704,-0.05573979077454272,10
4742,5.610841518270439,5.548757828573704,-0.06208368969673472,4
4743,5.898422171708216,5.752048447819439,-0.146373723888777,1
4744,5.9039634376807735,5.752048447819439,-0.15191498986133478,4
4745,5.866294925701127,5.752048447819439,-0.11424647788168851,2
4746,5.856380412945616,5.752048447819439,-0.10433196512617737,6
4747,5.83784081331724,5.752048447819439,-0.08579236549780145,7
4748,5.892307040101744,5.752048447819439,-0.1402585922823052,9
4749,5.874692306048781,5.752048447819439,-0.12264385822934187,10
4750,5.869124751221782,5.752048447819439,-0.11707630340234321,8
4751,5.914105073310217,5.752048447819439,-0.16205662549077804,5
4752,5.76869847325754,5.698970004336019,-0.06972846892152162,8
4753,5.763554451445067,5.698970004336019,-0.06458444710904843,2
4754,5.78876378632864,5.698970004336019,-0.08979378199262111,6
4755,5.770320201427335,5.698970004336019,-0.0713501970913164,10
4756,5.748843328736093,5.698970004336019,-0.04987332440007464,9
4757,5.717950319836184,5.698970004336019,-0.018980315500165545,4
4758,5.728139343929743,5.698970004336019,-0.029169339593724253,5
4759,5.731928557715229,5.698970004336019,-0.03295855337920983,7
4760,5.766390920248964,5.698970004336019,-0.06742091591294486,1
4761,5.505796963399527,5.008600171761918,-0.49719679163760944,8
4762,5.712499540909374,5.008600171761918,-0.7038993691474564,5
4763,5.587109290778312,5.008600171761918,-0.5785091190163945,7
4764,5.609908004629977,5.008600171761918,-0.6013078328680592,10
4765,5.552634076433062,5.008600171761918,-0.544033904671144,1
4766,5.612141534328397,5.008600171761918,-0.603541362566479,9
4767,5.570747729800324,5.008600171761918,-0.5621475580384061,3
4768,5.609022783081282,5.008600171761918,-0.600422611319364,6
4769,5.593557173985,5.008600171761918,-0.5849570022230823,4
4770,5.763412725910158,6.0,0.2365872740898416,1
4771,5.813242059022377,6.0,0.186757940977623,7
4772,5.728982525753996,6.0,0.27101747424600386,2
4773,5.742896095878982,6.0,0.2571039041210179,8
4774,5.85542597922746,6.0,0.14457402077253967,4
4775,5.799799064077173,6.0,0.20020093592282695,6
4776,6.035183238618959,6.0,-0.03518323861895922,5
4777,5.837331640682662,6.0,0.1626683593173377,10
4778,5.86074627998611,6.0,0.13925372001389036,9
4779,5.635723201326078,4.534026106056135,-1.1016970952699427,2
4780,5.597698931352699,4.534026106056135,-1.063672825296564,10
4781,5.640346015014369,4.534026106056135,-1.106319908958234,3
4782,5.618909220630339,4.534026106056135,-1.084883114574204,7
4783,5.6073557266817025,4.534026106056135,-1.0733296206255671,4
4784,5.636041229494695,4.534026106056135,-1.1020151234385596,6
4785,5.620703998006053,4.534026106056135,-1.0866778919499174,9
4786,5.553712271994742,4.534026106056135,-1.019686165938607,1
4787,5.501760808469303,4.534026106056135,-0.9677347024131677,8
4788,5.782677586334696,6.164352855784437,0.3816752694497412,6
4789,5.84362065513056,6.164352855784437,0.3207322006538771,7
4790,5.751295896045208,6.164352855784437,0.4130569597392295,2
4791,5.95917824222892,6.164352855784437,0.20517461355551703,5
4792,5.872599354272971,6.164352855784437,0.29175350151146606,9
4793,5.73076819120561,6.164352855784437,0.4335846645788273,8
4794,5.817345931778303,6.164352855784437,0.3470069240061342,3
4795,5.829733815448199,6.164352855784437,0.33461904033623835,10
4796,5.801870839260756,6.164352855784437,0.36248201652368106,4
4797,6.052270938951177,6.552668216112194,0.5003972771610163,7
4798,6.145251750776855,6.552668216112194,0.4074164653353387,2
4799,6.124719158388562,6.552668216112194,0.427949057723632,3
4800,6.137436833364759,6.552668216112194,0.415231382747435,10
4801,6.153424390275012,6.552668216112194,0.399243825837182,6
4802,6.147823420993868,6.552668216112194,0.4048447951183256,9
4803,6.089126729431185,6.552668216112194,0.4635414866810086,8
4804,6.107319421385199,6.552668216112194,0.4453487947269945,1
4805,6.10962373639409,6.552668216112194,0.4430444797181039,4
4806,5.838405630243086,6.423245873936808,0.5848402436937219,7
4807,5.819033105003237,6.423245873936808,0.6042127689335706,6
4808,5.761406706475309,6.423245873936808,0.6618391674614985,9
4809,5.95136012121409,6.423245873936808,0.47188575272271827,5
4810,5.719434827731768,6.423245873936808,0.7038110462050398,8
4811,5.817962784245299,6.423245873936808,0.6052830896915093,4
4812,5.867464083907777,6.423245873936808,0.5557817900290312,10
4813,5.747863727436787,6.423245873936808,0.6753821465000209,1
4814,5.801785088302763,6.423245873936808,0.6214607856340448,3
4815,6.059666804833347,6.079181246047625,0.019514441214278477,10
4816,6.086463789189444,6.079181246047625,-0.007282543141818643,8
4817,6.0606571422869875,6.079181246047625,0.018524103760637622,9
4818,6.0724899047995216,6.079181246047625,0.006691341248103555,6
4819,6.081519109907003,6.079181246047625,-0.00233786385937762,2
4820,6.116868784895258,6.079181246047625,-0.037687538847633206,4
4821,6.05200289054272,6.079181246047625,0.027178355504904772,1
4822,6.12894877426651,6.079181246047625,-0.04976752821888475,7
4823,6.064080418947756,6.079181246047625,0.01510082709986893,5
4824,5.970706985900341,6.9084850188786495,0.9377780329783088,8
4825,6.215627802797623,6.9084850188786495,0.6928572160810269,10
4826,6.058754271064218,6.9084850188786495,0.8497307478144318,2
4827,6.096220870037989,6.9084850188786495,0.8122641488406606,7
4828,6.130644038636271,6.9084850188786495,0.7778409802423782,3
4829,6.1320144361225974,6.9084850188786495,0.7764705827560521,9
4830,6.132710694691798,6.9084850188786495,0.7757743241868518,1
4831,6.137608776558966,6.9084850188786495,0.7708762423196838,4
4832,6.150621163857299,6.9084850188786495,0.7578638550213501,6
4833,6.105937652446608,6.913283901760418,0.8073462493138104,5
4834,6.214066773238041,6.913283901760418,0.6992171285223776,6
4835,6.189254164491823,6.913283901760418,0.7240297372685953,4
4836,6.1639309650600005,6.913283901760418,0.7493529367004177,3
4837,6.292390879773816,6.913283901760418,0.6208930219866025,10
4838,6.179072104015322,6.913283901760418,0.7342117977450959,9
4839,6.177453785345014,6.913283901760418,0.7358301164154044,1
4840,6.193030673915201,6.913283901760418,0.720253227845217,7
4841,6.230881029667468,6.913283901760418,0.6824028720929505,2
4842,6.111421169999878,6.079181246047625,-0.03223992395225306,6
4843,5.918149039253045,6.079181246047625,0.1610322067945802,5
4844,5.985851070118377,6.079181246047625,0.09333017592924797,8
4845,6.128162567017192,6.079181246047625,-0.048981320969566866,9
4846,6.134944102623489,6.079181246047625,-0.055762856575864106,4
4847,5.952525710654569,6.079181246047625,0.12665553539305652,7
4848,6.225615208656331,6.079181246047625,-0.14643396260870567,10
4849,6.084519455710266,6.079181246047625,-0.005338209662641091,2
4850,6.131845093037947,6.079181246047625,-0.05266384699032223,3
4851,6.134944102623489,6.657055852857104,0.5221117502336146,4
4852,6.128162567017192,6.657055852857104,0.5288932858399118,9
4853,6.078556022847718,6.657055852857104,0.5784998300093855,1
4854,6.084519455710266,6.657055852857104,0.5725363971468376,2
4855,6.131845093037947,6.657055852857104,0.5252107598191564,3
4856,6.111421169999878,6.657055852857104,0.5456346828572256,6
4857,6.225615208656331,6.657055852857104,0.431440644200773,10
4858,5.918149039253045,6.657055852857104,0.7389068136040589,5
4859,5.985851070118377,6.657055852857104,0.6712047827387266,8
4860,5.679321252558245,4.615097451301758,-1.064223801256487,4
4861,5.795759910713809,4.615097451301758,-1.1806624594120505,10
4862,5.719344928637373,4.615097451301758,-1.1042474773356146,5
4863,5.676062396348683,4.615097451301758,-1.0609649450469245,8
4864,5.704039568486174,4.615097451301758,-1.0889421171844162,7
4865,5.711193588883394,4.615097451301758,-1.096096137581636,3
4866,5.755792538864352,4.615097451301758,-1.1406950875625936,6
4867,5.72067724584828,4.615097451301758,-1.1055797945465216,2
4868,5.77014971558703,4.615097451301758,-1.1550522642852714,1
4869,6.2502275994658385,6.962369335670021,0.7121417362041829,5
4870,6.262798647335386,6.962369335670021,0.6995706883346351,2
4871,6.309115773846877,6.962369335670021,0.6532535618231448,7
4872,6.220883798561617,6.962369335670021,0.7414855371084039,3
4873,6.176012226798515,6.962369335670021,0.7863571088715062,1
4874,6.197544380426194,6.962369335670021,0.7648249552438271,9
4875,6.199588043447137,6.962369335670021,0.7627812922228845,8
4876,6.220337886256902,6.962369335670021,0.742031449413119,10
4877,6.214290654743862,6.962369335670021,0.7480786809261595,4
4878,6.0128811763247105,6.57978359661681,0.5669024202920996,1
4879,6.067760555079432,6.57978359661681,0.5120230415373781,6
4880,5.973879614402614,6.57978359661681,0.6059039822141958,4
4881,6.111351746074899,6.57978359661681,0.4684318505419114,9
4882,6.072920790552123,6.57978359661681,0.5068628060646869,10
4883,5.992854430950647,6.57978359661681,0.586929165666163,8
4884,6.027695905882506,6.57978359661681,0.5520876907343037,2
4885,6.082498042180486,6.57978359661681,0.49728555443632416,7
4886,6.032004278429427,6.57978359661681,0.5477793181873833,3
4887,6.044430609245386,5.959041392321094,-0.08538921692429202,10
4888,6.044437951299084,5.959041392321094,-0.08539655897799037,8
4889,6.099261545990317,5.959041392321094,-0.14022015366922336,5
4890,6.0610835850842,5.959041392321094,-0.10204219276310589,1
4891,6.056588429769027,5.959041392321094,-0.09754703744793325,7
4892,6.046258995458742,5.959041392321094,-0.08721760313764815,3
4893,6.131995835238411,5.959041392321094,-0.17295444291731688,6
4894,6.090498234521443,5.959041392321094,-0.13145684220034948,9
4895,6.043196904059349,5.959041392321094,-0.0841555117382553,4
4896,6.0707046981354145,6.079181246047625,0.008476547912210641,6
4897,6.000492008012668,6.079181246047625,0.07868923803495687,9
4898,6.011278040733797,6.079181246047625,0.06790320531382843,7
4899,5.995473941823837,6.079181246047625,0.08370730422378792,5
4900,5.960488249155142,6.079181246047625,0.11869299689248347,2
4901,5.968025528748674,6.079181246047625,0.11115571729895102,4
4902,6.029519479659586,6.079181246047625,0.049661766388038764,3
4903,5.958465574748036,6.079181246047625,0.12071567129958893,8
4904,5.993313432516981,6.079181246047625,0.0858678135306441,10
4905,6.404127838006008,6.857332496431268,0.4532046584252605,3
4906,6.3449397210640495,6.857332496431268,0.5123927753672186,7
4907,6.465612424938885,6.857332496431268,0.39172007149238297,2
4908,6.392875016347919,6.857332496431268,0.4644574800833494,9
4909,6.325002440930379,6.857332496431268,0.5323300555008892,10
4910,6.322902440248031,6.857332496431268,0.5344300561832371,5
4911,6.438157093850529,6.857332496431268,0.4191754025807395,8
4912,6.483237104580601,6.857332496431268,0.3740953918506671,1
4913,6.473934549643006,6.857332496431268,0.38339794678826244,4
4914,6.135625236149065,7.012837224705172,0.8772119885561072,9
4915,6.090540287391741,7.012837224705172,0.9222969373134307,3
4916,6.109236190129446,7.012837224705172,0.9036010345757264,5
4917,6.075861371697481,7.012837224705172,0.9369758530076906,1
4918,6.146084494310313,7.012837224705172,0.8667527303948592,4
4919,6.084210627847231,7.012837224705172,0.9286265968579412,7
4920,6.094323689101936,7.012837224705172,0.9185135356032363,2
4921,6.026582524346928,7.012837224705172,0.986254700358244,10
4922,6.126920573347772,7.012837224705172,0.8859166513573999,6
4923,5.856735484963484,5.950364854376123,0.09362936941263911,3
4924,5.833846561593699,5.950364854376123,0.1165182927824242,4
4925,5.784958969229397,5.950364854376123,0.16540588514672638,9
4926,5.837312623067159,5.950364854376123,0.11305223130896458,7
4927,5.896977358264459,5.950364854376123,0.05338749611166449,10
4928,5.823310926656173,5.950364854376123,0.12705392771994983,6
4929,5.830919920348906,5.950364854376123,0.11944493402721701,8
4930,5.882171625809329,5.950364854376123,0.06819322856679388,2
4931,5.86398335190102,5.950364854376123,0.08638150247510357,1
4932,7.089263884902786,7.727541257028556,0.6382773721257706,2
4933,7.016604054227951,7.727541257028556,0.7109372028006051,1
4934,6.972968203450778,7.727541257028556,0.7545730535777784,6
4935,6.945664553712627,7.727541257028556,0.7818767033159295,10
4936,7.017359425325424,7.727541257028556,0.7101818317031325,7
4937,6.982723553486543,7.727541257028556,0.7448177035420134,8
4938,7.056218843414484,7.727541257028556,0.6713224136140719,9
4939,7.032900937198923,7.727541257028556,0.6946403198296336,4
4940,6.908672979458753,7.727541257028556,0.8188682775698028,5
4941,6.5934981389210074,7.176091259055681,0.5825931201346739,7
4942,6.594431524352644,7.176091259055681,0.5816597347030372,10
4943,6.577450498078633,7.176091259055681,0.5986407609770481,8
4944,6.511370870648709,7.176091259055681,0.6647203884069723,3
4945,6.6033789376193575,7.176091259055681,0.5727123214363239,4
4946,6.812890451919211,7.176091259055681,0.3632008071364705,9
4947,6.5856702058186,7.176091259055681,0.5904210532370815,6
4948,6.560211941676388,7.176091259055681,0.6158793173792931,1
4949,6.573560002889092,7.176091259055681,0.6025312561665892,2
4950,6.573560002889092,5.939758797292041,-0.6338012055970514,2
4951,6.5856702058186,5.939758797292041,-0.6459114085265591,6
4952,6.5934981389210074,5.939758797292041,-0.6537393416289667,7
4953,6.511370870648709,5.939758797292041,-0.5716120733566683,3
4954,6.577450498078633,5.939758797292041,-0.6376917007865925,8
4955,6.560211941676388,5.939758797292041,-0.6204531443843475,1
4956,6.354791696404704,5.939758797292041,-0.4150328991126635,5
4957,6.594431524352644,5.939758797292041,-0.6546727270606034,10
4958,6.6033789376193575,5.939758797292041,-0.6636201403273168,4
4959,6.9758564744657905,6.592176757395867,-0.3836797170699233,5
4960,6.900216536907111,6.592176757395867,-0.30803977951124395,3
4961,6.966493681694684,6.592176757395867,-0.37431692429881647,4
4962,6.711542201211787,6.592176757395867,-0.11936544381592018,7
4963,6.954224660931869,6.592176757395867,-0.362047903536002,8
4964,6.930786855115351,6.592176757395867,-0.33861009771948414,2
4965,6.903472042896879,6.592176757395867,-0.3112952855010116,6
4966,7.025327480616885,6.592176757395867,-0.43315072322101766,9
4967,7.003483706570404,6.592176757395867,-0.4113069491745369,10
4968,5.214542554137052,5.136720567156407,-0.07782198698064491,10
4969,5.119997240322268,5.136720567156407,0.01672332683413824,7
4970,5.466796233183259,5.136720567156407,-0.33007566602685223,4
4971,4.955991642531715,5.136720567156407,0.1807289246246917,5
4972,5.154557557913916,5.136720567156407,-0.017836990757508886,6
4973,5.232671621902589,5.136720567156407,-0.09595105474618215,9
4974,5.1081568603543035,5.136720567156407,0.028563706802103184,3
4975,5.209193672313096,5.136720567156407,-0.07247310515668914,8
4976,5.1955671946176185,5.136720567156407,-0.05884662746121183,1
4977,5.297073407108833,6.200303182981585,0.9032297758727523,8
4978,5.15595558596714,6.200303182981585,1.0443475970144451,2
4979,5.236638332687955,6.200303182981585,0.9636648502936307,6
4980,5.443266548242857,6.200303182981585,0.7570366347387285,4
4981,5.267106051209011,6.200303182981585,0.933197131772574,1
4982,5.3050075183702985,6.200303182981585,0.8952956646112868,9
4983,5.303329375394818,6.200303182981585,0.8969738075867673,10
4984,5.302500024573219,6.200303182981585,0.8978031584083661,3
4985,5.170970537567991,6.200303182981585,1.0293326454135947,7
4986,5.465164914544654,5.892094602690481,0.4269296881458269,9
4987,5.340553443311176,5.892094602690481,0.5515411593793047,5
4988,5.419578948417725,5.892094602690481,0.47251565427275555,1
4989,5.6073496730711865,5.892094602690481,0.2847449296192943,4
4990,5.420335718687325,5.892094602690481,0.47175888400315547,10
4991,5.47109273995972,5.892094602690481,0.421001862730761,3
4992,5.415434525191618,5.892094602690481,0.4766600774988632,7
4993,5.386047989415968,5.892094602690481,0.5060466132745125,8
4994,5.381256797334177,5.892094602690481,0.5108378053563039,6
4995,6.369463140748241,6.826074802700826,0.45661166195258485,9
4996,6.143681139779892,6.826074802700826,0.6823936629209344,8
4997,6.463976165287437,6.826074802700826,0.3620986374133892,7
4998,6.476697448618356,6.826074802700826,0.3493773540824696,2
4999,6.46514957045973,6.826074802700826,0.36092523224109563,4
5000,6.450003047418819,6.826074802700826,0.3760717552820072,5
5001,6.443576119669892,6.826074802700826,0.38249868303093404,1
5002,6.501049359824491,6.826074802700826,0.32502544287633484,10
5003,6.424028271636537,6.826074802700826,0.4020465310642889,6
5004,5.927908226255218,6.919078092376074,0.9911698661208561,8
5005,6.154340334281743,6.919078092376074,0.7647377580943306,2
5006,6.133103002910931,6.919078092376074,0.7859750894651425,1
5007,6.105821583065364,6.919078092376074,0.81325650931071,5
5008,6.058513831025888,6.919078092376074,0.860564261350186,6
5009,6.085508488434308,6.919078092376074,0.8335696039417657,3
5010,6.022539071811383,6.919078092376074,0.896539020564691,7
5011,6.217848737078064,6.919078092376074,0.7012293552980093,10
5012,6.07709035034679,6.919078092376074,0.8419877420292838,4
5013,5.823613914690635,5.8750612633917,0.05144734870106493,3
5014,5.853210899484112,5.8750612633917,0.02185036390758821,10
5015,5.778857658377408,5.8750612633917,0.09620360501429204,5
5016,5.794548494202684,5.8750612633917,0.08051276918901618,9
5017,5.800846410874186,5.8750612633917,0.07421485251751392,4
5018,5.777020039606145,5.8750612633917,0.0980412237855548,2
5019,5.6926694569231335,5.8750612633917,0.18239180646856656,1
5020,5.833487173362008,5.8750612633917,0.041574090029691924,6
5021,5.699821147875883,5.8750612633917,0.17524011551581697,8
5022,5.923235530933134,5.176091259055681,-0.7471442718774526,2
5023,5.922415988859245,5.176091259055681,-0.7463247298035638,4
5024,5.893320146244513,5.176091259055681,-0.7172288871888313,8
5025,5.947446517681279,5.176091259055681,-0.7713552586255981,7
5026,6.024913219170422,5.176091259055681,-0.8488219601147406,9
5027,5.971327173975591,5.176091259055681,-0.7952359149199095,6
5028,5.9675431415337865,5.176091259055681,-0.7914518824781052,3
5029,5.9442107355137885,5.176091259055681,-0.7681194764581072,1
5030,6.011703791696046,5.176091259055681,-0.835612532640365,10
5031,6.320526305058,6.644044492814749,0.3235181877567488,9
5032,6.23112849362897,6.644044492814749,0.41291599918577937,3
5033,6.266434161862813,6.644044492814749,0.37761033095193586,4
5034,6.183602247263831,6.644044492814749,0.46044224555091784,1
5035,6.306886090288711,6.644044492814749,0.3371584025260379,10
5036,6.218974537220398,6.644044492814749,0.4250699555943509,2
5037,6.1499966338571515,6.644044492814749,0.4940478589575976,6
5038,6.365073971960968,6.644044492814749,0.2789705208537807,5
5039,6.293142630695213,6.644044492814749,0.3509018621195361,7
5040,2.3326703731850844,2.7781512503836434,0.445480877198559,3
5041,2.336593918638128,2.7781512503836434,0.4415573317455155,4
5042,2.2550853517413456,2.7781512503836434,0.5230658986422978,2
5043,2.445197221454633,2.7781512503836434,0.33295402892901027,9
5044,2.312951072590674,2.7781512503836434,0.4652001777929695,8
5045,2.3839966348416297,2.7781512503836434,0.3941546155420137,5
5046,2.747221752537285,2.7781512503836434,0.030929497846358345,6
5047,2.3762356304723227,2.7781512503836434,0.40191561991132074,7
5048,2.2335121333480568,2.7781512503836434,0.5446391170355867,10
5049,5.777558637488136,6.079181246047625,0.3016226085594891,2
5050,5.600092690051784,6.079181246047625,0.4790885559958413,6
5051,5.54931570209681,6.079181246047625,0.5298655439508151,9
5052,5.549132140971571,6.079181246047625,0.5300491050760545,4
5053,5.6066720130662535,6.079181246047625,0.4725092329813716,5
5054,5.566773116511098,6.079181246047625,0.512408129536527,1
5055,5.571070047570307,6.079181246047625,0.5081111984773177,8
5056,5.643852808721714,6.079181246047625,0.43532843732591076,10
5057,5.608341206388962,6.079181246047625,0.47084003965866295,7
5058,2.3617413503701945,3.0791812460476247,0.7174398956774302,8
5059,2.517285462495277,3.0791812460476247,0.5618957835523477,9
5060,2.3568521674022067,3.0791812460476247,0.722329078645418,3
5061,2.3140314904383383,3.0791812460476247,0.7651497556092863,7
5062,2.389999705279754,3.0791812460476247,0.6891815407678705,5
5063,2.4680981064756344,3.0791812460476247,0.6110831395719902,6
5064,2.3682126831098085,3.0791812460476247,0.7109685629378162,2
5065,2.3971930377666344,3.0791812460476247,0.6819882082809903,4
5066,2.350247307792685,3.0791812460476247,0.7289339382549396,1
5067,5.9592947404109,6.283301228703549,0.32400648829264966,7
5068,5.999200637164907,6.283301228703549,0.28410059153864253,3
5069,5.966523004931063,6.283301228703549,0.3167782237724861,8
5070,5.947068690081566,6.283301228703549,0.3362325386219833,2
5071,5.990661520934595,6.283301228703549,0.292639707768954,6
5072,5.957914002699087,6.283301228703549,0.32538722600446235,4
5073,5.991418814286256,6.283301228703549,0.29188241441729357,5
5074,5.979171127352606,6.283301228703549,0.3041301013509434,1
5075,6.010915798167015,6.283301228703549,0.2723854305365343,9
5076,5.659591389502567,6.2878017299302265,0.6282103404276596,8
5077,5.777779396695386,6.2878017299302265,0.5100223332348408,9
5078,5.795934987000865,6.2878017299302265,0.4918667429293615,7
5079,5.752638556566307,6.2878017299302265,0.5351631733639195,3
5080,5.818212986484058,6.2878017299302265,0.4695887434461685,4
5081,5.762142063611501,6.2878017299302265,0.5256596663187256,5
5082,5.766050504037152,6.2878017299302265,0.5217512258930741,2
5083,5.826361827344031,6.2878017299302265,0.4614399025861955,6
5084,5.801071270761567,6.2878017299302265,0.4867304591686592,1
5085,5.879626910603592,5.536937022704674,-0.34268988789891797,5
5086,5.872000317189054,5.536937022704674,-0.3350632944843799,8
5087,6.044788802064119,5.536937022704674,-0.507851779359445,4
5088,5.994871843722462,5.536937022704674,-0.4579348210177887,2
5089,5.9472708787220006,5.536937022704674,-0.41033385601732686,7
5090,6.007464606487425,5.536937022704674,-0.4705275837827516,6
5091,6.021769792799143,5.536937022704674,-0.484832770094469,9
5092,5.972884938064092,5.536937022704674,-0.4359479153594181,1
5093,6.045912011509323,5.536937022704674,-0.5089749888046491,3
5094,5.971327173975591,6.301029995663981,0.3297028216883904,6
5095,5.9442107355137885,6.301029995663981,0.3568192601501927,1
5096,6.024913219170422,6.301029995663981,0.27611677649355926,9
5097,5.947446517681279,6.301029995663981,0.35358347798270184,7
5098,5.9675431415337865,6.301029995663981,0.33348685413019474,3
5099,5.893320146244513,6.301029995663981,0.40770984941946864,8
5100,5.922415988859245,6.301029995663981,0.3786140068047361,4
5101,6.061799373629384,6.301029995663981,0.23923062203459722,5
5102,6.011703791696046,6.301029995663981,0.28932620396793496,10
5103,6.1975156485934715,6.472902651803664,0.2753870032101924,9
5104,6.142284614825863,6.472902651803664,0.3306180369778007,8
5105,6.1859274399094035,6.472902651803664,0.28697521189426034,5
5106,6.084463685023686,6.472902651803664,0.3884389667799777,2
5107,6.1382521891204656,6.472902651803664,0.3346504626831983,10
5108,6.100023146706324,6.472902651803664,0.37287950509734014,4
5109,6.15757290790851,6.472902651803664,0.31532974389515367,6
5110,6.07632494798576,6.472902651803664,0.39657770381790414,1
5111,6.125538938560158,6.472902651803664,0.3473637132435057,7
5112,5.624146709048504,5.0,-0.624146709048504,10
5113,5.52342932725827,5.0,-0.5234293272582704,8
5114,5.700347423837099,5.0,-0.7003474238370986,5
5115,5.623820556544564,5.0,-0.6238205565445636,2
5116,5.568935166460473,5.0,-0.5689351664604727,9
5117,5.617812146078674,5.0,-0.6178121460786743,1
5118,5.688623615504722,5.0,-0.6886236155047216,4
5119,5.579819829578802,5.0,-0.5798198295788017,6
5120,5.688531522966415,5.0,-0.6885315229664153,3
5121,6.106611949111146,6.531478917042255,0.42486696793110923,6
5122,6.105657460642496,6.531478917042255,0.42582145639975977,1
5123,6.211207030991177,6.531478917042255,0.3202718860510787,5
5124,6.160576824868475,6.531478917042255,0.3709020921737807,7
5125,6.160914408752948,6.531478917042255,0.3705645082893074,10
5126,6.181085554151666,6.531478917042255,0.3503933628905891,4
5127,6.150233823657909,6.531478917042255,0.3812450933843463,3
5128,6.125924911843054,6.531478917042255,0.4055540051992015,2
5129,6.186057673230576,6.531478917042255,0.34542124381167927,9
5130,5.692248523644142,6.033423755486949,0.34117523184280785,3
5131,5.673065612669428,6.033423755486949,0.3603581428175211,9
5132,5.6519492354226815,6.033423755486949,0.38147452006426796,6
5133,5.710576955235066,6.033423755486949,0.3228468002518836,4
5134,5.663609068964615,6.033423755486949,0.36981468652233485,8
5135,5.636180094987932,6.033423755486949,0.3972436604990177,1
5136,5.6524841339846015,6.033423755486949,0.38093962150234795,7
5137,5.630881346218351,6.033423755486949,0.4025424092685981,10
5138,5.6524060557315465,6.033423755486949,0.3810176997554029,5
5139,4.823625897453469,3.662757831681574,-1.1608680657718948,8
5140,5.054971510093258,3.662757831681574,-1.3922136784116845,3
5141,4.765504445634847,3.662757831681574,-1.1027466139532733,1
5142,4.698260966635981,3.662757831681574,-1.0355031349544075,10
5143,4.714419788757243,3.662757831681574,-1.0516619570756691,2
5144,4.799202284644468,3.662757831681574,-1.1364444529628943,6
5145,4.802691803237772,3.662757831681574,-1.1399339715561978,5
5146,4.8397974020426435,3.662757831681574,-1.1770395703610697,7
5147,4.776698812719013,3.662757831681574,-1.1139409810374388,9
5148,5.984250212404966,6.260548372636979,0.27629816023201315,1
5149,6.027176690317798,6.260548372636979,0.2333716823191807,6
5150,5.999248681943122,6.260548372636979,0.26129969069385695,8
5151,5.9385312787772735,6.260548372636979,0.32201709385970556,2
5152,6.004487309042938,6.260548372636979,0.256061063594041,4
5153,6.010928961362499,6.260548372636979,0.24961941127448029,9
5154,6.049896089079254,6.260548372636979,0.21065228355772536,3
5155,6.010159337483352,6.260548372636979,0.25038903515362687,7
5156,5.989103906310366,6.260548372636979,0.2714444663266127,10
5157,5.95078429235351,5.301029995663981,-0.6497542966895287,6
5158,5.980429538174268,5.301029995663981,-0.6793995425102866,4
5159,5.975062495521257,5.301029995663981,-0.674032499857276,7
5160,5.962215581344199,5.301029995663981,-0.6611855856802178,1
5161,5.901273966367662,5.301029995663981,-0.6002439707036809,10
5162,5.934225041278568,5.301029995663981,-0.6331950456145865,8
5163,5.940331545803603,5.301029995663981,-0.6393015501396215,2
5164,5.943176511600529,5.301029995663981,-0.642146515936548,9
5165,6.029105350525815,5.301029995663981,-0.7280753548618337,3
5166,6.02602187430881,6.176091259055681,0.15006938474687104,4
5167,6.0542215386181555,6.176091259055681,0.12186972043752586,5
5168,6.052992871164609,6.176091259055681,0.12309838789107275,3
5169,6.0229912260761855,6.176091259055681,0.15310003297949581,7
5170,6.004865280750534,6.176091259055681,0.17122597830514774,1
5171,6.005837673122365,6.176091259055681,0.17025358593331674,10
5172,6.062550318006657,6.176091259055681,0.11354094104902401,6
5173,6.060015824153628,6.176091259055681,0.11607543490205341,9
5174,5.994473913521324,6.176091259055681,0.1816173455343577,2
5175,5.7757109409069525,5.4996870826184034,-0.27602385828854903,6
5176,5.788719196481363,5.4996870826184034,-0.2890321138629597,9
5177,5.795942039800452,5.4996870826184034,-0.29625495718204853,10
5178,5.759975430093906,5.4996870826184034,-0.26028834747550267,8
5179,5.7201770410140655,5.4996870826184034,-0.2204899583956621,5
5180,5.751781165185913,5.4996870826184034,-0.25209408256750976,4
5181,5.802329676750713,5.4996870826184034,-0.3026425941323092,3
5182,5.775370865957414,5.4996870826184034,-0.27568378333901045,7
5183,5.8762501202249355,5.4996870826184034,-0.3765630376065321,1
5184,5.814168743613217,5.295127085252191,-0.5190416583610258,6
5185,5.832365299372478,5.295127085252191,-0.5372382141202872,10
5186,5.924737964562151,5.295127085252191,-0.6296108793099604,7
5187,5.686814967478698,5.295127085252191,-0.3916878822265071,3
5188,5.599970879782627,5.295127085252191,-0.3048437945304361,9
5189,5.710511361692197,5.295127085252191,-0.4153842764400064,2
5190,5.784724700214404,5.295127085252191,-0.48959761496221343,4
5191,5.915627859580706,5.295127085252191,-0.6205007743285149,5
5192,5.720503827749726,5.295127085252191,-0.42537674249753543,8
5193,5.710314230083813,5.301029995663981,-0.4092842344198315,3
5194,5.65256609154788,5.301029995663981,-0.35153609588389845,8
5195,5.705949280607452,5.301029995663981,-0.40491928494347107,2
5196,5.686892408976704,5.301029995663981,-0.3858624133127231,6
5197,5.6602389330743215,5.301029995663981,-0.3592089374103402,4
5198,5.594441460878052,5.301029995663981,-0.2934114652140707,10
5199,5.544928833237346,5.301029995663981,-0.24389883757336506,5
5200,5.594735013811142,5.301029995663981,-0.2937050181471603,7
5201,5.648708853213434,5.301029995663981,-0.34767885754945294,1
5202,5.054331547427341,3.911690158753861,-1.1426413886734803,5
5203,4.994656762964778,3.911690158753861,-1.0829666042109167,7
5204,5.02452980420596,3.911690158753861,-1.112839645452099,1
5205,4.948434225046423,3.911690158753861,-1.0367440662925622,8
5206,5.053447927592715,3.911690158753861,-1.141757768838854,2
5207,4.989027331451017,3.911690158753861,-1.0773371726971561,10
5208,4.894066875758288,3.911690158753861,-0.9823767170044269,6
5209,5.07912786949019,3.911690158753861,-1.167437710736329,9
5210,5.013015927613086,3.911690158753861,-1.1013257688592253,3
5211,5.985578138520581,6.324282455297693,0.338704316777112,6
5212,5.913053512798955,6.324282455297693,0.4112289424987381,2
5213,5.843260205856121,6.324282455297693,0.4810222494415717,8
5214,5.920075297615808,6.324282455297693,0.40420715768188487,9
5215,5.986592722360233,6.324282455297693,0.3376897329374602,4
5216,5.897142234613674,6.324282455297693,0.42714022068401913,1
5217,5.921023291057183,6.324282455297693,0.40325916424051034,7
5218,5.888872810935692,6.324282455297693,0.435409644362001,3
5219,5.922273432585696,6.324282455297693,0.40200902271199723,10
5220,5.687286464194357,5.72029163965499,0.03300517546063286,3
5221,5.63267819833398,5.72029163965499,0.08761344132101012,1
5222,5.752263902738828,5.72029163965499,-0.03197226308383794,5
5223,5.661442201253949,5.72029163965499,0.058849438401041176,7
5224,5.572794312468814,5.72029163965499,0.14749732718617548,9
5225,5.696867110462834,5.72029163965499,0.023424529192156207,2
5226,5.633517542596008,5.72029163965499,0.08677409705898231,6
5227,5.612863285679379,5.72029163965499,0.10742835397561112,10
5228,5.728150800183991,5.72029163965499,-0.007859160529001485,4
5229,6.029117996802799,6.3670482644844935,0.33793026768169465,2
5230,6.10625273982606,6.3670482644844935,0.26079552465843303,9
5231,6.023591901916868,6.3670482644844935,0.34345636256762546,10
5232,6.0443908750749555,6.3670482644844935,0.3226573894095379,8
5233,6.112891335788401,6.3670482644844935,0.2541569286960925,4
5234,6.047043156430918,6.3670482644844935,0.32000510805357507,7
5235,6.058143428212503,6.3670482644844935,0.3089048362719904,1
5236,6.0904352062059885,6.3670482644844935,0.2766130582785049,3
5237,6.0921460216782926,6.3670482644844935,0.2749022428062009,6
5238,6.134047925088027,7.204119982655925,1.0700720575678977,4
5239,6.232472237596316,7.204119982655925,0.9716477450596086,7
5240,6.1150136057766575,7.204119982655925,1.0891063768792675,5
5241,6.124109584877763,7.204119982655925,1.080010397778162,9
5242,6.123063243794894,7.204119982655925,1.0810567388610313,1
5243,6.122262050324089,7.204119982655925,1.081857932331836,6
5244,6.123071337691011,7.204119982655925,1.0810486449649144,8
5245,6.130502989623875,7.204119982655925,1.0736169930320498,10
5246,6.133062161594802,7.204119982655925,1.0710578210611228,3
5247,6.28318968644797,6.012837224705172,-0.2703524617427977,7
5248,6.135140745621071,6.012837224705172,-0.12230352091589936,6
5249,6.260883383308767,6.012837224705172,-0.2480461586035947,9
5250,6.312841749756906,6.012837224705172,-0.30000452505173403,5
5251,6.121514862606315,6.012837224705172,-0.10867763790114271,8
5252,6.242442044388563,6.012837224705172,-0.22960481968339064,2
5253,6.227787417349749,6.012837224705172,-0.2149501926445767,3
5254,6.304198061719365,6.012837224705172,-0.29136083701419313,10
5255,6.27508100819346,6.012837224705172,-0.26224378348828825,1
5256,5.502197368534209,5.176091259055681,-0.3261061094785278,9
5257,5.5844509662098645,5.176091259055681,-0.4083597071541831,6
5258,5.337217650275784,5.176091259055681,-0.16112639122010286,2
5259,5.685592402264291,5.176091259055681,-0.5095011432086096,7
5260,5.5549662258797845,5.176091259055681,-0.37887496682410315,8
5261,5.55434948124996,5.176091259055681,-0.37825822219427874,10
5262,5.530434895395374,5.176091259055681,-0.354343636339693,5
5263,5.515086656225262,5.176091259055681,-0.3389953971695805,3
5264,5.572632079066284,5.176091259055681,-0.3965408200106024,1
5265,5.701928365176497,6.278982116865443,0.577053751688946,9
5266,5.9058007186037,6.278982116865443,0.37318139826174246,6
5267,5.943794336545408,6.278982116865443,0.3351877803200347,10
5268,5.848713157959544,6.278982116865443,0.43026895890589856,5
5269,5.881929630430868,6.278982116865443,0.3970524864345748,4
5270,5.803991617700273,6.278982116865443,0.47499049916516967,8
5271,5.851732428998473,6.278982116865443,0.4272496878669694,7
5272,5.879940204355801,6.278982116865443,0.3990419125096416,1
5273,5.906213478349241,6.278982116865443,0.37276863851620146,2
5274,5.559898978926271,6.17897694729317,0.6190779683668985,6
5275,5.639044352134506,6.17897694729317,0.539932595158664,7
5276,5.623495019814465,6.17897694729317,0.5554819274787048,4
5277,5.584448864444481,6.17897694729317,0.5945280828486883,10
5278,5.504081161575502,6.17897694729317,0.6748957857176681,1
5279,5.570271269886416,6.17897694729317,0.6087056774067534,8
5280,5.543254823604584,6.17897694729317,0.6357221236885859,5
5281,5.612623932961587,6.17897694729317,0.5663530143315825,3
5282,5.509703406307443,6.17897694729317,0.6692735409857269,2
5283,4.746992793099876,4.329194415088451,-0.41779837801142516,1
5284,4.834796692382875,4.329194415088451,-0.5056022772944244,6
5285,4.759352863706548,4.329194415088451,-0.43015844861809693,9
5286,4.813657726741794,4.329194415088451,-0.484463311653343,4
5287,4.730493926030948,4.329194415088451,-0.40129951094249705,10
5288,4.959472257215111,4.329194415088451,-0.6302778421266604,2
5289,4.8629696664709305,4.329194415088451,-0.5337752513824796,5
5290,4.838269599007876,4.329194415088451,-0.5090751839194247,8
5291,4.762019764947936,4.329194415088451,-0.43282534985948473,3
5292,5.530434895395374,6.002166061756507,0.471731166361133,5
5293,5.502197368534209,6.002166061756507,0.4999686932222982,9
5294,5.515086656225262,6.002166061756507,0.4870794055312455,3
5295,5.5844509662098645,6.002166061756507,0.4177150955466429,6
5296,5.55434948124996,6.002166061756507,0.44781658050654727,10
5297,5.5549662258797845,6.002166061756507,0.44719983587672285,8
5298,5.685592402264291,6.002166061756507,0.3165736594922164,7
5299,5.598955601344594,6.002166061756507,0.40321046041191355,4
5300,5.572632079066284,6.002166061756507,0.4295339826902236,1
5301,6.388533266927913,6.489395921727129,0.10086265479921597,9
5302,6.361855377154958,6.489395921727129,0.12754054457217112,10
5303,6.349522075371068,6.489395921727129,0.13987384635606137,3
5304,6.39785133694112,6.489395921727129,0.09154458478600969,5
5305,6.323021470479313,6.489395921727129,0.16637445124781625,6
5306,6.35115753097103,6.489395921727129,0.1382383907560989,1
5307,6.358420023281593,6.489395921727129,0.13097589844553603,8
5308,6.334722118099847,6.489395921727129,0.1546738036272819,2
5309,6.369169567943346,6.489395921727129,0.12022635378378332,7
5310,5.202216278792235,5.0,-0.20221627879223458,10
5311,5.319823123428015,5.0,-0.3198231234280149,1
5312,5.287618400269195,5.0,-0.28761840026919483,9
5313,5.239215410770685,5.0,-0.23921541077068476,4
5314,5.382939860919038,5.0,-0.38293986091903776,5
5315,5.421463626919257,5.0,-0.4214636269192571,2
5316,5.37648262615133,5.0,-0.3764826261513301,8
5317,5.473756383594011,5.0,-0.4737563835940106,7
5318,5.3209785565936105,5.0,-0.3209785565936105,6
5319,5.253343458792802,5.0,-0.25334345879280207,2
5320,5.187232927257689,5.0,-0.18723292725768914,9
5321,5.2558965855015165,5.0,-0.2558965855015165,6
5322,5.222778583884519,5.0,-0.22277858388451932,3
5323,5.218203134279746,5.0,-0.21820313427974636,7
5324,5.238978738678984,5.0,-0.23897873867898412,10
5325,5.1775947589399935,5.0,-0.17759475893999355,8
5326,5.445731709290036,5.0,-0.4457317092900359,4
5327,5.514749594030545,5.0,-0.5147495940305449,5
5328,5.71567957058193,4.698970004336019,-1.0167095662459111,2
5329,5.715985919268599,4.698970004336019,-1.0170159149325801,7
5330,5.714939853629788,4.698970004336019,-1.0159698492937697,4
5331,5.607062962288449,4.698970004336019,-0.9080929579524302,5
5332,5.7691410597049595,4.698970004336019,-1.0701710553689407,3
5333,5.725963800634278,4.698970004336019,-1.0269937962982594,6
5334,5.798386100134389,4.698970004336019,-1.0994160957983699,1
5335,5.719508467954245,4.698970004336019,-1.0205384636182266,9
5336,5.764768722570974,4.698970004336019,-1.065798718234955,8
5337,5.689851616131939,5.294466226161593,-0.3953853899703459,4
5338,5.829954243507922,5.294466226161593,-0.5354880173463288,10
5339,5.718496253891346,5.294466226161593,-0.42403002772975285,2
5340,5.738546967789651,5.294466226161593,-0.4440807416280572,8
5341,5.797056806181048,5.294466226161593,-0.5025905800194543,1
5342,5.762331959798569,5.294466226161593,-0.4678657336369758,3
5343,5.650898454949234,5.294466226161593,-0.35643222878764025,5
5344,5.728064422146026,5.294466226161593,-0.43359819598443305,6
5345,5.705826572187557,5.294466226161593,-0.4113603460259636,9
5346,6.028962984869503,5.477121254719663,-0.5518417301498406,6
5347,6.000211927937219,5.477121254719663,-0.5230906732175562,4
5348,5.984786888229058,5.477121254719663,-0.5076656335093954,10
5349,5.967749478738683,5.477121254719663,-0.4906282240190203,1
5350,5.993881179331874,5.477121254719663,-0.5167599246122112,7
5351,5.963879752148274,5.477121254719663,-0.4867584974286112,8
5352,6.0185239349372015,5.477121254719663,-0.5414026802175389,9
5353,6.033851865218757,5.477121254719663,-0.5567306104990948,3
5354,5.9516530934218235,5.477121254719663,-0.47453183870216087,2
5355,6.007114205893601,6.1264561134318045,0.11934190753820317,1
5356,6.042905982382609,6.1264561134318045,0.08355013104919529,5
5357,6.016567335164371,6.1264561134318045,0.10988877826743337,9
5358,6.0300538389794225,6.1264561134318045,0.09640227445238203,3
5359,6.070183317646015,6.1264561134318045,0.05627279578578914,6
5360,5.993246499565058,6.1264561134318045,0.13320961386674668,10
5361,6.014322684855307,6.1264561134318045,0.11213342857649788,4
5362,5.964719383763037,6.1264561134318045,0.1617367296687675,8
5363,6.010102525548185,6.1264561134318045,0.11635358788361927,2
5364,5.874766551736973,5.0,-0.8747665517369727,5
5365,5.9790791174908,5.0,-0.9790791174907998,3
5366,5.81014611057738,5.0,-0.8101461105773797,9
5367,5.856294801851078,5.0,-0.8562948018510781,8
5368,5.870768647548475,5.0,-0.8707686475484753,7
5369,5.948846479358873,5.0,-0.9488464793588731,6
5370,5.844504220095255,5.0,-0.8445042200952546,2
5371,5.648500069341273,5.0,-0.6485000693412726,10
5372,5.776898339622697,5.0,-0.7768983396226972,1
5373,4.974033878537663,4.02816441942447,-0.9458694591131938,7
5374,5.04878679410744,4.02816441942447,-1.0206223746829703,10
5375,5.136518303482896,4.02816441942447,-1.1083538840584266,1
5376,4.992143199945336,4.02816441942447,-0.9639787805208666,6
5377,5.279415449204177,4.02816441942447,-1.2512510297797075,9
5378,5.058168467692006,4.02816441942447,-1.0300040482675366,8
5379,4.936098369137335,4.02816441942447,-0.9079339497128656,5
5380,4.949304229850949,4.02816441942447,-0.921139810426479,2
5381,5.046351907448682,4.02816441942447,-1.0181874880242123,3
5382,6.1382521891204656,7.079181246047625,0.9409290569271596,10
5383,6.1975156485934715,7.079181246047625,0.8816655974541536,9
5384,6.07632494798576,7.079181246047625,1.0028562980618654,1
5385,6.124446361880708,7.079181246047625,0.9547348841669168,3
5386,6.084463685023686,7.079181246047625,0.9947175610239389,2
5387,6.125538938560158,7.079181246047625,0.9536423074874669,7
5388,6.142284614825863,7.079181246047625,0.9368966312217619,8
5389,6.1859274399094035,7.079181246047625,0.8932538061382216,5
5390,6.15757290790851,7.079181246047625,0.9216083381391149,6
5391,6.052992871164609,6.018650576891155,-0.034342294273453255,3
5392,6.02602187430881,6.018650576891155,-0.007371297417654965,4
5393,6.0229912260761855,6.018650576891155,-0.004340649185030188,7
5394,6.008296808204901,6.018650576891155,0.010353768686254483,8
5395,6.062550318006657,6.018650576891155,-0.04389974111550199,6
5396,6.005837673122365,6.018650576891155,0.01281290376879074,10
5397,6.004865280750534,6.018650576891155,0.013785296140621739,1
5398,6.0542215386181555,6.018650576891155,-0.03557096172700014,5
5399,6.060015824153628,6.018650576891155,-0.04136524726247259,9
5400,5.948846479358873,7.049218022670182,1.1003715433113088,6
5401,5.776898339622697,7.049218022670182,1.2723196830474848,1
5402,5.874766551736973,7.049218022670182,1.1744514709332092,5
5403,5.762706467639016,7.049218022670182,1.2865115550311659,4
5404,5.844504220095255,7.049218022670182,1.2047138025749273,2
5405,5.870768647548475,7.049218022670182,1.1784493751217067,7
5406,5.81014611057738,7.049218022670182,1.2390719120928022,9
5407,5.9790791174908,7.049218022670182,1.0701389051793821,3
5408,5.856294801851078,7.049218022670182,1.1929232208191038,8
5409,5.389006000824136,6.556302500767287,1.1672964999431512,7
5410,5.5549827093835304,6.556302500767287,1.0013197913837564,8
5411,5.409544186313958,6.556302500767287,1.1467583144533284,3
5412,5.625470680116675,6.556302500767287,0.9308318206506119,2
5413,5.417204337765058,6.556302500767287,1.1390981630022292,4
5414,5.424618084459465,6.556302500767287,1.131684416307822,9
5415,5.373785753346986,6.556302500767287,1.1825167474203004,5
5416,5.251960743716783,6.556302500767287,1.304341757050504,10
5417,5.385513019788327,6.556302500767287,1.1707894809789599,6
5418,6.067176657316399,7.176091259055681,1.108914601739282,1
5419,6.169876685960589,7.176091259055681,1.0062145730950922,9
5420,6.120182497479759,7.176091259055681,1.055908761575922,3
5421,6.064802082406334,7.176091259055681,1.1112891766493478,10
5422,6.092800050390123,7.176091259055681,1.0832912086655586,8
5423,6.132509050434961,7.176091259055681,1.0435822086207205,5
5424,6.077646159484379,7.176091259055681,1.0984450995713022,7
5425,6.13807878675584,7.176091259055681,1.0380124722998412,6
5426,6.079242008005054,7.176091259055681,1.0968492510506271,2
5427,5.838098335109684,5.615539749308947,-0.22255858580073618,2
5428,5.7680522247360635,5.615539749308947,-0.1525124754271161,8
5429,5.78132345049301,5.615539749308947,-0.16578370118406305,1
5430,5.773701850902395,5.615539749308947,-0.15816210159344735,10
5431,5.7686730418649494,5.615539749308947,-0.15313329255600205,7
5432,5.7608930498668744,5.615539749308947,-0.14535330055792706,4
5433,5.797568209786223,5.615539749308947,-0.18202846047727572,3
5434,5.719597345821422,5.615539749308947,-0.10405759651247504,9
5435,5.891654546050828,5.615539749308947,-0.2761147967418802,5
5436,6.532842383793835,7.017450729510536,0.4846083457167003,4
5437,6.509513437655454,7.017450729510536,0.5079372918550815,2
5438,6.422022290769591,7.017450729510536,0.595428438740945,5
5439,6.404198070426884,7.017450729510536,0.6132526590836518,10
5440,6.5126801269216825,7.017450729510536,0.5047706025888532,8
5441,6.526163282069132,7.017450729510536,0.49128744744140374,1
5442,6.464110745018196,7.017450729510536,0.5533399844923395,3
5443,6.489758858008065,7.017450729510536,0.527691871502471,9
5444,6.410145833607011,7.017450729510536,0.6073048959035248,6
5445,5.31519180814984,3.838849090737255,-1.4763427174125847,3
5446,5.215651542424204,3.838849090737255,-1.3768024516869484,7
5447,5.415350314359422,3.838849090737255,-1.576501223622167,4
5448,5.207064745642424,3.838849090737255,-1.368215654905169,1
5449,5.3045653996706275,3.838849090737255,-1.4657163089333722,10
5450,5.257171280499813,3.838849090737255,-1.418322189762558,6
5451,5.336732124481743,3.838849090737255,-1.4978830337444875,2
5452,5.3625782000890885,3.838849090737255,-1.5237291093518333,9
5453,5.300083011901134,3.838849090737255,-1.461233921163879,8
5454,5.672590332439854,6.278753600952829,0.606163268512975,9
5455,6.040894067974742,6.278753600952829,0.23785953297808682,3
5456,6.060390621531647,6.278753600952829,0.21836297942118144,1
5457,5.943197523162491,6.278753600952829,0.33555607779033814,4
5458,5.997506981146481,6.278753600952829,0.2812466198063479,7
5459,6.007068510457296,6.278753600952829,0.2716850904955326,10
5460,5.962021698201237,6.278753600952829,0.3167319027515916,5
5461,5.961447494621439,6.278753600952829,0.3173061063313902,6
5462,6.006471631949538,6.278753600952829,0.2722819690032905,2
5463,6.057055365987412,7.079181246047625,1.022125880060213,1
5464,6.089436749515032,7.079181246047625,0.9897444965325928,10
5465,6.141118611516436,7.079181246047625,0.9380626345311889,9
5466,6.1272606430145276,7.079181246047625,0.9519206030330976,3
5467,6.095618885975893,7.079181246047625,0.9835623600717325,8
5468,6.0970247733909035,7.079181246047625,0.9821564726567216,4
5469,6.140286967461016,7.079181246047625,0.9388942785866092,5
5470,6.17076349704964,7.079181246047625,0.9084177489979854,6
5471,6.085008155987242,7.079181246047625,0.9941730900603831,7
5472,5.629002391556501,5.181843587944773,-0.4471588036117282,3
5473,5.80058620013708,5.181843587944773,-0.6187426121923076,10
5474,5.527138578156032,5.181843587944773,-0.34529499021125964,7
5475,5.543920915709231,5.181843587944773,-0.36207732776445845,4
5476,5.542156897679372,5.181843587944773,-0.3603133097345994,6
5477,5.5625488231777185,5.181843587944773,-0.38070523523294586,1
5478,5.582810145829293,5.181843587944773,-0.4009665578845203,8
5479,5.699833078542712,5.181843587944773,-0.5179894905979392,2
5480,5.687123931082221,5.181843587944773,-0.5052803431374482,5
5481,5.265754852852703,5.181843587944773,-0.08391126490793077,10
5482,5.646947882020325,5.181843587944773,-0.46510429407555254,9
5483,5.647810882862156,5.181843587944773,-0.465967294917383,8
5484,5.653740768837557,5.181843587944773,-0.47189718089278454,7
5485,5.5354777967661315,5.181843587944773,-0.3536342088213589,5
5486,5.649558951813426,5.181843587944773,-0.46771536386865353,1
5487,5.654901799934591,5.181843587944773,-0.47305821198981857,3
5488,5.651860901320353,5.181843587944773,-0.47001731337558006,2
5489,5.648954855955782,5.181843587944773,-0.467111268011009,4
5490,4.99980550250371,4.340444114840119,-0.6593613876635906,7
5491,5.02023407396293,4.340444114840119,-0.6797899591228109,8
5492,5.086012251920069,4.340444114840119,-0.7455681370799496,1
5493,5.126484530552006,4.340444114840119,-0.786040415711887,3
5494,5.166917373149816,4.340444114840119,-0.8264732583096963,9
5495,5.122495965168934,4.340444114840119,-0.7820518503288145,10
5496,5.123434985508177,4.340444114840119,-0.7829908706680575,4
5497,5.03023118642002,4.340444114840119,-0.689787071579901,5
5498,5.089078788696423,4.340444114840119,-0.7486346738563032,6
5499,3.7562349701094,3.403120521175818,-0.353114448933582,8
5500,3.7661622474631637,3.403120521175818,-0.36304172628734577,6
5501,3.74410101378559,3.403120521175818,-0.34098049260977215,9
5502,3.7730186751207095,3.403120521175818,-0.36989815394489156,4
5503,3.8073829819315796,3.403120521175818,-0.40426246075576167,3
5504,3.850139035633953,3.403120521175818,-0.4470185144581351,1
5505,3.7993726884482903,3.403120521175818,-0.39625216727247237,5
5506,3.772780260651095,3.403120521175818,-0.36965973947527697,10
5507,3.834572640927453,3.403120521175818,-0.431452119751635,7
5508,5.76416405133021,4.991226075692495,-0.7729379756377153,9
5509,5.727229151620089,4.991226075692495,-0.7360030759275942,2
5510,5.631908770598497,4.991226075692495,-0.640682694906002,8
5511,5.658040556370895,4.991226075692495,-0.6668144806783998,3
5512,5.717535434297388,4.991226075692495,-0.726309358604893,6
5513,5.672467457381717,4.991226075692495,-0.6812413816892215,4
5514,5.6995945081059505,4.991226075692495,-0.7083684324134554,1
5515,5.820559634122422,4.991226075692495,-0.8293335584299273,5
5516,5.851827592480053,4.991226075692495,-0.8606015167875576,7
5517,5.913759419562275,6.342422680822207,0.42866326125993126,3
5518,6.0252735005516955,6.342422680822207,0.3171491802705111,5
5519,6.108195541866687,6.342422680822207,0.23422713895551972,10
5520,5.842040753028893,6.342422680822207,0.5003819277933133,8
5521,6.000981816179186,6.342422680822207,0.3414408646430207,7
5522,5.943750547104226,6.342422680822207,0.39867213371798105,1
5523,5.948344050003426,6.342422680822207,0.3940786308187807,6
5524,6.006077207042009,6.342422680822207,0.33634547378019786,9
5525,5.949142322481897,6.342422680822207,0.3932803583403093,2
5526,5.465017231107393,5.447158031342219,-0.017859199765173805,4
5527,5.413973537599792,5.447158031342219,0.03318449374242771,1
5528,5.424112655775871,5.447158031342219,0.023045375566348447,6
5529,5.507834681115267,5.447158031342219,-0.060676649773047764,7
5530,5.476792539540781,5.447158031342219,-0.02963450819856117,2
5531,5.456014484703571,5.447158031342219,-0.008856453361351768,9
5532,5.481115451964106,5.447158031342219,-0.03395742062188667,8
5533,5.459705570164785,5.447158031342219,-0.012547538822565762,5
5534,5.460241450311625,5.447158031342219,-0.013083418969405791,10
5535,6.027986112631047,6.741151598851785,0.7131654862207384,10
5536,6.0825887216932735,6.741151598851785,0.6585628771585119,9
5537,6.0447841811159,6.741151598851785,0.6963674177358854,6
5538,6.047061085978488,6.741151598851785,0.6940905128732977,3
5539,6.048142518236073,6.741151598851785,0.6930090806157123,5
5540,6.006159863716477,6.741151598851785,0.7349917351353081,1
5541,6.015357892995156,6.741151598851785,0.7257937058566295,2
5542,6.047733309322167,6.741151598851785,0.6934182895296184,7
5543,5.982260326998823,6.741151598851785,0.7588912718529626,8
5544,5.30695189464962,6.350248018334163,1.0432961236845433,8
5545,5.241144974524787,6.350248018334163,1.1091030438093759,1
5546,5.194042976595082,6.350248018334163,1.1562050417390815,5
5547,5.221817109507268,6.350248018334163,1.1284309088268953,2
5548,5.237544089243161,6.350248018334163,1.1127039290910021,4
5549,5.164277036511561,6.350248018334163,1.185970981822602,10
5550,5.260038640446667,6.350248018334163,1.0902093778874962,6
5551,5.223576922977219,6.350248018334163,1.1266710953569445,3
5552,5.149225468485822,6.350248018334163,1.2010225498483411,9
5553,6.112820241850174,6.361727836017593,0.24890759416741925,3
5554,6.085209229154583,6.361727836017593,0.2765186068630099,1
5555,6.1120717712140875,6.361727836017593,0.24965606480350555,4
5556,6.163781913235256,6.361727836017593,0.19794592278233747,6
5557,6.13516601962395,6.361727836017593,0.2265618163936427,7
5558,6.186097410804539,6.361727836017593,0.17563042521305405,9
5559,6.111934924350612,6.361727836017593,0.24979291166698125,8
5560,6.169204486327532,6.361727836017593,0.19252334969006135,5
5561,6.129336658216943,6.361727836017593,0.23239117780065044,10
5562,5.359512604414624,4.176091259055681,-1.1834213453589424,9
5563,5.31861987311745,4.176091259055681,-1.142528614061769,3
5564,5.20561565013155,4.176091259055681,-1.029524391075869,2
5565,5.268738019741296,4.176091259055681,-1.0926467606856143,1
5566,5.307081968150612,4.176091259055681,-1.130990709094931,5
5567,5.299800349181538,4.176091259055681,-1.1237090901258568,6
5568,5.3246753810319944,4.176091259055681,-1.148584121976313,7
5569,5.4010578922947845,4.176091259055681,-1.2249666332391032,8
5570,5.295131342163985,4.176091259055681,-1.1190400831083034,10
5571,4.848533600679106,5.507855871695831,0.659322271016725,6
5572,4.891453583688399,5.507855871695831,0.616402288007432,9
5573,5.024142808826678,5.507855871695831,0.4837130628691533,5
5574,4.891716127904203,5.507855871695831,0.6161397437916278,4
5575,4.868227677356767,5.507855871695831,0.639628194339064,8
5576,4.94976570244676,5.507855871695831,0.5580901692490716,3
5577,4.82166775666079,5.507855871695831,0.6861881150350415,7
5578,5.063563118011664,5.507855871695831,0.44429275368416743,1
5579,4.916782566284657,5.507855871695831,0.5910733054111743,10
5580,6.136836699533933,6.732393759822968,0.5955570602890354,10
5581,6.162099482386164,6.732393759822968,0.5702942774368038,5
5582,6.0997719594401705,6.732393759822968,0.6326218003827977,3
5583,6.103491882868687,6.732393759822968,0.6289018769542816,1
5584,6.122417373173258,6.732393759822968,0.6099763866497101,8
5585,6.088502563045588,6.732393759822968,0.6438911967773802,4
5586,6.163546694918787,6.732393759822968,0.5688470649041815,9
5587,6.151922517841761,6.732393759822968,0.5804712419812068,7
5588,6.140592167133005,6.732393759822968,0.5918015926899631,6
5589,5.856294801851078,4.130333768495007,-1.7259610333560707,8
5590,5.648500069341273,4.130333768495007,-1.5181663008462651,10
5591,5.81014611057738,4.130333768495007,-1.6798123420823723,9
5592,5.870768647548475,4.130333768495007,-1.7404348790534678,7
5593,5.874766551736973,4.130333768495007,-1.7444327832419653,5
5594,5.948846479358873,4.130333768495007,-1.8185127108638657,6
5595,5.844504220095255,4.130333768495007,-1.7141704516002472,2
5596,5.776898339622697,4.130333768495007,-1.6465645711276897,1
5597,5.762706467639016,4.130333768495007,-1.6323726991440086,4
5598,6.063584667065376,6.290034611362518,0.22644994429714238,10
5599,6.082511192980412,6.290034611362518,0.20752341838210597,8
5600,6.096082158056515,6.290034611362518,0.19395245330600286,3
5601,6.077769194367608,6.290034611362518,0.21226541699491008,4
5602,6.0402812217937285,6.290034611362518,0.24975338956878979,7
5603,6.12672443020298,6.290034611362518,0.1633101811595381,9
5604,6.11198760119054,6.290034611362518,0.17804701017197821,6
5605,6.052630392441103,6.290034611362518,0.23740421892141494,2
5606,6.061803805228175,6.290034611362518,0.2282308061343432,1
5607,5.96951468832699,6.204119982655925,0.23460529432893473,4
5608,6.043049778824605,6.204119982655925,0.1610702038313203,10
5609,6.021799243171046,6.204119982655925,0.18232073948487937,8
5610,6.142516608914344,6.204119982655925,0.06160337374158065,6
5611,6.007042170085396,6.204119982655925,0.19707781257052925,3
5612,6.078591084794524,6.204119982655925,0.1255288978614013,5
5613,6.020201816983543,6.204119982655925,0.18391816567238184,2
5614,6.034417154349262,6.204119982655925,0.16970282830666328,7
5615,5.8928155762752406,6.204119982655925,0.31130440638068446,1
5616,6.168371064386666,6.954242509439325,0.7858714450526589,7
5617,6.062833292777725,6.954242509439325,0.8914092166616001,8
5618,6.089112520785412,6.954242509439325,0.865129988653913,1
5619,6.084708226733942,6.954242509439325,0.8695342827053834,3
5620,6.143986452132477,6.954242509439325,0.810256057306848,4
5621,6.147667693611714,6.954242509439325,0.8065748158276111,6
5622,6.112945309257952,6.954242509439325,0.8412972001813728,2
5623,6.192935103124671,6.954242509439325,0.7613074063146543,9
5624,6.113724519692519,6.954242509439325,0.8405179897468065,10
5625,6.128025344727019,7.079181246047625,0.9511559013206057,9
5626,6.112635166506485,7.079181246047625,0.96654607954114,6
5627,6.132271349233871,7.079181246047625,0.9469098968137537,2
5628,6.096942416221928,7.079181246047625,0.9822388298256968,10
5629,6.207911497974839,7.079181246047625,0.8712697480727858,7
5630,6.124291804770149,7.079181246047625,0.9548894412774764,5
5631,6.08876334981186,7.079181246047625,0.9904178962357655,1
5632,6.121749231907632,7.079181246047625,0.957432014139993,4
5633,6.066572786081952,7.079181246047625,1.0126084599656728,3
5634,6.057013726617175,6.698970004336019,0.6419562777188439,1
5635,6.060167021658977,6.698970004336019,0.638802982677042,7
5636,6.099348493749112,6.698970004336019,0.5996215105869069,4
5637,6.068358245842081,6.698970004336019,0.6306117584939379,6
5638,6.152380762144671,6.698970004336019,0.5465892421913479,2
5639,6.083602517900326,6.698970004336019,0.6153674864356926,5
5640,6.057036319028793,6.698970004336019,0.6419336853072259,8
5641,6.12055464488502,6.698970004336019,0.5784153594509984,10
5642,5.727010414940703,6.698970004336019,0.9719595893953157,9
5643,6.081142277866081,6.4623979978989565,0.38125572003287544,1
5644,6.141820827803176,6.4623979978989565,0.32057717009578024,6
5645,6.1419726381114605,6.4623979978989565,0.320425359787496,5
5646,6.105192109233985,6.4623979978989565,0.3572058886649714,7
5647,6.109174059780807,6.4623979978989565,0.3532239381181492,4
5648,6.173219099642539,6.4623979978989565,0.2891788982564174,8
5649,6.116865384945133,6.4623979978989565,0.3455326129538232,3
5650,6.0794057260017675,6.4623979978989565,0.382992271897189,10
5651,6.120157739016877,6.4623979978989565,0.34224025888207965,2
5652,6.265900024690248,6.698970004336019,0.43306997964577043,8
5653,6.24060646664415,6.698970004336019,0.4583635376918691,9
5654,6.233972976079409,6.698970004336019,0.4649970282566098,4
5655,6.214792694637096,6.698970004336019,0.48417730969892236,7
5656,6.222195445183726,6.698970004336019,0.47677455915229316,3
5657,6.225255625203634,6.698970004336019,0.47371437913238434,10
5658,6.183083473776085,6.698970004336019,0.5158865305599338,2
5659,6.2154355579673215,6.698970004336019,0.48353444636869725,6
5660,6.254896543237777,6.698970004336019,0.44407346109824175,5
5661,6.013857458087804,6.334453751150931,0.32059629306312676,6
5662,5.9640060106411115,6.334453751150931,0.3704477405098192,8
5663,5.97604317331521,6.334453751150931,0.3584105778357207,7
5664,5.992378521037445,6.334453751150931,0.34207523011348595,5
5665,5.946517247589591,6.334453751150931,0.38793650356134,10
5666,5.967389120754977,6.334453751150931,0.3670646303959533,4
5667,5.951712298913828,6.334453751150931,0.3827414522371031,1
5668,6.000524636746843,6.334453751150931,0.33392911440408746,9
5669,5.96074676611572,6.334453751150931,0.37370698503521105,2
5670,5.781648922440899,5.045322978786658,-0.7363259436542418,7
5671,5.645731315403228,5.045322978786658,-0.60040833661657,8
5672,5.713817989250754,5.045322978786658,-0.6684950104640963,2
5673,5.8257205687640905,5.045322978786658,-0.7803975899774329,9
5674,5.632409686159654,5.045322978786658,-0.5870867073729968,1
5675,5.782637227356057,5.045322978786658,-0.7373142485693993,3
5676,5.76439213821563,5.045322978786658,-0.7190691594289724,6
5677,5.765945786538494,5.045322978786658,-0.7206228077518366,10
5678,5.760863285843823,5.045322978786658,-0.7155403070571653,4
5679,6.193998126794545,6.544068044350276,0.35006991755573047,3
5680,6.16576015876245,6.544068044350276,0.3783078855878257,10
5681,6.207747879105597,6.544068044350276,0.336320165244679,4
5682,6.235543677196789,6.544068044350276,0.3085243671534865,7
5683,6.193206757332633,6.544068044350276,0.35086128701764263,8
5684,6.178607218818082,6.544068044350276,0.3654608255321934,2
5685,6.172463178929676,6.544068044350276,0.3716048654205997,6
5686,6.180696151889488,6.544068044350276,0.3633718924607878,5
5687,6.1884724647957485,6.544068044350276,0.35559557955452714,9
5688,6.056588429769027,6.6020599913279625,0.5454715615589354,7
5689,6.08407575541217,6.6020599913279625,0.5179842359157929,2
5690,6.044437951299084,6.6020599913279625,0.5576220400288783,8
5691,6.043196904059349,6.6020599913279625,0.5588630872686133,4
5692,6.046258995458742,6.6020599913279625,0.5558009958692205,3
5693,6.131995835238411,6.6020599913279625,0.47006415608955177,6
5694,6.0610835850842,6.6020599913279625,0.5409764062437628,1
5695,6.099261545990317,6.6020599913279625,0.5027984453376453,5
5696,6.044430609245386,6.6020599913279625,0.5576293820825766,10
5697,6.513764283234164,7.589949601325708,1.076185318091544,7
5698,6.425090278226215,7.589949601325708,1.1648593230994928,3
5699,6.510044967852351,7.589949601325708,1.0799046334733573,1
5700,6.511795819136469,7.589949601325708,1.078153782189239,5
5701,6.561134214645267,7.589949601325708,1.0288153866804413,10
5702,6.486391329379658,7.589949601325708,1.1035582719460502,6
5703,6.475544768087304,7.589949601325708,1.114404833238404,9
5704,6.524155381111602,7.589949601325708,1.065794220214106,2
5705,6.455265479900151,7.589949601325708,1.1346841214255567,4
5706,6.1382521891204656,6.942504106168081,0.8042519170476154,10
5707,6.084463685023686,6.942504106168081,0.8580404211443948,2
5708,6.1975156485934715,6.942504106168081,0.7449884575746095,9
5709,6.125538938560158,6.942504106168081,0.8169651676079228,7
5710,6.100023146706324,6.942504106168081,0.8424809594617573,4
5711,6.142284614825863,6.942504106168081,0.8002194913422178,8
5712,6.15757290790851,6.942504106168081,0.7849311982595708,6
5713,6.1859274399094035,6.942504106168081,0.7565766662586775,5
5714,6.124446361880708,6.942504106168081,0.8180577442873727,3
5715,6.052992871164609,6.43569150818434,0.3826986370197316,3
5716,6.0542215386181555,6.43569150818434,0.38146996956618473,5
5717,6.062550318006657,6.43569150818434,0.3731411901776829,6
5718,6.060015824153628,6.43569150818434,0.3756756840307123,9
5719,6.0229912260761855,6.43569150818434,0.4127002821081547,7
5720,6.02602187430881,6.43569150818434,0.4096696338755299,4
5721,6.004865280750534,6.43569150818434,0.4308262274338066,1
5722,6.005837673122365,6.43569150818434,0.4298538350619756,10
5723,5.994473913521324,6.43569150818434,0.4412175946630166,2
5724,5.9790791174908,7.079181246047625,1.1001021285568253,3
5725,5.856294801851078,7.079181246047625,1.222886444196547,8
5726,5.844504220095255,7.079181246047625,1.2346770259523705,2
5727,5.648500069341273,7.079181246047625,1.4306811767063525,10
5728,5.948846479358873,7.079181246047625,1.130334766688752,6
5729,5.776898339622697,7.079181246047625,1.302282906424928,1
5730,5.870768647548475,7.079181246047625,1.2084125984991498,7
5731,5.874766551736973,7.079181246047625,1.2044146943106524,5
5732,5.81014611057738,7.079181246047625,1.2690351354702454,9
5733,6.103130240179887,6.838723190031372,0.735592949851485,2
5734,6.111934924350612,6.838723190031372,0.72678826568076,8
5735,6.1120717712140875,6.838723190031372,0.7266514188172843,4
5736,6.13516601962395,6.838723190031372,0.7035571704074215,7
5737,6.186097410804539,6.838723190031372,0.6526257792268328,9
5738,6.085209229154583,6.838723190031372,0.7535139608767887,1
5739,6.129336658216943,6.838723190031372,0.7093865318144292,10
5740,6.169204486327532,6.838723190031372,0.6695187037038401,5
5741,6.163781913235256,6.838723190031372,0.6749412767961163,6
5742,5.776898339622697,6.365487984890899,0.5885896452682022,1
5743,5.844504220095255,6.365487984890899,0.5209837647956448,2
5744,5.856294801851078,6.365487984890899,0.5091931830398213,8
5745,5.762706467639016,6.365487984890899,0.6027815172518833,4
5746,5.81014611057738,6.365487984890899,0.5553418743135197,9
5747,5.948846479358873,6.365487984890899,0.4166415055320263,6
5748,5.648500069341273,6.365487984890899,0.7169879155496268,10
5749,5.9790791174908,6.365487984890899,0.3864088674000996,3
5750,5.870768647548475,6.365487984890899,0.4947193373424241,7
5751,5.856294801851078,4.880813592280791,-0.9754812095702867,8
5752,5.948846479358873,4.880813592280791,-1.0680328870780817,6
5753,5.844504220095255,4.880813592280791,-0.9636906278144632,2
5754,5.648500069341273,4.880813592280791,-0.7676864770604812,10
5755,5.874766551736973,4.880813592280791,-0.9939529594561813,5
5756,5.776898339622697,4.880813592280791,-0.8960847473419058,1
5757,5.9790791174908,4.880813592280791,-1.0982655252100084,3
5758,5.870768647548475,4.880813592280791,-0.9899550552676839,7
5759,5.762706467639016,4.880813592280791,-0.8818928753582247,4
5760,6.057083245287207,4.752355804153501,-1.3047274411337062,4
5761,6.02719753001609,4.752355804153501,-1.274841725862589,1
5762,6.0611821216849,4.752355804153501,-1.3088263175313992,5
5763,6.031300240042068,4.752355804153501,-1.278944435888567,10
5764,6.073790720956038,4.752355804153501,-1.321434916802537,3
5765,6.019698260759515,4.752355804153501,-1.2673424566060145,2
5766,6.065387372312492,4.752355804153501,-1.3130315681589915,6
5767,6.0513930154188476,4.752355804153501,-1.2990372112653468,8
5768,6.039322658494659,4.752355804153501,-1.2869668543411583,7
5769,5.673036999916518,6.823545953567112,1.1505089536505935,5
5770,5.831684517284852,6.823545953567112,0.9918614362822593,3
5771,5.687579337018577,6.823545953567112,1.1359666165485347,6
5772,5.651454823753345,6.823545953567112,1.1720911298137668,1
5773,5.785086677783557,6.823545953567112,1.0384592757835547,10
5774,5.633431640743529,6.823545953567112,1.1901143128235825,4
5775,5.669867337239159,6.823545953567112,1.1536786163279524,8
5776,5.614728979381067,6.823545953567112,1.2088169741860444,7
5777,5.640631187398178,6.823545953567112,1.1829147661689339,2
5778,5.5549827093835304,6.12057393120585,0.5655912218223191,8
5779,5.409544186313958,6.12057393120585,0.7110297448918912,3
5780,5.417204337765058,6.12057393120585,0.703369593440792,4
5781,5.373785753346986,6.12057393120585,0.7467881778588632,5
5782,5.239356358061424,6.12057393120585,0.8812175731444256,1
5783,5.625470680116675,6.12057393120585,0.49510325108917463,2
5784,5.389006000824136,6.12057393120585,0.731567930381714,7
5785,5.385513019788327,6.12057393120585,0.7350609114175226,6
5786,5.424618084459465,6.12057393120585,0.6959558467463847,9
5787,4.76507219689535,6.0,1.2349278031046502,10
5788,4.8084733569771325,6.0,1.1915266430228675,4
5789,4.88067414612704,6.0,1.1193258538729598,5
5790,4.835787941974419,6.0,1.1642120580255808,3
5791,4.705180171025534,6.0,1.2948198289744663,9
5792,4.755661641426093,6.0,1.2443383585739074,7
5793,4.735160551070902,6.0,1.2648394489290977,8
5794,5.360937850326752,6.0,0.639062149673248,1
5795,4.688828858027068,6.0,1.311171141972932,6
5796,6.045561750246639,6.119317224092021,0.07375547384538184,8
5797,6.010128826335741,6.119317224092021,0.10918839775627998,2
5798,6.0721167309217,6.119317224092021,0.04720049317032071,5
5799,6.086466527069612,6.119317224092021,0.03285069702240939,3
5800,6.1319060820594045,6.119317224092021,-0.012588857967383404,9
5801,6.0704593511630085,6.119317224092021,0.04885787292901256,4
5802,6.031745610436089,6.119317224092021,0.08757161365593191,10
5803,6.041856231958462,6.119317224092021,0.07746099213355873,1
5804,6.030171005453419,6.119317224092021,0.08914621863860184,7
5805,6.051318454038352,5.903089986991944,-0.14822846704640824,3
5806,5.971531841388994,5.903089986991944,-0.06844185439704997,4
5807,5.986600043071122,5.903089986991944,-0.08351005607917816,1
5808,6.040775948734248,5.903089986991944,-0.13768596174230385,5
5809,6.007268213067376,5.903089986991944,-0.10417822607543226,8
5810,6.013514439302331,5.903089986991944,-0.11042445231038744,7
5811,5.974806170509507,5.903089986991944,-0.07171618351756326,10
5812,6.027662608350961,5.903089986991944,-0.12457262135901725,6
5813,5.992966621673593,5.903089986991944,-0.08987663468164886,2
5814,6.14716228275291,6.69284691927723,0.54568463652432,1
5815,6.1863172560450765,6.69284691927723,0.5065296632321532,4
5816,6.22743305944143,6.69284691927723,0.46541385983579975,7
5817,6.2034149923909965,6.69284691927723,0.48943192688623327,2
5818,6.224106820589917,6.69284691927723,0.4687400986873129,9
5819,6.175352457364201,6.69284691927723,0.5174944619130288,8
5820,6.208487540450996,6.69284691927723,0.4843593788262339,6
5821,6.1804726867956035,6.69284691927723,0.5123742324816263,3
5822,6.1743514928090475,6.69284691927723,0.5184954264681823,5
5823,6.410145833607011,6.672097857935717,0.2619520243287061,6
5824,6.509513437655454,6.672097857935717,0.16258442028026288,2
5825,6.526163282069132,6.672097857935717,0.1459345758665851,1
5826,6.532842383793835,6.672097857935717,0.13925547414188166,4
5827,6.422022290769591,6.672097857935717,0.25007556716612633,5
5828,6.464110745018196,6.672097857935717,0.2079871129175208,3
5829,6.389411802052,6.672097857935717,0.2826860558837172,7
5830,6.5126801269216825,6.672097857935717,0.15941773101403456,8
5831,6.489758858008065,6.672097857935717,0.18233899992765235,9
5832,5.9220734495795035,6.980911937776844,1.05883848819734,2
5833,6.061479658654612,6.980911937776844,0.9194322791222316,7
5834,6.01509911922827,6.980911937776844,0.9658128185485735,6
5835,5.903205290190584,6.980911937776844,1.0777066475862593,8
5836,5.954808862023072,6.980911937776844,1.0261030757537712,4
5837,6.058513847813451,6.980911937776844,0.9223980899633926,5
5838,5.869676227186037,6.980911937776844,1.1112357105908064,3
5839,5.954331311779996,6.980911937776844,1.0265806259968473,1
5840,5.946516638905093,6.980911937776844,1.0343952988717504,10
5841,5.91065117733943,7.1003705451175625,1.1897193677781326,4
5842,5.95151154333898,7.1003705451175625,1.1488590017785825,2
5843,6.0508857516997985,7.1003705451175625,1.049484793417764,6
5844,5.991131963927792,7.1003705451175625,1.1092385811897705,9
5845,5.919897182149034,7.1003705451175625,1.1804733629685282,3
5846,5.8445501901695085,7.1003705451175625,1.255820354948054,7
5847,5.923090088384348,7.1003705451175625,1.1772804567332145,8
5848,5.899196959689025,7.1003705451175625,1.2011735854285375,1
5849,5.757395447561353,7.1003705451175625,1.3429750975562094,10
5850,6.19747787252959,7.176091259055681,0.9786133865260913,2
5851,6.197865592472846,7.176091259055681,0.9782256665828353,5
5852,6.191804822405436,7.176091259055681,0.9842864366502457,8
5853,6.164915604872749,7.176091259055681,1.0111756541829324,10
5854,6.220453187244225,7.176091259055681,0.9556380718114568,9
5855,6.155747689365131,7.176091259055681,1.0203435696905503,1
5856,6.218344440742261,7.176091259055681,0.9577468183134208,3
5857,6.198239399595414,7.176091259055681,0.9778518594602676,7
5858,6.262367362615209,7.176091259055681,0.9137238964404721,6
5859,5.740000863257186,6.612783856719736,0.8727829934625504,9
5860,5.80786931120787,6.612783856719736,0.804914545511866,2
5861,5.94927006303264,6.612783856719736,0.6635137936870965,6
5862,5.74389510571604,6.612783856719736,0.8688887510036967,4
5863,5.812453809799308,6.612783856719736,0.8003300469204282,5
5864,5.854991547049758,6.612783856719736,0.7577923096699779,7
5865,5.858133047030836,6.612783856719736,0.7546508096889006,3
5866,5.69743494516596,6.612783856719736,0.9153489115537763,10
5867,5.783072548231204,6.612783856719736,0.8297113084885321,8
5868,6.026782001958299,6.886490725172482,0.8597087232141831,10
5869,6.0617735803166894,6.886490725172482,0.8247171448557928,1
5870,6.1656232653436085,6.886490725172482,0.7208674598288738,4
5871,6.075818348172889,6.886490725172482,0.8106723769995936,5
5872,6.062456088123518,6.886490725172482,0.824034637048964,8
5873,6.142493354958199,6.886490725172482,0.7439973702142835,9
5874,6.10475738376644,6.886490725172482,0.7817333414060421,6
5875,6.10911697073014,6.886490725172482,0.7773737544423422,3
5876,6.061828845375407,6.886490725172482,0.8246618797970751,2
5877,3.470057425205292,3.4727564493172123,0.002699024111920245,2
5878,3.2659268132556645,3.4727564493172123,0.2068296360615478,3
5879,3.2897707723169987,3.4727564493172123,0.18298567700021362,9
5880,3.360568732467401,3.4727564493172123,0.1121877168498111,6
5881,3.3144399620971274,3.4727564493172123,0.15831648722008484,1
5882,3.3175943062032984,3.4727564493172123,0.15516214311391385,10
5883,3.339328825671507,3.4727564493172123,0.13342762364570548,4
5884,3.2843552778776206,3.4727564493172123,0.18840117143959167,7
5885,3.3481966424673355,3.4727564493172123,0.12455980684987678,5
5886,6.605914817913755,6.812913356642856,0.2069985387291009,7
5887,6.568774875479172,6.812913356642856,0.24413848116368353,5
5888,6.620645909279021,6.812913356642856,0.19226744736383505,6
5889,6.544389804553797,6.812913356642856,0.268523552089059,4
5890,6.506198013179744,6.812913356642856,0.3067153434631118,8
5891,6.635828753506169,6.812913356642856,0.17708460313668706,2
5892,6.590382284657398,6.812913356642856,0.22253107198545763,1
5893,6.6190185389064835,6.812913356642856,0.19389481773637218,10
5894,6.620230766400665,6.812913356642856,0.1926825902421907,9
5895,6.620230766400665,7.0,0.379769233599335,9
5896,6.6190185389064835,7.0,0.3809814610935165,10
5897,6.605914817913755,7.0,0.3940851820862452,7
5898,6.620645909279021,7.0,0.37935409072097936,6
5899,6.544389804553797,7.0,0.4556101954462033,4
5900,6.590382284657398,7.0,0.40961771534260194,1
5901,6.568774875479172,7.0,0.43122512452082784,5
5902,6.703336740210424,7.0,0.2966632597895762,3
5903,6.635828753506169,7.0,0.36417124649383137,2
5904,5.774324995069049,5.477121254719663,-0.2972037403493868,10
5905,5.784749481035036,5.477121254719663,-0.3076282263153738,1
5906,5.853235605586519,5.477121254719663,-0.37611435086685674,3
5907,5.870401254182319,5.477121254719663,-0.39327999946265635,4
5908,5.761356045357137,5.477121254719663,-0.28423479063747425,9
5909,5.785817618437415,5.477121254719663,-0.3086963637177522,7
5910,5.785964795716868,5.477121254719663,-0.3088435409972057,6
5911,5.966981761017706,5.477121254719663,-0.4898605062980437,5
5912,5.868395337195385,5.477121254719663,-0.3912740824757224,2
5913,5.951928714048921,6.161368002234975,0.20943928818605428,3
5914,5.858978920919704,6.161368002234975,0.30238908131527165,10
5915,5.827868177774733,6.161368002234975,0.33349982446024207,1
5916,5.7984832045560255,6.161368002234975,0.36288479767894977,8
5917,5.828076158533929,6.161368002234975,0.3332918437010459,2
5918,5.872375320098143,6.161368002234975,0.2889926821368327,6
5919,5.743221159734994,6.161368002234975,0.418146842499981,9
5920,5.821104163624725,6.161368002234975,0.3402638386102499,5
5921,5.825809621016799,6.161368002234975,0.33555838121817594,4
5922,6.070876130845429,6.3979400086720375,0.3270638778266086,3
5923,6.046907063842002,6.3979400086720375,0.35103294483003555,2
5924,6.1412605283258435,6.3979400086720375,0.25667948034619403,9
5925,6.087035192705682,6.3979400086720375,0.31090481596635566,6
5926,6.104670618457824,6.3979400086720375,0.2932693902142134,5
5927,6.056389896991591,6.3979400086720375,0.3415501116804469,7
5928,6.039669268792633,6.3979400086720375,0.35827073987940405,1
5929,6.043845883990633,6.3979400086720375,0.35409412468140467,10
5930,6.058799259247902,6.3979400086720375,0.33914074942413563,4
5931,6.007068510457296,7.041392685158225,1.034324174700929,10
5932,5.9713223853983814,7.041392685158225,1.070070299759844,8
5933,5.961447494621439,7.041392685158225,1.0799451905367867,6
5934,5.962021698201237,7.041392685158225,1.079370986956988,5
5935,6.006471631949538,7.041392685158225,1.034921053208687,2
5936,6.040894067974742,7.041392685158225,1.0004986171834833,3
5937,5.997506981146481,7.041392685158225,1.0438857040117444,7
5938,5.943197523162491,7.041392685158225,1.0981951619957346,4
5939,6.060390621531647,7.041392685158225,0.9810020636265779,1
5940,6.085008155987242,6.861534410859038,0.7765262548717962,7
5941,6.17076349704964,6.861534410859038,0.6907709138093985,6
5942,6.0970247733909035,6.861534410859038,0.7645096374681346,4
5943,6.140286967461016,6.861534410859038,0.7212474433980223,5
5944,6.141118611516436,6.861534410859038,0.7204157993426019,9
5945,6.089436749515032,6.861534410859038,0.7720976613440058,10
5946,6.057055365987412,6.861534410859038,0.8044790448716261,1
5947,6.1272606430145276,6.861534410859038,0.7342737678445106,3
5948,6.095618885975893,6.861534410859038,0.7659155248831455,8
5949,5.9790791174908,4.740362689494244,-1.2387164279965557,3
5950,5.648500069341273,4.740362689494244,-0.9081373798470285,10
5951,5.844504220095255,4.740362689494244,-1.1041415306010105,2
5952,5.81014611057738,4.740362689494244,-1.0697834210831356,9
5953,5.776898339622697,4.740362689494244,-1.036535650128453,1
5954,5.948846479358873,4.740362689494244,-1.208483789864629,6
5955,5.870768647548475,4.740362689494244,-1.1304059580542312,7
5956,5.762706467639016,4.740362689494244,-1.022343778144772,4
5957,5.856294801851078,4.740362689494244,-1.115932112356834,8
5958,5.494010566311398,4.698970004336019,-0.7950405619753793,8
5959,5.601524486965759,4.698970004336019,-0.90255448262974,6
5960,5.569865689268284,4.698970004336019,-0.8708956849322655,3
5961,5.613698954863968,4.698970004336019,-0.914728950527949,10
5962,5.456373483261781,4.698970004336019,-0.7574034789257622,9
5963,5.569179498073677,4.698970004336019,-0.8702094937376579,5
5964,5.572792455477596,4.698970004336019,-0.8738224511415771,2
5965,5.5514078997909895,4.698970004336019,-0.8524378954549707,4
5966,5.556682593801572,4.698970004336019,-0.8577125894655531,1
5967,5.745077238349275,6.113943352306837,0.3688661139575622,10
5968,5.7728276041450455,6.113943352306837,0.34111574816179147,6
5969,5.730799611488167,6.113943352306837,0.38314374081867,3
5970,5.7374294678136755,6.113943352306837,0.3765138844931615,8
5971,5.843950170212312,6.113943352306837,0.2699931820945247,7
5972,5.719464775141619,6.113943352306837,0.39447857716521817,5
5973,5.769677561448584,6.113943352306837,0.3442657908582527,2
5974,5.750171325445345,6.113943352306837,0.3637720268614917,4
5975,5.735931556079751,6.113943352306837,0.3780117962270859,1
5976,5.855730064945167,5.7160033436348,-0.13972672131036656,8
5977,5.82978758883605,5.7160033436348,-0.11378424520124941,10
5978,5.819589067848659,5.7160033436348,-0.10358572421385848,7
5979,5.822879399950376,5.7160033436348,-0.10687605631557595,5
5980,5.827390408470615,5.7160033436348,-0.11138706483581462,2
5981,5.837310007921104,5.7160033436348,-0.12130666428630388,3
5982,5.811137166126324,5.7160033436348,-0.09513382249152347,6
5983,5.796828537361011,5.7160033436348,-0.080825193726211,9
5984,5.81019718507955,5.7160033436348,-0.09419384144475007,4
5985,6.089819572713011,6.431363764158987,0.34154419144597625,4
5986,6.050144563170345,6.431363764158987,0.3812192009886415,1
5987,6.091539870064651,6.431363764158987,0.33982389409433633,7
5988,6.120367947474892,6.431363764158987,0.3109958166840947,6
5989,6.056251785995942,6.431363764158987,0.3751119781630452,10
5990,6.111572918391162,6.431363764158987,0.3197908457678249,8
5991,6.13062733249784,6.431363764158987,0.3007364316611465,2
5992,6.108730560238658,6.431363764158987,0.32263320392032924,3
5993,6.099723477060652,6.431363764158987,0.3316402870983346,9
5994,6.081142277866081,6.414973347970818,0.3338310701047371,1
5995,6.105192109233985,6.414973347970818,0.30978123873683305,7
5996,6.109174059780807,6.414973347970818,0.3057992881900109,4
5997,6.173219099642539,6.414973347970818,0.24175424832827908,8
5998,6.147016659465075,6.414973347970818,0.26795668850574295,9
5999,6.120157739016877,6.414973347970818,0.2948156089539413,2
6000,6.0794057260017675,6.414973347970818,0.33556762196905066,10
6001,6.116865384945133,6.414973347970818,0.2981079630256849,3
6002,6.1419726381114605,6.414973347970818,0.27300070985935765,5
6003,6.1053868238129505,6.146128035678238,0.040741211865287674,10
6004,6.117239721079312,6.146128035678238,0.028888314598925824,2
6005,6.109320134911448,6.146128035678238,0.036807900766790524,8
6006,6.0900722915120635,6.146128035678238,0.05605574416617465,9
6007,6.1144372922936805,6.146128035678238,0.031690743384557685,6
6008,6.0962325406047455,6.146128035678238,0.04989549507349267,3
6009,6.130447307196656,6.146128035678238,0.015680728481582307,5
6010,6.09239005014972,6.146128035678238,0.05373798552851827,4
6011,6.047623635947382,6.146128035678238,0.09850439973085656,1
6012,5.735899954901333,6.531478917042255,0.7955789621409224,5
6013,5.7515447635594725,6.531478917042255,0.7799341534827828,6
6014,5.7595519478698805,6.531478917042255,0.7719269691723749,7
6015,5.761001247404462,6.531478917042255,0.7704776696377937,8
6016,5.780503923730209,6.531478917042255,0.7509749933120462,9
6017,5.767466265753394,6.531478917042255,0.7640126512888612,4
6018,5.816774876601389,6.531478917042255,0.714704040440866,10
6019,5.736213986719108,6.531478917042255,0.7952649303231469,1
6020,5.732728997122246,6.531478917042255,0.7987499199200094,2
6021,5.907325796304009,5.447158031342219,-0.46016776496178924,2
6022,5.925703635423393,5.447158031342219,-0.47854560408117397,4
6023,5.882651737168755,5.447158031342219,-0.4354937058265351,6
6024,5.907873486961799,5.447158031342219,-0.46071545561957983,7
6025,5.9088059604634395,5.447158031342219,-0.4616479291212201,8
6026,5.919948839883814,5.447158031342219,-0.4727908085415944,10
6027,5.910207320144005,5.447158031342219,-0.46304928880178586,5
6028,5.89674103451257,5.447158031342219,-0.4495830031703507,3
6029,5.875822873597775,5.447158031342219,-0.42866484225555546,9
6030,5.955482076428826,6.361727836017593,0.4062457595887672,6
6031,5.942732280546716,6.361727836017593,0.4189955554708771,7
6032,5.967465361495637,6.361727836017593,0.3942624745219563,1
6033,5.94575756777019,6.361727836017593,0.4159702682474027,5
6034,5.987649980470212,6.361727836017593,0.37407785554738116,3
6035,5.953449584745261,6.361727836017593,0.40827825127233197,8
6036,5.973551339454889,6.361727836017593,0.38817649656270437,9
6037,5.934616514345931,6.361727836017593,0.42711132167166177,2
6038,6.064463963010443,6.361727836017593,0.2972638730071502,10
6039,5.112788341196936,4.778151250383644,-0.33463709081329185,10
6040,5.084824545099055,4.778151250383644,-0.30667329471541116,6
6041,5.028534268177896,4.778151250383644,-0.25038301779425254,4
6042,4.953525133945146,4.778151250383644,-0.17537388356150174,2
6043,4.999061052952616,4.778151250383644,-0.22090980256897197,1
6044,4.917246529580202,4.778151250383644,-0.1390952791965585,3
6045,5.064443012464954,4.778151250383644,-0.28629176208131035,8
6046,4.968357447997029,4.778151250383644,-0.1902061976133851,5
6047,5.1106556819494475,4.778151250383644,-0.33250443156580367,9
6048,4.51676937250526,4.31722734917642,-0.1995420233288394,7
6049,4.740441684472312,4.31722734917642,-0.42321433529589214,5
6050,4.622373622841992,4.31722734917642,-0.3051462736655717,10
6051,4.653840469395209,4.31722734917642,-0.33661312021878853,2
6052,4.696963840978781,4.31722734917642,-0.3797364918023609,8
6053,4.739852871032499,4.31722734917642,-0.42262552185607927,9
6054,4.616834708480676,4.31722734917642,-0.29960735930425564,6
6055,4.6358478500461,4.31722734917642,-0.3186205008696801,4
6056,4.610717120114934,4.31722734917642,-0.293489770938514,3
6057,6.077257068184537,6.079181246047625,0.0019241778630885165,9
6058,6.093858736714903,6.079181246047625,-0.014677490667278192,5
6059,6.060241310889237,6.079181246047625,0.018939935158388543,7
6060,6.040142393814503,6.079181246047625,0.03903885223312198,4
6061,6.041702566776556,6.079181246047625,0.03747867927106885,2
6062,6.07784480792709,6.079181246047625,0.0013364381205347442,10
6063,6.058860201740579,6.079181246047625,0.020321044307046066,3
6064,6.038687054850288,6.079181246047625,0.04049419119733688,8
6065,6.019825091214526,6.079181246047625,0.05935615483309942,1
6066,5.62832297013075,5.954242509439325,0.3259195393085754,10
6067,5.53726023559752,5.954242509439325,0.4169822738418052,9
6068,5.632005497278912,5.954242509439325,0.32223701216041345,8
6069,5.581787831415308,5.954242509439325,0.37245467802401677,7
6070,5.556577090113142,5.954242509439325,0.3976654193261835,2
6071,5.520353632381456,5.954242509439325,0.4338888770578695,1
6072,5.56728826395947,5.954242509439325,0.38695424547985535,5
6073,5.6159385622579565,5.954242509439325,0.3383039471813687,6
6074,5.57552756795005,5.954242509439325,0.3787149414892754,4
6075,4.871082670216061,5.484769477716173,0.6136868075001125,1
6076,4.78158109436414,5.484769477716173,0.7031883833520336,6
6077,4.9524700927013745,5.484769477716173,0.5322993850147988,9
6078,4.7317060949603835,5.484769477716173,0.7530633827557898,2
6079,4.796588737306668,5.484769477716173,0.6881807404095053,3
6080,4.789142986156286,5.484769477716173,0.6956264915598869,10
6081,4.8199069484812185,5.484769477716173,0.6648625292349548,4
6082,5.024912454034351,5.484769477716173,0.45985702368182224,5
6083,4.921540860490228,5.484769477716173,0.5632286172259455,8
6084,5.795252085109878,6.045322978786658,0.2500708936767797,5
6085,5.851027604978893,6.045322978786658,0.19429537380776463,8
6086,5.8508547799564,6.045322978786658,0.19446819883025768,10
6087,5.906515554409083,6.045322978786658,0.13880742437757476,4
6088,5.830999132868374,6.045322978786658,0.21432384591828324,7
6089,5.817809831548456,6.045322978786658,0.22751314723820126,2
6090,5.799586462989772,6.045322978786658,0.24573651579688516,9
6091,5.885427159457105,6.045322978786658,0.15989581932955232,1
6092,5.767635679456073,6.045322978786658,0.27768729933058456,3
6093,4.503958229435669,4.1476763242410986,-0.35628190519457004,9
6094,4.563902778072129,4.1476763242410986,-0.4162264538310305,10
6095,4.59206342437036,4.1476763242410986,-0.4443871001292612,8
6096,4.413381663593795,4.1476763242410986,-0.2657053393526967,3
6097,4.478676103045231,4.1476763242410986,-0.33099977880413256,2
6098,4.539293173033022,4.1476763242410986,-0.3916168487919238,7
6099,4.4517338930751125,4.1476763242410986,-0.3040575688340139,5
6100,4.5353383378037355,4.1476763242410986,-0.38766201356263696,6
6101,4.507793873930051,4.1476763242410986,-0.3601175496889528,1
6102,5.736888720224507,6.3979400086720375,0.6610512884475304,2
6103,5.6582857496323005,6.3979400086720375,0.739654259039737,6
6104,5.803461123803628,6.3979400086720375,0.5944788848684093,4
6105,5.690106203889537,6.3979400086720375,0.7078338047825001,9
6106,5.785989129986957,6.3979400086720375,0.6119508786850805,1
6107,5.749158194401563,6.3979400086720375,0.6487818142704747,10
6108,5.689917439031924,6.3979400086720375,0.7080225696401135,7
6109,5.681555176022672,6.3979400086720375,0.7163848326493651,5
6110,5.740977894687927,6.3979400086720375,0.6569621139841102,8
6111,6.083389796522982,6.556302500767287,0.47291270424430465,7
6112,6.0882252712603675,6.556302500767287,0.4680772295069193,10
6113,6.097786983879107,6.556302500767287,0.4585155168881796,5
6114,6.051342946074177,6.556302500767287,0.5049595546931096,4
6115,6.085861189280685,6.556302500767287,0.47044131148660195,3
6116,6.000324474445839,6.556302500767287,0.5559780263214478,2
6117,6.043450325270288,6.556302500767287,0.5128521754969988,6
6118,6.025669486013658,6.556302500767287,0.5306330147536285,8
6119,6.060265977202327,6.556302500767287,0.49603652356495953,9
6120,6.001120844006375,6.079181246047625,0.07806040204124987,4
6121,5.968359227715115,6.079181246047625,0.11082201833251037,7
6122,5.956925030514824,6.079181246047625,0.12225621553280153,6
6123,5.981460037687319,6.079181246047625,0.09772120836030584,8
6124,6.008883349473373,6.079181246047625,0.07029789657425223,3
6125,5.929160875493334,6.079181246047625,0.15002037055429085,10
6126,5.972400716562114,6.079181246047625,0.10678052948551109,5
6127,5.972185851390069,6.079181246047625,0.10699539465755592,2
6128,5.967153621728568,6.079181246047625,0.11202762431905722,9
6129,4.898918722328013,6.079181246047625,1.1802625237196125,8
6130,4.6028056169973945,6.079181246047625,1.4763756290502306,6
6131,4.783038315909618,6.079181246047625,1.2961429301380072,3
6132,4.902039226573242,6.079181246047625,1.177142019474383,10
6133,4.844609996562672,6.079181246047625,1.2345712494849534,5
6134,4.810226592617954,6.079181246047625,1.2689546534296712,1
6135,4.9912747696077435,6.079181246047625,1.0879064764398816,4
6136,4.852833976588551,6.079181246047625,1.2263472694590742,7
6137,4.861327084543538,6.079181246047625,1.2178541615040874,2
6138,5.6779057000128486,6.079181246047625,0.40127554603477655,8
6139,5.778727599185896,6.079181246047625,0.3004536468617287,5
6140,5.7317056903251045,6.079181246047625,0.34747555572252065,7
6141,5.775576457161293,6.079181246047625,0.30360478888633224,2
6142,5.777336356079923,6.079181246047625,0.3018448899677022,1
6143,5.864981431048046,6.079181246047625,0.21419981499957874,3
6144,5.7374147243711136,6.079181246047625,0.34176652167651156,9
6145,5.792837609767158,6.079181246047625,0.286343636280467,6
6146,5.789827097804148,6.079181246047625,0.2893541482434774,10
6147,5.698331353359823,5.775464809345739,0.07713345598591648,2
6148,5.842628449850398,5.775464809345739,-0.06716364050465895,3
6149,5.598077167938642,5.775464809345739,0.17738764140709762,8
6150,5.731315359532784,5.775464809345739,0.04414944981295488,5
6151,5.672946418193548,5.775464809345739,0.10251839115219141,7
6152,5.710288523579719,5.775464809345739,0.06517628576601986,6
6153,5.663592446301919,5.775464809345739,0.11187236304381987,9
6154,5.734393137392248,5.775464809345739,0.041071671953491595,1
6155,5.897847730864672,5.775464809345739,-0.12238292151893315,4
6156,5.781878780909952,6.1068026275996505,0.32492384668969887,2
6157,5.852044382198176,6.1068026275996505,0.25475824540147496,4
6158,5.800889717043609,6.1068026275996505,0.3059129105560414,5
6159,5.784680798629439,6.1068026275996505,0.3221218289702117,6
6160,5.90704710843344,6.1068026275996505,0.19975551916621015,3
6161,5.757366926803017,6.1068026275996505,0.3494357007966338,7
6162,5.768074694497645,6.1068026275996505,0.3387279331020059,9
6163,5.799039617682201,6.1068026275996505,0.30776300991744954,1
6164,5.779968235087398,6.1068026275996505,0.32683439251225277,10
6165,6.063796687214237,5.681241237375588,-0.382555449838649,1
6166,6.131228880638449,5.681241237375588,-0.4499876432628618,3
6167,6.042952052226138,5.681241237375588,-0.3617108148505501,10
6168,6.067685817199471,5.681241237375588,-0.38644457982388314,4
6169,6.073398056340404,5.681241237375588,-0.3921568189648168,2
6170,6.042734371771702,5.681241237375588,-0.3614931343961141,5
6171,6.05884046197821,5.681241237375588,-0.37759922460262274,9
6172,6.016741701531668,5.681241237375588,-0.33550046415608037,6
6173,6.047898939666184,5.681241237375588,-0.36665770229059635,7
6174,5.899217477120224,5.444825199509748,-0.4543922776104763,2
6175,5.8734702283418825,5.444825199509748,-0.4286450288321344,4
6176,5.929896408002082,5.444825199509748,-0.4850712084923341,1
6177,5.90720032461929,5.444825199509748,-0.46237512510954204,9
6178,5.844008401147713,5.444825199509748,-0.39918320163796484,8
6179,5.902881681225332,5.444825199509748,-0.4580564817155839,6
6180,5.840327003485409,5.444825199509748,-0.3955018039756606,7
6181,5.8720745152039875,5.444825199509748,-0.4272493156942394,3
6182,5.846314739390944,5.444825199509748,-0.4014895398811955,5
6183,5.991610083581439,6.301897717195208,0.3102876336137692,2
6184,6.002306101517002,6.301897717195208,0.2995916156782066,3
6185,5.990293100843713,6.301897717195208,0.31160461635149517,8
6186,5.938317228590663,6.301897717195208,0.36358048860454506,6
6187,5.961342673736206,6.301897717195208,0.3405550434590028,7
6188,5.959591436517075,6.301897717195208,0.34230628067813385,5
6189,5.977952177603666,6.301897717195208,0.32394553959154226,10
6190,5.963754494894072,6.301897717195208,0.33814322230113625,4
6191,5.988944802708404,6.301897717195208,0.3129529144868046,1
6192,5.950599865669003,6.0,0.049400134330997325,5
6193,5.942140316563846,6.0,0.05785968343615444,1
6194,5.977578390973503,6.0,0.022421609026497258,9
6195,5.874940871925989,6.0,0.1250591280740112,2
6196,5.979814141135091,6.0,0.020185858864908646,8
6197,5.971729650119553,6.0,0.0282703498804473,4
6198,5.945276869406183,6.0,0.05472313059381673,10
6199,5.945461090991759,6.0,0.0545389090082411,3
6200,5.972937041439718,6.0,0.027062958560281736,7
6201,5.937491263208976,6.018284308426531,0.08079304521755493,1
6202,5.893103438710719,6.018284308426531,0.12518086971581166,7
6203,5.910206720796953,6.018284308426531,0.10807758762957764,9
6204,5.9092452204776915,6.018284308426531,0.10903908794883943,6
6205,5.913209494590413,6.018284308426531,0.10507481383611772,2
6206,5.926110965448004,6.018284308426531,0.0921733429785272,4
6207,5.928811388357502,6.018284308426531,0.08947292006902874,10
6208,5.925844029423587,6.018284308426531,0.09244027900294416,3
6209,5.935076383162195,6.018284308426531,0.08320792526433607,5
6210,5.938587740035149,5.949877704036875,0.011289964001726105,3
6211,5.934326706297018,5.949877704036875,0.01555099773985713,5
6212,5.937208097281924,5.949877704036875,0.01266960675495099,1
6213,5.950011574451475,5.949877704036875,-0.00013387041459989035,8
6214,5.905724243533231,5.949877704036875,0.04415346050364377,9
6215,5.943583336319185,5.949877704036875,0.006294367717689653,4
6216,5.932816920956343,5.949877704036875,0.017060783080531827,10
6217,5.925562580452847,5.949877704036875,0.024315123584027987,2
6218,5.891663366556253,5.949877704036875,0.05821433748062166,6
6219,6.16522757147462,6.0,-0.1652275714746203,1
6220,6.112910018362004,6.0,-0.11291001836200376,9
6221,6.100521219920329,6.0,-0.1005212199203287,7
6222,6.204443114663637,6.0,-0.20444311466363718,4
6223,6.149495089190992,6.0,-0.1494950891909923,3
6224,6.163250607598815,6.0,-0.16325060759881538,6
6225,6.194013953504598,6.0,-0.19401395350459794,10
6226,6.188947946034441,6.0,-0.18894794603444076,8
6227,6.182065291943925,6.0,-0.18206529194392473,2
6228,5.972821807202637,6.161368002234975,0.18854619503233838,1
6229,5.980474203389243,6.161368002234975,0.18089379884573198,6
6230,5.965056353417118,6.161368002234975,0.1963116488178569,10
6231,5.999934020069309,6.161368002234975,0.16143398216566585,7
6232,5.96620370604811,6.161368002234975,0.19516429618686537,8
6233,5.981829182387295,6.161368002234975,0.1795388198476804,9
6234,6.022684664381352,6.161368002234975,0.13868333785362363,4
6235,5.971920723242404,6.161368002234975,0.18944727899257163,2
6236,5.954691486530956,6.161368002234975,0.2066765157040189,5
6237,5.961143620699106,5.049218022670182,-0.9119255980289243,9
6238,5.954800413403741,5.049218022670182,-0.9055823907335592,2
6239,5.929858679846562,5.049218022670182,-0.8806406571763796,6
6240,5.96965691669489,5.049218022670182,-0.9204388940247084,3
6241,5.958467503218092,5.049218022670182,-0.9092494805479099,1
6242,5.966421899953121,5.049218022670182,-0.9172038772829394,7
6243,5.934575304649201,5.049218022670182,-0.8853572819790188,10
6244,5.962043244039719,5.049218022670182,-0.9128252213695367,8
6245,5.953309190493318,5.049218022670182,-0.904091167823136,5
6246,5.977553353365578,6.011993114659257,0.03443976129367865,10
6247,5.983667700202326,6.011993114659257,0.02832541445693071,9
6248,5.985691036881204,6.011993114659257,0.026302077778052713,8
6249,6.021196352579156,6.011993114659257,-0.009203237919899188,7
6250,6.01628106144472,6.011993114659257,-0.00428794678546307,4
6251,5.997481897518681,6.011993114659257,0.01451121714057546,6
6252,5.9858940476456715,6.011993114659257,0.02609906701358522,3
6253,5.979325043296558,6.011993114659257,0.032668071362699,5
6254,5.988059048249408,6.011993114659257,0.023934066409848853,2
6255,6.005152054569143,6.315970345456917,0.3108182908877746,4
6256,5.9587457596218725,6.315970345456917,0.3572245858350449,5
6257,5.958956505484909,6.315970345456917,0.35701383997200864,1
6258,5.975890098013744,6.315970345456917,0.340080247443173,3
6259,5.982398586893202,6.315970345456917,0.333571758563715,7
6260,5.9598782694153805,6.315970345456917,0.3560920760415369,9
6261,5.963051939926252,6.315970345456917,0.3529184055306658,8
6262,5.973112355911821,6.315970345456917,0.34285798954509605,2
6263,5.95691136910985,6.315970345456917,0.3590589763470673,10
6264,6.384254183084369,6.418301291319746,0.03404710823537638,5
6265,6.36399186603094,6.418301291319746,0.05430942528880589,3
6266,6.4911205329946435,6.418301291319746,-0.07281924167489784,6
6267,6.455464367047793,6.418301291319746,-0.037163075728047446,7
6268,6.421769344209414,6.418301291319746,-0.0034680528896684493,1
6269,6.403218992143049,6.418301291319746,0.015082299176696345,4
6270,6.407911890892476,6.418301291319746,0.01038940042726999,10
6271,6.445880388554492,6.418301291319746,-0.02757909723474672,2
6272,6.522469380243263,6.418301291319746,-0.10416808892351703,9
6273,6.151503846050156,6.301029995663981,0.14952614961382515,1
6274,6.1908938924061045,6.301029995663981,0.1101361032578767,5
6275,6.160037359112166,6.301029995663981,0.1409926365518155,4
6276,6.11016391368387,6.301029995663981,0.19086608198011135,6
6277,6.208809064013832,6.301029995663981,0.09222093165014922,8
6278,6.158983398070706,6.301029995663981,0.14204659759327498,9
6279,6.142473249824839,6.301029995663981,0.15855674583914237,2
6280,6.186315658923852,6.301029995663981,0.11471433674012932,3
6281,6.218207512689906,6.301029995663981,0.08282248297407513,10
6282,5.689720728472504,6.079181246047625,0.3894605175751211,7
6283,5.386331641934456,6.079181246047625,0.6928496041131691,5
6284,5.464313480721227,6.079181246047625,0.6148677653263981,3
6285,5.277216190627959,6.079181246047625,0.8019650554196662,10
6286,5.4793480805197206,6.079181246047625,0.5998331655279046,1
6287,5.532258556369831,6.079181246047625,0.5469226896777943,4
6288,5.5279129190874405,6.079181246047625,0.5512683269601846,2
6289,5.559660012373771,6.079181246047625,0.5195212336738537,8
6290,5.473671036637959,6.079181246047625,0.6055102094096663,6
6291,6.049348697325822,6.544068044350276,0.4947193470244535,5
6292,6.022259042551522,6.544068044350276,0.5218090017987533,1
6293,6.0815464225376585,6.544068044350276,0.46252162181261713,4
6294,6.061529638215078,6.544068044350276,0.4825384061351974,6
6295,6.082901624347764,6.544068044350276,0.4611664200025114,3
6296,6.071551119148563,6.544068044350276,0.4725169252017123,8
6297,6.077817292681463,6.544068044350276,0.466250751668813,2
6298,6.0645625048766645,6.544068044350276,0.4795055394736112,9
6299,6.035913627649534,6.544068044350276,0.5081544167007417,7
6300,6.371532194107103,6.176091259055681,-0.19544093505142168,9
6301,6.26551156951577,6.176091259055681,-0.08942031046008836,8
6302,6.351216511630015,6.176091259055681,-0.17512525257433342,5
6303,6.352446465106164,6.176091259055681,-0.1763552060504825,6
6304,6.366482931309868,6.176091259055681,-0.19039167225418652,4
6305,6.383260276967949,6.176091259055681,-0.2071690179122676,2
6306,6.380178021204614,6.176091259055681,-0.20408676214893262,1
6307,6.367812083489398,6.176091259055681,-0.19172082443371696,10
6308,6.372220461332494,6.176091259055681,-0.19612920227681307,7
6309,6.10311742663317,6.342422680822207,0.2393052541890368,6
6310,6.102895857579228,6.342422680822207,0.23952682324297836,10
6311,6.1452150966050025,6.342422680822207,0.19720758421720408,5
6312,6.125905276185111,6.342422680822207,0.2165174046370959,7
6313,6.143709692703128,6.342422680822207,0.19871298811907856,8
6314,6.13350378160111,6.342422680822207,0.2089188992210964,9
6315,6.103602100981408,6.342422680822207,0.23882057984079896,1
6316,6.134055221878284,6.342422680822207,0.20836745894392283,4
6317,6.148290523221907,6.342422680822207,0.19413215760029967,3
6318,6.059044795026235,6.57978359661681,0.520738801590575,4
6319,6.032291019235885,6.57978359661681,0.5474925773809254,9
6320,6.019363488246202,6.57978359661681,0.5604201083706082,7
6321,6.01167648372928,6.57978359661681,0.5681071128875299,2
6322,6.03833547978897,6.57978359661681,0.5414481168278398,5
6323,6.010915973273843,6.57978359661681,0.5688676233429675,6
6324,6.016780090580644,6.57978359661681,0.563003506036166,1
6325,6.048707821132001,6.57978359661681,0.5310757754848092,8
6326,6.113571348721715,6.57978359661681,0.4662122478950952,3
6327,5.994616597008893,6.0,0.005383402991107289,10
6328,5.994762571843492,6.0,0.00523742815650774,6
6329,5.983014958339566,6.0,0.01698504166043424,2
6330,6.003215917616557,6.0,-0.003215917616556929,9
6331,6.01651936055692,6.0,-0.01651936055692005,1
6332,6.01774319122481,6.0,-0.017743191224809607,3
6333,6.01729459546489,6.0,-0.017294595464890428,5
6334,5.991832056431171,6.0,0.008167943568828662,7
6335,6.035297854112858,6.0,-0.035297854112857685,4
6336,6.080165555683871,6.313593064521326,0.23342750883745467,8
6337,6.092036157448824,6.313593064521326,0.22155690707250209,7
6338,6.0645013272372195,6.313593064521326,0.2490917372841066,10
6339,6.0690302320038,6.313593064521326,0.2445628325175262,9
6340,6.108988261391055,6.313593064521326,0.2046048031302714,4
6341,6.141363461601043,6.313593064521326,0.17222960292028322,3
6342,6.110641300467473,6.313593064521326,0.20295176405385273,5
6343,6.0380363681047085,6.313593064521326,0.2755566964166176,6
6344,6.051559866972017,6.313593064521326,0.2620331975493091,1
6345,6.18975052889537,6.079181246047625,-0.11056928284774514,9
6346,6.1670335055340955,6.079181246047625,-0.08785225948647035,1
6347,6.148958105041008,6.079181246047625,-0.06977685899338315,10
6348,6.163243401820003,6.079181246047625,-0.08406215577237752,8
6349,6.1524062405171005,6.079181246047625,-0.07322499446947539,7
6350,6.173686095960413,6.079181246047625,-0.09450484991278785,5
6351,6.161301555434327,6.079181246047625,-0.08212030938670178,3
6352,6.150942047024245,6.079181246047625,-0.07176080097661952,6
6353,6.150919550603928,6.079181246047625,-0.0717383045563027,4
6354,5.883686473105398,5.623249290397901,-0.2604371827074976,9
6355,5.851552720276248,5.623249290397901,-0.2283034298783475,6
6356,5.883003991381863,5.623249290397901,-0.25975470098396247,7
6357,5.889540191993539,5.623249290397901,-0.26629090159563784,3
6358,5.918916942912308,5.623249290397901,-0.29566765251440685,8
6359,5.819967799747746,5.623249290397901,-0.19671850934984558,10
6360,5.892810604019223,5.623249290397901,-0.2695613136213222,5
6361,5.857929977771622,5.623249290397901,-0.2346806873737215,1
6362,5.884672223306401,5.623249290397901,-0.26142293290850027,4
6363,6.0097451871119,6.033423755486949,0.023678568375049558,10
6364,6.028785512564469,6.033423755486949,0.0046382429224802735,4
6365,6.0643071875836805,6.033423755486949,-0.030883432096731056,5
6366,6.0561914062321485,6.033423755486949,-0.022767650745199042,3
6367,6.031376161980046,6.033423755486949,0.0020475935069033113,7
6368,6.071152220841497,6.033423755486949,-0.037728465354547325,9
6369,6.043941014909263,6.033423755486949,-0.010517259422313963,6
6370,6.000663754684201,6.033423755486949,0.03276000080274866,8
6371,6.010995073819426,6.033423755486949,0.022428681667522987,1
6372,6.057819949110406,6.6020599913279625,0.5442400422175568,3
6373,6.031453119618235,6.6020599913279625,0.5706068717097272,8
6374,6.029017129554318,6.6020599913279625,0.5730428617736445,4
6375,6.007982554000555,6.6020599913279625,0.5940774373274076,1
6376,6.065428316999265,6.6020599913279625,0.5366316743286976,9
6377,5.997890903247281,6.6020599913279625,0.6041690880806811,2
6378,6.0261765801338845,6.6020599913279625,0.575883411194078,10
6379,6.05538549039086,6.6020599913279625,0.5466745009371028,5
6380,6.037103098373023,6.6020599913279625,0.5649568929549398,7
6381,5.758846781307656,6.36005731412298,0.6012105328153243,1
6382,5.857804960033991,6.36005731412298,0.5022523540889896,2
6383,5.630062159080069,6.36005731412298,0.7299951550429116,10
6384,5.752766843541243,6.36005731412298,0.607290470581737,6
6385,5.82803258453579,6.36005731412298,0.5320247295871905,3
6386,5.8104296710861725,6.36005731412298,0.5496276430368079,5
6387,5.859679585584972,6.36005731412298,0.500377728538008,7
6388,5.808598327663113,6.36005731412298,0.5514589864598678,8
6389,5.779505016512251,6.36005731412298,0.5805522976107298,4
6390,6.019698260759515,6.26142703676955,0.24172877601003506,2
6391,6.039322658494659,6.26142703676955,0.22210437827489127,7
6392,6.031300240042068,6.26142703676955,0.23012679672748249,10
6393,6.0611821216849,6.26142703676955,0.20024491508465037,5
6394,6.02719753001609,6.26142703676955,0.23422950675346055,1
6395,6.0513930154188476,6.26142703676955,0.21003402135070282,8
6396,6.065387372312492,6.26142703676955,0.19603966445705812,6
6397,6.057083245287207,6.26142703676955,0.20434379148234338,4
6398,6.125321922787256,6.26142703676955,0.1361051139822944,9
6399,6.01301207026765,6.124634624019139,0.11162255375148877,7
6400,5.96577996277847,6.124634624019139,0.15885466124066916,10
6401,5.997156936346288,6.124634624019139,0.12747768767285095,5
6402,5.991730417892702,6.124634624019139,0.13290420612643672,8
6403,5.996315551415144,6.124634624019139,0.1283190726039951,6
6404,6.042684354412993,6.124634624019139,0.08195026960614626,3
6405,5.9836207540909925,6.124634624019139,0.14101386992814646,2
6406,5.987180177971907,6.124634624019139,0.137454446047232,1
6407,5.9866076247979025,6.124634624019139,0.1380269992212364,9
6408,6.019698260759515,6.363611979892144,0.3439137191326287,2
6409,6.073790720956038,6.363611979892144,0.2898212589361062,3
6410,6.039322658494659,6.363611979892144,0.3242893213974849,7
6411,6.065387372312492,6.363611979892144,0.29822460757965175,6
6412,6.057083245287207,6.363611979892144,0.306528734604937,4
6413,6.031300240042068,6.363611979892144,0.3323117398500761,10
6414,6.0611821216849,6.363611979892144,0.302429858207244,5
6415,6.0513930154188476,6.363611979892144,0.31221896447329645,8
6416,6.125321922787256,6.363611979892144,0.23829005710488804,9
6417,6.017254337725402,5.707570176097937,-0.30968416162746504,9
6418,5.980200896904393,5.707570176097937,-0.2726307208064567,1
6419,6.029275714472599,5.707570176097937,-0.32170553837466187,5
6420,6.009319128899764,5.707570176097937,-0.30174895280182756,4
6421,6.002489047492159,5.707570176097937,-0.29491887139422257,8
6422,6.021668779824527,5.707570176097937,-0.31409860372659004,6
6423,6.040225594018661,5.707570176097937,-0.3326554179207246,3
6424,5.975623141917083,5.707570176097937,-0.2680529658191464,10
6425,5.990769756033488,5.707570176097937,-0.2831995799355509,2
6426,5.979914113719182,6.32221929473392,0.34230518101473884,10
6427,6.025182215977029,6.32221929473392,0.2970370787568912,8
6428,6.032993770176772,6.32221929473392,0.289225524557148,5
6429,6.02616480348859,6.32221929473392,0.29605449124533045,4
6430,6.041051342614321,6.32221929473392,0.2811679521195991,3
6431,6.040111222745581,6.32221929473392,0.28210807198833976,9
6432,5.996622267033013,6.32221929473392,0.3255970277009075,1
6433,6.02341692309226,6.32221929473392,0.2988023716416608,7
6434,6.036686560388562,6.32221929473392,0.28553273434535864,6
6435,6.045380123239022,6.600972895686748,0.5555927724477261,9
6436,6.005344568066686,6.600972895686748,0.5956283276200622,10
6437,5.993585364100114,6.600972895686748,0.6073875315866344,1
6438,6.006933954126859,6.600972895686748,0.594038941559889,2
6439,6.025476515337281,6.600972895686748,0.5754963803494677,8
6440,6.026400202743828,6.600972895686748,0.5745726929429207,6
6441,6.0158274938328695,6.600972895686748,0.5851454018538789,7
6442,6.042745406392343,6.600972895686748,0.5582274892944055,3
6443,6.014608509999286,6.600972895686748,0.5863643856874621,5
6444,5.895065827293931,5.9954289654317074,0.10036313813777653,9
6445,5.88430341061285,5.9954289654317074,0.11112555481885789,10
6446,5.9372634801996105,5.9954289654317074,0.05816548523209697,7
6447,5.914191965569496,5.9954289654317074,0.08123699986221133,1
6448,5.903871735449831,5.9954289654317074,0.0915572299818761,2
6449,5.943280132860452,5.9954289654317074,0.052148832571255355,4
6450,5.89234296783158,5.9954289654317074,0.10308599760012704,3
6451,5.903968313175767,5.9954289654317074,0.09146065225594047,5
6452,5.912367623964782,5.9954289654317074,0.08306134146692568,8
6453,5.972400716562114,6.193124598354461,0.22072388179234714,5
6454,5.929160875493334,6.193124598354461,0.2639637228611269,10
6455,5.965991695682996,6.193124598354461,0.2271329026714648,1
6456,5.972185851390069,6.193124598354461,0.22093874696439197,2
6457,5.967153621728568,6.193124598354461,0.22597097662589327,9
6458,5.981460037687319,6.193124598354461,0.2116645606671419,8
6459,6.008883349473373,6.193124598354461,0.18424124888108828,3
6460,5.956925030514824,6.193124598354461,0.23619956783963758,6
6461,6.001120844006375,6.193124598354461,0.19200375434808592,4
6462,5.954461690816459,5.45075702813707,-0.5037046626793895,6
6463,5.981279326582715,5.45075702813707,-0.5305222984456455,7
6464,5.961904224239132,5.45075702813707,-0.5111471961020619,2
6465,5.961630735598163,5.45075702813707,-0.5108737074610934,1
6466,6.017775701041201,5.45075702813707,-0.5670186729041315,3
6467,5.988460933614923,5.45075702813707,-0.5377039054778532,4
6468,5.940014488190391,5.45075702813707,-0.48925746005332105,10
6469,5.96077453436011,5.45075702813707,-0.5100175062230399,9
6470,5.965629653396629,5.45075702813707,-0.5148726252595592,8
6471,6.040111222745581,6.283301228703549,0.24319000595796858,9
6472,6.041051342614321,6.283301228703549,0.24224988608922793,3
6473,5.988622315084812,6.283301228703549,0.2946789136187373,2
6474,6.032993770176772,6.283301228703549,0.2503074585267768,5
6475,6.025182215977029,6.283301228703549,0.25811901272652005,8
6476,6.02341692309226,6.283301228703549,0.2598843056112896,7
6477,6.036686560388562,6.283301228703549,0.24661466831498746,6
6478,6.02616480348859,6.283301228703549,0.2571364252149593,4
6479,5.996622267033013,6.283301228703549,0.2866789616705363,1
6480,5.936596150926539,4.380211241711606,-1.5563849092149322,5
6481,5.91421800994682,4.380211241711606,-1.5340067682352139,7
6482,5.948774463157267,4.380211241711606,-1.568563221445661,4
6483,5.907769053096035,4.380211241711606,-1.5275578113844288,9
6484,5.915526941418984,4.380211241711606,-1.535315699707378,6
6485,5.968731583166374,4.380211241711606,-1.5885203414547675,3
6486,5.908573496212044,4.380211241711606,-1.528362254500438,2
6487,5.957998108908919,4.380211241711606,-1.5777868671973128,8
6488,5.9068353768356925,4.380211241711606,-1.5266241351240861,10
6489,6.008982548124211,6.230448921378274,0.2214663732540627,3
6490,6.023189103915745,6.230448921378274,0.2072598174625293,2
6491,6.014059981329097,6.230448921378274,0.21638894004917741,1
6492,6.095657256305838,6.230448921378274,0.13479166507243612,4
6493,6.042292322065197,6.230448921378274,0.1881565993130767,9
6494,6.051851790523133,6.230448921378274,0.17859713085514084,6
6495,5.970659001451777,6.230448921378274,0.25978991992649725,8
6496,6.0634940606267165,6.230448921378274,0.16695486075155763,7
6497,6.009072733557113,6.230448921378274,0.22137618782116153,10
6498,5.961477020924656,6.278753600952829,0.3172765800281727,1
6499,5.9315379921794,6.278753600952829,0.3472156087734293,3
6500,5.997996346686064,6.278753600952829,0.28075725426676446,7
6501,5.974420796253895,6.278753600952829,0.30433280469893376,6
6502,5.939518388227505,6.278753600952829,0.339235212725324,8
6503,5.999658105696468,6.278753600952829,0.2790954952563611,4
6504,5.977576252938218,6.278753600952829,0.30117734801461093,10
6505,5.973056463645232,6.278753600952829,0.30569713730759673,9
6506,6.000070381346794,6.278753600952829,0.2786832196060347,5
6507,5.595991252762856,5.599883072073688,0.0038918193108319343,6
6508,5.781298057926728,5.599883072073688,-0.18141498585304028,10
6509,5.408870908969053,5.599883072073688,0.19101216310463442,9
6510,5.524460936645499,5.599883072073688,0.07542213542818832,5
6511,5.623797602621965,5.599883072073688,-0.023914530548277746,1
6512,5.598539476538244,5.599883072073688,0.001343595535443498,8
6513,5.551670463787523,5.599883072073688,0.048212608286164915,2
6514,5.556917756906479,5.599883072073688,0.04296531516720847,4
6515,5.612572691347639,5.599883072073688,-0.01268961927395118,3
6516,4.7560562706674006,4.153204900084284,-0.6028513705831164,9
6517,4.812766096290763,4.153204900084284,-0.6595611962064787,4
6518,4.843569121914681,4.153204900084284,-0.6903642218303965,10
6519,4.61820969290613,4.153204900084284,-0.4650047928218459,2
6520,4.812888117504958,4.153204900084284,-0.6596832174206737,1
6521,4.807329034092857,4.153204900084284,-0.6541241340085726,8
6522,4.97046770073168,4.153204900084284,-0.8172628006473959,5
6523,4.7564501051311625,4.153204900084284,-0.6032452050468784,7
6524,4.400923163115964,4.153204900084284,-0.24771826303167988,6
6525,5.975337765969285,7.498310553789601,1.5229727878203159,2
6526,6.014700189662701,7.498310553789601,1.4836103641268998,8
6527,6.09986134856047,7.498310553789601,1.3984492052291309,4
6528,6.018075026760951,7.498310553789601,1.4802355270286496,7
6529,5.971921873407719,7.498310553789601,1.5263886803818822,6
6530,5.953934989100774,7.498310553789601,1.5443755646888269,3
6531,6.021517872667269,7.498310553789601,1.4767926811223315,5
6532,6.006103521273577,7.498310553789601,1.4922070325160242,9
6533,6.018681187461664,7.498310553789601,1.479629366327937,1
6534,6.224733541059514,6.357934847000454,0.13320130594093982,5
6535,6.412033489986026,6.357934847000454,-0.0540986429855721,2
6536,6.297292085125388,6.357934847000454,0.06064276187506579,6
6537,6.336310107383709,6.357934847000454,0.021624739616744826,3
6538,6.379026856313767,6.357934847000454,-0.02109200931331312,4
6539,6.4128290298481,6.357934847000454,-0.054894182847646356,1
6540,6.273277297016334,6.357934847000454,0.08465754998411956,9
6541,6.254701683327554,6.357934847000454,0.10323316367289959,7
6542,6.268474395926226,6.357934847000454,0.08946045107422762,10
6543,5.583006354689531,4.963787827345556,-0.6192185273439756,1
6544,5.598171106345283,4.963787827345556,-0.634383278999727,10
6545,5.761943827927209,4.963787827345556,-0.7981560005816535,5
6546,5.59110723774711,4.963787827345556,-0.6273194104015545,6
6547,5.665646354862528,4.963787827345556,-0.7018585275169729,7
6548,5.4150396805335745,4.963787827345556,-0.45125185318801897,9
6549,5.515794259168512,4.963787827345556,-0.5520064318229565,2
6550,5.554144542590933,4.963787827345556,-0.5903567152453775,8
6551,5.573084922016802,4.963787827345556,-0.6092970946712466,3
6552,6.0138965774772455,6.220108088040055,0.2062115105628095,5
6553,5.997923801790785,6.220108088040055,0.22218428624927,8
6554,6.003820487777647,6.220108088040055,0.21628760026240812,1
6555,6.0219853502251395,6.220108088040055,0.19812273781491552,3
6556,6.000245274756244,6.220108088040055,0.21986281328381097,2
6557,6.037602809158318,6.220108088040055,0.18250527888173718,6
6558,6.030151796841053,6.220108088040055,0.18995629119900226,4
6559,5.950075061701533,6.220108088040055,0.2700330263385222,10
6560,6.03607416227788,6.220108088040055,0.1840339257621748,9
6561,6.0591563262967805,7.4954055631461936,1.436249236849413,6
6562,6.024945894833202,7.4954055631461936,1.4704596683129916,8
6563,6.029409561451356,7.4954055631461936,1.4659960016948377,5
6564,6.085042623455227,7.4954055631461936,1.410362939690967,3
6565,6.07588497313119,7.4954055631461936,1.4195205900150034,9
6566,6.035664043815546,7.4954055631461936,1.459741519330647,2
6567,6.149292465861304,7.4954055631461936,1.3461130972848894,4
6568,6.045118324545118,7.4954055631461936,1.4502872386010752,7
6569,6.040639235693496,7.4954055631461936,1.4547663274526972,1
6570,5.92160542277286,6.096910013008056,0.1753045902351964,9
6571,5.907144817977824,6.096910013008056,0.18976519503023237,8
6572,5.902020017790353,6.096910013008056,0.19488999521770367,3
6573,5.911240263643605,6.096910013008056,0.18566974936445124,1
6574,5.864035678066662,6.096910013008056,0.23287433494139442,6
6575,5.894913222309794,6.096910013008056,0.20199679069826182,7
6576,5.904883899708517,6.096910013008056,0.1920261132995389,10
6577,5.952706355815692,6.096910013008056,0.1442036571923646,4
6578,5.936763467624384,6.096910013008056,0.16014654538367257,5
6579,5.973977276837387,5.149834696715785,-0.8241425801216025,5
6580,5.959531024596435,5.149834696715785,-0.8096963278806504,1
6581,5.928486914237471,5.149834696715785,-0.7786522175216861,10
6582,5.964441636528729,5.149834696715785,-0.8146069398129443,8
6583,5.963060671214713,5.149834696715785,-0.8132259744989279,9
6584,6.016160678680964,5.149834696715785,-0.8663259819651792,3
6585,5.961848741620186,5.149834696715785,-0.8120140449044015,2
6586,5.990747178055759,5.149834696715785,-0.8409124813399744,4
6587,5.953160114655452,5.149834696715785,-0.8033254179396669,6
6588,5.973156372917694,6.0,0.026843627082305588,3
6589,5.958155603420127,6.0,0.041844396579873155,1
6590,5.97161166226536,6.0,0.02838833773463989,8
6591,5.998593394129515,6.0,0.0014066058704846895,4
6592,5.984962022779769,6.0,0.015037977220231369,5
6593,5.938313313516126,6.0,0.0616866864838741,2
6594,5.978007771597247,6.0,0.021992228402752723,9
6595,5.946683713758796,6.0,0.05331628624120377,10
6596,5.9561187838409895,6.0,0.04388121615901053,6
6597,5.966329037538485,5.939808685806208,-0.026520351732277625,2
6598,5.97493867774588,5.939808685806208,-0.035129991939672145,1
6599,5.938499152138153,5.939808685806208,0.001309533668054641,10
6600,5.9786129569412925,5.939808685806208,-0.03880427113508489,8
6601,5.977760806505077,5.939808685806208,-0.03795212069886933,7
6602,5.980742939462797,5.939808685806208,-0.04093425365658909,5
6603,6.016483423845258,5.939808685806208,-0.07667473803905,3
6604,5.956025444239828,5.939808685806208,-0.016216758433620804,9
6605,5.995014579359282,5.939808685806208,-0.05520589355307415,4
6606,6.017282260316647,5.888179493918325,-0.1291027663983222,4
6607,6.008284275876876,5.888179493918325,-0.12010478195855079,5
6608,5.992081238536343,5.888179493918325,-0.10390174461801838,1
6609,5.994688785355727,5.888179493918325,-0.10650929143740218,9
6610,5.982052568017586,5.888179493918325,-0.09387307409926127,6
6611,5.981693391036939,5.888179493918325,-0.0935138971186138,8
6612,5.972337217918113,5.888179493918325,-0.08415772399978838,2
6613,5.983985492188799,5.888179493918325,-0.09580599827047376,3
6614,5.976240549597621,5.888179493918325,-0.08806105567929645,10
6615,6.021537361007091,6.060697840353612,0.03916047934652056,9
6616,6.040449508142216,6.060697840353612,0.02024833221139577,1
6617,6.061384905646861,6.060697840353612,-0.0006870652932491339,4
6618,6.045472476666081,6.060697840353612,0.015225363687530802,3
6619,5.965865789396552,6.060697840353612,0.09483205095706015,10
6620,6.025134460331639,6.060697840353612,0.03556338002197279,5
6621,6.028845357800864,6.060697840353612,0.03185248255274775,6
6622,6.026932680518753,6.060697840353612,0.03376515983485895,8
6623,6.013526873565107,6.060697840353612,0.04717096678850474,2
6624,5.9665384140547575,5.814394112097142,-0.1521443019576152,2
6625,5.991713421743686,5.814394112097142,-0.17731930964654374,5
6626,5.991149615630705,5.814394112097142,-0.1767555035335624,8
6627,6.001568167803355,5.814394112097142,-0.1871740557062127,4
6628,5.976984123859726,5.814394112097142,-0.16259001176258359,9
6629,5.984926842648015,5.814394112097142,-0.1705327305508728,1
6630,5.989696316509658,5.814394112097142,-0.17530220441251565,7
6631,5.972478330171666,5.814394112097142,-0.15808421807452344,6
6632,5.95866366421246,5.814394112097142,-0.14426955211531745,10
6633,6.066692180274076,6.060932673519882,-0.0057595067541944545,3
6634,6.051660289237198,6.060932673519882,0.009272384282684065,7
6635,6.031771707795209,6.060932673519882,0.02916096572467275,1
6636,6.044760955533861,6.060932673519882,0.016171717986020795,8
6637,6.024766343730298,6.060932673519882,0.036166329789583784,10
6638,6.0436330922593156,6.060932673519882,0.0172995812605663,5
6639,6.040899991715957,6.060932673519882,0.020032681803924923,4
6640,6.014200049519207,6.060932673519882,0.04673262400067468,2
6641,6.034981162478438,6.060932673519882,0.025951511041443887,9
6642,5.995512936636677,6.167317334748176,0.17180439811149828,1
6643,6.0002168188663925,6.167317334748176,0.1671005158817831,6
6644,6.017074533031758,6.167317334748176,0.15024280171641724,8
6645,6.021532948572232,6.167317334748176,0.14578438617594358,2
6646,6.032173365558138,6.167317334748176,0.1351439691900378,4
6647,5.998268345295632,6.167317334748176,0.16904898945254399,9
6648,6.024801559734632,6.167317334748176,0.1425157750135435,5
6649,6.056532022242303,6.167317334748176,0.11078531250587265,3
6650,5.99841000534864,6.167317334748176,0.16890732939953512,10
6651,6.584155317711603,6.298853076409706,-0.2853022413018964,9
6652,6.666864452097838,6.298853076409706,-0.36801137568813136,3
6653,6.541980149182063,6.298853076409706,-0.24312707277235646,2
6654,6.56368551841226,6.298853076409706,-0.26483244200255385,10
6655,6.614062449857333,6.298853076409706,-0.3152093734476269,4
6656,6.479420610896106,6.298853076409706,-0.18056753448639995,8
6657,6.644336862924314,6.298853076409706,-0.34548378651460787,5
6658,6.480840155145651,6.298853076409706,-0.18198707873594433,1
6659,6.549489037463003,6.298853076409706,-0.25063596105329644,6
6660,5.961548868573135,6.079181246047625,0.11763237747449029,5
6661,5.9502159080601125,6.079181246047625,0.12896533798751264,6
6662,5.961773971505071,6.079181246047625,0.11740727454255406,1
6663,6.004004346013879,6.079181246047625,0.07517690003374611,4
6664,5.97502108155938,6.079181246047625,0.1041601644882455,9
6665,5.943075536587031,6.079181246047625,0.13610570946059397,10
6666,5.9702692901609815,6.079181246047625,0.1089119558866436,2
6667,5.96491804714302,6.079181246047625,0.11426319890460501,7
6668,6.001606839388208,6.079181246047625,0.0775744066594175,3
6669,6.000328295904038,5.663700925389648,-0.33662737051438985,1
6670,6.142975882372761,5.663700925389648,-0.4792749569831134,3
6671,6.0503527441903895,5.663700925389648,-0.3866518188007415,4
6672,6.00612307073618,5.663700925389648,-0.34242214534653215,9
6673,5.976854177504368,5.663700925389648,-0.31315325211472,6
6674,6.015553931031784,5.663700925389648,-0.35185300564213584,8
6675,5.966066419773909,5.663700925389648,-0.30236549438426064,10
6676,6.018214167904845,5.663700925389648,-0.3545132425151971,7
6677,6.009695477943289,5.663700925389648,-0.3459945525536412,5
6678,5.579659968564673,6.004321373782642,0.4246614052179689,6
6679,5.650994971771087,6.004321373782642,0.35332640201155563,2
6680,5.60788876507757,6.004321373782642,0.396432608705072,3
6681,5.658100661640663,6.004321373782642,0.3462207121419789,8
6682,5.687730836120571,6.004321373782642,0.316590537662071,1
6683,5.889314148475454,6.004321373782642,0.11500722530718832,7
6684,5.6417659615710045,6.004321373782642,0.3625554122116377,4
6685,5.774158598001799,6.004321373782642,0.2301627757808431,9
6686,5.642752849563291,6.004321373782642,0.3615685242193516,5
6687,5.942140316563846,6.222716471147583,0.28057615458373775,1
6688,5.979814141135091,6.222716471147583,0.24290233001249195,8
6689,5.950599865669003,6.222716471147583,0.27211660547858063,5
6690,5.971729650119553,6.222716471147583,0.2509868210280306,4
6691,5.945461090991759,6.222716471147583,0.2772553801558244,3
6692,5.945276869406183,6.222716471147583,0.27743960174140003,10
6693,5.927292347016478,6.222716471147583,0.2954241241311051,6
6694,5.972937041439718,6.222716471147583,0.24977942970786504,7
6695,5.977578390973503,6.222716471147583,0.24513808017408056,9
6696,5.973938828733886,6.079181246047625,0.10524241731373873,7
6697,5.9232023674173035,6.079181246047625,0.15597887863032156,2
6698,5.979170406412744,6.079181246047625,0.10001083963488089,8
6699,5.9401419031511695,6.079181246047625,0.1390393428964556,1
6700,5.943845488432492,6.079181246047625,0.13533575761513283,5
6701,5.908636487552382,6.079181246047625,0.1705447584952431,10
6702,5.984527119785011,6.079181246047625,0.09465412626261394,4
6703,5.966201479918073,6.079181246047625,0.11297976612955196,9
6704,5.942510969969627,6.079181246047625,0.1366702760779983,6
6705,5.450128401195376,5.786751422145561,0.33662302095018504,1
6706,5.4175972673449,5.786751422145561,0.36915415480066116,5
6707,5.550256140367236,5.786751422145561,0.2364952817783248,3
6708,5.52767990769038,5.786751422145561,0.2590715144551812,7
6709,5.400003380413924,5.786751422145561,0.3867480417316367,6
6710,5.3907031841387685,5.786751422145561,0.39604823800679245,2
6711,5.275788387855584,5.786751422145561,0.5109630342899774,10
6712,5.413605709685794,5.786751422145561,0.3731457124597668,8
6713,5.671129096394004,5.786751422145561,0.11562232575155651,9
6714,5.947300962274057,6.176091259055681,0.22879029678162421,5
6715,5.9524645639995875,6.176091259055681,0.2236266950560939,8
6716,5.949705408210847,6.176091259055681,0.2263858508448342,1
6717,5.928875866451083,6.176091259055681,0.24721539260459835,10
6718,5.958394064893103,6.176091259055681,0.2176971941625787,3
6719,5.9254428929081655,6.176091259055681,0.25064836614751584,2
6720,5.9701154378338686,6.176091259055681,0.2059758212218128,4
6721,5.929435301776177,6.176091259055681,0.24665595727950418,7
6722,5.946467977363261,6.176091259055681,0.22962328169242063,9
6723,5.927576200103156,6.079181246047625,0.15160504594446955,7
6724,5.939608613361838,6.079181246047625,0.13957263268578668,3
6725,5.964003164780511,6.079181246047625,0.11517808126711415,9
6726,5.933840533889404,6.079181246047625,0.1453407121582213,8
6727,5.934403688238729,6.079181246047625,0.14477755780889634,1
6728,5.9647153243007915,6.079181246047625,0.11446592174683357,4
6729,5.876030260926199,6.079181246047625,0.20315098512142615,6
6730,5.924358439310973,6.079181246047625,0.15482280673665194,2
6731,5.942448370291843,6.079181246047625,0.13673287575578197,5
6732,5.937265919697109,5.995196291597179,0.057930371900070554,5
6733,5.91227133968471,5.995196291597179,0.08292495191246907,6
6734,5.927880880672259,5.995196291597179,0.06731541092492055,7
6735,5.968277156480984,5.995196291597179,0.026919135116195037,4
6736,5.946091349288343,5.995196291597179,0.04910494230883611,10
6737,5.966416503317339,5.995196291597179,0.028779788279840623,1
6738,5.927016033881859,5.995196291597179,0.0681802577153201,2
6739,5.9697582878559095,5.995196291597179,0.02543800374126981,8
6740,5.976003884030211,5.995196291597179,0.01919240756696805,3
6741,5.938601283699313,6.079181246047625,0.14057996234831194,10
6742,5.934461777838635,6.079181246047625,0.14471946820899007,7
6743,5.918704756352756,6.079181246047625,0.16047648969486872,6
6744,5.922242982759026,6.079181246047625,0.15693826328859917,2
6745,5.972551624804854,6.079181246047625,0.10662962124277087,3
6746,5.9486186196521365,6.079181246047625,0.13056262639548866,1
6747,5.982102482891042,6.079181246047625,0.09707876315658304,4
6748,5.940013244955143,6.079181246047625,0.13916800109248229,5
6749,5.960406153767866,6.079181246047625,0.11877509227975924,8
6750,5.893848958544957,6.0,0.10615104145504262,4
6751,5.8753084161467575,6.0,0.12469158385324253,2
6752,5.913592393062052,6.0,0.08640760693794824,3
6753,5.866855204059391,6.0,0.13314479594060913,6
6754,5.922643829220431,6.0,0.07735617077956913,9
6755,5.863192302953828,6.0,0.13680769704617202,1
6756,5.918879719559588,6.0,0.08112028044041164,10
6757,5.90637357615759,6.0,0.0936264238424096,8
6758,5.88355917069798,6.0,0.11644082930201982,5
6759,5.944408401195216,6.015359755409214,0.07095135421399856,3
6760,5.918594537305535,6.015359755409214,0.09676521810367955,10
6761,5.925083250120972,6.015359755409214,0.0902765052882426,7
6762,5.971769456539027,6.015359755409214,0.04359029887018728,4
6763,5.95115844025561,6.015359755409214,0.06420131515360428,8
6764,5.939824262810948,6.015359755409214,0.07553549259826653,1
6765,5.9097853191047065,6.015359755409214,0.10557443630450791,6
6766,5.933095376108903,6.015359755409214,0.0822643793003115,5
6767,5.921785622907084,6.015359755409214,0.09357413250213042,2
6768,5.712723769049365,5.5301996982030825,-0.18252407084628253,1
6769,5.6643828472316216,5.5301996982030825,-0.134183149028539,6
6770,5.736041750342967,5.5301996982030825,-0.20584205213988405,10
6771,5.715436203439949,5.5301996982030825,-0.1852365052368663,7
6772,5.700913141086412,5.5301996982030825,-0.17071344288332924,5
6773,5.566583154129672,5.5301996982030825,-0.03638345592658965,9
6774,5.69538599320413,5.5301996982030825,-0.16518629500104787,8
6775,5.633472941802877,5.5301996982030825,-0.10327324359979428,2
6776,5.732283360395468,5.5301996982030825,-0.20208366219238538,3
6777,5.926110965448004,6.0,0.07388903455199625,4
6778,5.910206720796953,6.0,0.0897932792030467,9
6779,5.925844029423587,6.0,0.07415597057641321,3
6780,5.913209494590413,6.0,0.08679050540958677,2
6781,5.937491263208976,6.0,0.06250873679102398,1
6782,5.935076383162195,6.0,0.06492361683780512,5
6783,5.928811388357502,6.0,0.07118861164249779,10
6784,5.902103681740855,6.0,0.0978963182591448,8
6785,5.9092452204776915,6.0,0.09075477952230848,6
6786,5.928241633027052,6.330413773349191,0.402172140322139,7
6787,5.936989456295144,6.330413773349191,0.39342431705404657,6
6788,5.941928690662857,6.330413773349191,0.3884850826863344,3
6789,5.951486848491527,6.330413773349191,0.3789269248576641,5
6790,5.941797216839229,6.330413773349191,0.3886165565099624,9
6791,5.938899705366448,6.330413773349191,0.3915140679827429,8
6792,5.976932500751754,6.330413773349191,0.35348127259743656,4
6793,5.9216808612583405,6.330413773349191,0.4087329120908505,10
6794,5.93245458785754,6.330413773349191,0.39795918549165066,2
6795,5.929917216702091,5.607455023214668,-0.32246219348742233,4
6796,5.912054197034007,5.607455023214668,-0.304599173819339,2
6797,5.897711798357181,5.607455023214668,-0.29025677514251313,7
6798,5.935594172435247,5.607455023214668,-0.3281391492205783,8
6799,5.895892467915139,5.607455023214668,-0.28843744470047117,6
6800,5.936036602914087,5.607455023214668,-0.3285815796994189,9
6801,5.888815428668951,5.607455023214668,-0.28136040545428287,10
6802,5.928289238317974,5.607455023214668,-0.32083421510330545,5
6803,5.874026082960324,5.607455023214668,-0.2665710597456554,1
6804,5.939332856521583,6.103461622094705,0.16412876557312206,6
6805,5.938200362015517,6.103461622094705,0.16526126007918762,2
6806,5.949697839384526,6.103461622094705,0.153763782710179,9
6807,5.94912956072273,6.103461622094705,0.1543320613719752,5
6808,5.948297087028351,6.103461622094705,0.15516453506635397,7
6809,5.97301394595298,6.103461622094705,0.13044767614172503,4
6810,5.962412749880343,6.103461622094705,0.1410488722143617,8
6811,5.9183999010499395,6.103461622094705,0.18506172104476537,10
6812,5.940149960765175,6.103461622094705,0.16331166132953,1
6813,5.916781162954911,6.024731889655249,0.1079507267003379,4
6814,5.930133999095634,6.024731889655249,0.09459789055961476,8
6815,5.8928374738140255,6.024731889655249,0.13189441584122363,6
6816,5.933569967687083,6.024731889655249,0.0911619219681663,9
6817,5.876257108956468,6.024731889655249,0.1484747806987814,10
6818,5.926909445407026,6.024731889655249,0.09782244424822295,5
6819,5.890802300247649,6.024731889655249,0.13392958940760025,7
6820,5.899730262507671,6.024731889655249,0.12500162714757845,2
6821,5.916238470292991,6.024731889655249,0.10849341936225798,3
6822,5.894725629737635,4.711807229041191,-1.182918400696444,10
6823,5.879401582012634,4.711807229041191,-1.1675943529714434,7
6824,5.908833345958493,4.711807229041191,-1.1970261169173027,5
6825,5.932738579783722,4.711807229041191,-1.2209313507425312,1
6826,5.893472697143024,4.711807229041191,-1.1816654681018335,2
6827,5.88463506855068,4.711807229041191,-1.1728278395094893,6
6828,5.921919474933278,4.711807229041191,-1.2101122458920877,9
6829,5.932937944135139,4.711807229041191,-1.221130715093948,4
6830,5.905394852419288,4.711807229041191,-1.1935876233780975,3
6831,5.901098677543944,5.824054205231849,-0.0770444723120951,10
6832,5.9141925255060785,5.824054205231849,-0.09013832027422986,7
6833,5.957839428371002,5.824054205231849,-0.13378522313915298,1
6834,5.976247153214412,5.824054205231849,-0.152192947982563,4
6835,5.92544812837255,5.824054205231849,-0.1013939231407015,9
6836,5.916263436816845,5.824054205231849,-0.09220923158499605,8
6837,5.954136892354513,5.824054205231849,-0.13008268712266435,5
6838,5.9634573764162875,5.824054205231849,-0.1394031711844388,6
6839,5.927233021284308,5.824054205231849,-0.10317881605245915,3
6840,5.899957410049467,6.301029995663981,0.4010725856145143,4
6841,5.918249239785707,6.301029995663981,0.3827807558782741,1
6842,5.876718631550137,6.301029995663981,0.4243113641138443,10
6843,5.886446075305288,6.301029995663981,0.4145839203586936,6
6844,5.909822857369972,6.301029995663981,0.39120713829400966,5
6845,5.924355602773483,6.301029995663981,0.3766743928904983,8
6846,5.900874381615458,6.301029995663981,0.40015561404852296,9
6847,5.895320602093237,6.301029995663981,0.40570939357074387,2
6848,5.90692169175224,6.301029995663981,0.39410830391174123,3
6849,6.000051196352265,6.188647295999718,0.1885960996474525,4
6850,5.957752898170712,6.188647295999718,0.23089439782900545,6
6851,5.963943243232839,6.188647295999718,0.22470405276687888,7
6852,6.000651973258779,6.188647295999718,0.18799532274093878,3
6853,5.966883777381562,6.188647295999718,0.22176351861815569,10
6854,5.975989642855825,6.188647295999718,0.21265765314389284,5
6855,5.968770297737958,6.188647295999718,0.21987699826175966,9
6856,5.93955179348016,6.188647295999718,0.24909550251955803,2
6857,5.98182078076854,6.188647295999718,0.20682651523117723,1
6858,6.036445582776054,6.977723605288848,0.9412780225127939,8
6859,6.02298821900597,6.977723605288848,0.954735386282878,7
6860,6.067310275338197,6.977723605288848,0.9104133299506509,10
6861,5.962728206391059,6.977723605288848,1.0149953988977884,2
6862,6.028742103365793,6.977723605288848,0.948981501923055,1
6863,6.035270323042224,6.977723605288848,0.9424532822466238,4
6864,6.0388735436527945,6.977723605288848,0.9388500616360531,3
6865,6.0041678134577605,6.977723605288848,0.9735557918310871,9
6866,6.028931734656004,6.977723605288848,0.948791870632844,5
6867,5.948264431348502,6.0,0.0517355686514982,3
6868,5.988133559916023,6.0,0.011866440083976748,4
6869,5.942046314746523,6.0,0.05795368525347744,1
6870,5.932713678227567,6.0,0.06728632177243288,2
6871,5.947023448175434,6.0,0.05297655182456573,5
6872,5.9577707421742785,6.0,0.04222925782572151,8
6873,5.953536673882102,6.0,0.04646332611789816,9
6874,5.940604665538333,6.0,0.05939533446166667,7
6875,5.9224434209305254,6.0,0.07755657906947455,6
6876,5.922826402621613,4.103803720955957,-1.8190226816656558,2
6877,5.910643140891187,4.103803720955957,-1.8068394199352298,6
6878,5.933867575369419,4.103803720955957,-1.8300638544134618,3
6879,5.913542232386791,4.103803720955957,-1.809738511430834,7
6880,5.943000660481837,4.103803720955957,-1.8391969395258796,5
6881,5.933184013088945,4.103803720955957,-1.8293802921329876,9
6882,5.945865080295021,4.103803720955957,-1.8420613593390636,1
6883,5.9096167027372015,4.103803720955957,-1.8058129817812443,10
6884,5.957130918656886,4.103803720955957,-1.8533271977009287,8
6885,5.978738894908573,6.720572720364261,0.7418338254556884,3
6886,5.981853965019464,6.720572720364261,0.7387187553447969,1
6887,5.975138532431259,6.720572720364261,0.745434187933002,10
6888,5.99892559330376,6.720572720364261,0.7216471270605016,8
6889,6.0101879795752,6.720572720364261,0.7103847407890616,6
6890,5.996806369380765,6.720572720364261,0.723766350983496,7
6891,6.0116005849789165,6.720572720364261,0.7089721353853449,4
6892,6.008780302632759,6.720572720364261,0.7117924177315027,9
6893,6.004303338268426,6.720572720364261,0.7162693820958355,5
6894,5.946578606925694,6.103803720955957,0.15722511403026296,5
6895,5.9158848680421885,6.103803720955957,0.18791885291376875,6
6896,5.94100045586089,6.103803720955957,0.16280326509506704,1
6897,5.941781662022217,6.103803720955957,0.16202205893374,9
6898,5.986950793668059,6.103803720955957,0.11685292728789864,4
6899,5.9308522697446335,6.103803720955957,0.17295145121132371,2
6900,5.956463646347296,6.103803720955957,0.14734007460866128,8
6901,5.930948276540569,6.103803720955957,0.17285544441538825,3
6902,5.935293818526543,6.103803720955957,0.1685099024294141,7
6903,5.936822893573666,6.0,0.063177106426334,1
6904,5.936817900050868,6.0,0.06318209994913193,9
6905,5.912729215254431,6.0,0.08727078474556915,10
6906,5.944622720264796,6.0,0.0553772797352039,5
6907,5.932466485043017,6.0,0.0675335149569829,7
6908,5.925888377859641,6.0,0.07411162214035905,8
6909,5.980697734348557,6.0,0.019302265651442774,4
6910,5.904515393302213,6.0,0.09548460669778702,6
6911,5.953836678639642,6.0,0.046163321360357834,3
6912,5.958934258274126,6.0,0.04106574172587418,5
6913,5.951421151516498,6.0,0.048578848483502135,9
6914,6.004769798466247,6.0,-0.004769798466247366,4
6915,5.9347846983923365,6.0,0.06521530160766353,10
6916,5.93655790600719,6.0,0.0634420939928102,6
6917,5.957520647644138,6.0,0.04247935235586198,3
6918,5.944872721856951,6.0,0.05512727814304874,2
6919,5.951935518477401,6.0,0.04806448152259879,1
6920,5.968919880281707,6.0,0.031080119718293275,7
6921,5.943023535155054,5.342422680822207,-0.6006008543328472,8
6922,5.922612997105652,5.342422680822207,-0.5801903162834456,5
6923,5.915245859413688,5.342422680822207,-0.5728231785914817,9
6924,5.926713027796971,5.342422680822207,-0.5842903469747647,3
6925,5.90917108078336,5.342422680822207,-0.5667483999611536,6
6926,5.923636390474781,5.342422680822207,-0.581213709652574,7
6927,5.913072527134082,5.342422680822207,-0.5706498463118752,2
6928,5.950526326284596,5.342422680822207,-0.6081036454623892,4
6929,5.945899397469986,5.342422680822207,-0.603476716647779,1
6930,5.930836779543674,6.079181246047625,0.14834446650395083,1
6931,5.966775896251076,6.079181246047625,0.11240534979654893,4
6932,5.9352803706802195,6.079181246047625,0.1439008753674056,9
6933,5.913395396811983,6.079181246047625,0.16578584923564232,7
6934,5.91866214430224,6.079181246047625,0.1605191017453853,3
6935,5.921405572214183,6.079181246047625,0.15777567383344238,10
6936,5.915891867377944,6.079181246047625,0.16328937866968118,2
6937,5.941217893065124,6.079181246047625,0.13796335298250106,5
6938,5.933280636677747,6.079181246047625,0.14590060936987825,8
6939,6.101630320606412,6.278753600952829,0.1771232803464171,5
6940,6.077096957979989,6.278753600952829,0.20165664297284014,4
6941,6.067338715065075,6.278753600952829,0.2114148858877538,2
6942,6.112251611117916,6.278753600952829,0.16650198983491293,3
6943,6.096840568605493,6.278753600952829,0.18191303234733613,9
6944,6.086534145324508,6.278753600952829,0.19221945562832055,10
6945,6.080894516972977,6.278753600952829,0.19785908397985175,8
6946,6.061866212991032,6.278753600952829,0.21688738796179674,7
6947,6.089045510672906,6.278753600952829,0.18970809027992264,1
6948,6.049854686514955,6.414973347970818,0.36511866145586325,5
6949,6.03228343094349,6.414973347970818,0.3826899170273279,9
6950,5.972691040271003,6.414973347970818,0.44228230769981547,10
6951,6.029848340226062,6.414973347970818,0.38512500774475633,7
6952,6.10178658958304,6.414973347970818,0.3131867583877783,3
6953,6.054536674320386,6.414973347970818,0.3604366736504323,8
6954,6.0706693547973885,6.414973347970818,0.34430399317342975,4
6955,6.016479080407906,6.414973347970818,0.3984942675629126,6
6956,6.010708751254465,6.414973347970818,0.4042645967163532,2
6957,5.98671465557317,5.77451696572855,-0.21219768984462029,2
6958,6.021510017687142,5.77451696572855,-0.2469930519585919,3
6959,5.985925124844227,5.77451696572855,-0.21140815911567756,5
6960,5.986784224879899,5.77451696572855,-0.21226725915134903,4
6961,5.955223118363141,5.77451696572855,-0.180706152634591,10
6962,5.967170043265694,5.77451696572855,-0.19265307753714378,7
6963,5.9668079431262075,5.77451696572855,-0.19229097739765777,1
6964,5.973756271133869,5.77451696572855,-0.1992393054053192,6
6965,6.019435195864691,5.77451696572855,-0.24491823013614145,9
6966,6.01467683515185,6.377124042346456,0.36244720719460677,7
6967,5.998241611320871,6.377124042346456,0.37888243102558494,10
6968,6.039652320344496,6.377124042346456,0.3374717220019603,2
6969,6.0405344554535585,6.377124042346456,0.33658958689289786,8
6970,6.033431552592442,6.377124042346456,0.3436924897540141,9
6971,6.0330862220207555,6.377124042346456,0.34403782032570085,5
6972,6.0545306931984815,6.377124042346456,0.3225933491479749,3
6973,5.987547406096055,6.377124042346456,0.3895766362504016,1
6974,6.052538658646024,6.377124042346456,0.3245853837004322,6
6975,6.019698260759515,5.93801909747621,-0.08167916328330538,2
6976,6.125321922787256,5.93801909747621,-0.18730282531104603,9
6977,6.02719753001609,5.93801909747621,-0.08917843253987989,1
6978,6.057083245287207,5.93801909747621,-0.11906414781099706,4
6979,6.065387372312492,5.93801909747621,-0.12736827483628232,6
6980,6.0611821216849,5.93801909747621,-0.12316302420869008,5
6981,6.073790720956038,5.93801909747621,-0.13577162347982785,3
6982,6.0513930154188476,5.93801909747621,-0.11337391794263763,8
6983,6.039322658494659,5.93801909747621,-0.10130356101844917,7
6984,5.836730401682487,6.0,0.16326959831751342,3
6985,5.810366414483687,6.0,0.18963358551631337,9
6986,5.824471389813092,6.0,0.17552861018690802,8
6987,5.821966372998406,6.0,0.17803362700159386,7
6988,5.802528965985811,6.0,0.19747103401418897,4
6989,5.803371446553784,6.0,0.19662855344621644,2
6990,5.796898258869764,6.0,0.2031017411302356,5
6991,5.806417545454433,6.0,0.19358245454556666,6
6992,5.839595965870955,6.0,0.16040403412904514,1
6993,5.659332713240693,6.332236415491443,0.6729037022507498,3
6994,5.769690134186849,6.332236415491443,0.562546281304594,4
6995,5.784095403127464,6.332236415491443,0.5481410123639794,8
6996,5.8899306331773,6.332236415491443,0.4423057823141434,10
6997,5.802091465586983,6.332236415491443,0.5301449499044599,1
6998,5.727466444535661,6.332236415491443,0.6047699709557817,6
6999,5.759063991737419,6.332236415491443,0.5731724237540243,2
7000,5.701608408322467,6.332236415491443,0.6306280071689763,9
7001,5.732446154882026,6.332236415491443,0.5997902606094172,7
7002,5.564489007162768,6.176091259055681,0.6116022518929132,2
7003,5.510774849996615,6.176091259055681,0.6653164090590664,9
7004,5.584847914453829,6.176091259055681,0.5912433446018523,5
7005,5.639934994441791,6.176091259055681,0.53615626461389,10
7006,5.586108654348896,6.176091259055681,0.5899826047067851,8
7007,5.671414983595306,6.176091259055681,0.5046762754603753,7
7008,5.581602170496318,6.176091259055681,0.5944890885593637,1
7009,5.629123163468063,6.176091259055681,0.5469680955876184,3
7010,5.537519061099034,6.176091259055681,0.6385721979566474,4
7011,5.973628312004613,6.165244326125311,0.19161601412069817,4
7012,5.926694256487417,6.165244326125311,0.2385500696378937,1
7013,5.921865296710281,6.165244326125311,0.24337902941503042,6
7014,5.933435287554473,6.165244326125311,0.23180903857083823,8
7015,5.958526732712763,6.165244326125311,0.2067175934125478,7
7016,5.920429887189357,6.165244326125311,0.24481443893595412,2
7017,5.963647818847688,6.165244326125311,0.2015965072776229,5
7018,5.98543167299564,6.165244326125311,0.17981265312967132,9
7019,6.041887439253651,6.165244326125311,0.12335688687165991,3
7020,6.674707078714497,6.969415912353981,0.2947088336394845,8
7021,6.787757228513426,6.969415912353981,0.1816586838405554,4
7022,6.767949872629238,6.969415912353981,0.20146603972474342,2
7023,6.782353972082063,6.969415912353981,0.18706194027191803,6
7024,6.920687494954,6.969415912353981,0.048728417399981794,9
7025,6.7988012895904895,6.969415912353981,0.17061462276349193,1
7026,6.790072916080822,6.969415912353981,0.1793429962731592,10
7027,6.74662532741501,6.969415912353981,0.22279058493897175,7
7028,6.578689443598527,6.969415912353981,0.3907264687554548,3
7029,6.13173586080506,6.447158031342219,0.3154221705371594,3
7030,6.12826876714902,6.447158031342219,0.3188892641931993,5
7031,6.248836459869725,6.447158031342219,0.19832157147249418,9
7032,6.115944740789621,6.447158031342219,0.33121329055259885,10
7033,6.091766334074035,6.447158031342219,0.35539169726818454,8
7034,6.003501248871722,6.447158031342219,0.4436567824704971,6
7035,6.1557579056368805,6.447158031342219,0.2914001257053389,2
7036,6.120834514420701,6.447158031342219,0.3263235169215184,7
7037,6.146708613400714,6.447158031342219,0.3004494179415058,4
7038,6.242030879905376,6.72916478969277,0.4871339097873939,10
7039,6.283893738278647,6.72916478969277,0.4452710514141227,9
7040,6.199053188501097,6.72916478969277,0.5301116011916731,5
7041,6.2887432208771665,6.72916478969277,0.44042156881560324,1
7042,6.292493238856412,6.72916478969277,0.43667155083635745,7
7043,6.25592247086007,6.72916478969277,0.47324231883269974,6
7044,6.281066359546003,6.72916478969277,0.448098430146767,4
7045,6.231944488091016,6.72916478969277,0.4972203016017538,3
7046,6.200102880992256,6.72916478969277,0.5290619087005135,8
7047,6.438143005209652,6.3979400086720375,-0.04020299653761494,5
7048,6.338934769453686,6.3979400086720375,0.05900523921835177,8
7049,6.415488674067363,6.3979400086720375,-0.01754866539532518,10
7050,6.430164892389655,6.3979400086720375,-0.03222488371761756,9
7051,6.443991341402747,6.3979400086720375,-0.04605133273070994,3
7052,6.391570461493224,6.3979400086720375,0.0063695471788136615,2
7053,6.438516959352939,6.3979400086720375,-0.040576950680901724,1
7054,6.399366834408286,6.3979400086720375,-0.001426825736248638,4
7055,6.410054218485218,6.3979400086720375,-0.012114209813180565,6
7056,6.1877596124905265,6.4269989587565375,0.23923934626601095,3
7057,6.237475690236908,6.4269989587565375,0.18952326851962908,10
7058,6.211881703797697,6.4269989587565375,0.21511725495884004,6
7059,6.177212467807116,6.4269989587565375,0.24978649094942185,1
7060,6.2080292387489555,6.4269989587565375,0.21896972000758197,4
7061,6.194249298044869,6.4269989587565375,0.23274966071166858,2
7062,6.2092157217707005,6.4269989587565375,0.21778323698583701,7
7063,6.200681890331101,6.4269989587565375,0.22631706842543675,9
7064,6.264240212537419,6.4269989587565375,0.16275874621911868,5
7065,5.91386551462919,4.778151250383644,-1.1357142642455464,3
7066,5.890692875416461,4.778151250383644,-1.1125416250328168,8
7067,5.870375004994101,4.778151250383644,-1.0922237546104574,1
7068,5.897991258772154,4.778151250383644,-1.1198400083885103,4
7069,5.879916749566275,4.778151250383644,-1.1017654991826316,2
7070,5.936870430683529,4.778151250383644,-1.1587191802998849,9
7071,5.898455899388711,4.778151250383644,-1.1203046490050674,10
7072,5.957785910157048,4.778151250383644,-1.179634659773404,7
7073,5.867426603673015,4.778151250383644,-1.0892753532893709,6
7074,6.05723110617917,6.380211241711606,0.3229801355324362,6
7075,6.038297375726958,6.380211241711606,0.34191386598464835,2
7076,6.066098937167591,6.380211241711606,0.3141123045440155,7
7077,5.956873871580404,6.380211241711606,0.4233373701312022,8
7078,6.111257504944446,6.380211241711606,0.26895373676715995,4
7079,6.0313914791739025,6.380211241711606,0.34881976253770386,10
7080,6.048837916680724,6.380211241711606,0.33137332503088235,5
7081,6.066064413294437,6.380211241711606,0.31414682841716957,3
7082,5.98764769967872,6.380211241711606,0.3925635420328861,9
7083,5.90562913114128,6.3979400086720375,0.4923108775307572,10
7084,5.951914948583761,6.3979400086720375,0.44602506008827625,1
7085,5.880394806765756,6.3979400086720375,0.5175452019062812,3
7086,5.988746511358722,6.3979400086720375,0.4091934973133151,4
7087,5.876266578389002,6.3979400086720375,0.5216734302830357,9
7088,5.843704913186371,6.3979400086720375,0.5542350954856667,8
7089,5.879526915408522,6.3979400086720375,0.5184130932635158,5
7090,5.997962287407931,6.3979400086720375,0.3999777212641069,7
7091,5.93061193080384,6.3979400086720375,0.4673280778681974,6
7092,4.438083958538429,3.556302500767288,-0.8817814577711407,1
7093,4.727804246724924,3.556302500767288,-1.1715017459576358,3
7094,4.590475872083944,3.556302500767288,-1.034173371316656,9
7095,4.432341763532271,3.556302500767288,-0.8760392627649831,5
7096,4.5529856216461635,3.556302500767288,-0.9966831208788753,10
7097,4.569520097833403,3.556302500767288,-1.0132175970661152,2
7098,4.473527466296449,3.556302500767288,-0.9172249655291611,4
7099,4.560559056217304,3.556302500767288,-1.004256555450016,7
7100,4.591283229276578,3.556302500767288,-1.0349807285092898,8
7101,6.122641361266751,6.633468455579586,0.5108270943128348,4
7102,6.0434456438555735,6.633468455579586,0.5900228117240127,1
7103,6.073295177967301,6.633468455579586,0.560173277612285,3
7104,6.059157435773797,6.633468455579586,0.5743110198057888,10
7105,6.061041022951407,6.633468455579586,0.5724274326281789,9
7106,6.0716054904040755,6.633468455579586,0.5618629651755107,5
7107,6.0389012451081285,6.633468455579586,0.5945672104714577,6
7108,6.077344045227835,6.633468455579586,0.5561244103517513,2
7109,6.111005086409151,6.633468455579586,0.5224633691704348,7
7110,5.936445965517575,6.243038048686294,0.3065920831687192,10
7111,5.957982368792043,6.243038048686294,0.28505567989425185,6
7112,5.930627022191643,6.243038048686294,0.3124110264946518,1
7113,5.949237514061392,6.243038048686294,0.29380053462490263,5
7114,5.94192257326806,6.243038048686294,0.3011154754182348,3
7115,6.0093797360180545,6.243038048686294,0.2336583126682399,4
7116,5.96590833825743,6.243038048686294,0.2771297104288646,2
7117,5.972479772460974,6.243038048686294,0.27055827622532025,7
7118,5.974185165623157,6.243038048686294,0.26885288306313715,9
7119,5.943335360286608,6.187520720836463,0.24418536054985474,9
7120,5.977189652480191,6.187520720836463,0.2103310683562718,6
7121,5.97886490080215,6.187520720836463,0.2086558200343127,7
7122,5.985197469256045,6.187520720836463,0.20232325158041764,5
7123,5.94753211644848,6.187520720836463,0.23998860438798264,1
7124,5.918623037756535,6.187520720836463,0.2688976830799277,8
7125,5.978572793754216,6.187520720836463,0.20894792708224674,3
7126,6.006574378147116,6.187520720836463,0.18094634268934673,2
7127,5.999900981387582,6.187520720836463,0.18761973944888055,4
7128,5.6036144199811675,6.176091259055681,0.5724768390745139,7
7129,5.583895725466276,6.176091259055681,0.5921955335894049,5
7130,5.78581035095536,6.176091259055681,0.3902809081003218,4
7131,5.5713928390397305,6.176091259055681,0.6046984200159509,10
7132,5.4940590339636195,6.176091259055681,0.6820322250920619,3
7133,5.399441162689149,6.176091259055681,0.7766500963665326,6
7134,5.489720384900381,6.176091259055681,0.6863708741553003,8
7135,5.615175452588695,6.176091259055681,0.5609158064669861,2
7136,5.7659697671069114,6.176091259055681,0.4101214919487699,9
7137,5.427370155349252,4.770852011642144,-0.6565181437071086,3
7138,5.431831165696128,4.770852011642144,-0.660979154053984,2
7139,5.3419771455691105,4.770852011642144,-0.5711251339269667,6
7140,5.452067239865447,4.770852011642144,-0.6812152282233033,10
7141,5.55553727327899,4.770852011642144,-0.784685261636846,9
7142,5.29117558089695,4.770852011642144,-0.5203235692548063,1
7143,5.465197008426375,4.770852011642144,-0.6943449967842312,4
7144,5.33434707781528,4.770852011642144,-0.5634950661731359,8
7145,5.4308936587215735,4.770852011642144,-0.6600416470794297,7
7146,6.075687729502368,6.3979400086720375,0.32225227916966936,6
7147,6.037338260531928,6.3979400086720375,0.3606017481401098,5
7148,6.014197969951373,6.3979400086720375,0.3837420387206647,3
7149,6.123761352883941,6.3979400086720375,0.27417865578809675,4
7150,6.16308992719509,6.3979400086720375,0.23485008147694764,7
7151,6.104985503655244,6.3979400086720375,0.29295450501679365,9
7152,6.044163833852448,6.3979400086720375,0.3537761748195898,8
7153,6.0543000830178775,6.3979400086720375,0.34363992565416,1
7154,6.084137054450537,6.3979400086720375,0.31380295422150084,2
7155,6.1978736844510545,6.419955748489758,0.22208206403870356,7
7156,6.079008891301625,6.419955748489758,0.34094685718813267,2
7157,6.070372632956986,6.419955748489758,0.34958311553277177,6
7158,6.06766030815293,6.419955748489758,0.35229544033682814,10
7159,6.1013827715727835,6.419955748489758,0.3185729769169745,5
7160,6.095754176123337,6.419955748489758,0.32420157236642133,4
7161,6.025748914120275,6.419955748489758,0.39420683436948334,3
7162,6.067822611262745,6.419955748489758,0.3521331372270131,1
7163,5.997687541770997,6.419955748489758,0.4222682067187611,8
7164,6.12357061754109,6.819543935541868,0.6959733180007781,8
7165,6.218785196909613,6.819543935541868,0.6007587386322557,2
7166,6.121935728632367,6.819543935541868,0.6976082069095018,3
7167,6.129519385511181,6.819543935541868,0.690024550030687,5
7168,6.051069671522903,6.819543935541868,0.7684742640189652,10
7169,6.1391809734224525,6.819543935541868,0.6803629621194158,7
7170,6.280839376200922,6.819543935541868,0.5387045593409461,9
7171,6.13161646517342,6.819543935541868,0.6879274703684484,4
7172,6.189879950467232,6.819543935541868,0.629663985074636,1
7173,5.808410384520295,5.128399268717806,-0.6800111158024889,10
7174,5.8677624683906995,5.128399268717806,-0.7393631996728933,2
7175,5.799620606638467,5.128399268717806,-0.6712213379206604,5
7176,5.816715476018983,5.128399268717806,-0.6883162073011766,4
7177,5.775986966346992,5.128399268717806,-0.6475876976291861,3
7178,5.779836722180869,5.128399268717806,-0.6514374534630631,8
7179,5.794717773584385,5.128399268717806,-0.6663185048665792,7
7180,5.92382630973878,5.128399268717806,-0.7954270410209743,1
7181,5.639774724537187,5.128399268717806,-0.5113754558193806,6
7182,5.874260967075718,4.948070481518941,-0.9261904855567771,8
7183,5.773049418087011,4.948070481518941,-0.82497893656807,5
7184,5.775097419440533,4.948070481518941,-0.827026937921592,2
7185,5.844984921600742,4.948070481518941,-0.896914440081801,4
7186,5.853941031444078,4.948070481518941,-0.9058705499251376,7
7187,5.8559593409385355,4.948070481518941,-0.9078888594195949,9
7188,5.820536085512292,4.948070481518941,-0.8724656039933514,3
7189,5.76166520749501,4.948070481518941,-0.8135947259760696,6
7190,5.88920745787772,4.948070481518941,-0.9411369763587789,10
7191,6.2887132477100405,6.4679039465228,0.17919069881275984,3
7192,6.4186276687537385,6.4679039465228,0.04927627776906185,9
7193,6.333435810602424,6.4679039465228,0.13446813592037632,7
7194,6.309521804813923,6.4679039465228,0.1583821417088771,5
7195,6.323271786915719,6.4679039465228,0.14463215960708098,1
7196,6.366393059850401,6.4679039465228,0.10151088667239971,2
7197,6.292620832804293,6.4679039465228,0.1752831137185069,4
7198,6.156358207761695,6.4679039465228,0.31154573876110536,8
7199,6.3204487172849175,6.4679039465228,0.1474552292378828,10
7200,6.587229540971595,6.284656282788515,-0.30257325818308,1
7201,6.588656450954927,6.284656282788515,-0.30400016816641173,2
7202,6.621058621682003,6.284656282788515,-0.33640233889348803,3
7203,6.570980419402047,6.284656282788515,-0.2863241366135316,6
7204,6.28434019713937,6.284656282788515,0.00031608564914531456,8
7205,6.5073723532219825,6.284656282788515,-0.2227160704334672,4
7206,6.5604219746602634,6.284656282788515,-0.27576569187174815,5
7207,6.594294696682145,6.284656282788515,-0.3096384138936301,7
7208,6.568362978864079,6.284656282788515,-0.28370669607556387,10
7209,6.333435810602424,6.556302500767287,0.22286669016486282,7
7210,6.323271786915719,6.556302500767287,0.23303071385156748,1
7211,6.3204487172849175,6.556302500767287,0.2358537834823693,10
7212,6.292620832804293,6.556302500767287,0.2636816679629934,4
7213,6.2887132477100405,6.556302500767287,0.26758925305724635,3
7214,6.4186276687537385,6.556302500767287,0.13767483201354835,9
7215,6.309521804813923,6.556302500767287,0.2467806959533636,5
7216,6.366393059850401,6.556302500767287,0.18990944091688622,2
7217,6.301841346758579,6.556302500767287,0.25446115400870806,6
7218,5.5389621284953865,4.858537197569639,-0.6804249309257475,2
7219,5.534700516077229,4.858537197569639,-0.6761633185075899,4
7220,5.574144992648604,4.858537197569639,-0.7156077950789648,6
7221,5.539830270249643,4.858537197569639,-0.6812930726800044,3
7222,5.546125216823338,4.858537197569639,-0.687588019253699,8
7223,5.666578282447136,4.858537197569639,-0.8080410848774973,7
7224,5.540938175830302,4.858537197569639,-0.682400978260663,9
7225,5.6619880412607655,4.858537197569639,-0.8034508436911265,10
7226,5.517373663763684,4.858537197569639,-0.6588364661940451,5
7227,5.608797114545397,5.230448921378274,-0.3783481931671231,3
7228,5.613113355864897,5.230448921378274,-0.3826644344866228,6
7229,5.764563925872233,5.230448921378274,-0.5341150044939589,1
7230,5.710596991640759,5.230448921378274,-0.4801480702624845,7
7231,5.719628753560427,5.230448921378274,-0.48917983218215255,10
7232,5.613621755316275,5.230448921378274,-0.3831728339380005,4
7233,5.637132064868166,5.230448921378274,-0.4066831434898921,9
7234,5.628390328576893,5.230448921378274,-0.39794140719861915,5
7235,5.653884123210458,5.230448921378274,-0.4234352018321843,8
7236,5.471214319465885,4.728028954420519,-0.7431853650453659,5
7237,5.4598042018954835,4.728028954420519,-0.7317752474749648,2
7238,5.4816834447676195,4.728028954420519,-0.7536544903471007,4
7239,5.548320384977443,4.728028954420519,-0.8202914305569244,1
7240,5.5176601792680495,4.728028954420519,-0.7896312248475308,8
7241,5.4620398187782815,4.728028954420519,-0.7340108643577627,7
7242,5.41261368901608,4.728028954420519,-0.6845847345955614,6
7243,5.562996833850801,4.728028954420519,-0.8349678794302822,3
7244,5.323290947549783,4.728028954420519,-0.595261993129264,9
7245,5.5261584912652175,4.0,-1.5261584912652175,1
7246,5.500691025992676,4.0,-1.5006910259926762,8
7247,5.520157923633199,4.0,-1.5201579236331986,7
7248,5.537296344338342,4.0,-1.5372963443383423,4
7249,5.5666034647190195,4.0,-1.5666034647190195,2
7250,5.3680566115711725,4.0,-1.3680566115711725,9
7251,5.550037258203051,4.0,-1.5500372582030506,6
7252,5.5144066158324,4.0,-1.5144066158324003,5
7253,5.566003744124352,4.0,-1.5660037441243517,3
7254,6.089846801213993,6.049218022670182,-0.04062877854381064,3
7255,6.046309396832356,6.049218022670182,0.0029086258378256957,6
7256,6.12237938528138,6.049218022670182,-0.07316136261119777,7
7257,6.09912542417471,6.049218022670182,-0.04990740150452844,5
7258,6.070284406117829,6.049218022670182,-0.02106638344764722,10
7259,6.085039375818927,6.049218022670182,-0.03582135314874524,9
7260,6.077946990476267,6.049218022670182,-0.028728967806085137,1
7261,6.043969978680474,6.049218022670182,0.005248043989707796,8
7262,6.133420577762941,6.049218022670182,-0.08420255509275876,4
7263,5.633431640743529,4.826074802700826,-0.8073568380427032,4
7264,5.614728979381067,4.826074802700826,-0.7886541766802413,7
7265,5.673036999916518,4.826074802700826,-0.8469621972156922,5
7266,5.785086677783557,4.826074802700826,-0.959011875082731,10
7267,5.30540920872931,4.826074802700826,-0.4793344060284843,9
7268,5.669867337239159,4.826074802700826,-0.8437925345383332,8
7269,5.640631187398178,4.826074802700826,-0.8145563846973518,2
7270,5.651454823753345,4.826074802700826,-0.8253800210525188,1
7271,5.687579337018577,4.826074802700826,-0.861504534317751,6
7272,4.822710869165433,5.760422483423212,0.937711614257779,2
7273,4.740237369634462,5.760422483423212,1.0201851137887497,3
7274,4.791341679511642,5.760422483423212,0.9690808039115701,9
7275,4.72568978863473,5.760422483423212,1.0347326947884818,5
7276,4.821916397696527,5.760422483423212,0.9385060857266847,1
7277,4.78062919960668,5.760422483423212,0.979793283816532,10
7278,4.792817025401799,5.760422483423212,0.9676054580214126,7
7279,4.837542919573966,5.760422483423212,0.9228795638492455,6
7280,4.796992208784219,5.760422483423212,0.9634302746389931,8
7281,4.330051951944041,4.041392685158225,-0.28865926678581566,5
7282,4.231864242823039,4.041392685158225,-0.1904715576648135,7
7283,4.340864354969634,4.041392685158225,-0.2994716698114086,8
7284,4.194694551080355,4.041392685158225,-0.15330186592212947,9
7285,4.217011139843305,4.041392685158225,-0.17561845468507986,6
7286,4.098483367403966,4.041392685158225,-0.05709068224574043,3
7287,4.316852597228619,4.041392685158225,-0.275459912070394,4
7288,4.179446996394578,4.041392685158225,-0.1380543112363526,10
7289,4.20386543463839,4.041392685158225,-0.16247274948016432,1
7290,5.60272253174722,5.00987563371216,-0.5928468980350594,1
7291,5.301170429244036,5.00987563371216,-0.29129479553187565,9
7292,5.485361932864219,5.00987563371216,-0.47548629915205876,7
7293,5.615114504096066,5.00987563371216,-0.6052388703839062,10
7294,5.492250279939803,5.00987563371216,-0.48237464622764303,6
7295,5.535681572485355,5.00987563371216,-0.5258059387731953,2
7296,5.479531781763109,5.00987563371216,-0.4696561480509489,8
7297,5.585777149592689,5.00987563371216,-0.5759015158805285,3
7298,5.5429410887001325,5.00987563371216,-0.5330654549879723,4
7299,5.541492037385769,5.02938377768521,-0.5121082597005593,1
7300,5.515930824502431,5.02938377768521,-0.48654704681722105,8
7301,5.4833359542467885,5.02938377768521,-0.4539521765615788,3
7302,5.429818957975832,5.02938377768521,-0.4004351802906223,7
7303,5.422187479302463,5.02938377768521,-0.392803701617253,2
7304,5.420439285348416,5.02938377768521,-0.3910555076632063,4
7305,5.375587298669813,5.02938377768521,-0.34620352098460305,10
7306,5.47629058836188,5.02938377768521,-0.44690681067667004,6
7307,5.328329198032775,5.02938377768521,-0.29894542034756544,9
7308,5.795550658400479,5.544811911757776,-0.25073874664270246,10
7309,5.709242868945474,5.544811911757776,-0.1644309571876983,6
7310,5.787033911168075,5.544811911757776,-0.2422219994102992,8
7311,5.738205170983249,5.544811911757776,-0.19339325922547257,9
7312,5.739042936053578,5.544811911757776,-0.19423102429580208,7
7313,5.739264899449549,5.544811911757776,-0.19445298769177288,2
7314,5.8416679543896475,5.544811911757776,-0.2968560426318714,3
7315,5.739249781252006,5.544811911757776,-0.19443786949423014,5
7316,5.794528454254381,5.544811911757776,-0.24971654249660524,1
7317,5.481571477193995,5.041392685158225,-0.4401787920357698,7
7318,5.741254853119899,5.041392685158225,-0.6998621679616734,10
7319,5.483657493027648,5.041392685158225,-0.4422648078694227,6
7320,5.514840030555065,5.041392685158225,-0.4734473453968393,8
7321,5.4358996674988465,5.041392685158225,-0.3945069823406211,5
7322,5.466960477890894,5.041392685158225,-0.42556779273266887,1
7323,5.460316190571031,5.041392685158225,-0.4189235054128053,2
7324,5.520253858697037,5.041392685158225,-0.47886117353881197,3
7325,5.292545755853444,5.041392685158225,-0.25115307069521897,9
7326,5.5597690938673665,5.61066016308988,0.050891069222513075,6
7327,5.603498218584925,5.61066016308988,0.007161944504954221,1
7328,5.386885696228846,5.61066016308988,0.22377446686103397,9
7329,5.48673935296124,5.61066016308988,0.12392081012863976,2
7330,5.581403114406441,5.61066016308988,0.029257048683438924,8
7331,5.473209997227412,5.61066016308988,0.13745016586246717,5
7332,5.7477542585819625,5.61066016308988,-0.13709409549208296,10
7333,5.559200703289644,5.61066016308988,0.051459459800235585,3
7334,5.5451764453707355,5.61066016308988,0.06548371771914407,4
7335,5.278521116158783,5.045322978786658,-0.23319813737212503,7
7336,5.286403601939331,5.045322978786658,-0.24108062315267365,5
7337,5.163641602788091,5.045322978786658,-0.11831862400143311,9
7338,5.332319255566737,5.045322978786658,-0.2869962767800791,6
7339,5.309536357779361,5.045322978786658,-0.2642133789927037,3
7340,5.267805323534847,5.045322978786658,-0.2224823447481894,1
7341,5.3659043143534,5.045322978786658,-0.3205813355667422,8
7342,5.3136433737200655,5.045322978786658,-0.26832039493340787,4
7343,5.3136495843586875,5.045322978786658,-0.2683266055720299,2
7344,4.70756805300291,4.0178677189635055,-0.6897003340394043,6
7345,4.5865048920601,4.0178677189635055,-0.5686371730965947,10
7346,4.6220859275649335,4.0178677189635055,-0.604218208601428,4
7347,4.536776159769018,4.0178677189635055,-0.5189084408055127,5
7348,4.6119687474762365,4.0178677189635055,-0.594101028512731,8
7349,4.5616688440630755,4.0178677189635055,-0.54380112509957,2
7350,4.561239727855795,4.0178677189635055,-0.5433720088922893,7
7351,4.792107298196143,4.0178677189635055,-0.7742395792326375,1
7352,4.549273549787753,4.0178677189635055,-0.5314058308242471,9
7353,5.513957697447815,5.96189547366785,0.4479377762200354,1
7354,5.518472304698734,5.96189547366785,0.44342316896911615,10
7355,5.42130525921834,5.96189547366785,0.5405902144495096,7
7356,5.5741970250290125,5.96189547366785,0.3876984486388375,6
7357,5.458329642759138,5.96189547366785,0.5035658309087117,4
7358,5.533936747469666,5.96189547366785,0.42795872619818365,5
7359,5.5387677523202345,5.96189547366785,0.42312772134761545,9
7360,5.612942592922707,5.96189547366785,0.3489528807451432,8
7361,5.506959153437537,5.96189547366785,0.4549363202303134,3
7362,4.142935702084607,4.022428371185487,-0.12050733089911958,2
7363,4.06078846409833,4.022428371185487,-0.0383600929128427,3
7364,4.238364914189915,4.022428371185487,-0.21593654300442733,5
7365,4.204702905612111,4.022428371185487,-0.18227453442662345,1
7366,4.162462464716759,4.022428371185487,-0.1400340935312716,9
7367,4.172073452865669,4.022428371185487,-0.1496450816801813,8
7368,4.099626500652381,4.022428371185487,-0.0771981294668933,6
7369,4.168625753495412,4.022428371185487,-0.14619738230992496,7
7370,4.285289334058715,4.022428371185487,-0.26286096287322724,10
7371,5.242503896747149,4.468347330412158,-0.774156566334991,10
7372,5.234814964799654,4.468347330412158,-0.7664676343874959,2
7373,5.309351949608382,4.468347330412158,-0.8410046191962239,7
7374,5.207358981655782,4.468347330412158,-0.739011651243624,1
7375,5.236197613965725,4.468347330412158,-0.7678502835535674,6
7376,5.42315477571233,4.468347330412158,-0.9548074453001725,8
7377,5.245001287882981,4.468347330412158,-0.7766539574708231,5
7378,5.27281924330118,4.468347330412158,-0.8044719128890225,9
7379,5.219314212028001,4.468347330412158,-0.7509668816158435,4
7380,5.595040609060686,5.748188027006201,0.15314741794551434,1
7381,5.612358140574213,5.748188027006201,0.13582988643198757,7
7382,5.653115167651256,5.748188027006201,0.09507285935494458,5
7383,5.654987255469638,5.748188027006201,0.09320077153656303,4
7384,5.647612212568239,5.748188027006201,0.1005758144379616,9
7385,5.618864163865531,5.748188027006201,0.12932386314066946,6
7386,5.567700398726855,5.748188027006201,0.18048762827934528,2
7387,5.7146748064597555,5.748188027006201,0.03351322054644523,8
7388,5.647434837428009,5.748188027006201,0.10075318957819146,10
7389,4.612740027880262,4.389095173354185,-0.22364485452607674,4
7390,4.560206672396601,4.389095173354185,-0.17111149904241518,10
7391,4.305974058011396,4.389095173354185,0.08312111534278976,2
7392,4.524928689608802,4.389095173354185,-0.1358335162546167,3
7393,4.59686005723442,4.389095173354185,-0.20776488388023484,6
7394,4.481248644996183,4.389095173354185,-0.09215347164199716,7
7395,4.606210568962546,4.389095173354185,-0.2171153956083609,8
7396,4.627379512108077,4.389095173354185,-0.23828433875389177,5
7397,4.564263686061749,4.389095173354185,-0.17516851270756373,1
7398,4.503683253356654,4.17897694729317,-0.3247063060634847,1
7399,4.400745424014254,4.17897694729317,-0.2217684767210839,3
7400,4.395770614195317,4.17897694729317,-0.21679366690214685,4
7401,4.393656343106431,4.17897694729317,-0.21467939581326156,10
7402,4.433592890181437,4.17897694729317,-0.2546159428882673,6
7403,4.381355785181213,4.17897694729317,-0.2023788378880429,7
7404,4.87860037880871,4.17897694729317,-0.6996234315155405,5
7405,4.364935704533625,4.17897694729317,-0.18595875724045552,2
7406,4.59732636076331,4.17897694729317,-0.41834941347014,9
7407,5.736213986719108,5.781036938621132,0.04482295190202379,1
7408,5.767466265753394,5.781036938621132,0.013570672867738054,4
7409,5.735899954901333,5.781036938621132,0.04513698371979924,5
7410,5.7515447635594725,5.781036938621132,0.029492175061659687,6
7411,5.732728997122246,5.781036938621132,0.048307941498886287,2
7412,5.761001247404462,5.781036938621132,0.020035691216670592,8
7413,5.780503923730209,5.781036938621132,0.0005330148909230559,9
7414,5.816774876601389,5.781036938621132,-0.03573793798025715,10
7415,5.603797740351418,5.781036938621132,0.17723919826971457,3
7416,4.792107298196143,4.0,-0.792107298196143,1
7417,4.561239727855795,4.0,-0.5612397278557948,7
7418,4.6119687474762365,4.0,-0.6119687474762365,8
7419,4.5865048920601,4.0,-0.5865048920601001,10
7420,4.549273549787753,4.0,-0.5492735497877526,9
7421,4.65554631630735,4.0,-0.6555463163073503,3
7422,4.6220859275649335,4.0,-0.6220859275649335,4
7423,4.5616688440630755,4.0,-0.5616688440630755,2
7424,4.536776159769018,4.0,-0.5367761597690182,5
7425,5.589080592281748,4.812913356642856,-0.7761672356388924,10
7426,5.605542471580066,4.812913356642856,-0.7926291149372107,6
7427,5.628510587631755,4.812913356642856,-0.8155972309888995,3
7428,5.675249056362321,4.812913356642856,-0.8623356997194653,9
7429,5.614286631407513,4.812913356642856,-0.8013732747646571,4
7430,5.655834969489308,4.812913356642856,-0.8429216128464523,1
7431,5.666516442164009,4.812913356642856,-0.8536030855211534,2
7432,5.687788360798919,4.812913356642856,-0.8748750041560633,5
7433,5.683271269965348,4.812913356642856,-0.8703579133224926,8
7434,5.610841518270439,5.68930885912362,0.07846734085318108,4
7435,5.6504756200296,5.68930885912362,0.03883323909401959,9
7436,5.588509327533533,5.68930885912362,0.10079953159008692,7
7437,5.592518606534998,5.68930885912362,0.0967902525886215,1
7438,5.650943279888894,5.68930885912362,0.03836557923472572,8
7439,5.454399142947654,5.68930885912362,0.23490971617596568,2
7440,5.572259045267214,5.68930885912362,0.117049813856406,5
7441,5.604497619348247,5.68930885912362,0.08481123977537308,10
7442,5.552467065472976,5.68930885912362,0.13684179365064342,3
7443,5.353066602265625,5.851258348719076,0.4981917464534513,2
7444,5.551116647309313,5.851258348719076,0.30014170140976315,9
7445,5.558039908023497,5.851258348719076,0.2932184406955791,3
7446,5.480895042758106,5.851258348719076,0.37036330596097056,6
7447,5.539064757926682,5.851258348719076,0.3121935907923943,10
7448,5.4888818181012695,5.851258348719076,0.36237653061780684,5
7449,5.590281025183023,5.851258348719076,0.2609773235360535,4
7450,5.39768368816903,5.851258348719076,0.45357466055004636,7
7451,5.5411199160022395,5.851258348719076,0.31013843271683683,1
7452,5.387316856818151,5.189209489582306,-0.19810736723584466,3
7453,5.29126848658537,5.189209489582306,-0.10205899700306365,9
7454,5.380396289838976,5.189209489582306,-0.1911868002566699,5
7455,5.325499637338798,5.189209489582306,-0.13629014775649217,8
7456,5.294561086527223,5.189209489582306,-0.10535159694491636,2
7457,5.486512978116523,5.189209489582306,-0.29730348853421695,10
7458,5.322166269097842,5.189209489582306,-0.13295677951553575,6
7459,5.3787519113817055,5.189209489582306,-0.18954242179939929,4
7460,5.294427485611107,5.189209489582306,-0.10521799602880044,1
7461,4.714419788757243,4.049218022670182,-0.665201766087061,2
7462,4.698260966635981,4.049218022670182,-0.6490429439657994,10
7463,4.823625897453469,4.049218022670182,-0.7744078747832868,8
7464,4.776698812719013,4.049218022670182,-0.7274807900488307,9
7465,4.8397974020426435,4.049218022670182,-0.7905793793724616,7
7466,5.109228962838026,4.049218022670182,-1.0600109401678441,4
7467,4.802691803237772,4.049218022670182,-0.7534737805675897,5
7468,4.799202284644468,4.049218022670182,-0.7499842619742862,6
7469,4.765504445634847,4.049218022670182,-0.7162864229646653,1
7470,5.389006000824136,4.7160033436348,-0.6730026571893353,7
7471,5.417204337765058,4.7160033436348,-0.7012009941302573,4
7472,5.239356358061424,4.7160033436348,-0.5233530144266236,1
7473,5.385513019788327,4.7160033436348,-0.6695096761535266,6
7474,5.251960743716783,4.7160033436348,-0.5359574000819824,10
7475,5.625470680116675,4.7160033436348,-0.9094673364818746,2
7476,5.409544186313958,4.7160033436348,-0.693540842679158,3
7477,5.373785753346986,4.7160033436348,-0.657782409712186,5
7478,5.424618084459465,4.7160033436348,-0.7086147408246646,9
7479,5.647810882862156,6.763427993562937,1.1156171107007813,8
7480,5.7706368565887045,6.763427993562937,0.9927911369742324,6
7481,5.646947882020325,6.763427993562937,1.1164801115426117,9
7482,5.5354777967661315,6.763427993562937,1.2279501967968054,5
7483,5.654901799934591,6.763427993562937,1.1085261936283457,3
7484,5.649558951813426,6.763427993562937,1.1138690417495107,1
7485,5.653740768837557,6.763427993562937,1.1096872247253797,7
7486,5.651860901320353,6.763427993562937,1.1115670922425842,2
7487,5.648954855955782,6.763427993562937,1.1144731376071553,4
7488,5.417204337765058,3.832508912706236,-1.5846954250588214,4
7489,5.385513019788327,3.832508912706236,-1.5530041070820908,6
7490,5.239356358061424,3.832508912706236,-1.4068474453551878,1
7491,5.373785753346986,3.832508912706236,-1.5412768406407502,5
7492,5.389006000824136,3.832508912706236,-1.5564970881178994,7
7493,5.409544186313958,3.832508912706236,-1.5770352736077222,3
7494,5.251960743716783,3.832508912706236,-1.4194518310105466,10
7495,5.424618084459465,3.832508912706236,-1.5921091717532287,9
7496,5.5549827093835304,3.832508912706236,-1.7224737966772943,8
7497,5.14103844408734,5.079181246047625,-0.06185719803971512,1
7498,5.330729083014502,5.079181246047625,-0.25154783696687666,7
7499,5.155788932432932,5.079181246047625,-0.0766076863853069,2
7500,5.156947041167829,5.079181246047625,-0.07776579512020376,9
7501,5.238769161063573,5.079181246047625,-0.1595879150159476,4
7502,5.190935739819432,5.079181246047625,-0.1117544937718069,6
7503,5.129349530432482,5.079181246047625,-0.05016828438485721,5
7504,5.235486857992297,5.079181246047625,-0.15630561194467152,3
7505,5.023419085208581,5.079181246047625,0.05576216083904395,10
7506,4.796992208784219,3.4771212547196626,-1.3198709540645561,8
7507,4.822710869165433,3.4771212547196626,-1.3455896144457702,2
7508,4.837542919573966,3.4771212547196626,-1.3604216648543037,6
7509,4.792817025401799,3.4771212547196626,-1.3156957706821366,7
7510,4.791341679511642,3.4771212547196626,-1.314220424791979,9
7511,4.72568978863473,3.4771212547196626,-1.2485685339150674,5
7512,4.740237369634462,3.4771212547196626,-1.2631161149147996,3
7513,4.78062919960668,3.4771212547196626,-1.3035079448870173,10
7514,4.821916397696527,3.4771212547196626,-1.3447951429768645,1
7515,4.70756805300291,5.285557309007774,0.5779892560048641,6
7516,4.561239727855795,5.285557309007774,0.7243175811519791,7
7517,4.5616688440630755,5.285557309007774,0.7238884649446984,2
7518,4.5865048920601,5.285557309007774,0.6990524169476737,10
7519,4.65554631630735,5.285557309007774,0.6300109927004236,3
7520,4.6220859275649335,5.285557309007774,0.6634713814428403,4
7521,4.792107298196143,5.285557309007774,0.49345001081163087,1
7522,4.536776159769018,5.285557309007774,0.7487811492387557,5
7523,4.6119687474762365,5.285557309007774,0.6735885615315373,8
7524,5.667977889188286,6.2552725051033065,0.5872946159150203,1
7525,5.684728560813193,6.2552725051033065,0.5705439442901135,7
7526,5.673923848357264,6.2552725051033065,0.5813486567460426,9
7527,5.663967631724667,6.2552725051033065,0.5913048733786397,6
7528,5.573998463232084,6.2552725051033065,0.6812740418712222,5
7529,5.655991430402039,6.2552725051033065,0.5992810747012678,10
7530,5.706282798603342,6.2552725051033065,0.548989706499964,3
7531,5.6731498035258205,6.2552725051033065,0.5821227015774859,4
7532,5.692483143935642,6.2552725051033065,0.5627893611676642,8
7533,5.338844547988628,4.845098040014257,-0.4937465079743708,6
7534,5.3691883564900955,4.845098040014257,-0.5240903164758386,10
7535,5.362623230887159,4.845098040014257,-0.5175251908729024,2
7536,5.451221338939678,4.845098040014257,-0.6061232989254215,9
7537,5.331068433520681,4.845098040014257,-0.4859703935064239,5
7538,5.510993856156731,4.845098040014257,-0.6658958161424744,7
7539,5.404586650937533,4.845098040014257,-0.5594886109232764,3
7540,5.32889772984252,4.845098040014257,-0.48379968982826327,1
7541,5.410646880088061,4.845098040014257,-0.565548840073804,4
7542,5.700968134958864,6.079181246047625,0.378213111088761,9
7543,5.6994243742626285,6.079181246047625,0.3797568717849966,7
7544,5.656968700530936,6.079181246047625,0.42221254551668874,6
7545,5.649042766540787,6.079181246047625,0.43013847950683815,8
7546,5.712181762361067,6.079181246047625,0.3669994836865582,3
7547,5.676662407393191,6.079181246047625,0.4025188386544345,4
7548,5.7037807055055785,6.079181246047625,0.37540054054204663,2
7549,5.674034841765057,6.079181246047625,0.40514640428256854,10
7550,5.645011895396249,6.079181246047625,0.4341693506513762,1
7551,4.389603453550108,4.4048337166199385,0.015230263069830663,6
7552,4.35731443317174,4.4048337166199385,0.04751928344819856,1
7553,4.272076368542283,4.4048337166199385,0.13275734807765538,3
7554,4.350733176886169,4.4048337166199385,0.054100539733769715,10
7555,4.3507048248121585,4.4048337166199385,0.05412889180778002,7
7556,4.450759394055617,4.4048337166199385,-0.04592567743567866,4
7557,4.451321186781965,4.4048337166199385,-0.04648747016202659,5
7558,4.49714406027642,4.4048337166199385,-0.09231034365648139,8
7559,4.378976273273897,4.4048337166199385,0.025857443346041897,9
7560,5.5676109307036645,4.79982283099332,-0.7677880997103443,9
7561,5.539094535500399,4.79982283099332,-0.7392717045070789,4
7562,5.611127458223788,4.79982283099332,-0.8113046272304674,6
7563,5.567712363955328,4.79982283099332,-0.7678895329620081,2
7564,5.496438083385234,4.79982283099332,-0.696615252391914,5
7565,5.549142133087886,4.79982283099332,-0.7493193020945661,1
7566,5.60611231505458,4.79982283099332,-0.80628948406126,7
7567,5.514169800937598,4.79982283099332,-0.7143469699442777,3
7568,5.647130661243489,4.79982283099332,-0.8473078302501689,8
7569,5.634808092746797,6.698970004336019,1.0641619115892214,4
7570,5.654132021366096,6.698970004336019,1.0448379829699226,6
7571,5.6630992010513435,6.698970004336019,1.0358708032846753,9
7572,5.642859335950775,6.698970004336019,1.0561106683852435,5
7573,5.5923342782388685,6.698970004336019,1.1066357260971502,1
7574,5.568008376328857,6.698970004336019,1.130961628007162,3
7575,5.6949310711762715,6.698970004336019,1.0040389331597472,8
7576,5.6023591283988,6.698970004336019,1.0966108759372188,7
7577,5.6284229349924475,6.698970004336019,1.0705470693435712,10
7578,4.503683253356654,3.494154594018443,-1.0095286593382116,1
7579,4.59732636076331,3.494154594018443,-1.1031717667448668,9
7580,4.433592890181437,3.494154594018443,-0.9394382961629941,6
7581,4.381355785181213,3.494154594018443,-0.8872011911627697,7
7582,4.400745424014254,3.494154594018443,-0.9065908299958108,3
7583,4.364935704533625,3.494154594018443,-0.8707811105151824,2
7584,4.395770614195317,3.494154594018443,-0.9016160201768737,4
7585,4.652480419059116,3.494154594018443,-1.1583258250406732,8
7586,4.393656343106431,3.494154594018443,-0.8995017490879884,10
7587,5.715920273274089,6.079181246047625,0.36326097277353586,4
7588,5.562448192751847,6.079181246047625,0.5167330532957779,2
7589,5.716024453846627,6.079181246047625,0.36315679220099817,10
7590,5.695443132131726,6.079181246047625,0.38373811391589907,6
7591,5.709929153839272,6.079181246047625,0.3692520922083533,7
7592,5.701177622107976,6.079181246047625,0.3780036239396489,5
7593,5.706325240164968,6.079181246047625,0.37285600588265755,9
7594,5.706731306155686,6.079181246047625,0.372449939891939,8
7595,5.709875881879843,6.079181246047625,0.3693053641677819,3
7596,5.221867629732234,4.017033339298781,-1.2048342904334532,4
7597,4.964012487819445,4.017033339298781,-0.946979148520664,5
7598,5.237724838209619,4.017033339298781,-1.2206914989108384,9
7599,5.219691375921993,4.017033339298781,-1.2026580366232125,8
7600,5.067616900115329,4.017033339298781,-1.0505835608165484,7
7601,5.105167033038807,4.017033339298781,-1.0881336937400263,2
7602,5.084486718220482,4.017033339298781,-1.0674533789217016,3
7603,5.147774380839612,4.017033339298781,-1.1307410415408317,10
7604,5.047822786508919,4.017033339298781,-1.0307894472101387,6
7605,4.883364215256316,4.544068044350276,-0.3392961709060405,8
7606,5.205913513329031,4.544068044350276,-0.661845468978755,10
7607,4.742787868233651,4.544068044350276,-0.1987198238833754,7
7608,4.82098174887577,4.544068044350276,-0.27691370452549435,5
7609,4.898179583306486,4.544068044350276,-0.35411153895620995,9
7610,4.981116375073743,4.544068044350276,-0.43704833072346716,1
7611,4.859887161714587,4.544068044350276,-0.31581911736431145,4
7612,4.834521622651256,4.544068044350276,-0.29045357830098073,2
7613,4.905193582302164,4.544068044350276,-0.36112553795188873,6
7614,4.6103681999761195,3.342422680822206,-1.2679455191539133,8
7615,4.593637007265638,3.342422680822206,-1.251214326443432,9
7616,4.5938240891667785,3.342422680822206,-1.2514014083445724,3
7617,4.580572520293287,3.342422680822206,-1.2381498394710806,4
7618,4.570380656687553,3.342422680822206,-1.2279579758653472,1
7619,4.585001310452549,3.342422680822206,-1.242578629630343,6
7620,4.655126912661385,3.342422680822206,-1.3127042318391786,7
7621,4.535073925034467,3.342422680822206,-1.1926512442122612,10
7622,4.503322517678723,3.342422680822206,-1.1608998368565167,5
7623,3.1229560962925134,4.1027766148834415,0.9798205185909281,1
7624,3.26003295363937,4.1027766148834415,0.8427436612440715,3
7625,3.487443193404709,4.1027766148834415,0.6153334214787325,4
7626,3.3450801599197275,4.1027766148834415,0.757696454963714,2
7627,3.1767733856697644,4.1027766148834415,0.9260032292136771,9
7628,3.256912615757921,4.1027766148834415,0.8458639991255206,10
7629,3.286415380574517,4.1027766148834415,0.8163612343089244,7
7630,3.319305238820981,4.1027766148834415,0.7834713760624603,8
7631,3.3085154153336718,4.1027766148834415,0.7942611995497697,6
7632,4.73080204972431,3.9190780923760737,-0.811723957348236,4
7633,4.782027598464538,3.9190780923760737,-0.862949506088464,6
7634,4.762761862599582,3.9190780923760737,-0.8436837702235085,2
7635,4.821324374940282,3.9190780923760737,-0.9022462825642084,1
7636,4.850449752675884,3.9190780923760737,-0.9313716602998099,8
7637,4.7779379595361835,3.9190780923760737,-0.8588598671601098,9
7638,4.798973284428697,3.9190780923760737,-0.879895192052623,3
7639,4.709841794180516,3.9190780923760737,-0.7907637018044422,5
7640,4.626349852355738,3.9190780923760737,-0.7072717599796645,10
7641,5.355356142628653,6.0,0.6446438573713467,9
7642,5.296185145579326,6.0,0.7038148544206742,7
7643,5.27457003900658,6.0,0.72542996099342,3
7644,5.4259456543685705,6.0,0.5740543456314295,8
7645,5.330624786758151,6.0,0.6693752132418487,5
7646,5.519803420469092,6.0,0.480196579530908,2
7647,5.339383631703743,6.0,0.6606163682962567,4
7648,5.258635311294622,6.0,0.741364688705378,1
7649,5.233183381938139,6.0,0.7668166180618607,10
7650,5.656968700530936,5.7363965022766426,0.07942780174570618,6
7651,5.674034841765057,5.7363965022766426,0.06236166051158598,10
7652,5.676662407393191,5.7363965022766426,0.05973409488345194,4
7653,5.7037807055055785,5.7363965022766426,0.032615796771064076,2
7654,5.649042766540787,5.7363965022766426,0.08735373573585559,8
7655,5.700968134958864,5.7363965022766426,0.03542836731777843,9
7656,5.645011895396249,5.7363965022766426,0.09138460688039363,1
7657,5.592164476678355,5.7363965022766426,0.14423202559828763,5
7658,5.712181762361067,5.7363965022766426,0.024214739915575656,3
7659,5.255463074913549,4.562173863364649,-0.6932892115489002,3
7660,5.290620589792698,4.562173863364649,-0.7284467264280492,9
7661,5.257070221784304,4.562173863364649,-0.6948963584196557,10
7662,5.4168757967928975,4.562173863364649,-0.8547019334282489,6
7663,5.264754483156837,4.562173863364649,-0.7025806197921884,4
7664,5.247672931000975,4.562173863364649,-0.685499067636326,5
7665,5.294295815565257,4.562173863364649,-0.7321219522006084,7
7666,5.40300530117619,4.562173863364649,-0.8408314378115413,1
7667,5.226152417977654,4.562173863364649,-0.6639785546130055,2
7668,5.214500289164675,4.445604203273597,-0.7688960858910772,9
7669,5.269078195790694,4.445604203273597,-0.8234739925170969,1
7670,5.250574924354874,4.445604203273597,-0.8049707210812764,7
7671,5.153617094122905,4.445604203273597,-0.7080128908493073,5
7672,5.09152370461689,4.445604203273597,-0.6459195013432923,2
7673,5.427839017190748,4.445604203273597,-0.9822348139171506,8
7674,5.161559444065733,4.445604203273597,-0.7159552407921357,3
7675,5.2125871206484655,4.445604203273597,-0.7669829173748681,4
7676,5.26482333441749,4.445604203273597,-0.8192191311438926,10
7677,5.465884639900211,5.477121254719663,0.011236614819451596,5
7678,5.571727929276238,5.477121254719663,-0.09460667455657568,7
7679,5.567374946511132,5.477121254719663,-0.09025369179146914,6
7680,5.5703505767149855,5.477121254719663,-0.09322932199532286,1
7681,5.504359985746211,5.477121254719663,-0.02723873102654828,2
7682,5.557646060916045,5.477121254719663,-0.08052480619638214,4
7683,5.555105931210082,5.477121254719663,-0.07798467649041907,10
7684,5.5674611888040735,5.477121254719663,-0.09033993408441088,3
7685,5.585340875620469,5.477121254719663,-0.10821962090080639,9
7686,5.482694554456954,5.064457989226918,-0.4182365652300355,8
7687,5.530552322060737,5.064457989226918,-0.4660943328338192,10
7688,5.414602022778646,5.064457989226918,-0.35014403355172785,7
7689,5.348337542182955,5.064457989226918,-0.2838795529560372,2
7690,5.438380945077297,5.064457989226918,-0.3739229558503787,3
7691,5.443616178113311,5.064457989226918,-0.3791581888863931,4
7692,5.388034742720562,5.064457989226918,-0.32357675349364357,6
7693,5.431730302142236,5.064457989226918,-0.3672723129153175,1
7694,5.403147081315423,5.064457989226918,-0.3386890920885053,5
7695,5.880719714744309,7.176091259055681,1.2953715443113722,10
7696,5.8710749371797055,7.176091259055681,1.3050163218759758,7
7697,5.87920075387058,7.176091259055681,1.2968905051851012,8
7698,5.8502503994902035,7.176091259055681,1.3258408595654778,3
7699,5.864801513139602,7.176091259055681,1.3112897459160795,1
7700,5.812935390097224,7.176091259055681,1.363155868958457,6
7701,5.795106254577501,7.176091259055681,1.3809850044781804,2
7702,5.8329704104417495,7.176091259055681,1.3431208486139319,4
7703,5.891755600412467,7.176091259055681,1.2843356586432142,9
7704,5.724730445571331,6.041392685158225,0.3166622395868943,6
7705,5.6717302273429375,6.041392685158225,0.36966245781528784,9
7706,5.767299736708606,6.041392685158225,0.27409294844961973,8
7707,5.6630523914346,6.041392685158225,0.37834029372362554,4
7708,5.469875639625876,6.041392685158225,0.5715170455323495,5
7709,5.762784963790056,6.041392685158225,0.2786077213681697,1
7710,5.667845373799378,6.041392685158225,0.37354731135884744,3
7711,5.601279018957419,6.041392685158225,0.4401136662008067,2
7712,5.702137784816913,6.041392685158225,0.3392549003413121,7
7713,6.16979714475224,5.541579243946581,-0.6282179008056596,8
7714,6.254110683060613,5.541579243946581,-0.7125314391140325,5
7715,6.187594043765569,5.541579243946581,-0.646014799818988,10
7716,6.252624380515484,5.541579243946581,-0.7110451365689032,7
7717,6.18825762999949,5.541579243946581,-0.6466783860529093,9
7718,5.938239375523922,5.541579243946581,-0.3966601315773408,1
7719,6.2853656306989,5.541579243946581,-0.7437863867523191,4
7720,6.185645930170972,5.541579243946581,-0.6440666862243916,6
7721,6.200236540554058,5.541579243946581,-0.6586572966074771,2
7722,5.175493119941134,4.994317152669637,-0.1811759672714972,10
7723,5.154800744119387,4.994317152669637,-0.16048359144975066,8
7724,5.143001041088972,4.994317152669637,-0.14868388841933555,5
7725,5.293753533945822,4.994317152669637,-0.29943638127618577,3
7726,5.082979893667841,4.994317152669637,-0.08866274099820437,9
7727,5.090348347426385,4.994317152669637,-0.09603119475674848,2
7728,5.195070922362467,4.994317152669637,-0.2007537696928301,4
7729,5.058057612697434,4.994317152669637,-0.06374046002779732,1
7730,5.1543285876285525,4.994317152669637,-0.1600114349589159,7
7731,5.587504735588523,5.079181246047625,-0.5083234895408975,7
7732,5.573000195503583,5.079181246047625,-0.4938189494559575,5
7733,5.676126584552925,5.079181246047625,-0.5969453385053001,8
7734,5.6061830778137915,5.079181246047625,-0.5270018317661664,1
7735,5.4398917684411865,5.079181246047625,-0.3607105223935614,2
7736,5.642274528306676,5.079181246047625,-0.5630932822590511,9
7737,5.523106529472351,5.079181246047625,-0.4439252834247256,3
7738,5.619621609559561,5.079181246047625,-0.5404403635119355,6
7739,5.6130428948276325,5.079181246047625,-0.5338616487800074,10
7740,4.813827272460336,4.54282542695918,-0.27100184550115625,2
7741,4.964061521810969,4.54282542695918,-0.42123609485178903,3
7742,4.87856337162694,4.54282542695918,-0.33573794466775997,6
7743,4.9388735952621206,4.54282542695918,-0.3960481683029409,8
7744,4.8865505987511,4.54282542695918,-0.3437251717919203,7
7745,5.039230275548816,4.54282542695918,-0.49640484858963596,9
7746,4.912535914339417,4.54282542695918,-0.36971048738023704,4
7747,4.788263132568472,4.54282542695918,-0.24543770560929268,1
7748,4.825882324397289,4.54282542695918,-0.2830568974381089,5
7749,5.706146970022793,6.477121254719663,0.7709742846968695,5
7750,5.751692874003544,6.477121254719663,0.725428380716119,1
7751,5.764085616036461,6.477121254719663,0.713035638683202,8
7752,5.67407162771211,6.477121254719663,0.8030496270075522,7
7753,5.763745615554926,6.477121254719663,0.7133756391647363,9
7754,5.693278776253371,6.477121254719663,0.7838424784662914,3
7755,5.691357765171291,6.477121254719663,0.7857634895483718,6
7756,5.7834011711762905,6.477121254719663,0.6937200835433721,4
7757,5.710795068442252,6.477121254719663,0.7663261862774107,10
7758,5.5115941275711124,5.571708831808688,0.06011470423757537,5
7759,5.492899772614312,5.571708831808688,0.0788090591943762,7
7760,5.625643923964261,5.571708831808688,-0.05393509215557302,8
7761,5.574330526297052,5.571708831808688,-0.0026216944883641347,9
7762,5.522331243892576,5.571708831808688,0.04937758791611202,3
7763,5.349321313953076,5.571708831808688,0.22238751785561206,2
7764,5.567238637591039,5.571708831808688,0.004470194217648604,4
7765,5.559548219578678,5.571708831808688,0.012160612230009527,1
7766,5.554487472554102,5.571708831808688,0.017221359254586233,10
7767,5.76047785231721,6.633468455579586,0.8729906032623758,9
7768,5.816535421331711,6.633468455579586,0.8169330342478753,8
7769,5.777618713321341,6.633468455579586,0.8558497422582452,5
7770,5.8473422233179715,6.633468455579586,0.7861262322616147,7
7771,5.79015340508378,6.633468455579586,0.8433150504958062,4
7772,5.8184604692243465,6.633468455579586,0.8150079863552397,2
7773,5.810637044132752,6.633468455579586,0.8228314114468338,3
7774,6.091543764085311,6.633468455579586,0.541924691494275,1
7775,5.780660528512413,6.633468455579586,0.8528079270671736,6
7776,6.343818917988537,6.363047594521094,0.01922867653255622,2
7777,6.307739075531049,6.363047594521094,0.05530851899004485,9
7778,6.341648931993258,6.363047594521094,0.021398662527835732,10
7779,6.371306648234367,6.363047594521094,-0.008259053713273623,4
7780,6.31196534337194,6.363047594521094,0.05108225114915399,1
7781,6.318698656140303,6.363047594521094,0.04434893838079024,7
7782,6.33956855907168,6.363047594521094,0.02347903544941321,5
7783,6.335572042539817,6.363047594521094,0.027475551981276602,8
7784,6.283767442016092,6.363047594521094,0.07928015250500131,6
7785,4.963034142433306,4.212187604403958,-0.7508465380293483,9
7786,4.9237729588733785,4.212187604403958,-0.7115853544694204,2
7787,4.405106077632202,4.212187604403958,-0.19291847322824385,3
7788,4.903849832105577,4.212187604403958,-0.6916622277016184,4
7789,4.87985820972022,4.212187604403958,-0.6676706053162622,8
7790,4.919299732107674,4.212187604403958,-0.7071121277037156,10
7791,4.858252825171698,4.212187604403958,-0.6460652207677402,6
7792,4.863829379594399,4.212187604403958,-0.6516417751904413,7
7793,4.8793900467908085,4.212187604403958,-0.6672024423868503,1
7794,5.415191199573415,4.972619339059624,-0.44257186051379094,2
7795,5.17726877023381,4.972619339059624,-0.204649431174186,7
7796,5.381082041061775,4.972619339059624,-0.40846270200215073,3
7797,5.223436405003039,4.972619339059624,-0.2508170659434148,1
7798,5.383454502212867,4.972619339059624,-0.4108351631532434,5
7799,5.339051132438512,4.972619339059624,-0.3664317933788883,4
7800,5.4800238843049955,4.972619339059624,-0.5074045452453717,10
7801,5.297814346491561,4.972619339059624,-0.32519500743193674,9
7802,5.3477353759776625,4.972619339059624,-0.37511603691803863,6
7803,5.1585220537475855,6.079181246047625,0.9206591923000396,9
7804,5.01467601853497,6.079181246047625,1.0645052275126554,3
7805,5.1765640685812615,6.079181246047625,0.9026171774663636,4
7806,5.186438876555002,6.079181246047625,0.8927423694926233,8
7807,5.179618898941343,6.079181246047625,0.8995623471062819,10
7808,5.084038032573423,6.079181246047625,0.9951432134742024,5
7809,5.099605767520519,6.079181246047625,0.9795754785271065,7
7810,5.200230566253091,6.079181246047625,0.8789506797945341,6
7811,5.196289293125211,6.079181246047625,0.8828919529224137,2
7812,4.7581066400035175,5.073791642808014,0.3156850028044964,4
7813,4.751289439228286,5.073791642808014,0.32250220357972825,8
7814,4.628296220206553,5.073791642808014,0.4454954226014607,10
7815,4.896941172448942,5.073791642808014,0.17685047035907164,2
7816,4.811132154341565,5.073791642808014,0.2626594884664488,5
7817,4.788107261933401,5.073791642808014,0.28568438087461256,6
7818,4.6901739221945675,5.073791642808014,0.38361772061344634,1
7819,4.70835362260023,5.073791642808014,0.36543802020778404,3
7820,4.765609881607121,5.073791642808014,0.3081817612008928,9
7821,5.374582434404373,4.704853744566289,-0.6697286898380845,9
7822,5.30334449941426,4.704853744566289,-0.5984907548479717,4
7823,5.2207487566255075,4.704853744566289,-0.515895012059219,1
7824,5.329601254640726,4.704853744566289,-0.6247475100744371,2
7825,5.469348418567639,4.704853744566289,-0.7644946740013507,8
7826,5.331744398144725,4.704853744566289,-0.6268906535784362,7
7827,5.3315644219217,4.704853744566289,-0.6267106773554119,10
7828,5.324833205253671,4.704853744566289,-0.6199794606873823,5
7829,5.339481767519719,4.704853744566289,-0.6346280229534305,3
7830,5.245026907633956,5.518513939877887,0.27348703224393134,1
7831,5.3177251962043455,5.518513939877887,0.2007887436735416,6
7832,5.328189115253866,5.518513939877887,0.190324824624021,4
7833,5.334247771708916,5.518513939877887,0.18426616816897123,8
7834,5.2814284184612665,5.518513939877887,0.23708552141662054,3
7835,5.346330072041613,5.518513939877887,0.17218386783627437,7
7836,5.194302338214019,5.518513939877887,0.3242116016638681,2
7837,5.197351589469015,5.518513939877887,0.32116235040887187,5
7838,5.248617429042967,5.518513939877887,0.2698965108349203,9
7839,4.70835362260023,4.953663063747091,0.24530944114686104,3
7840,4.7581066400035175,4.953663063747091,0.1955564237435734,4
7841,4.691464550644434,4.953663063747091,0.26219851310265696,7
7842,4.788107261933401,4.953663063747091,0.16555580181368956,6
7843,4.811132154341565,4.953663063747091,0.14253090940552582,5
7844,4.765609881607121,4.953663063747091,0.1880531821399698,9
7845,4.6901739221945675,4.953663063747091,0.26348914155252334,1
7846,4.751289439228286,4.953663063747091,0.20237362451880525,8
7847,4.896941172448942,4.953663063747091,0.05672189129814864,2
7848,5.698564119574872,4.792391689498253,-0.9061724300766194,1
7849,5.62004950267642,4.792391689498253,-0.8276578131781678,3
7850,5.802606173909623,4.792391689498253,-1.01021448441137,8
7851,5.667627396432817,4.792391689498253,-0.8752357069345642,4
7852,5.761768956820667,4.792391689498253,-0.9693772673224146,9
7853,5.721168755670657,4.792391689498253,-0.9287770661724046,2
7854,5.270595788855869,4.792391689498253,-0.4782040993576162,5
7855,5.748209258339256,4.792391689498253,-0.9558175688410033,6
7856,5.649291578856768,4.792391689498253,-0.8568998893585151,10
7857,5.02870219001998,4.117271295655764,-0.9114308943642158,5
7858,5.034207322156243,4.117271295655764,-0.9169360265004789,1
7859,5.058187062702066,4.117271295655764,-0.9409157670463015,6
7860,5.156329225206928,4.117271295655764,-1.0390579295511637,9
7861,5.096875595662178,4.117271295655764,-0.9796043000064136,4
7862,5.001271656544561,4.117271295655764,-0.8840003608887965,2
7863,5.3086651550856665,4.117271295655764,-1.191393859429902,8
7864,5.068041917752142,4.117271295655764,-0.9507706220963774,10
7865,5.1020192058060045,4.117271295655764,-0.9847479101502401,7
7866,5.648799087132342,6.3979400086720375,0.7491409215396958,9
7867,5.608127758506832,6.3979400086720375,0.7898122501652054,1
7868,5.631506740049582,6.3979400086720375,0.7664332686224551,6
7869,5.672953012379647,6.3979400086720375,0.7249869962923903,3
7870,5.694830123027264,6.3979400086720375,0.7031098856447731,10
7871,5.6826394834738325,6.3979400086720375,0.715300525198205,4
7872,5.6869010196545196,6.3979400086720375,0.7110389890175179,8
7873,5.720313886777911,6.3979400086720375,0.6776261218941269,7
7874,5.621591886295107,6.3979400086720375,0.7763481223769304,5
7875,4.163696020825312,4.568201724066995,0.404505703241683,5
7876,4.210194886856074,4.568201724066995,0.35800683721092064,9
7877,4.093287697237717,4.568201724066995,0.4749140268292784,6
7878,4.1651774283592395,4.568201724066995,0.40302429570775544,10
7879,4.712622149046815,4.568201724066995,-0.14442042497982044,2
7880,4.041875252863178,4.568201724066995,0.5263264712038174,3
7881,4.072364318337609,4.568201724066995,0.49583740572938595,1
7882,4.105687847971994,4.568201724066995,0.4625138760950014,4
7883,4.148476185617157,4.568201724066995,0.4197255384498382,8
7884,5.078535895798268,4.357172257723033,-0.7213636380752346,10
7885,5.0736414636308185,4.357172257723033,-0.7164692059077851,1
7886,5.087340289906163,4.357172257723033,-0.7301680321831299,4
7887,5.125705200313193,4.357172257723033,-0.7685329425901593,3
7888,5.1543224876286935,4.357172257723033,-0.7971502299056601,7
7889,5.171331386806921,4.357172257723033,-0.8141591290838877,9
7890,5.033454597828017,4.357172257723033,-0.6762823401049838,5
7891,4.965126251822697,4.357172257723033,-0.6079539940996632,2
7892,5.104925285544407,4.357172257723033,-0.747753027821374,6
7893,5.601701640799096,5.089905111439398,-0.5117965293596978,4
7894,5.520008475646351,5.089905111439398,-0.4301033642069534,2
7895,5.55037251133802,5.089905111439398,-0.4604673998986222,6
7896,5.557631666326844,5.089905111439398,-0.4677265548874461,5
7897,5.678146076344785,5.089905111439398,-0.5882409649053866,8
7898,5.541049272642655,5.089905111439398,-0.4511441612032572,7
7899,5.524010255902699,5.089905111439398,-0.4341051444633006,1
7900,5.498997036206336,5.089905111439398,-0.4090919247669378,3
7901,5.553658920457094,5.089905111439398,-0.46375380901769603,10
7902,4.489181162110233,4.683947130751513,0.19476596864127949,3
7903,4.662038776916826,4.683947130751513,0.0219083538346867,9
7904,4.695912637641997,4.683947130751513,-0.011965506890484257,6
7905,4.76212528569325,4.683947130751513,-0.07817815494173708,4
7906,4.6254492911365155,4.683947130751513,0.058497839614997105,7
7907,4.70261721786256,4.683947130751513,-0.01867008711104745,8
7908,4.6850246259910096,4.683947130751513,-0.0010774952394969617,2
7909,4.68795671975619,4.683947130751513,-0.004009589004677849,1
7910,4.577702325519754,4.683947130751513,0.10624480523175883,5
7911,5.748703795682675,5.903089986991944,0.15438619130926856,6
7912,5.734625607664068,5.903089986991944,0.16846437932787595,5
7913,5.5960427985481545,5.903089986991944,0.3070471884437893,1
7914,5.712229046324991,5.903089986991944,0.19086094066695303,3
7915,5.743735378737399,5.903089986991944,0.15935460825454495,7
7916,5.780166215497037,5.903089986991944,0.12292377149490719,8
7917,5.752700770764552,5.903089986991944,0.1503892162273921,10
7918,5.732190728842595,5.903089986991944,0.17089925814934848,9
7919,5.702328647122898,5.903089986991944,0.20076133986904576,2
7920,5.964768691849996,5.390122251506701,-0.5746464403432956,4
7921,6.021787625422976,5.390122251506701,-0.6316653739162756,5
7922,6.015986034241962,5.390122251506701,-0.6258637827352613,2
7923,5.95902185685336,5.390122251506701,-0.5688996053466591,1
7924,6.033226127733749,5.390122251506701,-0.6431038762270482,3
7925,5.950620764217806,5.390122251506701,-0.5604985127111055,10
7926,5.988115020573978,5.390122251506701,-0.597992769067277,6
7927,5.974119940739156,5.390122251506701,-0.5839976892324552,7
7928,6.024584256604008,5.390122251506701,-0.6344620050973075,8
7929,6.033174596414764,5.477121254719663,-0.556053341695101,3
7930,5.977896161359007,5.477121254719663,-0.5007749066393448,4
7931,5.955404573136686,5.477121254719663,-0.47828331841702365,1
7932,5.99522008984562,5.477121254719663,-0.518098835125957,5
7933,5.953572140042972,5.477121254719663,-0.4764508853233096,10
7934,5.957739188149191,5.477121254719663,-0.48061793342952797,7
7935,6.0175801771274795,5.477121254719663,-0.5404589224078169,9
7936,6.007503033092194,5.477121254719663,-0.5303817783725311,8
7937,5.992312618952634,5.477121254719663,-0.5151913642329715,2
7938,6.186944479685394,6.4623979978989565,0.27545351821356245,5
7939,6.14005406283876,6.4623979978989565,0.32234393506019643,4
7940,6.17304861958391,6.4623979978989565,0.2893493783150465,3
7941,6.200733071247312,6.4623979978989565,0.26166492665164487,8
7942,6.153202136456016,6.4623979978989565,0.30919586144294087,9
7943,6.151290691855056,6.4623979978989565,0.31110730604390024,10
7944,6.123078707555111,6.4623979978989565,0.33931929034384556,1
7945,6.139761243002938,6.4623979978989565,0.32263675489601873,2
7946,6.129032002969365,6.4623979978989565,0.33336599492959174,6
7947,5.992014410510475,4.76789761601809,-1.2241167944923843,4
7948,5.9797822278483075,4.76789761601809,-1.2118846118302171,2
7949,5.869215598377041,4.76789761601809,-1.1013179823589505,7
7950,5.991855725483927,4.76789761601809,-1.223958109465837,1
7951,5.961787887130064,4.76789761601809,-1.1938902711119734,8
7952,5.977682385850745,4.76789761601809,-1.2097847698326545,6
7953,6.005468863024923,4.76789761601809,-1.2375712470068327,5
7954,5.980276366613352,4.76789761601809,-1.2123787505952617,3
7955,5.994974865235541,4.76789761601809,-1.2270772492174506,10
7956,5.091171109025872,4.743509764728429,-0.34766134429744344,6
7957,5.1084650381365,4.743509764728429,-0.36495527340807143,1
7958,5.048673227088836,4.743509764728429,-0.30516346236040715,9
7959,5.064811310605692,4.743509764728429,-0.32130154587726345,5
7960,5.059723728682743,4.743509764728429,-0.316213963954314,2
7961,5.111238510416175,4.743509764728429,-0.3677287456877467,10
7962,5.2097938514964675,4.743509764728429,-0.4662840867680389,8
7963,4.660834051255618,4.743509764728429,0.08267571347281066,3
7964,5.158540836223599,4.743509764728429,-0.4150310714951706,4
7965,4.3031067813573305,4.643452676486188,0.3403458951288574,8
7966,4.248298870079208,4.643452676486188,0.39515380640697995,10
7967,4.254178274348437,4.643452676486188,0.389274402137751,9
7968,4.194498614489283,4.643452676486188,0.448954061996905,2
7969,4.400405753884532,4.643452676486188,0.24304692260165606,4
7970,4.326520253719045,4.643452676486188,0.3169324227671426,1
7971,4.219657694765291,4.643452676486188,0.4237949817208966,6
7972,4.336276811774124,4.643452676486188,0.3071758647120637,3
7973,4.705776680436389,4.643452676486188,-0.06232400395020132,5
7974,5.1185819336015275,5.811709026696192,0.6931270930946649,5
7975,5.014665722417883,5.811709026696192,0.7970433042783096,9
7976,4.983115839675992,5.811709026696192,0.8285931870202008,1
7977,5.069155562586712,5.811709026696192,0.7425534641094806,4
7978,4.965199758848236,5.811709026696192,0.8465092678479564,7
7979,5.00082788007789,5.811709026696192,0.8108811466183026,3
7980,4.951164733408371,5.811709026696192,0.8605442932878216,10
7981,4.93422893920211,5.811709026696192,0.8774800874940825,6
7982,5.026154086632984,5.811709026696192,0.785554940063208,8
7983,5.1561134222153155,4.887054378050957,-0.2690590441643588,8
7984,5.196931198033293,4.887054378050957,-0.3098768199823363,4
7985,5.116500367886543,4.887054378050957,-0.22944598983558606,1
7986,5.029227959517468,4.887054378050957,-0.14217358146651105,2
7987,4.566961688370661,4.887054378050957,0.3200926896802958,7
7988,5.240066957642289,4.887054378050957,-0.3530125795913319,3
7989,5.085079710059674,4.887054378050957,-0.19802533200871686,9
7990,5.177891450961082,4.887054378050957,-0.29083707291012484,10
7991,5.040266706281141,4.887054378050957,-0.15321232823018427,6
7992,4.324023767935617,3.857332496431269,-0.46669127150434786,2
7993,4.536336048916878,3.857332496431269,-0.6790035524856091,1
7994,4.496324308957565,3.857332496431269,-0.6389918125262959,10
7995,4.304163027419523,3.857332496431269,-0.44683053098825365,6
7996,4.4239173650110475,3.857332496431269,-0.5665848685797785,9
7997,4.574502097263143,3.857332496431269,-0.7171696008318742,3
7998,4.459553787197527,3.857332496431269,-0.6022212907662583,8
7999,4.546220669735449,3.857332496431269,-0.6888881733041803,4
8000,4.318540494218887,3.857332496431269,-0.4612079977876178,7
8001,3.977290986474525,3.792391689498254,-0.18489929697627128,6
8002,4.087528234571609,3.792391689498254,-0.2951365450733552,10
8003,4.017918441233134,3.792391689498254,-0.22552675173488046,7
8004,4.037932120510929,3.792391689498254,-0.24554043101267498,4
8005,3.978850946814976,3.792391689498254,-0.1864592573167223,2
8006,4.014116553955689,3.792391689498254,-0.221724864457435,1
8007,4.017090590470499,3.792391689498254,-0.22469890097224487,9
8008,4.032032656444648,3.792391689498254,-0.23964096694639414,3
8009,3.997275492748395,3.792391689498254,-0.20488380325014122,8
8010,3.8851566642638,3.763427993562937,-0.1217286707008629,9
8011,3.832070751212724,3.763427993562937,-0.068642757649787,3
8012,3.897796779962623,3.763427993562937,-0.13436878639968608,8
8013,3.936537299201567,3.763427993562937,-0.17310930563863014,10
8014,3.908543485307985,3.763427993562937,-0.1451154917450479,2
8015,3.860779586298018,3.763427993562937,-0.0973515927350812,6
8016,3.893014951292861,3.763427993562937,-0.129586957729924,1
8017,3.94521298315364,3.763427993562937,-0.1817849895907031,5
8018,3.893953124542003,3.763427993562937,-0.13052513097906626,4
8019,4.022569607267703,3.544068044350276,-0.4785015629174265,9
8020,4.015350563070356,3.544068044350276,-0.4712825187200802,2
8021,3.9989314032396908,3.544068044350276,-0.45486335888941465,1
8022,4.102066543531533,3.544068044350276,-0.5579984991812572,5
8023,4.024782021447618,3.544068044350276,-0.48071397709734187,3
8024,3.9856374323895345,3.544068044350276,-0.4415693880392584,4
8025,3.9831975786550653,3.544068044350276,-0.4391295343047892,7
8026,4.022131629566395,3.544068044350276,-0.47806358521611925,8
8027,4.001653036560607,3.544068044350276,-0.457584992210331,6
8028,3.960375082111063,3.9242792860618816,-0.03609579604918123,8
8029,4.057219594987727,3.9242792860618816,-0.13294030892584585,5
8030,3.918807765159852,3.9242792860618816,0.005471520902029514,3
8031,4.034338431788291,3.9242792860618816,-0.11005914572640974,10
8032,3.914474604574198,3.9242792860618816,0.009804681487683542,6
8033,3.9386224719481646,3.9242792860618816,-0.014343185886283027,7
8034,3.9476092902311435,3.9242792860618816,-0.023330004169261898,4
8035,3.93588277218486,3.9242792860618816,-0.011603486122978346,9
8036,3.9364693886299666,3.9242792860618816,-0.01219010256808506,1
8037,6.039101106467163,6.3979400086720375,0.3588389022048748,9
8038,5.977881642553484,6.3979400086720375,0.4200583661185533,5
8039,5.987515336328862,6.3979400086720375,0.4104246723431757,6
8040,5.867120839765411,6.3979400086720375,0.5308191689066266,7
8041,5.986567347630716,6.3979400086720375,0.4113726610413213,1
8042,5.89592715131643,6.3979400086720375,0.5020128573556075,3
8043,5.964890402501403,6.3979400086720375,0.43304960617063415,4
8044,5.91333762838046,6.3979400086720375,0.48460238029157754,8
8045,5.8336087703346005,6.3979400086720375,0.564331238337437,10
8046,4.560358767778264,4.382017042574868,-0.17834172520339564,10
8047,4.384891269603844,4.382017042574868,-0.00287422702897544,2
8048,4.527291364707342,4.382017042574868,-0.14527432213247327,1
8049,4.572854207905311,4.382017042574868,-0.19083716533044282,3
8050,4.520077776063249,4.382017042574868,-0.13806073348838055,4
8051,4.431529439099128,4.382017042574868,-0.04951239652425965,6
8052,4.52106156829748,4.382017042574868,-0.1390445257226114,5
8053,4.532414152976206,4.382017042574868,-0.15039711040133774,8
8054,4.4821837327262815,4.382017042574868,-0.10016669015141311,9
8055,5.702227231052359,6.079181246047625,0.37695401499526593,3
8056,5.751456854390398,6.079181246047625,0.32772439165722744,4
8057,5.607438665651692,6.079181246047625,0.471742580395933,7
8058,5.538773111847628,6.079181246047625,0.5404081341999971,1
8059,5.733358823678285,6.079181246047625,0.34582242236934047,10
8060,5.737292207292471,6.079181246047625,0.34188903875515386,6
8061,5.842441943560921,6.079181246047625,0.23673930248670416,5
8062,5.758908142963715,6.079181246047625,0.32027310308391055,2
8063,5.800580828365741,6.079181246047625,0.2786004176818837,9
8064,5.879564045307394,5.658011396657113,-0.22155264865028101,1
8065,5.869720889914615,5.658011396657113,-0.21170949325750232,4
8066,5.839500592157164,5.658011396657113,-0.18148919550005171,8
8067,5.860656497150887,5.658011396657113,-0.2026451004937746,6
8068,5.888620781336831,5.658011396657113,-0.2306093846797186,5
8069,5.830268497076841,5.658011396657113,-0.17225710041972864,3
8070,5.647261740939311,5.658011396657113,0.01074965571780151,10
8071,5.820972186139179,5.658011396657113,-0.16296078948206638,7
8072,5.843881182206036,5.658011396657113,-0.18586978554892308,2
8073,4.483071436610598,3.8790958795000727,-0.6039755571105254,2
8074,4.575464044535446,3.8790958795000727,-0.696368165035373,1
8075,4.656955470303186,3.8790958795000727,-0.777859590803113,5
8076,4.57072475805644,3.8790958795000727,-0.6916288785563673,9
8077,4.583156198859263,3.8790958795000727,-0.7040603193591903,7
8078,4.606204247808806,3.8790958795000727,-0.7271083683087336,3
8079,4.599297712844779,3.8790958795000727,-0.720201833344706,8
8080,4.424302275019643,3.8790958795000727,-0.5452063955195698,6
8081,4.58546019557781,3.8790958795000727,-0.7063643160777375,4
8082,4.97046770073168,6.079181246047625,1.1087135453159451,5
8083,4.843569121914681,6.079181246047625,1.2356121241329445,10
8084,4.7564501051311625,6.079181246047625,1.3227311409164626,7
8085,4.807329034092857,6.079181246047625,1.2718522119547684,8
8086,4.61820969290613,6.079181246047625,1.460971553141495,2
8087,4.812766096290763,6.079181246047625,1.2664151497568623,4
8088,4.7560562706674006,6.079181246047625,1.3231249753802246,9
8089,4.812888117504958,6.079181246047625,1.2662931285426673,1
8090,4.947328526578016,6.079181246047625,1.1318527194696095,3
8091,4.35731443317174,4.495544337546448,0.1382299043747084,1
8092,4.450759394055617,4.495544337546448,0.044784943490831175,4
8093,4.451321186781965,4.495544337546448,0.04422315076448324,5
8094,4.378976273273897,4.495544337546448,0.11656806427255173,9
8095,4.350733176886169,4.495544337546448,0.14481116066027955,10
8096,4.49714406027642,4.495544337546448,-0.0015997227299715533,8
8097,4.272076368542283,4.495544337546448,0.2234679690041652,3
8098,4.3507048248121585,4.495544337546448,0.14483951273428985,7
8099,4.386257644249088,4.495544337546448,0.10928669329735996,2
8100,5.064811310605692,6.102135154272175,1.0373238436664831,5
8101,5.111238510416175,6.102135154272175,0.9908966438559998,10
8102,5.2097938514964675,6.102135154272175,0.8923413027757077,8
8103,5.1084650381365,6.102135154272175,0.9936701161356751,1
8104,5.1608426529563785,6.102135154272175,0.9412925013157967,7
8105,5.091171109025872,6.102135154272175,1.0109640452463031,6
8106,5.158540836223599,6.102135154272175,0.943594318048576,4
8107,5.048673227088836,6.102135154272175,1.0534619271833394,9
8108,5.059723728682743,6.102135154272175,1.0424114255894326,2
8109,5.2097938514964675,5.176091259055681,-0.033702592440786105,8
8110,5.111238510416175,5.176091259055681,0.06485274863950607,10
8111,5.1084650381365,5.176091259055681,0.06762622091918136,1
8112,5.1608426529563785,5.176091259055681,0.015248606099302897,7
8113,4.660834051255618,5.176091259055681,0.5152572078000635,3
8114,5.048673227088836,5.176091259055681,0.12741803196684565,9
8115,5.091171109025872,5.176091259055681,0.08492015002980935,6
8116,5.059723728682743,5.176091259055681,0.11636753037293879,2
8117,5.158540836223599,5.176091259055681,0.01755042283208219,4
8118,4.184298311331344,3.462397997898956,-0.7219003134323878,10
8119,4.2026103297404465,3.462397997898956,-0.7402123318414904,2
8120,4.117673618268476,3.462397997898956,-0.6552756203695203,3
8121,4.422522722474728,3.462397997898956,-0.9601247245757718,5
8122,4.189021934830574,3.462397997898956,-0.7266239369316181,9
8123,4.19217122832699,3.462397997898956,-0.7297732304280342,6
8124,4.395700062536938,3.462397997898956,-0.9333020646379819,4
8125,4.214280328341669,3.462397997898956,-0.7518823304427129,7
8126,4.202151091522879,3.462397997898956,-0.7397530936239227,1
8127,5.69278242651618,6.049218022670182,0.356435596154002,1
8128,5.876837030998123,6.049218022670182,0.17238099167205867,9
8129,5.86040936745845,6.049218022670182,0.18880865521173185,4
8130,5.597226078243999,6.049218022670182,0.45199194442618307,7
8131,5.7975662930244765,6.049218022670182,0.2516517296457055,10
8132,5.727497503914893,6.049218022670182,0.3217205187552885,8
8133,5.856492883873958,6.049218022670182,0.19272513879622366,5
8134,5.804978303808282,6.049218022670182,0.2442397188619001,2
8135,5.824636403318473,6.049218022670182,0.22458161935170917,6
8136,4.536225629256686,4.303196057420489,-0.2330295718361972,6
8137,4.700429064433386,4.303196057420489,-0.39723300701289777,5
8138,4.542208711184012,4.303196057420489,-0.2390126537635231,7
8139,4.6305679517465865,4.303196057420489,-0.3273718943260979,8
8140,4.631377533678074,4.303196057420489,-0.3281814762575852,3
8141,4.518877958723123,4.303196057420489,-0.21568190130263432,9
8142,4.556150782764726,4.303196057420489,-0.252954725344237,1
8143,4.625467317254771,4.303196057420489,-0.32227125983428273,4
8144,4.627201008858426,4.303196057420489,-0.3240049514379377,10
8145,4.322010598908077,3.6989700043360174,-0.6230405945720592,9
8146,4.337683105599194,3.6989700043360174,-0.6387131012631762,5
8147,4.320707357904792,3.6989700043360174,-0.6217373535687742,7
8148,4.415028424464907,3.6989700043360174,-0.7160584201288898,4
8149,4.357290570291928,3.6989700043360174,-0.6583205659559108,10
8150,4.363198370061485,3.6989700043360174,-0.6642283657254677,6
8151,4.235276419171914,3.6989700043360174,-0.5363064148358965,2
8152,4.367289242179184,3.6989700043360174,-0.6683192378431664,8
8153,4.472242647737773,3.6989700043360174,-0.7732726434017558,1
8154,4.741720088960145,4.817565369559781,0.07584528059963613,7
8155,4.769740010412743,4.817565369559781,0.047825359147037894,3
8156,4.759461090751259,4.817565369559781,0.0581042788085222,10
8157,4.677002645170898,4.817565369559781,0.14056272438888318,6
8158,4.701490973586755,4.817565369559781,0.11607439597302616,9
8159,4.76410480740462,4.817565369559781,0.05346056215516093,4
8160,4.737256370348405,4.817565369559781,0.08030899921137635,8
8161,4.346522111865578,4.817565369559781,0.47104325769420274,2
8162,4.804974477185173,4.817565369559781,0.012590892374608309,5
8163,4.507726325919727,5.505149978319906,0.9974236524001796,6
8164,4.7805687419641645,5.505149978319906,0.7245812363557418,5
8165,4.649155147516774,5.505149978319906,0.855994830803132,4
8166,4.620370809460757,5.505149978319906,0.8847791688591489,7
8167,4.714167580259454,5.505149978319906,0.7909823980604527,8
8168,4.7196921187821115,5.505149978319906,0.7854578595377948,3
8169,4.752741848464397,5.505149978319906,0.7524081298555094,10
8170,4.664331125903732,5.505149978319906,0.8408188524161746,1
8171,4.622175391495144,5.505149978319906,0.882974586824762,9
8172,4.62218491422611,4.3979400086720375,-0.22424490555407228,5
8173,4.762090272807203,4.3979400086720375,-0.3641502641351657,10
8174,4.553401957151943,4.3979400086720375,-0.15546194847990513,2
8175,4.5751468094033685,4.3979400086720375,-0.177206800731331,6
8176,4.667849311623295,4.3979400086720375,-0.26990930295125715,9
8177,4.727378810444706,4.3979400086720375,-0.3294388017726684,4
8178,4.659492779700106,4.3979400086720375,-0.26155277102806807,1
8179,4.602967504188381,4.3979400086720375,-0.2050274955163438,8
8180,4.682537537128737,4.3979400086720375,-0.2845975284566995,3
8181,4.626484043322818,4.721810615212546,0.09532657188972848,4
8182,4.582559501843381,4.721810615212546,0.1392511133691654,9
8183,4.46484062220937,4.721810615212546,0.25696999300317636,2
8184,4.655274232346571,4.721810615212546,0.06653638286597552,10
8185,4.627811331385231,4.721810615212546,0.0939992838273156,8
8186,4.550021138109895,4.721810615212546,0.17178947710265113,6
8187,4.664221167953858,4.721810615212546,0.057589447258687976,3
8188,4.718137137900655,4.721810615212546,0.003673477311891382,5
8189,4.648741707541414,4.721810615212546,0.07306890767113217,7
8190,4.126353617330432,4.505149978319906,0.3787963609894742,1
8191,4.121939550562797,4.505149978319906,0.3832104277571089,10
8192,4.135533402373547,4.505149978319906,0.36961657594635966,4
8193,4.125917093150012,4.505149978319906,0.37923288516989384,9
8194,4.454100227044139,4.505149978319906,0.05104975127576683,8
8195,4.033964265798798,4.505149978319906,0.4711857125211081,2
8196,4.105797947026704,4.505149978319906,0.3993520312932022,7
8197,4.191401581010122,4.505149978319906,0.31374839730978454,6
8198,4.216222441674212,4.505149978319906,0.28892753664569426,3
8199,3.883025545463805,3.2380461031287955,-0.6449794423350097,10
8200,3.9305402456023364,3.2380461031287955,-0.6924941424735409,6
8201,4.123322395367445,3.2380461031287955,-0.8852762922386499,5
8202,3.9495440850972137,3.2380461031287955,-0.7114979819684182,4
8203,3.9250108545153974,3.2380461031287955,-0.686964751386602,7
8204,3.8918920849714578,3.2380461031287955,-0.6538459818426623,2
8205,3.8895402366770178,3.2380461031287955,-0.6514941335482223,1
8206,3.9582024409229666,3.2380461031287955,-0.7201563377941711,3
8207,3.8690027822274384,3.2380461031287955,-0.630956679098643,9
8208,4.2395195163934325,4.5910646070265,0.35154509063306794,9
8209,4.244670514320848,4.5910646070265,0.34639409270565213,10
8210,4.241357226837595,4.5910646070265,0.3497073801889057,4
8211,4.255693060335851,4.5910646070265,0.3353715466906495,2
8212,4.4507706754516665,4.5910646070265,0.14029393157483394,5
8213,4.642702625638101,4.5910646070265,-0.05163801861160078,3
8214,4.229082090350681,4.5910646070265,0.3619825166758197,6
8215,4.203474366274578,4.5910646070265,0.3875902407519227,8
8216,4.2562471581893435,4.5910646070265,0.3348174488371569,1
8217,4.827395059024323,4.8221680793680175,-0.005226979656305808,6
8218,4.685903351333008,4.8221680793680175,0.13626472803500977,3
8219,4.780473592968814,4.8221680793680175,0.04169448639920326,5
8220,4.801265157959134,4.8221680793680175,0.020902921408883834,2
8221,4.875765595596396,4.8221680793680175,-0.05359751622837816,10
8222,4.771539100126123,4.8221680793680175,0.050628979241894356,1
8223,4.832150756873194,4.8221680793680175,-0.00998267750517634,8
8224,4.799704521011687,4.8221680793680175,0.022463558356330182,4
8225,4.778317379791136,4.8221680793680175,0.0438506995768817,7
8226,4.88067414612704,3.230448921378274,-1.650225224748766,5
8227,4.253220552328674,3.230448921378274,-1.0227716309504,2
8228,4.76507219689535,3.230448921378274,-1.5346232755170757,10
8229,4.688828858027068,3.230448921378274,-1.458379936648794,6
8230,4.755661641426093,3.230448921378274,-1.5252127200478185,7
8231,4.735160551070902,3.230448921378274,-1.5047116296926282,8
8232,4.8084733569771325,3.230448921378274,-1.5780244355988584,4
8233,4.705180171025534,3.230448921378274,-1.4747312496472595,9
8234,4.835787941974419,3.230448921378274,-1.605339020596145,3
8235,3.7921412120464124,2.6020599913279625,-1.19008122071845,6
8236,3.866617970217214,2.6020599913279625,-1.2645579788892514,8
8237,3.88979146069133,2.6020599913279625,-1.2877314693633677,4
8238,3.846080825388232,2.6020599913279625,-1.2440208340602696,9
8239,3.8742641131914017,2.6020599913279625,-1.2722041218634392,1
8240,3.7408573256024886,2.6020599913279625,-1.1387973342745261,7
8241,3.8507275299736943,2.6020599913279625,-1.2486675386457318,10
8242,3.790098016746154,2.6020599913279625,-1.1880380254181917,2
8243,3.852628910900929,2.6020599913279625,-1.2505689195729666,3
8244,3.9892144405848997,3.008600171761917,-0.9806142688229826,1
8245,3.9259868781820546,3.008600171761917,-0.9173867064201375,3
8246,3.8636812268061558,3.008600171761917,-0.8550810550442387,2
8247,3.88797856983403,3.008600171761917,-0.879378398072113,10
8248,3.9943489946154127,3.008600171761917,-0.9857488228534956,7
8249,3.9477963780854055,3.008600171761917,-0.9391962063234884,8
8250,3.9573124392214796,3.008600171761917,-0.9487122674595625,6
8251,3.9661937707643373,3.008600171761917,-0.9575935990024202,9
8252,4.119324813217133,3.008600171761917,-1.1107246414552163,5
8253,6.045422245552169,5.949390006644912,-0.09603223890725676,5
8254,5.788504866601143,5.949390006644912,0.16088514004376897,10
8255,5.821625120558805,5.949390006644912,0.1277648860861076,8
8256,5.995360996139327,5.949390006644912,-0.045970989494414916,4
8257,5.977181935668596,5.949390006644912,-0.027791929023683437,3
8258,6.069083989904965,5.949390006644912,-0.11969398326005276,9
8259,6.0026035102692195,5.949390006644912,-0.0532135036243071,6
8260,5.952746533576772,5.949390006644912,-0.00335652693186006,7
8261,6.070784422806542,5.949390006644912,-0.12139441616163005,1
8262,5.551860587462715,6.778151250383644,1.2262906629209285,8
8263,5.4953959003648345,6.778151250383644,1.2827553500188094,7
8264,5.504110165361601,6.778151250383644,1.2740410850220432,10
8265,5.555261577667221,6.778151250383644,1.2228896727164225,9
8266,5.5144377249964736,6.778151250383644,1.2637135253871703,1
8267,5.450085760212662,6.778151250383644,1.3280654901709816,6
8268,5.390450511558392,6.778151250383644,1.3877007388252522,5
8269,5.514837900539625,6.778151250383644,1.2633133498440188,4
8270,5.585944769442808,6.778151250383644,1.1922064809408361,2
8271,6.160648211295597,7.0,0.8393517887044029,6
8272,6.141304120506382,7.0,0.8586958794936184,4
8273,6.130698552445688,7.0,0.8693014475543119,9
8274,6.101459572563539,7.0,0.898540427436461,1
8275,6.16577276743516,7.0,0.8342272325648397,8
8276,6.098400740976408,7.0,0.901599259023592,10
8277,6.161839678670475,7.0,0.838160321329525,5
8278,6.1655693129794455,7.0,0.8344306870205545,2
8279,6.1470473231013045,7.0,0.8529526768986955,3
8280,5.920264698487021,5.331589240955137,-0.5886754575318838,7
8281,5.966327545267424,5.331589240955137,-0.634738304312287,2
8282,5.9888576013857815,5.331589240955137,-0.6572683604306446,1
8283,6.003386611515659,5.331589240955137,-0.6717973705605225,5
8284,5.980660507019821,5.331589240955137,-0.6490712660646842,4
8285,5.989432991382037,5.331589240955137,-0.6578437504268999,3
8286,5.973937830793079,5.331589240955137,-0.6423485898379422,9
8287,5.955061533389766,5.331589240955137,-0.623472292434629,10
8288,5.982183626846826,5.331589240955137,-0.6505943858916892,6
8289,4.335663387914245,5.176091259055681,0.8404278711414364,5
8290,4.24863227261546,5.176091259055681,0.9274589864402216,7
8291,4.27849522641206,5.176091259055681,0.8975960326436212,2
8292,4.284063372204401,5.176091259055681,0.8920278868512801,1
8293,4.093731649719782,5.176091259055681,1.0823596093358994,9
8294,4.400108730363481,5.176091259055681,0.7759825286922002,6
8295,4.268708552818236,5.176091259055681,0.9073827062374455,3
8296,4.373038484668997,5.176091259055681,0.8030527743866847,8
8297,4.221333065752743,5.176091259055681,0.9547581933029381,10
8298,6.036359555274296,6.170555058521209,0.13419550324691265,10
8299,6.068897394765502,6.170555058521209,0.10165766375570673,6
8300,6.042445320110493,6.170555058521209,0.12810973841071593,3
8301,6.094190624228713,6.170555058521209,0.07636443429249518,4
8302,6.0656668057803484,6.170555058521209,0.10488825274086011,9
8303,6.05614134680656,6.170555058521209,0.11441371171464887,5
8304,6.044051810922796,6.170555058521209,0.12650324759841247,1
8305,6.078871356049162,6.170555058521209,0.09168370247204649,2
8306,6.038548646189563,6.170555058521209,0.13200641233164578,8
8307,5.428806995389298,6.146128035678238,0.7173210402889403,1
8308,5.505893109684364,6.146128035678238,0.640234925993874,10
8309,5.4706329422724025,6.146128035678238,0.6754950934058357,8
8310,5.328377024895828,6.146128035678238,0.81775101078241,3
8311,5.441134376707016,6.146128035678238,0.7049936589712225,2
8312,5.426891481330516,6.146128035678238,0.7192365543477219,4
8313,5.573330120070765,6.146128035678238,0.572797915607473,6
8314,5.5211312311180105,6.146128035678238,0.6249968045602277,9
8315,5.470955067873104,6.146128035678238,0.6751729678051346,7
8316,6.122002175857717,5.982271233039568,-0.13973094281814902,10
8317,6.167857676499916,5.982271233039568,-0.18558644346034825,5
8318,6.068827273197031,5.982271233039568,-0.08655604015746299,1
8319,6.151016669796508,5.982271233039568,-0.16874543675694031,8
8320,6.13483885203118,5.982271233039568,-0.1525676189916121,2
8321,6.158732573024873,5.982271233039568,-0.17646133998530544,4
8322,6.118658203486733,5.982271233039568,-0.1363869704471652,6
8323,6.1446867934548335,5.982271233039568,-0.1624155604152655,3
8324,6.134048052609353,5.982271233039568,-0.15177681956978528,9
8325,5.647130661243489,6.209246848753374,0.5621161875098846,8
8326,5.539094535500399,6.209246848753374,0.6701523132529745,4
8327,5.611127458223788,6.209246848753374,0.5981193905295861,6
8328,5.7041012604121235,6.209246848753374,0.5051455883412501,10
8329,5.549142133087886,6.209246848753374,0.6601047156654873,1
8330,5.5676109307036645,6.209246848753374,0.6416359180497091,9
8331,5.567712363955328,6.209246848753374,0.6415344847980453,2
8332,5.60611231505458,6.209246848753374,0.6031345336987934,7
8333,5.514169800937598,6.209246848753374,0.6950770478157757,3
8334,6.048164881230284,5.750045312011768,-0.29811956921851657,8
8335,6.040317882370167,5.750045312011768,-0.2902725703583995,7
8336,6.06315154715796,5.750045312011768,-0.3131062351461926,2
8337,6.06444987727024,5.750045312011768,-0.3144045652584726,3
8338,6.0839399089159745,5.750045312011768,-0.33389459690420686,5
8339,6.051494899346467,5.750045312011768,-0.30144958733469895,6
8340,6.024356318194952,5.750045312011768,-0.2743110061831846,10
8341,6.067402338102576,5.750045312011768,-0.31735702609080807,9
8342,6.051486798389716,5.750045312011768,-0.3014414863779482,4
8343,6.075745648805546,5.401055725771844,-0.6746899230337018,10
8344,6.1039605370260315,5.401055725771844,-0.7029048112541876,3
8345,6.139404024959315,5.401055725771844,-0.7383482991874715,9
8346,6.082101846112806,5.401055725771844,-0.6810461203409623,7
8347,6.0961577779877,5.401055725771844,-0.695102052215856,2
8348,6.0992769447809065,5.401055725771844,-0.6982212190090626,4
8349,6.139215833777591,5.401055725771844,-0.7381601080057472,6
8350,6.130118943055692,5.401055725771844,-0.7290632172838478,5
8351,6.0720291082388265,5.401055725771844,-0.6709733824669826,1
8352,6.051262312034765,6.419129307741976,0.36786699570721115,1
8353,6.1091502596823055,6.419129307741976,0.30997904805967025,2
8354,6.116573502569224,6.419129307741976,0.3025558051727515,6
8355,6.084693202983982,6.419129307741976,0.33443610475799357,7
8356,6.055873366922599,6.419129307741976,0.36325594081937673,10
8357,6.115239613522225,6.419129307741976,0.30388969421975087,5
8358,6.107957063386412,6.419129307741976,0.31117224435556334,8
8359,6.093014194623931,6.419129307741976,0.3261151131180444,4
8360,6.102258624476585,6.419129307741976,0.3168706832653907,3
8361,6.131583880399088,6.380211241711606,0.2486273613125185,4
8362,6.0798398328069,6.380211241711606,0.3003714089047067,9
8363,6.040420815964117,6.380211241711606,0.3397904257474895,8
8364,6.092596953077784,6.380211241711606,0.2876142886338222,6
8365,6.144566285120629,6.380211241711606,0.23564495659097773,7
8366,6.086606053086343,6.380211241711606,0.2936051886252633,2
8367,6.069425983751838,6.380211241711606,0.3107852579597683,1
8368,6.093552207464223,6.380211241711606,0.2866590342473829,5
8369,6.069082715985831,6.380211241711606,0.311128525725775,3
8370,6.023266985325501,6.505149978319906,0.4818829929944055,1
8371,6.052031999080635,6.505149978319906,0.45311797923927166,2
8372,6.085041883530794,6.505149978319906,0.4201080947891125,7
8373,6.026847867257304,6.505149978319906,0.478302111062602,6
8374,5.995728255357685,6.505149978319906,0.5094217229622213,10
8375,6.042199124510496,6.505149978319906,0.46295085380941003,8
8376,6.018478639093002,6.505149978319906,0.48667133922690464,4
8377,6.045994574830052,6.505149978319906,0.45915540348985395,5
8378,6.048276000351489,6.505149978319906,0.4568739779684172,9
8379,5.6629196782124245,6.204119982655925,0.5412003044435005,2
8380,5.554700133448398,6.204119982655925,0.6494198492075274,9
8381,5.901961001131309,6.204119982655925,0.30215898152461573,10
8382,5.690740603875886,6.204119982655925,0.5133793787800389,7
8383,5.57119771544626,6.204119982655925,0.6329222672096648,5
8384,5.691539328243795,6.204119982655925,0.5125806544121296,3
8385,5.65536467830999,6.204119982655925,0.548755304345935,6
8386,5.651705603048066,6.204119982655925,0.5524143796078587,1
8387,5.62843009573719,6.204119982655925,0.5756898869187346,8
8388,5.611127458223788,4.939019776448666,-0.6721076817751213,6
8389,5.7041012604121235,4.939019776448666,-0.7650814839634572,10
8390,5.647130661243489,4.939019776448666,-0.7081108847948228,8
8391,5.5676109307036645,4.939019776448666,-0.6285911542549982,9
8392,5.567712363955328,4.939019776448666,-0.628692587506662,2
8393,5.549142133087886,4.939019776448666,-0.61012235663922,1
8394,5.539094535500399,4.939019776448666,-0.6000747590517328,4
8395,5.514169800937598,4.939019776448666,-0.5751500244889316,3
8396,5.60611231505458,4.939019776448666,-0.6670925386059139,7
8397,5.2897552664925875,4.79309160017658,-0.49666366631600756,6
8398,5.380667872654758,4.79309160017658,-0.5875762724781781,8
8399,5.352028781015422,4.79309160017658,-0.5589371808388419,4
8400,5.13101865621739,4.79309160017658,-0.33792705604080986,10
8401,5.273524428091252,4.79309160017658,-0.48043282791467234,5
8402,5.244834434066599,4.79309160017658,-0.4517428338900187,2
8403,5.301732849709324,4.79309160017658,-0.5086412495327437,9
8404,5.278012426866442,4.79309160017658,-0.48492082668986214,1
8405,5.376985293153292,4.79309160017658,-0.5838936929767122,3
8406,5.856492883873958,6.32221929473392,0.46572641085996214,5
8407,5.804978303808282,6.32221929473392,0.5172409909256386,2
8408,5.727497503914893,6.32221929473392,0.594721790819027,8
8409,5.876837030998123,6.32221929473392,0.44538226373579715,9
8410,5.664983489971918,6.32221929473392,0.6572358047620028,3
8411,5.69278242651618,6.32221929473392,0.6294368682177405,1
8412,5.7975662930244765,6.32221929473392,0.524653001709444,10
8413,5.824636403318473,6.32221929473392,0.49758289141544765,6
8414,5.86040936745845,6.32221929473392,0.4618099272754703,4
8415,6.1470473231013045,6.382017042574868,0.23496971947356382,3
8416,6.082352124286778,6.382017042574868,0.29966491828808994,7
8417,6.101459572563539,6.382017042574868,0.28055747001132936,1
8418,6.161839678670475,6.382017042574868,0.22017736390439335,5
8419,6.141304120506382,6.382017042574868,0.2407129220684867,4
8420,6.098400740976408,6.382017042574868,0.2836163015984603,10
8421,6.1655693129794455,6.382017042574868,0.2164477295954228,2
8422,6.160648211295597,6.382017042574868,0.2213688312792712,6
8423,6.130698552445688,6.382017042574868,0.2513184901291803,9
8424,6.049668115820624,6.366982975977851,0.3173148601572269,9
8425,6.074601710745117,6.366982975977851,0.29238126523273333,8
8426,6.0792302562914005,6.366982975977851,0.2877527196864502,3
8427,6.011032965253832,6.366982975977851,0.355950010724019,10
8428,6.05747005366432,6.366982975977851,0.3095129223135311,4
8429,6.0750285753055415,6.366982975977851,0.29195440067230916,6
8430,6.017037765037976,6.366982975977851,0.3499452109398744,1
8431,6.032440033394728,6.366982975977851,0.33454294258312256,7
8432,6.059426812404625,6.366982975977851,0.307556163573226,5
8433,5.975724919027454,6.176091259055681,0.20036634002822762,4
8434,5.935517686147785,6.176091259055681,0.2405735729078966,7
8435,5.935528158323007,6.176091259055681,0.2405631007326745,8
8436,5.932801261586362,6.176091259055681,0.24328999746931945,9
8437,5.923950893761913,6.176091259055681,0.2521403652937684,2
8438,5.974418414137496,6.176091259055681,0.2016728449181855,1
8439,5.935582794591557,6.176091259055681,0.24050846446412422,10
8440,5.953915718168272,6.176091259055681,0.22217554088740954,3
8441,5.924898089986122,6.176091259055681,0.251193169069559,6
8442,5.824270291869701,6.535863520712453,0.7115932288427516,1
8443,5.788078753215765,6.535863520712453,0.7477847674966878,5
8444,5.83750850058746,6.535863520712453,0.6983550201249926,3
8445,5.806451321660136,6.535863520712453,0.7294121990523168,10
8446,5.8182026539775755,6.535863520712453,0.7176608667348772,8
8447,5.825193404069761,6.535863520712453,0.7106701166426914,9
8448,5.73248937437946,6.535863520712453,0.8033741463329926,7
8449,5.794651631703479,6.535863520712453,0.7412118890089738,6
8450,5.843496879286414,6.535863520712453,0.6923666414260383,2
8451,5.578846426459209,5.924279286061882,0.3454328596026732,10
8452,5.697151193841717,5.924279286061882,0.22712809222016528,3
8453,5.711972691281314,5.924279286061882,0.2123065947805678,2
8454,5.663550578847033,5.924279286061882,0.26072870721484875,9
8455,5.6401996812328,5.924279286061882,0.2840796048290821,7
8456,5.486998170112805,5.924279286061882,0.4372811159490766,1
8457,5.707790146117905,5.924279286061882,0.21648913994397745,6
8458,5.661695763087393,5.924279286061882,0.26258352297448884,4
8459,5.685315661462244,5.924279286061882,0.23896362459963782,8
8460,5.975951582692264,6.062205808819713,0.08625422612744948,9
8461,5.919407887928891,6.062205808819713,0.1427979208908221,7
8462,5.971218853072489,6.062205808819713,0.09098695574722448,2
8463,5.961670358199696,6.062205808819713,0.10053545062001668,4
8464,5.928668581303802,6.062205808819713,0.13353722751591146,1
8465,5.936084307729576,6.062205808819713,0.12612150109013687,5
8466,5.981631041690957,6.062205808819713,0.08057476712875644,10
8467,5.970710557670024,6.062205808819713,0.0914952511496887,8
8468,5.951744014435519,6.062205808819713,0.1104617943841939,6
8469,6.016178396596039,6.0,-0.016178396596038702,3
8470,6.039424055955022,6.0,-0.0394240559550223,2
8471,6.039757837852953,6.0,-0.03975783785295306,9
8472,6.009506152582881,6.0,-0.009506152582880567,1
8473,6.017619671954464,6.0,-0.017619671954464344,4
8474,6.034061504466572,6.0,-0.03406150446657197,6
8475,6.009993712073571,6.0,-0.00999371207357136,7
8476,6.039005533276029,6.0,-0.03900553327602907,8
8477,6.001900164364858,6.0,-0.001900164364857737,10
8478,5.999037464678769,6.12057393120585,0.12153646652708083,9
8479,6.0147895588059415,6.12057393120585,0.10578437239990812,5
8480,6.024653584274549,6.12057393120585,0.09592034693130103,6
8481,6.002220396460285,6.12057393120585,0.1183535347455642,7
8482,6.017719479070096,6.12057393120585,0.1028544521357535,2
8483,6.028750914135291,6.12057393120585,0.09182301707055895,8
8484,6.0350026151481275,6.12057393120585,0.08557131605772206,4
8485,6.001072544191027,6.12057393120585,0.11950138701482249,10
8486,6.0095693501955365,6.12057393120585,0.11100458101031307,1
8487,4.967320309178499,4.66661156841903,-0.3007087407594691,10
8488,4.96751285813735,4.66661156841903,-0.3009012897183201,7
8489,4.914965052966416,4.66661156841903,-0.24835348454738604,9
8490,4.977677859922757,4.66661156841903,-0.3110662915037272,2
8491,4.987718325031114,4.66661156841903,-0.32110675661208443,1
8492,5.013763521066807,4.66661156841903,-0.3471519526477769,4
8493,4.942275266159178,4.66661156841903,-0.2756636977401481,8
8494,4.832283821791645,4.66661156841903,-0.16567225337261515,3
8495,4.947887828856544,4.66661156841903,-0.2812762604375143,6
8496,6.115828116820551,7.0178677189635055,0.9020396021429544,9
8497,6.100357657710314,7.0178677189635055,0.9175100612531919,7
8498,6.0863972314334145,7.0178677189635055,0.931470487530091,4
8499,6.1193548857593125,7.0178677189635055,0.898512833204193,2
8500,6.137890836552822,7.0178677189635055,0.8799768824106833,5
8501,6.123403487770149,7.0178677189635055,0.8944642311933562,6
8502,6.08425586850277,7.0178677189635055,0.9336118504607356,10
8503,6.129832570478238,7.0178677189635055,0.8880351484852671,8
8504,6.1246547080883404,7.0178677189635055,0.893213010875165,3
8505,5.755722799624931,6.079181246047625,0.32345844642269395,6
8506,5.793783906941084,6.079181246047625,0.28539733910654075,8
8507,5.766335894887351,6.079181246047625,0.31284535116027445,1
8508,5.767834308086333,6.079181246047625,0.3113469379612921,5
8509,5.832349798331323,6.079181246047625,0.2468314477163025,9
8510,5.6923646386581,6.079181246047625,0.38681660738952495,2
8511,5.69300172381361,6.079181246047625,0.3861795222340154,4
8512,5.764765392730923,6.079181246047625,0.3144158533167021,3
8513,5.768759118761264,6.079181246047625,0.310422127286361,10
8514,6.124944977640126,6.567144045195657,0.4421990675555305,5
8515,6.11223857734646,6.567144045195657,0.45490546784919683,10
8516,6.14004983966881,6.567144045195657,0.4270942055268465,8
8517,6.087347940705489,6.567144045195657,0.47979610449016796,7
8518,6.0555895676604665,6.567144045195657,0.5115544775351903,9
8519,6.153953385098183,6.567144045195657,0.41319066009747374,6
8520,6.125983474246778,6.567144045195657,0.4411605709488793,2
8521,6.096542913144076,6.567144045195657,0.4706011320515806,3
8522,6.102566334412071,6.567144045195657,0.464577710783586,4
8523,5.89310383232554,5.414973347970818,-0.47813048435472183,6
8524,5.838177629736788,5.414973347970818,-0.4232042817659698,8
8525,5.87933466863151,5.414973347970818,-0.464361320660692,9
8526,5.9106878830111205,5.414973347970818,-0.4957145350403023,2
8527,5.898955996070262,5.414973347970818,-0.4839826480994436,4
8528,5.887681801648665,5.414973347970818,-0.4727084536778472,5
8529,5.936196324888153,5.414973347970818,-0.5212229769173344,10
8530,5.90030964660316,5.414973347970818,-0.4853362986323422,3
8531,5.868688221522448,5.414973347970818,-0.45371487355162987,1
8532,5.983367204386319,6.021189299069938,0.03782209468361941,6
8533,5.980131534955123,6.021189299069938,0.04105776411481532,8
8534,6.022221983543199,6.021189299069938,-0.0010326844732606588,2
8535,6.0432135275316226,6.021189299069938,-0.02202422846168428,7
8536,6.042399642026444,6.021189299069938,-0.021210342956505812,5
8537,5.996652555112649,6.021189299069938,0.024536743957288998,10
8538,5.9912954475102405,6.021189299069938,0.029893851559697815,9
8539,6.0334469488646825,6.021189299069938,-0.012257649794744196,1
8540,6.021007741616822,6.021189299069938,0.00018155745311609905,4
8541,5.98191985731117,6.517195897949974,0.535276040638804,2
8542,5.994766278130325,6.517195897949974,0.5224296198196487,4
8543,6.035549480092727,6.517195897949974,0.48164641785724704,7
8544,5.985862460163443,6.517195897949974,0.5313334377865306,5
8545,5.971313985010535,6.517195897949974,0.5458819129394392,9
8546,5.9828019193085815,6.517195897949974,0.5343939786413925,10
8547,5.99889434048435,6.517195897949974,0.518301557465624,1
8548,5.956590630463506,6.517195897949974,0.5606052674864683,6
8549,5.9566189848350435,6.517195897949974,0.5605769131149305,8
8550,5.950975834542573,5.934498451243568,-0.016477383299005055,10
8551,5.928627349109698,5.934498451243568,0.00587110213387021,5
8552,5.944728882757635,5.934498451243568,-0.010230431514066218,7
8553,5.862273315216221,5.934498451243568,0.07222513602734715,9
8554,5.926642827590797,5.934498451243568,0.00785562365277137,2
8555,5.914988225505799,5.934498451243568,0.019510225737769282,6
8556,5.938254808405332,5.934498451243568,-0.0037563571617633684,4
8557,5.934449634902774,5.934498451243568,4.8816340794566315e-05,8
8558,5.925269206671791,5.934498451243568,0.009229244571777429,3
8559,5.880304457635836,6.32221929473392,0.44191483709808477,6
8560,5.893774612898382,6.32221929473392,0.4284446818355381,2
8561,5.926651221527366,6.32221929473392,0.3955680732065545,1
8562,5.929589555327926,6.32221929473392,0.39262973940599455,3
8563,5.9047683191948686,6.32221929473392,0.41745097553905186,5
8564,5.918170207687988,6.32221929473392,0.4040490870459328,8
8565,5.923857529634151,6.32221929473392,0.3983617650997697,4
8566,5.923367977750502,6.32221929473392,0.3988513169834187,10
8567,5.937728380297332,6.32221929473392,0.3844909144365882,7
8568,5.925138251675817,6.301029995663981,0.3758917439881646,10
8569,5.9540780854265,6.301029995663981,0.3469519102374816,8
8570,5.953850733797549,6.301029995663981,0.3471792618664322,6
8571,5.824160247050554,6.301029995663981,0.476869748613427,3
8572,5.964003152376019,6.301029995663981,0.33702684328796195,2
8573,5.9361041995314165,6.301029995663981,0.3649257961325647,9
8574,5.983107645110101,6.301029995663981,0.3179223505538804,5
8575,5.9881755227201605,6.301029995663981,0.31285447294382074,4
8576,5.96997197301182,6.301029995663981,0.33105802265216155,1
8577,5.925066738114499,6.531478917042255,0.6064121789277568,4
8578,5.86456648138957,6.531478917042255,0.6669124356526854,1
8579,5.860906422832748,6.531478917042255,0.670572494209507,6
8580,5.81221490100642,6.531478917042255,0.7192640160358357,2
8581,5.852612224598227,6.531478917042255,0.6788666924440285,9
8582,5.893512047910791,6.531478917042255,0.6379668691314642,10
8583,5.861798891082365,6.531478917042255,0.6696800259598907,5
8584,5.888572593222518,6.531478917042255,0.6429063238197372,8
8585,5.978521546809735,6.531478917042255,0.5529573702325203,3
8586,6.019399177821739,6.003115717099806,-0.016283460721932208,5
8587,6.0020218461586134,6.003115717099806,0.0010938709411929537,7
8588,5.98155089235783,6.003115717099806,0.02156482474197663,1
8589,5.980747343756557,6.003115717099806,0.022368373343249814,2
8590,6.0374445676316455,6.003115717099806,-0.034328850531839095,3
8591,6.003212701676246,6.003115717099806,-9.6984576440029e-05,4
8592,6.019992116993449,6.003115717099806,-0.016876399893642535,6
8593,5.995823200986409,6.003115717099806,0.007292516113396985,8
8594,5.972690609836085,6.003115717099806,0.030425107263721607,10
8595,6.000412909734076,6.3979400086720375,0.3975270989379611,3
8596,5.9431207650182865,6.3979400086720375,0.45481924365375104,8
8597,5.976881950902711,6.3979400086720375,0.4210580577693266,4
8598,5.944745500122247,6.3979400086720375,0.4531945085497906,9
8599,5.913509594794736,6.3979400086720375,0.4844304138773019,2
8600,5.933089340157277,6.3979400086720375,0.4648506685147602,1
8601,5.937106915023504,6.3979400086720375,0.4608330936485334,6
8602,5.959821515408945,6.3979400086720375,0.4381184932630928,5
8603,5.956820767450317,6.3979400086720375,0.4411192412217204,7
8604,3.7453477523270724,3.9242792860618816,0.1789315337348092,3
8605,3.716350188698958,3.9242792860618816,0.20792909736292353,1
8606,3.6326526589484196,3.9242792860618816,0.291626627113462,2
8607,3.503668340130764,3.9242792860618816,0.4206109459311178,4
8608,3.742186444777577,3.9242792860618816,0.1820928412843048,7
8609,3.6979678650183354,3.9242792860618816,0.22631142104354618,10
8610,3.762825106715847,3.9242792860618816,0.16145417934603445,5
8611,3.7347407368095364,3.9242792860618816,0.18953854925234515,8
8612,3.641939850464866,3.9242792860618816,0.2823394355970157,6
8613,5.044610017410327,4.597826770377936,-0.4467832470323909,8
8614,5.060645755875658,4.597826770377936,-0.46281898549772205,9
8615,4.973351812514593,4.597826770377936,-0.3755250421366565,1
8616,4.952939468442212,4.597826770377936,-0.3551126980642758,5
8617,5.017128735319286,4.597826770377936,-0.41930196494134986,7
8618,4.794813952758203,4.597826770377936,-0.19698718238026736,3
8619,4.997428788923608,4.597826770377936,-0.39960201854567234,6
8620,4.938411331961424,4.597826770377936,-0.34058456158348793,4
8621,4.857622545165706,4.597826770377936,-0.2597957747877695,2
8622,5.227014200497461,3.42845877351558,-1.7985554269818809,8
8623,5.05257645181868,3.42845877351558,-1.6241176783031004,10
8624,5.267957272474142,3.42845877351558,-1.8394984989585619,4
8625,5.141991865750732,3.42845877351558,-1.7135330922351524,5
8626,5.113593131609402,3.42845877351558,-1.6851343580938223,1
8627,5.1177965815126445,3.42845877351558,-1.6893378079970645,3
8628,5.1736808782659365,3.42845877351558,-1.7452221047503564,2
8629,5.108855492551096,3.42845877351558,-1.680396719035516,9
8630,5.251185876377329,3.42845877351558,-1.8227271028617493,6
8631,6.010549072092846,6.4623979978989565,0.4518489258061109,1
8632,6.05701930091577,6.4623979978989565,0.4053786969831865,5
8633,6.052742313890376,6.4623979978989565,0.4096556840085803,9
8634,6.04368430587048,6.4623979978989565,0.41871369202847664,7
8635,5.9956578291305025,6.4623979978989565,0.46674016876845403,10
8636,6.070587438624902,6.4623979978989565,0.39181055927405417,4
8637,6.085143424205672,6.4623979978989565,0.37725457369328463,3
8638,6.0695378399295405,6.4623979978989565,0.392860157969416,2
8639,6.075642999246282,6.4623979978989565,0.38675499865267415,6
8640,6.237970121111413,6.898664858722267,0.6606947376108536,3
8641,6.21782871640536,6.898664858722267,0.6808361423169069,8
8642,6.191410769397709,6.898664858722267,0.7072540893245574,4
8643,6.23047589636129,6.898664858722267,0.6681889623609765,1
8644,6.216020008957363,6.898664858722267,0.6826448497649036,5
8645,6.23944977673323,6.898664858722267,0.6592150819890366,6
8646,6.249359926491094,6.898664858722267,0.649304932231173,2
8647,6.206592446580928,6.898664858722267,0.6920724121413384,7
8648,6.294386132290004,6.898664858722267,0.6042787264322627,9
8649,5.933388340877444,5.847276448275631,-0.08611189260181362,7
8650,5.948611643184769,5.847276448275631,-0.10133519490913834,6
8651,5.897487504127878,5.847276448275631,-0.05021105585224728,10
8652,5.914377769374443,5.847276448275631,-0.0671013210988125,4
8653,5.924152809566197,5.847276448275631,-0.07687636129056585,5
8654,5.979649957071738,5.847276448275631,-0.13237350879610688,3
8655,5.918553628602436,5.847276448275631,-0.0712771803268053,9
8656,5.9032091402848605,5.847276448275631,-0.05593269200922979,2
8657,5.926182256312744,5.847276448275631,-0.07890580803711345,1
8658,5.928707785784008,5.44178936653435,-0.4869184192496574,5
8659,5.9540899165505365,5.44178936653435,-0.5123005500161861,3
8660,5.859868340002482,5.44178936653435,-0.4180789734681314,10
8661,5.875409451052998,5.44178936653435,-0.43362008451864753,8
8662,5.896227198930924,5.44178936653435,-0.4544378323965734,4
8663,5.911920376079385,5.44178936653435,-0.4701310095450344,1
8664,5.865213414489663,5.44178936653435,-0.4234240479553124,9
8665,5.917191839430615,5.44178936653435,-0.47540247289626425,6
8666,5.9059610328583,5.44178936653435,-0.46417166632394924,7
8667,6.000492008012668,4.530839778616521,-1.4696522293961474,9
8668,5.995473941823837,4.530839778616521,-1.4646341632073163,5
8669,5.993313432516981,4.530839778616521,-1.4624736539004601,10
8670,5.958465574748036,4.530839778616521,-1.4276257961315153,8
8671,6.029519479659586,4.530839778616521,-1.4986797010430655,3
8672,5.968025528748674,4.530839778616521,-1.4371857501321532,4
8673,6.011278040733797,4.530839778616521,-1.4804382621172758,7
8674,5.960488249155142,4.530839778616521,-1.4296484705386208,2
8675,5.952331072154039,4.530839778616521,-1.4214912935375184,1
8676,5.837960065819312,6.607455023214668,0.7694949573953567,3
8677,5.953025997517304,6.607455023214668,0.6544290256973646,9
8678,5.756360714142556,6.607455023214668,0.8510943090721126,7
8679,5.660753490388665,6.607455023214668,0.9467015328260029,10
8680,5.731888502319779,6.607455023214668,0.8755665208948891,2
8681,5.750732044459656,6.607455023214668,0.8567229787550126,5
8682,5.711942364789537,6.607455023214668,0.8955126584251314,8
8683,5.745650104239495,6.607455023214668,0.8618049189751735,6
8684,5.790472317140668,6.607455023214668,0.8169827060740005,1
8685,5.934225041278568,4.440909082065217,-1.4933159592133505,8
8686,5.943176511600529,4.440909082065217,-1.502267429535312,9
8687,5.962215581344199,4.440909082065217,-1.5213064992789818,1
8688,5.901273966367662,4.440909082065217,-1.4603648843024448,10
8689,5.95078429235351,4.440909082065217,-1.5098752102882926,6
8690,5.9671587462373825,4.440909082065217,-1.5262496641721652,5
8691,5.975062495521257,4.440909082065217,-1.53415341345604,7
8692,5.980429538174268,4.440909082065217,-1.5395204561090505,4
8693,5.940331545803603,4.440909082065217,-1.4994224637383855,2
8694,6.060015824153628,5.596597095626461,-0.46341872852716737,9
8695,6.005837673122365,5.596597095626461,-0.40924057749590403,10
8696,6.004865280750534,5.596597095626461,-0.40826818512407304,1
8697,6.0542215386181555,5.596597095626461,-0.4576244429916949,5
8698,5.994473913521324,5.596597095626461,-0.39787681789486307,2
8699,6.0229912260761855,5.596597095626461,-0.42639413044972496,7
8700,6.052992871164609,5.596597095626461,-0.45639577553814803,3
8701,6.008296808204901,5.596597095626461,-0.4116997125784403,8
8702,6.02602187430881,5.596597095626461,-0.42942477868234974,4
8703,5.582725590936012,4.275080898456858,-1.3076446924791538,6
8704,5.542266971209353,4.275080898456858,-1.2671860727524944,10
8705,5.514204650212109,4.275080898456858,-1.2391237517552511,2
8706,5.755189902731002,4.275080898456858,-1.4801090042741434,5
8707,5.6068169038819295,4.275080898456858,-1.3317360054250713,1
8708,5.593455319122956,4.275080898456858,-1.318374420666098,4
8709,5.421302457168004,4.275080898456858,-1.1462215587111455,9
8710,5.575926406080814,4.275080898456858,-1.300845507623956,3
8711,5.507531712329974,4.275080898456858,-1.2324508138731156,8
8712,5.751781165185913,5.110589710299249,-0.6411914548866644,4
8713,5.775370865957414,5.110589710299249,-0.6647811556581651,7
8714,5.763130698037138,5.110589710299249,-0.6525409877378889,2
8715,5.759975430093906,5.110589710299249,-0.6493857197946573,8
8716,5.802329676750713,5.110589710299249,-0.6917399664514639,3
8717,5.7201770410140655,5.110589710299249,-0.6095873307148167,5
8718,5.7757109409069525,5.110589710299249,-0.6651212306077037,6
8719,5.795942039800452,5.110589710299249,-0.6853523295012032,10
8720,5.788719196481363,5.110589710299249,-0.6781294861821143,9
8721,5.965527114999556,5.041392685158225,-0.924134429841331,8
8722,5.981266336545162,5.041392685158225,-0.9398736513869368,6
8723,5.936473205150098,5.041392685158225,-0.8950805199918728,10
8724,5.936849921580192,5.041392685158225,-0.8954572364219668,2
8725,5.9708622002233325,5.041392685158225,-0.9294695150651071,4
8726,5.985269972242413,5.041392685158225,-0.943877287084188,9
8727,6.02666098002175,5.041392685158225,-0.9852682948635243,3
8728,5.965736374487956,5.041392685158225,-0.9243436893297305,5
8729,5.947258008288487,5.041392685158225,-0.9058653231302616,1
8730,6.0704593511630085,7.0,0.9295406488369915,4
8731,6.010128826335741,7.0,0.9898711736642589,2
8732,6.0721167309217,7.0,0.9278832690782997,5
8733,6.031745610436089,7.0,0.9682543895639109,10
8734,6.1319060820594045,7.0,0.8680939179405955,9
8735,6.045561750246639,7.0,0.9544382497533608,8
8736,6.094198410479309,7.0,0.9058015895206912,6
8737,6.086466527069612,7.0,0.9135334729303883,3
8738,6.041856231958462,7.0,0.9581437680415377,1
8739,6.094198410479309,5.998808399880894,-0.09539001059841468,6
8740,6.041856231958462,5.998808399880894,-0.04304783207756824,1
8741,6.0721167309217,5.998808399880894,-0.07330833104080625,5
8742,6.010128826335741,5.998808399880894,-0.011320426454846988,2
8743,6.086466527069612,5.998808399880894,-0.08765812718871757,3
8744,6.0704593511630085,5.998808399880894,-0.0716509512821144,4
8745,6.031745610436089,5.998808399880894,-0.03293721055519505,10
8746,6.1319060820594045,5.998808399880894,-0.13309768217851037,9
8747,6.030171005453419,5.998808399880894,-0.031362605572525126,7
8748,6.020731113773433,7.602059991327962,1.5813288775545287,3
8749,5.9644611803040855,7.602059991327962,1.6375988110238762,6
8750,5.965133538631928,7.602059991327962,1.6369264526960334,7
8751,5.975796182343032,7.602059991327962,1.6262638089849295,8
8752,5.949197472863941,7.602059991327962,1.6528625184640209,10
8753,5.963190302141842,7.602059991327962,1.6388696891861194,1
8754,5.944955683328019,7.602059991327962,1.6571043079999423,2
8755,5.967264445471899,7.602059991327962,1.634795545856063,5
8756,5.997697150087744,7.602059991327962,1.604362841240218,4
8757,6.180443998651103,5.653212513775344,-0.5272314848757587,8
8758,6.370213471948651,5.653212513775344,-0.7170009581733074,1
8759,6.305141456347742,5.653212513775344,-0.6519289425723978,5
8760,6.3936274343431885,5.653212513775344,-0.7404149205678445,7
8761,6.472331761646354,5.653212513775344,-0.8191192478710096,9
8762,6.328604024669418,5.653212513775344,-0.675391510894074,3
8763,6.381758033194879,5.653212513775344,-0.7285455194195354,2
8764,6.350325043890234,5.653212513775344,-0.6971125301148904,4
8765,6.311642910015472,5.653212513775344,-0.6584303962401279,10
8766,5.654132021366096,5.0,-0.6541320213660962,6
8767,5.6023591283988,5.0,-0.6023591283987999,7
8768,5.634808092746797,5.0,-0.6348080927467974,4
8769,5.5923342782388685,5.0,-0.5923342782388685,1
8770,5.422514575594789,5.0,-0.4225145755947892,2
8771,5.6949310711762715,5.0,-0.6949310711762715,8
8772,5.568008376328857,5.0,-0.5680083763288568,3
8773,5.6284229349924475,5.0,-0.6284229349924475,10
8774,5.6630992010513435,5.0,-0.6630992010513435,9
8775,5.978521546809735,4.661812685537261,-1.316708861272474,3
8776,5.834778444000173,4.661812685537261,-1.1729657584629116,7
8777,5.860906422832748,4.661812685537261,-1.1990937372954873,6
8778,5.86456648138957,4.661812685537261,-1.202753795852309,1
8779,5.81221490100642,4.661812685537261,-1.1504022154691587,2
8780,5.888572593222518,4.661812685537261,-1.2267599076852571,8
8781,5.925066738114499,4.661812685537261,-1.2632540525772376,4
8782,5.861798891082365,4.661812685537261,-1.1999862055451036,5
8783,5.852612224598227,4.661812685537261,-1.1907995390609658,9
8784,5.936745720753793,6.7160033436348,0.7792576228810075,7
8785,6.0242643960111515,6.7160033436348,0.6917389476236488,9
8786,5.98798560831444,6.7160033436348,0.7280177353203605,8
8787,6.00428104311108,6.7160033436348,0.7117223005237205,3
8788,5.992854300866891,6.7160033436348,0.7231490427679095,4
8789,5.93781541527403,6.7160033436348,0.7781879283607704,1
8790,5.926102493550519,6.7160033436348,0.7899008500842815,10
8791,6.008381484186055,6.7160033436348,0.7076218594487456,5
8792,5.925440071422338,6.7160033436348,0.790563272212462,2
8793,6.244041209859599,6.939519252618618,0.695478042759019,10
8794,6.3587255515133085,6.939519252618618,0.5807937011053097,3
8795,6.426029991821369,6.939519252618618,0.5134892607972494,4
8796,6.420951004459686,6.939519252618618,0.5185682481589327,2
8797,6.31537098323415,6.939519252618618,0.6241482693844684,9
8798,6.434871103323421,6.939519252618618,0.5046481492951971,1
8799,6.251089592179087,6.939519252618618,0.6884296604395308,5
8800,6.4279131820027,6.939519252618618,0.511606070615918,8
8801,6.325641057320535,6.939519252618618,0.6138781952980832,6
8802,5.345080200935106,4.249027052547187,-1.0960531483879192,4
8803,5.435074861961531,4.249027052547187,-1.1860478094143438,6
8804,5.297364624698762,4.249027052547187,-1.048337572151575,2
8805,5.326465415183815,4.249027052547187,-1.0774383626366282,3
8806,5.448105392619404,4.249027052547187,-1.1990783400722167,10
8807,5.343849088393101,4.249027052547187,-1.0948220358459144,1
8808,5.31585298681765,4.249027052547187,-1.0668259342704633,8
8809,5.414228999146986,4.249027052547187,-1.1652019465997991,7
8810,5.2253696207363625,4.249027052547187,-0.9763425681891755,9
8811,2.1740800376552154,1.6334684555795864,-0.540611582075629,2
8812,2.3067654301047926,1.6334684555795864,-0.6732969745252062,9
8813,2.2108867759195867,1.6334684555795864,-0.5774183203400003,7
8814,2.2505578899689684,1.6334684555795864,-0.617089434389382,10
8815,2.2262891506922706,1.6334684555795864,-0.5928206951126842,3
8816,2.1684787845497024,1.6334684555795864,-0.535010328970116,6
8817,2.3812626787718134,1.6334684555795864,-0.747794223192227,8
8818,2.411331516580749,1.6334684555795864,-0.7778630610011625,1
8819,2.1464118056809594,1.6334684555795864,-0.5129433501013729,5
8820,2.1464118056809594,2.182300499593339,0.03588869391237948,5
8821,2.2505578899689684,2.182300499593339,-0.06825739037562961,10
8822,2.636289698147897,2.182300499593339,-0.4539891985545581,4
8823,2.2262891506922706,2.182300499593339,-0.0439886510989318,3
8824,2.1684787845497024,2.182300499593339,0.013821715043636384,6
8825,2.3067654301047926,2.182300499593339,-0.1244649305114538,9
8826,2.411331516580749,2.182300499593339,-0.22903101698741013,1
8827,2.1740800376552154,2.182300499593339,0.008220461938123425,2
8828,2.2108867759195867,2.182300499593339,-0.028586276326247884,7
8829,5.623343662081945,4.008600171761918,-1.614743490320027,3
8830,5.4265189320625735,4.008600171761918,-1.4179187603006556,10
8831,5.5093439986265125,4.008600171761918,-1.5007438268645945,6
8832,5.509319924973294,4.008600171761918,-1.500719753211376,7
8833,5.521094779785418,4.008600171761918,-1.5124946080235002,8
8834,5.597482924768377,4.008600171761918,-1.5888827530064589,5
8835,5.606503681657899,4.008600171761918,-1.597903509895981,4
8836,5.506924022644103,4.008600171761918,-1.4983238508821852,2
8837,5.5794085136481435,4.008600171761918,-1.5708083418862255,1
8838,5.986908498694574,5.400710636773232,-0.5861978619213426,8
8839,5.985457749019861,5.400710636773232,-0.584747112246629,7
8840,5.987004664926412,5.400710636773232,-0.5862940281531808,2
8841,6.049206608703401,5.400710636773232,-0.6484959719301697,6
8842,6.015825528515798,5.400710636773232,-0.6151148917425662,3
8843,5.923151200678221,5.400710636773232,-0.5224405639049898,10
8844,6.027657987876764,5.400710636773232,-0.6269473511035324,9
8845,6.014765108110569,5.400710636773232,-0.6140544713373375,5
8846,6.003139873371619,5.400710636773232,-0.602429236598387,1
8847,6.016187037510122,6.078819183098848,0.06263214558872665,6
8848,5.930629155642107,6.078819183098848,0.14819002745674137,1
8849,5.960965177538116,6.078819183098848,0.11785400556073267,5
8850,5.921807638167279,6.078819183098848,0.157011544931569,7
8851,5.7817041717330575,6.078819183098848,0.29711501136579077,10
8852,5.948950871759307,6.078819183098848,0.1298683113395409,3
8853,5.915800185234702,6.078819183098848,0.1630189978641461,2
8854,5.89732676110223,6.078819183098848,0.18149242199661852,8
8855,5.882530758813448,6.078819183098848,0.1962884242854006,9
8856,5.909538347781133,4.736149402104994,-1.1733889456761393,5
8857,5.942142220474039,4.736149402104994,-1.2059928183690447,4
8858,5.902002086261258,4.736149402104994,-1.1658526841562642,2
8859,5.915562872494685,4.736149402104994,-1.179413470389691,1
8860,5.87687833095518,4.736149402104994,-1.1407289288501863,10
8861,5.868876015755704,4.736149402104994,-1.1327266136507097,3
8862,5.85741524342864,4.736149402104994,-1.1212658413236465,8
8863,5.88845233453652,4.736149402104994,-1.1523029324315264,9
8864,5.888650960944654,4.736149402104994,-1.1525015588396599,7
8865,5.9233478979197125,6.0,0.0766521020802875,10
8866,6.059689878140736,6.0,-0.059689878140735786,4
8867,5.975100713174437,6.0,0.02489928682556286,8
8868,6.013192025341079,6.0,-0.013192025341078661,6
8869,5.997894956904887,6.0,0.002105043095112613,1
8870,5.978127704094471,6.0,0.021872295905528638,5
8871,5.998336926944198,6.0,0.0016630730558020446,9
8872,5.9732982606353495,6.0,0.02670173936465048,7
8873,5.955230342963953,6.0,0.044769657036047406,2
8874,5.362853214995821,4.821840927200454,-0.5410122877953665,8
8875,5.319006530670853,4.821840927200454,-0.49716560347039884,1
8876,5.550535184189713,4.821840927200454,-0.7286942569892592,7
8877,5.306761622612826,4.821840927200454,-0.4849206954123719,10
8878,5.336532331576091,4.821840927200454,-0.514691404375637,3
8879,5.402261326026331,4.821840927200454,-0.5804203988258765,2
8880,5.392788077951565,4.821840927200454,-0.5709471507511106,9
8881,5.387004133040704,4.821840927200454,-0.5651632058402498,5
8882,5.515502714836748,4.821840927200454,-0.6936617876362936,4
8883,5.8608039998098675,5.648360010980932,-0.21244398882893556,2
8884,5.919419071934548,5.648360010980932,-0.27105906095361565,5
8885,5.88499278506084,5.648360010980932,-0.2366327740799079,9
8886,5.84723579129997,5.648360010980932,-0.19887578031903796,10
8887,5.882591577427004,5.648360010980932,-0.23423156644607168,1
8888,5.863421352045143,5.648360010980932,-0.21506134106421104,7
8889,5.863210661023785,5.648360010980932,-0.21485065004285264,8
8890,5.850252866420558,5.648360010980932,-0.20189285543962576,6
8891,5.91058485829368,5.648360010980932,-0.26222484731274776,4
8892,6.055743846241703,6.3979400086720375,0.34219616243033446,5
8893,6.063431449480972,6.3979400086720375,0.3345085591910655,3
8894,6.038555757738817,6.3979400086720375,0.35938425093322035,8
8895,6.087264579825865,6.3979400086720375,0.3106754288461726,7
8896,6.054621216386352,6.3979400086720375,0.34331879228568507,9
8897,6.021871783043808,6.3979400086720375,0.37606822562822906,10
8898,6.027126332858731,6.3979400086720375,0.3708136758133067,2
8899,6.069017957778217,6.3979400086720375,0.3289220508938202,4
8900,6.03045123567613,6.3979400086720375,0.3674887729959071,1
8901,6.099678902037539,7.217483944213907,1.117805042176368,5
8902,6.150907249273868,7.217483944213907,1.0665766949400384,6
8903,6.099479455486449,7.217483944213907,1.1180044887274576,2
8904,6.104760976327023,7.217483944213907,1.1127229678868833,10
8905,6.15920116895109,7.217483944213907,1.0582827752628168,8
8906,6.1523945147948895,7.217483944213907,1.0650894294190172,4
8907,6.1408517441249195,7.217483944213907,1.0766322000889872,7
8908,6.143764574409129,7.217483944213907,1.0737193698047776,9
8909,6.130556751392247,7.217483944213907,1.0869271928216593,1
8910,5.997740072695692,5.050147658020303,-0.9475924146753893,4
8911,5.949515042025826,5.050147658020303,-0.8993673840055232,9
8912,5.971008404151737,5.050147658020303,-0.9208607461314342,5
8913,6.0165249830986784,5.050147658020303,-0.9663773250783754,8
8914,5.965218059727656,5.050147658020303,-0.9150704017073528,7
8915,5.982196552948097,5.050147658020303,-0.9320488949277941,1
8916,5.990255403871199,5.050147658020303,-0.940107745850896,3
8917,5.879005312083975,5.050147658020303,-0.8288576540636718,2
8918,5.997060807349503,5.050147658020303,-0.9469131493292,10
8919,3.989803405230351,3.959041392321093,-0.03076201290925784,9
8920,3.918405200849713,3.959041392321093,0.04063619147137976,10
8921,3.9299664030101265,3.959041392321093,0.029074989310966526,1
8922,4.047427535296037,3.959041392321093,-0.08838614297494374,4
8923,4.02677310706657,3.959041392321093,-0.06773171474547723,7
8924,3.8746641837554785,3.959041392321093,0.08437720856561448,3
8925,3.975542890478542,3.959041392321093,-0.016501498157448946,5
8926,4.009431279649848,3.959041392321093,-0.05038988732875538,2
8927,3.842560312622163,3.959041392321093,0.11648107969892996,6
8928,5.735797386427958,6.477121254719663,0.7413238682917047,3
8929,5.352342355810351,6.477121254719663,1.1247788989093115,7
8930,5.609415930979184,6.477121254719663,0.8677053237404788,9
8931,5.673504755917171,6.477121254719663,0.8036164988024916,4
8932,5.666430820054348,6.477121254719663,0.8106904346653145,5
8933,5.634350529683866,6.477121254719663,0.8427707250357965,10
8934,5.622201547695546,6.477121254719663,0.8549197070241163,1
8935,5.719827194652024,6.477121254719663,0.7572940600676388,2
8936,5.706503577768611,6.477121254719663,0.7706176769510513,6
8937,6.358764161394672,7.544068044350276,1.185303882955604,6
8938,6.4041947031494155,7.544068044350276,1.1398733412008601,3
8939,6.3882426091208995,7.544068044350276,1.1558254352293762,8
8940,6.387858469171071,7.544068044350276,1.1562095751792043,2
8941,6.404104522616287,7.544068044350276,1.1399635217339883,9
8942,6.417400879672381,7.544068044350276,1.1266671646778947,7
8943,6.403726231037139,7.544068044350276,1.140341813313137,10
8944,6.425101770884156,7.544068044350276,1.1189662734661194,1
8945,6.410436818745858,7.544068044350276,1.133631225604418,5
8946,5.7528387811687445,6.079181246047625,0.32634246487888063,2
8947,5.67691160042978,6.079181246047625,0.40226964561784495,5
8948,5.744117265125044,6.079181246047625,0.3350639809225813,3
8949,5.568752492894237,6.079181246047625,0.5104287531533878,10
8950,5.610846137410482,6.079181246047625,0.46833510863714345,9
8951,5.653668246726044,6.079181246047625,0.4255129993215814,8
8952,5.7269215828219835,6.079181246047625,0.3522596632256416,4
8953,5.7139616493201455,6.079181246047625,0.3652195967274796,6
8954,5.7731375853757,6.079181246047625,0.306043660671925,7
8955,5.790322991721284,6.146128035678238,0.3558050439569538,3
8956,5.72197215718146,6.146128035678238,0.42415587849677827,6
8957,5.755326332733697,6.146128035678238,0.3908017029445414,2
8958,5.716945548329585,6.146128035678238,0.42918248734865294,5
8959,5.7640535477660535,6.146128035678238,0.3820744879121847,1
8960,5.745499027266718,6.146128035678238,0.4006290084115198,9
8961,5.764005172016989,6.146128035678238,0.38212286366124903,4
8962,5.7248614829400335,6.146128035678238,0.4212665527382047,7
8963,5.698837645008996,6.146128035678238,0.4472903906692425,8
8964,5.762175683271462,5.146128035678238,-0.6160476475932235,10
8965,5.593487856864609,5.146128035678238,-0.44735982118637097,7
8966,5.757505737932688,5.146128035678238,-0.6113777022544502,2
8967,5.754500450532925,5.146128035678238,-0.6083724148546867,1
8968,5.624578896557685,5.146128035678238,-0.47845086087944644,4
8969,5.795526068827394,5.146128035678238,-0.649398033149156,3
8970,5.782172235857654,5.146128035678238,-0.6360442001794162,5
8971,5.710882063755796,5.146128035678238,-0.5647540280775578,6
8972,5.742591804107661,5.146128035678238,-0.5964637684294232,9
8973,5.882387009331661,5.534026106056135,-0.34836090327552593,8
8974,5.883528929521957,5.534026106056135,-0.34950282346582195,2
8975,5.9873286562426005,5.534026106056135,-0.45330255018646515,5
8976,5.886875546086438,5.534026106056135,-0.35284944003030283,6
8977,5.8376246336665245,5.534026106056135,-0.3035985276103892,7
8978,5.901985002650492,5.534026106056135,-0.36795889659435677,9
8979,5.877999856295699,5.534026106056135,-0.3439737502395639,10
8980,5.919640383153011,5.534026106056135,-0.38561427709687557,1
8981,5.840038868251324,5.534026106056135,-0.3060127621951887,4
8982,6.1588594546094795,7.434568904034199,1.2757094494247196,9
8983,6.259802843493187,7.434568904034199,1.1747660605410122,10
8984,6.279291935373201,7.434568904034199,1.1552769686609983,5
8985,6.18535539838584,7.434568904034199,1.2492135056483589,1
8986,6.212912268457071,7.434568904034199,1.2216566355771281,8
8987,6.21689071608399,7.434568904034199,1.2176781879502094,4
8988,6.201760832759907,7.434568904034199,1.2328080712742917,6
8989,6.205665201998898,7.434568904034199,1.2289037020353009,2
8990,6.247368229817693,7.434568904034199,1.1872006742165064,7
8991,5.804286114139189,5.826074802700826,0.02178868856163696,3
8992,5.7648376472983,5.826074802700826,0.06123715540252572,4
8993,5.768665607436588,5.826074802700826,0.05740919526423838,2
8994,5.790233798838593,5.826074802700826,0.03584100386223277,6
8995,5.820449317015629,5.826074802700826,0.005625485685197162,1
8996,5.793996288753753,5.826074802700826,0.03207851394707273,8
8997,5.800949665413822,5.826074802700826,0.02512513728700405,10
8998,5.796425368376041,5.826074802700826,0.029649434324785062,9
8999,5.786693076414107,5.826074802700826,0.03938172628671932,7
9000,5.893509493327572,6.401400540781544,0.5078910474539722,10
9001,5.897213354764128,6.401400540781544,0.5041871860174156,9
9002,5.905847353225471,6.401400540781544,0.495553187556073,3
9003,5.901735196735473,6.401400540781544,0.499665344046071,8
9004,5.888973843965077,6.401400540781544,0.5124266968164664,5
9005,5.836608765979407,6.401400540781544,0.5647917748021367,2
9006,5.8784480215213115,6.401400540781544,0.5229525192602322,6
9007,5.929431752290724,6.401400540781544,0.4719687884908197,1
9008,5.911060342006806,6.401400540781544,0.4903401987747378,4
9009,5.763614219630516,6.079181246047625,0.3155670264171091,5
9010,5.79315847826968,6.079181246047625,0.2860227677779452,6
9011,5.809400251042462,6.079181246047625,0.2697809950051635,8
9012,5.778678362460942,6.079181246047625,0.30050288358668276,7
9013,5.785044749492502,6.079181246047625,0.2941364965551232,2
9014,5.7722706724890305,6.079181246047625,0.30691057355859463,9
9015,5.799550873693395,6.079181246047625,0.27963037235423016,10
9016,5.820950301734058,6.079181246047625,0.2582309443135671,1
9017,5.81263159169734,6.079181246047625,0.26654965435028544,3
9018,5.928533230097674,5.021189299069938,-0.9073439310277358,10
9019,5.976541097249384,5.021189299069938,-0.9553517981794455,9
9020,6.03291345868854,5.021189299069938,-1.011724159618602,3
9021,5.939767685589297,5.021189299069938,-0.9185783865193589,7
9022,5.954056578751679,5.021189299069938,-0.9328672796817408,1
9023,5.956693891329951,5.021189299069938,-0.9355045922600125,6
9024,5.961243292364583,5.021189299069938,-0.9400539932946446,5
9025,5.939670337033801,5.021189299069938,-0.918481037963863,2
9026,5.957246202117777,5.021189299069938,-0.936056903047839,4
9027,5.5951720294310086,5.604118006192035,0.008945976761026486,5
9028,5.558167468158561,5.604118006192035,0.04595053803347415,3
9029,5.567378442071981,5.604118006192035,0.036739564120053636,2
9030,5.590040969892732,5.604118006192035,0.014077036299303458,4
9031,5.629065050597214,5.604118006192035,-0.024947044405179142,6
9032,5.567475618203166,5.604118006192035,0.036642387988869096,7
9033,5.79450105009636,5.604118006192035,-0.19038304390432526,10
9034,5.553748222985023,5.604118006192035,0.05036978320701202,9
9035,5.719489445288559,5.604118006192035,-0.11537143909652414,1
9036,5.896862482885245,4.124504224834283,-1.7723582580509625,4
9037,5.887711247804881,4.124504224834283,-1.7632070229705983,6
9038,5.811258956860488,4.124504224834283,-1.6867547320262055,2
9039,5.856877658779206,4.124504224834283,-1.7323734339449235,8
9040,5.907243606922284,4.124504224834283,-1.7827393820880015,5
9041,5.88018092012737,4.124504224834283,-1.7556766952930873,10
9042,5.848457754102393,4.124504224834283,-1.72395352926811,9
9043,5.851107536509282,4.124504224834283,-1.7266033116749995,1
9044,5.907367013643509,4.124504224834283,-1.7828627888092266,7
9045,4.364809437522934,3.5575072019056577,-0.8073022356172759,7
9046,4.483650615878927,3.5575072019056577,-0.9261434139732696,2
9047,4.318692481067878,3.5575072019056577,-0.7611852791622207,1
9048,4.37563649831325,3.5575072019056577,-0.8181292964075926,9
9049,4.509772844897772,3.5575072019056577,-0.9522656429921144,8
9050,4.274526224751415,3.5575072019056577,-0.7170190228457569,3
9051,4.410091098266946,3.5575072019056577,-0.8525838963612884,5
9052,4.3007391742109515,3.5575072019056577,-0.7432319723052938,10
9053,4.3147732496703295,3.5575072019056577,-0.7572660477646718,6
9054,4.1902721642916285,2.9542425094393248,-1.2360296548523038,8
9055,4.070317726984089,2.9542425094393248,-1.1160752175447644,10
9056,4.339186141195112,2.9542425094393248,-1.3849436317557875,9
9057,4.314342305236699,2.9542425094393248,-1.3600997957973742,6
9058,4.38989853721727,2.9542425094393248,-1.4356560277779455,4
9059,4.297761339144637,2.9542425094393248,-1.3435188297053124,7
9060,4.196978672417015,2.9542425094393248,-1.2427361629776903,1
9061,4.129451661728572,2.9542425094393248,-1.1752091522892472,3
9062,4.221645890554138,2.9542425094393248,-1.2674033811148129,2
9063,4.188734169160616,3.942008053022313,-0.2467261161383032,10
9064,4.537234961582847,3.942008053022313,-0.5952269085605337,5
9065,4.125013635811439,3.942008053022313,-0.18300558278912593,2
9066,4.196435393584347,3.942008053022313,-0.2544273405620334,6
9067,4.26072333457342,3.942008053022313,-0.31871528155110695,8
9068,4.171796785951957,3.942008053022313,-0.2297887329296442,7
9069,4.2146916218345645,3.942008053022313,-0.2726835688122513,9
9070,4.246723697095495,3.942008053022313,-0.3047156440731822,1
9071,4.276614321361718,3.942008053022313,-0.3346062683394049,3
9072,4.376875010260627,3.5118833609788744,-0.8649916492817527,1
9073,4.512705180454182,3.5118833609788744,-1.0008218194753074,7
9074,4.453090123693779,3.5118833609788744,-0.9412067627149048,6
9075,4.415264037907482,3.5118833609788744,-0.9033806769286077,10
9076,4.351145729215088,3.5118833609788744,-0.8392623682362137,2
9077,4.37542452695211,3.5118833609788744,-0.8635411659732357,3
9078,4.164715590662036,3.5118833609788744,-0.6528322296831615,9
9079,4.532872598777411,3.5118833609788744,-1.0209892377985366,4
9080,4.418217115084661,3.5118833609788744,-0.9063337541057868,5
9081,5.892572606639415,6.621974524899735,0.7294019182603204,5
9082,5.866481718060191,6.621974524899735,0.7554928068395439,6
9083,5.80994012738494,6.621974524899735,0.812034397514795,9
9084,5.8765856057445705,6.621974524899735,0.7453889191551646,1
9085,5.889843718076472,6.621974524899735,0.732130806823263,8
9086,5.932297471652562,6.621974524899735,0.6896770532471734,7
9087,5.770988682299252,6.621974524899735,0.8509858426004833,10
9088,5.988634200950799,6.621974524899735,0.6333403239489357,4
9089,5.844247639450328,6.621974524899735,0.7777268854494066,2
9090,5.76858463146479,5.423360578084977,-0.34522405337981343,8
9091,5.787447772246522,5.423360578084977,-0.3640871941615451,6
9092,5.680984341808957,5.423360578084977,-0.25762376372397977,10
9093,5.754578664678023,5.423360578084977,-0.3312180865930463,1
9094,5.727825319890887,5.423360578084977,-0.3044647418059103,3
9095,5.873354992962473,5.423360578084977,-0.44999441487749614,9
9096,5.776280122049999,5.423360578084977,-0.35291954396502234,2
9097,5.852316608938028,5.423360578084977,-0.4289560308530511,4
9098,5.765769089911671,5.423360578084977,-0.34240851182669374,7
9099,5.696920621141786,5.6776069527204935,-0.019313668421292896,3
9100,5.811215742918454,5.6776069527204935,-0.13360879019796013,9
9101,5.764552900357148,5.6776069527204935,-0.08694594763665453,2
9102,5.808878226566857,5.6776069527204935,-0.13127127384636328,5
9103,5.8115203179864245,5.6776069527204935,-0.133913365265931,4
9104,5.757052100691007,5.6776069527204935,-0.07944514797051383,6
9105,5.706619348601521,5.6776069527204935,-0.02901239588102733,1
9106,5.636726580241252,5.6776069527204935,0.0408803724792417,10
9107,5.740503795175326,5.6776069527204935,-0.0628968424548324,7
9108,4.917012261863283,6.0,1.0829877381367172,5
9109,4.859278173954266,6.0,1.1407218260457341,3
9110,4.881557645682935,6.0,1.1184423543170654,10
9111,5.193863112581499,6.0,0.8061368874185009,8
9112,5.039961487881448,6.0,0.960038512118552,6
9113,4.970998278885841,6.0,1.0290017211141587,2
9114,5.113945463960052,6.0,0.8860545360399481,7
9115,4.853539304221458,6.0,1.1464606957785417,1
9116,5.07357642437293,6.0,0.9264235756270702,4
9117,5.67871571844874,6.146128035678238,0.46741231722949816,4
9118,5.768061152941226,6.146128035678238,0.37806688273701194,7
9119,5.724457950993508,6.146128035678238,0.4216700846847301,8
9120,5.598472448645207,6.146128035678238,0.5476555870330309,3
9121,5.66966087617504,6.146128035678238,0.47646715950319773,10
9122,5.6188253965906005,6.146128035678238,0.5273026390876376,2
9123,5.640034654829253,6.146128035678238,0.5060933808489851,5
9124,5.7792798523567805,6.146128035678238,0.36684818332145763,9
9125,5.638303516594808,6.146128035678238,0.5078245190834298,6
9126,6.228020421748,6.161846959528519,-0.0661734622194814,8
9127,6.143087089758496,6.161846959528519,0.01875986977002242,5
9128,6.207470845463689,6.161846959528519,-0.04562388593517053,7
9129,6.212357732986871,6.161846959528519,-0.05051077345835253,3
9130,6.243061610020517,6.161846959528519,-0.08121465049199816,1
9131,6.234432603391789,6.161846959528519,-0.07258564386327038,2
9132,6.171396797842658,6.161846959528519,-0.009549838314139691,6
9133,6.201357101051489,6.161846959528519,-0.039510141522970166,10
9134,6.232535801850262,6.161846959528519,-0.07068884232174355,4
9135,6.042137989883645,6.079181246047625,0.03704325616398041,6
9136,6.016645124578588,6.079181246047625,0.0625361214690372,10
9137,6.045087274214803,6.079181246047625,0.0340939718328217,5
9138,6.068275814557417,6.079181246047625,0.010905431490208173,3
9139,6.028146417072265,6.079181246047625,0.051034828975359936,9
9140,6.044404350643574,6.079181246047625,0.03477689540405127,1
9141,6.072318578945672,6.079181246047625,0.006862667101953157,2
9142,6.062289897263096,6.079181246047625,0.01689134878452947,4
9143,6.074709991522264,6.079181246047625,0.004471254525361346,7
9144,2.571173322600532,3.103803720955957,0.5326303983554248,1
9145,2.605311971952808,3.103803720955957,0.49849174900314885,2
9146,2.53145841046357,3.103803720955957,0.5723453104923868,8
9147,2.4651698440882823,3.103803720955957,0.6386338768676745,7
9148,2.67776763737213,3.103803720955957,0.42603608358382683,5
9149,2.569169670953177,3.103803720955957,0.5346340500027797,3
9150,2.6297698254233275,3.103803720955957,0.4740338955326293,4
9151,2.575367530692659,3.103803720955957,0.5284361902632977,6
9152,2.550739665511001,3.103803720955957,0.5530640554449557,9
9153,6.744808084298478,7.244277120801843,0.49946903650336427,7
9154,6.776273065339953,7.244277120801843,0.46800405546188983,1
9155,6.771230470507022,7.244277120801843,0.47304665029482074,8
9156,6.889840173846502,7.244277120801843,0.35443694695534056,2
9157,6.6998507459234755,7.244277120801843,0.5444263748783671,9
9158,6.714058713669723,7.244277120801843,0.5302184071321197,6
9159,6.6465335472334655,7.244277120801843,0.5977435735683772,3
9160,6.775995115143631,7.244277120801843,0.468282005658212,4
9161,6.6799985882845645,7.244277120801843,0.5642785325172781,5
9162,6.4092357582953285,7.08278537031645,0.6735496120211213,4
9163,6.320468828200388,7.08278537031645,0.7623165421160616,9
9164,6.287677407913496,7.08278537031645,0.7951079624029536,7
9165,6.409153006879828,7.08278537031645,0.6736323634366217,2
9166,6.279783720210106,7.08278537031645,0.803001650106344,10
9167,6.307775629114944,7.08278537031645,0.7750097412015062,6
9168,6.417900295716951,7.08278537031645,0.664885074599499,1
9169,6.418555064501038,7.08278537031645,0.664230305815412,8
9170,6.35946510250855,7.08278537031645,0.7233202678078996,3
9171,6.439464042005524,6.133538908370218,-0.3059251336353057,2
9172,6.311162786655939,6.133538908370218,-0.17762387828572113,6
9173,6.427723104663926,6.133538908370218,-0.29418419629370796,1
9174,6.294146691057431,6.133538908370218,-0.16060778268721343,5
9175,6.342360220197537,6.133538908370218,-0.208821311827319,9
9176,6.231560896037483,6.133538908370218,-0.09802198766726544,10
9177,6.285145046868298,6.133538908370218,-0.1516061384980798,7
9178,6.366603642216298,6.133538908370218,-0.2330647338460805,3
9179,6.392598851209326,6.133538908370218,-0.2590599428391078,4
9180,5.980901832378367,6.778151250383644,0.7972494180052765,4
9181,6.06219411564459,6.778151250383644,0.7159571347390541,9
9182,6.194173885499281,6.778151250383644,0.5839773648843627,1
9183,5.9539817563825,6.778151250383644,0.8241694940011435,7
9184,5.943228180259533,6.778151250383644,0.8349230701241108,5
9185,6.0738283136177404,6.778151250383644,0.7043229367659034,2
9186,5.94312108711052,6.778151250383644,0.8350301632731236,6
9187,6.037057918842035,6.778151250383644,0.7410933315416086,8
9188,6.020395699950797,6.778151250383644,0.7577555504328473,3
9189,6.771230470507022,7.57978359661681,0.8085531261097882,8
9190,6.889840173846502,7.57978359661681,0.6899434227703081,2
9191,6.775995115143631,7.57978359661681,0.8037884814731795,4
9192,6.6799985882845645,7.57978359661681,0.8997850083322456,5
9193,6.744808084298478,7.57978359661681,0.8349755123183318,7
9194,6.6465335472334655,7.57978359661681,0.9332500493833447,3
9195,6.6998507459234755,7.57978359661681,0.8799328506933346,9
9196,6.776273065339953,7.57978359661681,0.8035105312768573,1
9197,6.714058713669723,7.57978359661681,0.8657248829470872,6
9198,5.719787170490401,5.27415784926368,-0.44562932122672105,7
9199,5.773893241446254,5.27415784926368,-0.4997353921825747,2
9200,5.7898901212244525,5.27415784926368,-0.5157322719607729,4
9201,5.633942371675174,5.27415784926368,-0.35978452241149483,5
9202,5.832472588681793,5.27415784926368,-0.5583147394181136,8
9203,5.691018991609816,5.27415784926368,-0.4168611423461366,6
9204,5.715346534177098,5.27415784926368,-0.4411886849134188,9
9205,5.9352194976056545,5.27415784926368,-0.6610616483419749,10
9206,5.7878969650739975,5.27415784926368,-0.513739115810318,3
9207,5.934571300049166,5.342422680822207,-0.5921486192269594,6
9208,5.911452857894393,5.342422680822207,-0.569030177072186,4
9209,5.955644930233786,5.342422680822207,-0.6132222494115798,5
9210,5.8935474020607,5.342422680822207,-0.5511247212384935,7
9211,5.871989559467539,5.342422680822207,-0.5295668786453325,8
9212,5.894694291627964,5.342422680822207,-0.5522716108057573,10
9213,5.930604024695499,5.342422680822207,-0.5881813438732921,3
9214,5.895376180047452,5.342422680822207,-0.5529534992252456,1
9215,5.886372295251191,5.342422680822207,-0.5439496144289846,9
9216,5.811596879696715,5.826074802700826,0.014477923004110771,2
9217,5.722057407210015,5.826074802700826,0.10401739549081057,6
9218,5.788803020132811,5.826074802700826,0.03727178256801533,9
9219,5.753828667431385,5.826074802700826,0.07224613526944079,4
9220,5.716911137401833,5.826074802700826,0.10916366529899335,1
9221,5.76251906307972,5.826074802700826,0.06355573962110572,3
9222,5.800046144791808,5.826074802700826,0.026028657909018094,5
9223,5.8241413590986735,5.826074802700826,0.0019334436021525292,10
9224,5.687381253971175,5.826074802700826,0.138693548729651,8
9225,5.553551523955442,4.359835482339888,-1.193716041615554,2
9226,5.491989103171448,4.359835482339888,-1.1321536208315592,7
9227,5.616617478790072,4.359835482339888,-1.2567819964501838,5
9228,5.498326671853973,4.359835482339888,-1.1384911895140846,3
9229,5.469088623934938,4.359835482339888,-1.1092531415950493,8
9230,5.455057695587686,4.359835482339888,-1.0952222132477978,1
9231,5.437803719685289,4.359835482339888,-1.0779682373454005,4
9232,5.513050523967419,4.359835482339888,-1.1532150416275302,6
9233,5.559145047030221,4.359835482339888,-1.1993095646903322,9
9234,6.567848572126081,6.763427993562937,0.19557942143685558,4
9235,6.418463936366532,6.763427993562937,0.344964057196405,9
9236,6.703379652435841,6.763427993562937,0.06004834112709556,2
9237,6.478188241518626,6.763427993562937,0.28523975204431107,5
9238,6.535315190967429,6.763427993562937,0.2281128025955077,1
9239,6.517169962987848,6.763427993562937,0.24625803057508922,7
9240,6.455884374587604,6.763427993562937,0.3075436189753331,10
9241,6.515551980626257,6.763427993562937,0.24787601293667993,8
9242,6.512518592045358,6.763427993562937,0.25090940151757923,3
9243,5.794670607507133,5.832508912706237,0.03783830519910403,3
9244,5.788280327079525,5.832508912706237,0.04422858562671195,8
9245,5.846636447037159,5.832508912706237,-0.014127534330921954,4
9246,5.870222884904912,5.832508912706237,-0.03771397219867545,6
9247,5.939033092725818,5.832508912706237,-0.10652418001958175,5
9248,5.843361465960676,5.832508912706237,-0.010852553254439457,1
9249,5.8684027280337565,5.832508912706237,-0.035893815327519896,10
9250,5.6862308425541706,5.832508912706237,0.14627807015206606,9
9251,5.94275852912092,5.832508912706237,-0.11024961641468334,7
9252,4.883364215256316,3.871164132802949,-1.0122000824533672,8
9253,4.99480115890726,3.871164132802949,-1.1236370261043107,3
9254,4.859887161714587,3.871164132802949,-0.9887230289116382,4
9255,4.981116375073743,3.871164132802949,-1.109952242270794,1
9256,4.742787868233651,3.871164132802949,-0.8716237354307022,7
9257,4.898179583306486,3.871164132802949,-1.0270154505035367,9
9258,4.905193582302164,3.871164132802949,-1.0340294494992155,6
9259,4.82098174887577,3.871164132802949,-0.9498176160728211,5
9260,4.834521622651256,3.871164132802949,-0.9633574898483075,2
9261,5.7030484401845225,5.426023015689876,-0.2770254244946466,3
9262,5.699179692825032,5.426023015689876,-0.2731566771351561,1
9263,5.855318381342156,5.426023015689876,-0.42929536565227977,5
9264,5.748601078543827,5.426023015689876,-0.3225780628539514,6
9265,5.7542709000284376,5.426023015689876,-0.32824788433856167,10
9266,5.657053031340749,5.426023015689876,-0.2310300156508731,8
9267,5.82424214073561,5.426023015689876,-0.39821912504573387,7
9268,5.72381782332669,5.426023015689876,-0.297794807636814,4
9269,5.548518084814667,5.426023015689876,-0.12249506912479102,9
9270,7.510176043288014,8.229681842317676,0.7195057990296627,3
9271,7.496808167792676,8.229681842317676,0.732873674525,8
9272,7.592930264611137,8.229681842317676,0.6367515777065389,2
9273,7.524444116097185,8.229681842317676,0.7052377262204912,7
9274,7.529405730223995,8.229681842317676,0.7002761120936816,1
9275,7.484771888157369,8.229681842317676,0.744909954160307,10
9276,7.4925860724191375,8.229681842317676,0.7370957698985388,4
9277,7.08182217203723,8.229681842317676,1.1478596702804467,5
9278,7.550812694575042,8.229681842317676,0.6788691477426347,9
9279,7.529405730223995,8.229681842317676,0.7002761120936816,1
9280,7.496808167792676,8.229681842317676,0.732873674525,8
9281,7.484771888157369,8.229681842317676,0.744909954160307,10
9282,7.115077029866757,8.229681842317676,1.114604812450919,6
9283,7.510176043288014,8.229681842317676,0.7195057990296627,3
9284,7.550812694575042,8.229681842317676,0.6788691477426347,9
9285,7.524444116097185,8.229681842317676,0.7052377262204912,7
9286,7.4925860724191375,8.229681842317676,0.7370957698985388,4
9287,7.592930264611137,8.229681842317676,0.6367515777065389,2
9288,7.347043948490122,8.414973347970818,1.067929399480696,10
9289,7.289579032706074,8.414973347970818,1.125394315264744,9
9290,7.22592262197274,8.414973347970818,1.1890507259980785,8
9291,7.349201666647863,8.414973347970818,1.0657716813229552,2
9292,7.288053268023085,8.414973347970818,1.126920079947733,1
9293,7.34371416373116,8.414973347970818,1.0712591842396586,3
9294,7.294562136939245,8.414973347970818,1.1204112110315734,5
9295,7.278239685873811,8.414973347970818,1.136733662097007,6
9296,7.2518092571359976,8.414973347970818,1.1631640908348206,4
9297,5.099535329507405,4.515343893088381,-0.5841914364190242,2
9298,5.195046515239036,4.515343893088381,-0.6797026221506552,3
9299,5.047636925898868,4.515343893088381,-0.5322930328104869,4
9300,5.053755271102736,4.515343893088381,-0.5384113780143549,10
9301,5.092125572136043,4.515343893088381,-0.5767816790476621,8
9302,5.056441701518418,4.515343893088381,-0.5410978084300373,9
9303,5.158841427371669,4.515343893088381,-0.6434975342832887,7
9304,4.92751232945399,4.515343893088381,-0.41216843636560974,5
9305,5.079883052940997,4.515343893088381,-0.5645391598526164,1
9306,2.4330975426303736,1.6989700043360187,-0.7341275382943548,9
9307,2.5685405259250813,1.6989700043360187,-0.8695705215890626,10
9308,2.391308200154706,1.6989700043360187,-0.6923381958186874,2
9309,2.4313782166519284,1.6989700043360187,-0.7324082123159097,5
9310,2.510753974632851,1.6989700043360187,-0.8117839702968324,6
9311,2.6314355296909056,1.6989700043360187,-0.9324655253548868,8
9312,2.598327284731781,1.6989700043360187,-0.8993572803957623,7
9313,2.508624350434139,1.6989700043360187,-0.80965434609812,3
9314,2.6102336722857826,1.6989700043360187,-0.9112636679497639,4
9315,4.982971762911789,4.431363764158987,-0.551607998752802,10
9316,5.083746249914628,4.431363764158987,-0.6523824857556413,5
9317,5.169406549920717,4.431363764158987,-0.7380427857617304,6
9318,5.01379807512469,4.431363764158987,-0.5824343109657031,1
9319,5.12951608543232,4.431363764158987,-0.6981523212733327,7
9320,5.186224438286409,4.431363764158987,-0.7548606741274222,9
9321,5.142549771136235,4.431363764158987,-0.7111860069772478,2
9322,5.163155275235601,4.431363764158987,-0.7317915110766142,3
9323,5.129063428761316,4.431363764158987,-0.6976996646023288,8
9324,5.594735013811142,5.406540180433956,-0.18819483337718523,7
9325,5.6602389330743215,5.406540180433956,-0.2536987526403651,4
9326,5.594441460878052,5.406540180433956,-0.1879012804440956,10
9327,5.705949280607452,5.406540180433956,-0.299409100173496,2
9328,5.544928833237346,5.406540180433956,-0.13838865280338997,5
9329,5.648708853213434,5.406540180433956,-0.24216867277947784,1
9330,5.710314230083813,5.406540180433956,-0.30377404964985644,3
9331,5.761246335952261,5.406540180433956,-0.3547061555183051,9
9332,5.65256609154788,5.406540180433956,-0.24602591111392336,8
9333,5.943573443987008,6.400365273349939,0.45679182936293117,4
9334,6.005645913055041,6.400365273349939,0.3947193602948982,6
9335,5.8951874494066985,6.400365273349939,0.5051778239432405,10
9336,5.933587018338753,6.400365273349939,0.4667782550111861,1
9337,5.931582336065918,6.400365273349939,0.4687829372840211,8
9338,5.923132579275269,6.400365273349939,0.4772326940746696,2
9339,5.9130313961379946,6.400365273349939,0.48733387721194443,5
9340,6.041349825574949,6.400365273349939,0.35901544777498984,9
9341,5.863619835528391,6.400365273349939,0.5367454378215477,3
9342,6.0508857516997985,6.301029995663981,0.2501442439641828,6
9343,5.556202843717593,6.301029995663981,0.7448271519463878,5
9344,5.8445501901695085,6.301029995663981,0.45647980549447276,7
9345,5.91065117733943,6.301029995663981,0.39037881832455135,4
9346,5.899196959689025,6.301029995663981,0.40183303597495623,1
9347,5.919897182149034,6.301029995663981,0.381132813514947,3
9348,5.991131963927792,6.301029995663981,0.30989803173618924,9
9349,5.95151154333898,6.301029995663981,0.3495184523250012,2
9350,5.923090088384348,6.301029995663981,0.3779399072796332,8
9351,4.585001310452549,4.845098040014257,0.2600967295617078,6
9352,4.5938240891667785,4.845098040014257,0.2512739508474784,3
9353,4.655126912661385,4.845098040014257,0.18997112735287214,7
9354,4.580572520293287,4.845098040014257,0.26452551972097016,4
9355,4.570380656687553,4.845098040014257,0.2747173833267036,1
9356,4.93700081687182,4.845098040014257,-0.09190277685756332,2
9357,4.503322517678723,4.845098040014257,0.3417755223355341,5
9358,4.535073925034467,4.845098040014257,0.31002411497978954,10
9359,4.593637007265638,4.845098040014257,0.25146103274861886,9
9360,5.542456756284233,3.845098040014257,-1.6973587162699761,9
9361,5.282268344951659,3.845098040014257,-1.4371703049374025,2
9362,5.271932027608986,3.845098040014257,-1.426833987594729,10
9363,5.2541136674610405,3.845098040014257,-1.4090156274467835,6
9364,5.184936078568223,3.845098040014257,-1.3398380385539657,7
9365,5.345246970411652,3.845098040014257,-1.500148930397395,1
9366,5.4324068026965895,3.845098040014257,-1.5873087626823326,4
9367,5.337917697707195,3.845098040014257,-1.4928196576929382,8
9368,5.238882175965947,3.845098040014257,-1.39378413595169,5
9369,4.92751232945399,4.845098040014257,-0.0824142894397335,5
9370,5.195046515239036,4.845098040014257,-0.349948475224779,3
9371,5.056441701518418,4.845098040014257,-0.21134366150416106,9
9372,5.318319197559487,4.845098040014257,-0.47322115754522986,6
9373,5.047636925898868,4.845098040014257,-0.20253888588461066,4
9374,5.092125572136043,4.845098040014257,-0.24702753212178585,8
9375,5.099535329507405,4.845098040014257,-0.2544372894931479,2
9376,5.053755271102736,4.845098040014257,-0.20865723108847867,10
9377,5.079883052940997,4.845098040014257,-0.23478501292674014,1
9378,5.805370957894098,6.707570176097937,0.9021992182038385,3
9379,5.57370153128654,6.707570176097937,1.1338686448113968,10
9380,5.651479753242626,6.707570176097937,1.056090422855311,1
9381,5.77112622205092,6.707570176097937,0.9364439540470171,9
9382,5.620891020397448,6.707570176097937,1.0866791557004891,8
9383,5.7072756451970825,6.707570176097937,1.0002945309008542,6
9384,5.547699633861905,6.707570176097937,1.1598705422360318,5
9385,5.779125094080305,6.707570176097937,0.9284450820176318,4
9386,5.664426708847987,6.707570176097937,1.0431434672499496,2
9387,5.476797036023891,6.386677283960838,0.9098802479369468,9
9388,5.4667402181230305,6.386677283960838,0.9199370658378072,2
9389,5.3986265841187135,6.386677283960838,0.9880506998421241,5
9390,5.528611541554343,6.386677283960838,0.8580657424064944,3
9391,5.5021024127511,6.386677283960838,0.8845748712097379,6
9392,5.460535762571544,6.386677283960838,0.9261415213892938,8
9393,5.376299861686639,6.386677283960838,1.0103774222741988,7
9394,5.396306650030855,6.386677283960838,0.9903706339299827,10
9395,5.523310828462217,6.386677283960838,0.8633664554986202,4
9396,5.796301782677237,5.664641975556125,-0.13165980712111214,2
9397,5.801272522258516,5.664641975556125,-0.13663054670239116,3
9398,5.802798397229671,5.664641975556125,-0.13815642167354536,7
9399,5.802460579572289,5.664641975556125,-0.13781860401616353,1
9400,5.818317462172925,5.664641975556125,-0.15367548661679997,6
9401,5.8586056758624725,5.664641975556125,-0.19396370030634724,5
9402,5.779338692017557,5.664641975556125,-0.11469671646143187,8
9403,5.8359133003757915,5.664641975556125,-0.17127132481966623,4
9404,5.860985628719039,5.664641975556125,-0.1963436531629137,9
9405,5.367827319070529,4.342225229360791,-1.0256020897097384,7
9406,5.292977535378477,4.342225229360791,-0.9507523060176863,5
9407,5.34721781743657,4.342225229360791,-1.0049925880757788,3
9408,5.248590080388725,4.342225229360791,-0.9063648510279343,6
9409,5.297494966473892,4.342225229360791,-0.9552697371131016,10
9410,5.409300265156807,4.342225229360791,-1.067075035796016,8
9411,5.461614960916519,4.342225229360791,-1.119389731555728,4
9412,5.4589498416763265,4.342225229360791,-1.1167246123155357,2
9413,5.445299118594692,4.342225229360791,-1.103073889233901,1
9414,5.417226112870106,5.672097857935717,0.2548717450656115,1
9415,5.3431049755651125,5.672097857935717,0.32899288237060453,10
9416,5.287059099304688,5.672097857935717,0.3850387586310289,5
9417,5.288953343111748,5.672097857935717,0.38314451482396894,8
9418,5.253471608039747,5.672097857935717,0.4186262498959703,4
9419,5.336405883437424,5.672097857935717,0.33569197449829336,9
9420,5.3495899541797325,5.672097857935717,0.3225079037559846,6
9421,5.4828570724284225,5.672097857935717,0.18924078550729462,3
9422,5.2807424528339615,5.672097857935717,0.3913554051017556,7
9423,2.6377038088446647,3.083502619830268,0.4457988109856035,10
9424,2.6499211244782623,3.083502619830268,0.43358149535200585,5
9425,2.7311977792804845,3.083502619830268,0.3523048405497837,8
9426,2.697432870616684,3.083502619830268,0.38606974921358406,1
9427,2.6502941276572205,3.083502619830268,0.4332084921730477,7
9428,3.0946935349985707,3.083502619830268,-0.011190915168302507,4
9429,2.547807353657941,3.083502619830268,0.5356952661723273,9
9430,2.6237053675656954,3.083502619830268,0.4597972522645728,3
9431,2.6839716721121003,3.083502619830268,0.3995309477181679,2
9432,3.732361306895088,3.3014640731433,-0.430897233751788,9
9433,3.7218064648953266,3.3014640731433,-0.4203423917520266,1
9434,4.016620741651967,3.3014640731433,-0.715156668508667,5
9435,3.704088343244929,3.3014640731433,-0.40262427010162893,2
9436,3.6707344722810586,3.3014640731433,-0.3692703991377586,8
9437,3.6294228546650533,3.3014640731433,-0.3279587815217533,3
9438,3.6074505252972737,3.3014640731433,-0.3059864521539737,4
9439,3.6779572870645314,3.3014640731433,-0.37649321392123136,10
9440,3.7555957466215775,3.3014640731433,-0.45413167347827743,6
9441,6.03219443859103,5.987634987448437,-0.044559451142593076,2
9442,6.038761910822887,5.987634987448437,-0.05112692337445068,1
9443,6.028663119238964,5.987634987448437,-0.04102813179052767,10
9444,6.105767767946191,5.987634987448437,-0.11813278049775455,9
9445,6.064229613662918,5.987634987448437,-0.07659462621448121,5
9446,6.0106364143251065,5.987634987448437,-0.02300142687666984,7
9447,6.007948152227062,5.987634987448437,-0.020313164778625215,8
9448,6.086616179410026,5.987634987448437,-0.09898119196158905,6
9449,6.036047647891909,5.987634987448437,-0.048412660443472255,3
9450,6.4372961228569965,6.506505032404872,0.06920890954787584,9
9451,6.353555591068284,6.506505032404872,0.15294944133658817,8
9452,6.376449913537321,6.506505032404872,0.13005511886755095,2
9453,6.358060624480271,6.506505032404872,0.14844440792460123,3
9454,6.326624093892855,6.506505032404872,0.17988093851201725,5
9455,6.362536127245761,6.506505032404872,0.14396890515911132,4
9456,6.3729068193088185,6.506505032404872,0.1335982130960538,10
9457,6.35116185502788,6.506505032404872,0.15534317737699244,6
9458,6.34329526864347,6.506505032404872,0.16320976376140273,1
9459,6.08204723739602,6.068185861746161,-0.01386137564985912,8
9460,6.070357101038147,6.068185861746161,-0.002171239291985927,7
9461,6.084734520125925,6.068185861746161,-0.01654865837976338,1
9462,6.037433857237078,6.068185861746161,0.03075200450908344,4
9463,6.079396841596212,6.068185861746161,-0.01121097985005104,2
9464,6.082932823537158,6.068185861746161,-0.014746961790996771,3
9465,6.139245875713092,6.068185861746161,-0.07106001396693085,9
9466,6.139250382495304,6.068185861746161,-0.07106452074914316,6
9467,6.135861492654413,6.068185861746161,-0.06767563090825135,5
9468,5.628709179308849,5.509202522331103,-0.11950665697774632,8
9469,5.536524969376759,5.509202522331103,-0.02732244704565634,3
9470,5.469195502461892,5.509202522331103,0.04000701986921129,10
9471,5.559669171122782,5.509202522331103,-0.05046664879167917,7
9472,5.473708882592855,5.509202522331103,0.03549363973824793,5
9473,5.527921005035469,5.509202522331103,-0.018718482704366046,4
9474,5.469550948473875,5.509202522331103,0.03965157385722762,1
9475,5.62521410891676,5.509202522331103,-0.1160115865856568,2
9476,5.559855561804819,5.509202522331103,-0.050653039473716355,9
9477,5.779599376058531,5.673020907128897,-0.10657846892963452,5
9478,5.780881335868721,5.673020907128897,-0.1078604287398246,2
9479,5.790302184453784,5.673020907128897,-0.11728127732488769,7
9480,5.789310904811161,5.673020907128897,-0.116289997682264,9
9481,5.845125047878916,5.673020907128897,-0.17210414075001967,3
9482,5.910700792139373,5.673020907128897,-0.23767988501047643,4
9483,5.799395618904617,5.673020907128897,-0.12637471177572035,10
9484,5.844899816940124,5.673020907128897,-0.17187890981122766,8
9485,5.802377724828936,5.673020907128897,-0.1293568177000397,6
9486,5.9361831507710665,5.892094602690481,-0.04408854808058571,3
9487,5.811044952791346,5.892094602690481,0.08104964989913466,9
9488,5.88944939051304,5.892094602690481,0.0026452121774411808,7
9489,5.864981608495917,5.892094602690481,0.02711299419456381,10
9490,5.919601706349039,5.892094602690481,-0.02750710365855813,6
9491,5.818499184788356,5.892094602690481,0.07359541790212454,8
9492,5.865921741443707,5.892094602690481,0.026172861246774204,4
9493,5.864554439711062,5.892094602690481,0.027540162979418525,5
9494,5.889462595477656,5.892094602690481,0.0026320072128251937,1
9495,6.0490726816614115,5.673020907128897,-0.3760517745325149,10
9496,6.046744996813889,5.673020907128897,-0.37372408968499204,8
9497,6.038833502524743,5.673020907128897,-0.36581259539584643,4
9498,6.032574966469295,5.673020907128897,-0.3595540593403985,1
9499,6.060631243856094,5.673020907128897,-0.3876103367271977,2
9500,6.098970755834483,5.673020907128897,-0.42594984870558594,9
9501,6.064722747445693,5.673020907128897,-0.391701840316796,3
9502,6.063286358607424,5.673020907128897,-0.39026545147852776,6
9503,6.0575309682784315,5.673020907128897,-0.3845100611495349,7
9504,5.947269405070898,6.207095540419218,0.25982613534831955,1
9505,5.864739121297746,6.207095540419218,0.3423564191214714,3
9506,5.765014243737305,6.207095540419218,0.44208129668191276,9
9507,5.879813391651267,6.207095540419218,0.32728214876795025,6
9508,5.841099088415632,6.207095540419218,0.36599645200358566,8
9509,5.874909495122776,6.207095540419218,0.33218604529644136,5
9510,5.871801412894414,6.207095540419218,0.33529412752480336,7
9511,5.8940868964585595,6.207095540419218,0.3130086439606581,2
9512,5.869313147680993,6.207095540419218,0.33778239273822486,4
9513,5.462310234007845,4.176091259055681,-1.2862189749521633,3
9514,5.423435265105386,4.176091259055681,-1.2473440060497047,4
9515,5.438062963369799,4.176091259055681,-1.261971704314118,9
9516,5.383779894411394,4.176091259055681,-1.207688635355713,5
9517,5.379099113369925,4.176091259055681,-1.2030078543142437,10
9518,5.72809703264788,4.176091259055681,-1.5520057735921986,7
9519,5.4202593910266925,4.176091259055681,-1.2441681319710112,8
9520,5.217001715795575,4.176091259055681,-1.0409104567398932,1
9521,5.2702655641730844,4.176091259055681,-1.094174305117403,2
9522,6.001730763834287,5.146128035678238,-0.8556027281560485,5
9523,5.9432867738962365,5.146128035678238,-0.7971587382179983,7
9524,5.784542769166104,5.146128035678238,-0.638414733487866,10
9525,5.885071119882314,5.146128035678238,-0.7389430842040756,9
9526,5.974922113616384,5.146128035678238,-0.828794077938146,3
9527,5.955092690777971,5.146128035678238,-0.8089646550997331,8
9528,5.959378977474786,5.146128035678238,-0.8132509417965474,1
9529,5.886085568471236,5.146128035678238,-0.7399575327929977,4
9530,5.948134592030389,5.146128035678238,-0.8020065563521506,2
9531,5.938118860215609,6.533517862016968,0.5953990018013586,1
9532,5.931508852409975,6.533517862016968,0.6020090096069932,3
9533,5.98127665174817,6.533517862016968,0.5522412102687975,7
9534,5.919327241501815,6.533517862016968,0.6141906205151528,6
9535,6.035728174725069,6.533517862016968,0.497789687291899,5
9536,5.971418364780594,6.533517862016968,0.5620994972363738,2
9537,6.053468778109169,6.533517862016968,0.4800490839077991,4
9538,5.905909736711557,6.533517862016968,0.6276081253054109,8
9539,5.896582722583126,6.533517862016968,0.6369351394338416,10
9540,4.9810771993506675,4.4623979978989565,-0.518679201451711,6
9541,4.947447451814778,4.4623979978989565,-0.48504945391582144,7
9542,5.0038527235468555,4.4623979978989565,-0.541454725647899,8
9543,4.903431011752495,4.4623979978989565,-0.44103301385353877,5
9544,5.024624038673921,4.4623979978989565,-0.5622260407749646,1
9545,4.979256444512936,4.4623979978989565,-0.5168584466139796,3
9546,4.922880672532999,4.4623979978989565,-0.4604826746340427,10
9547,4.900938129298475,4.4623979978989565,-0.43854013139951853,2
9548,5.188086012076829,4.4623979978989565,-0.7256880141778721,4
9549,5.913053512798955,5.0,-0.913053512798955,2
9550,5.922273432585696,5.0,-0.9222734325856958,10
9551,5.921023291057183,5.0,-0.9210232910571827,7
9552,5.920075297615808,5.0,-0.9200752976158082,9
9553,5.985578138520581,5.0,-0.9855781385205811,6
9554,5.897142234613674,5.0,-0.8971422346136739,1
9555,5.843260205856121,5.0,-0.8432602058561214,8
9556,5.865698282128659,5.0,-0.8656982821286592,5
9557,5.888872810935692,5.0,-0.888872810935692,3
9558,6.216271729424052,6.152288344383057,-0.06398338504099499,1
9559,6.185604800902629,6.152288344383057,-0.03331645651957249,7
9560,6.19508177191863,6.152288344383057,-0.04279342753557369,3
9561,6.217096202997929,6.152288344383057,-0.0648078586148726,5
9562,6.134310115435779,6.152288344383057,0.017978228947277408,10
9563,6.187653167714782,6.152288344383057,-0.03536482333172497,4
9564,6.270981765409983,6.152288344383057,-0.1186934210269266,9
9565,6.293733462807447,6.152288344383057,-0.14144511842439034,2
9566,6.144105962724752,6.152288344383057,0.00818238165830465,6
9567,5.740000863257186,5.238522812218293,-0.5014780510388928,9
9568,5.858133047030836,5.238522812218293,-0.6196102348125425,3
9569,5.69743494516596,5.238522812218293,-0.45891213294766686,10
9570,5.643419745689602,5.238522812218293,-0.40489693347130906,1
9571,5.783072548231204,5.238522812218293,-0.544549736012911,8
9572,5.74389510571604,5.238522812218293,-0.5053722934977465,4
9573,5.80786931120787,5.238522812218293,-0.5693464989895771,2
9574,5.854991547049758,5.238522812218293,-0.6164687348314652,7
9575,5.812453809799308,5.238522812218293,-0.573930997581015,5
9576,5.812453809799308,5.639486489268586,-0.17296732053072184,5
9577,5.74389510571604,5.639486489268586,-0.10440861644745336,4
9578,5.740000863257186,5.639486489268586,-0.10051437398859964,9
9579,5.80786931120787,5.639486489268586,-0.168382821939284,2
9580,5.643419745689602,5.639486489268586,-0.00393325642101594,1
9581,5.783072548231204,5.639486489268586,-0.1435860589626179,8
9582,5.858133047030836,5.639486489268586,-0.2186465577622494,3
9583,5.854991547049758,5.639486489268586,-0.21550505778117213,7
9584,5.94927006303264,5.639486489268586,-0.3097835737640535,6
9585,6.003820487777647,5.672097857935717,-0.3317226298419298,1
9586,6.037602809158318,5.672097857935717,-0.36550495122260074,6
9587,6.0138965774772455,5.672097857935717,-0.3417987195415284,5
9588,5.950075061701533,5.672097857935717,-0.2779772037658157,10
9589,6.0219853502251395,5.672097857935717,-0.3498874922894224,3
9590,5.997923801790785,5.672097857935717,-0.3258259438550679,8
9591,6.03607416227788,5.672097857935717,-0.3639763043421631,9
9592,6.000245274756244,5.672097857935717,-0.32814741682052695,2
9593,6.030151796841053,5.672097857935717,-0.35805393890533566,4
9594,5.930318059052492,6.176091259055681,0.24577320000318892,10
9595,5.966828277516843,6.176091259055681,0.2092629815388385,1
9596,6.002443791151362,6.176091259055681,0.17364746790431962,4
9597,5.974425607699576,6.176091259055681,0.20166565135610526,2
9598,6.015781833780064,6.176091259055681,0.1603094252756172,6
9599,5.96984062774633,6.176091259055681,0.20625063130935128,5
9600,5.961976284978254,6.176091259055681,0.21411497407742708,9
9601,5.931586061993683,6.176091259055681,0.24450519706199803,8
9602,5.986920560095699,6.176091259055681,0.18917069895998218,3
9603,5.60272253174722,5.774838005983815,0.17211547423659557,1
9604,5.485361932864219,5.774838005983815,0.2894760731195962,7
9605,5.5429410887001325,5.774838005983815,0.23189691728368267,4
9606,5.535681572485355,5.774838005983815,0.23915643349845972,2
9607,5.492250279939803,5.774838005983815,0.28258772604401194,6
9608,5.6180037577354325,5.774838005983815,0.15683424824838266,5
9609,5.301170429244036,5.774838005983815,0.47366757673977933,9
9610,5.615114504096066,5.774838005983815,0.15972350188774875,10
9611,5.479531781763109,5.774838005983815,0.29530622422070607,8
9612,5.339383631703743,4.681241237375588,-0.6581423943281557,4
9613,5.150203819689165,4.681241237375588,-0.46896258231357724,6
9614,5.355356142628653,4.681241237375588,-0.6741149052530657,9
9615,5.27457003900658,4.681241237375588,-0.5933288016309923,3
9616,5.4259456543685705,4.681241237375588,-0.7447044169929828,8
9617,5.296185145579326,4.681241237375588,-0.6149439082037382,7
9618,5.330624786758151,4.681241237375588,-0.6493835493825637,5
9619,5.233183381938139,4.681241237375588,-0.5519421445625516,10
9620,5.258635311294622,4.681241237375588,-0.5773940739190344,1
9621,5.108290563674976,4.017033339298781,-1.0912572243761955,2
9622,5.021458287549429,4.017033339298781,-1.004424948250648,3
9623,5.029863634136996,4.017033339298781,-1.0128302948382153,4
9624,5.000050954556254,4.017033339298781,-0.9830176152574737,5
9625,5.025461418178431,4.017033339298781,-1.0084280788796507,7
9626,5.003964660345117,4.017033339298781,-0.9869313210463364,10
9627,5.055451171053004,4.017033339298781,-1.0384178317542236,6
9628,5.058824408979762,4.017033339298781,-1.041791069680981,9
9629,5.032514631000393,4.017033339298781,-1.0154812917016125,1
9630,5.645011895396249,6.123165370902919,0.4781534755066703,1
9631,5.674034841765057,6.123165370902919,0.44913052913786267,10
9632,5.656968700530936,6.123165370902919,0.46619667037198287,6
9633,5.676662407393191,6.123165370902919,0.4465029635097286,4
9634,5.712181762361067,6.123165370902919,0.41098360854185234,3
9635,5.700968134958864,6.123165370902919,0.4221972359440551,9
9636,5.592164476678355,6.123165370902919,0.5310008942245643,5
9637,5.7037807055055785,6.123165370902919,0.41938466539734076,2
9638,5.6994243742626285,6.123165370902919,0.42374099664029075,7
9639,6.027657987876764,6.835500327867319,0.8078423399905548,9
9640,6.015825528515798,6.835500327867319,0.819674799351521,3
9641,6.014765108110569,6.835500327867319,0.8207352197567497,5
9642,5.986908498694574,6.835500327867319,0.8485918291727446,8
9643,5.987004664926412,6.835500327867319,0.8484956629409064,2
9644,6.049206608703401,6.835500327867319,0.7862937191639174,6
9645,6.003139873371619,6.835500327867319,0.8323604544957002,1
9646,6.027051368644745,6.835500327867319,0.8084489592225736,4
9647,5.985457749019861,6.835500327867319,0.8500425788474582,7
9648,5.915800185234702,6.078819183098848,0.1630189978641461,2
9649,5.960965177538116,6.078819183098848,0.11785400556073267,5
9650,5.930629155642107,6.078819183098848,0.14819002745674137,1
9651,5.882530758813448,6.078819183098848,0.1962884242854006,9
9652,5.7817041717330575,6.078819183098848,0.29711501136579077,10
9653,5.839727733071509,6.078819183098848,0.23909145002733911,4
9654,5.921807638167279,6.078819183098848,0.157011544931569,7
9655,5.948950871759307,6.078819183098848,0.1298683113395409,3
9656,6.016187037510122,6.078819183098848,0.06263214558872665,6
9657,4.1212249395913565,3.633468455579586,-0.4877564840117703,4
9658,4.259409886693589,3.633468455579586,-0.6259414311140032,7
9659,4.14434732948624,3.633468455579586,-0.5108788739066537,6
9660,4.089437174504798,3.633468455579586,-0.4559687189252122,8
9661,4.1626488443130345,3.633468455579586,-0.5291803887334483,9
9662,4.216928783966165,3.633468455579586,-0.5834603283865789,5
9663,4.231766573459027,3.633468455579586,-0.5982981178794411,2
9664,4.315013608288585,3.633468455579586,-0.6815451527089991,1
9665,4.2913667206421255,3.633468455579586,-0.6578982650625393,10
9666,5.438062963369799,6.278753600952829,0.8406906375830294,9
9667,5.462310234007845,6.278753600952829,0.8164433669449842,3
9668,5.2702655641730844,6.278753600952829,1.0084880367797444,2
9669,5.765939743403596,6.278753600952829,0.5128138575492329,6
9670,5.383779894411394,6.278753600952829,0.8949737065414345,5
9671,5.4202593910266925,6.278753600952829,0.8584942099261363,8
9672,5.423435265105386,6.278753600952829,0.8553183358474428,4
9673,5.379099113369925,6.278753600952829,0.8996544875829038,10
9674,5.72809703264788,6.278753600952829,0.5506565683049489,7
9675,5.383779894411394,3.819872821950546,-1.5639070724608484,5
9676,5.217001715795575,3.819872821950546,-1.3971288938450286,1
9677,5.4202593910266925,3.819872821950546,-1.6003865690761465,8
9678,5.765939743403596,3.819872821950546,-1.94606692145305,6
9679,5.2702655641730844,3.819872821950546,-1.4503927422225384,2
9680,5.379099113369925,3.819872821950546,-1.559226291419379,10
9681,5.423435265105386,3.819872821950546,-1.60356244315484,4
9682,5.462310234007845,3.819872821950546,-1.6424374120572987,3
9683,5.438062963369799,3.819872821950546,-1.6181901414192534,9
9684,6.014900317965449,6.32221929473392,0.307318976768471,5
9685,5.996516440382972,6.32221929473392,0.3257028543509488,1
9686,6.04791180864244,6.32221929473392,0.27430748609148026,6
9687,6.0082750425495455,6.32221929473392,0.31394425218437494,4
9688,5.989893274621272,6.32221929473392,0.33232602011264856,3
9689,6.0367908835815465,6.32221929473392,0.28542841115237394,9
9690,5.980365493520494,6.32221929473392,0.3418538012134267,8
9691,5.980771380416895,6.32221929473392,0.34144791431702526,7
9692,5.979855778603589,6.32221929473392,0.3423635161303311,2
9693,5.953042212034746,5.737272176535544,-0.21577003549920182,2
9694,5.965189907290842,5.737272176535544,-0.22791773075529775,9
9695,5.986645563085592,5.737272176535544,-0.24937338655004737,1
9696,5.9519838924668305,5.737272176535544,-0.21471171593128613,7
9697,6.000661770235913,5.737272176535544,-0.26338959370036896,4
9698,6.024052939665434,5.737272176535544,-0.2867807631298893,6
9699,5.975185508377809,5.737272176535544,-0.2379133318422646,5
9700,5.922511808506495,5.737272176535544,-0.1852396319709504,10
9701,5.9470953491223835,5.737272176535544,-0.20982317258683914,3
9702,5.531109323341976,3.886490725172482,-1.6446185981694943,10
9703,5.497589136184904,3.886490725172482,-1.611098411012422,5
9704,5.489083866243976,3.886490725172482,-1.6025931410714942,7
9705,5.650454638837805,3.886490725172482,-1.763963913665323,1
9706,5.4124461339032734,3.886490725172482,-1.5259554087307916,8
9707,5.532114109339699,3.886490725172482,-1.6456233841672172,4
9708,5.5342013472006535,3.886490725172482,-1.6477106220281716,9
9709,5.503610126325176,3.886490725172482,-1.6171194011526944,3
9710,5.508853551657316,3.886490725172482,-1.6223628264848338,6
9711,5.341767568087493,5.797267540830717,0.4554999727432234,8
9712,5.272954239767157,5.797267540830717,0.5243133010635601,6
9713,5.125673745546241,5.797267540830717,0.6715937952844762,9
9714,5.2979076822843805,5.797267540830717,0.49935985854633635,7
9715,5.345138641109793,5.797267540830717,0.4521288997209236,2
9716,5.316191559282118,5.797267540830717,0.48107598154859854,3
9717,5.3928472649378305,5.797267540830717,0.4044202758928863,1
9718,5.738708350820787,5.797267540830717,0.05855919000993026,10
9719,5.3411366216468545,5.797267540830717,0.4561309191838623,4
9720,5.629874534251006,5.371067862271736,-0.2588066719792703,9
9721,5.676056969710704,5.371067862271736,-0.3049891074389679,4
9722,5.63559819241567,5.371067862271736,-0.2645303301439341,7
9723,5.706524022810881,5.371067862271736,-0.3354561605391453,5
9724,5.734008347731702,5.371067862271736,-0.3629404854599665,1
9725,5.536574301807836,5.371067862271736,-0.16550643953610056,8
9726,5.673842766585474,5.371067862271736,-0.302774904313738,2
9727,5.679513406060286,5.371067862271736,-0.30844554378855005,10
9728,5.676875790057206,5.371067862271736,-0.3058079277854704,3
9729,5.567509805939737,5.647715410691554,0.08020560475181693,10
9730,5.536991112508722,5.647715410691554,0.11072429818283247,5
9731,5.5238113511469,5.647715410691554,0.12390405954465411,7
9732,5.623677128737933,5.647715410691554,0.024038281953621343,2
9733,5.675649771689227,5.647715410691554,-0.02793436099767277,1
9734,5.550849525785188,5.647715410691554,0.09686588490636616,9
9735,5.497665223013622,5.647715410691554,0.1500501876779321,6
9736,5.582177502254746,5.647715410691554,0.0655379084368084,3
9737,5.553675617596559,5.647715410691554,0.09403979309499544,4
9738,5.281131922446174,4.872738827472669,-0.40839309497350484,7
9739,5.362878006624279,4.872738827472669,-0.4901391791516101,4
9740,5.752779023111228,4.872738827472669,-0.8800401956385588,1
9741,5.209040431180305,4.872738827472669,-0.3363016037076356,9
9742,5.368848825579761,4.872738827472669,-0.4961099981070918,2
9743,5.300412245287679,4.872738827472669,-0.42767341781500967,3
9744,5.312807099992598,4.872738827472669,-0.4400682725199285,8
9745,5.366151938786202,4.872738827472669,-0.49341311131353294,5
9746,5.345705833018444,4.872738827472669,-0.4729670055457751,6
9747,6.052020901150865,7.332438459915605,1.2804175587647402,1
9748,6.015659190785185,7.332438459915605,1.3167792691304196,7
9749,6.068915395128869,7.332438459915605,1.2635230647867361,9
9750,6.055734122747068,7.332438459915605,1.2767043371685372,6
9751,5.970351670333235,7.332438459915605,1.3620867895823698,10
9752,6.116625142696311,7.332438459915605,1.2158133172192942,4
9753,6.076707128768694,7.332438459915605,1.2557313311469107,3
9754,6.033748212923886,7.332438459915605,1.2986902469917192,8
9755,6.024747797137531,7.332438459915605,1.3076906627780742,2
9756,3.2473588046369826,3.096910013008056,-0.15044879162892677,7
9757,3.1496395225501264,3.096910013008056,-0.05272950954207056,4
9758,3.16833594873416,3.096910013008056,-0.07142593572610423,2
9759,3.6170542559214742,3.096910013008056,-0.5201442429134184,5
9760,3.2142126177436214,3.096910013008056,-0.11730260473556564,6
9761,3.159886088916611,3.096910013008056,-0.06297607590855536,1
9762,3.201173864853857,3.096910013008056,-0.104263851845801,8
9763,3.158910145906538,3.096910013008056,-0.062000132898482274,9
9764,3.2222772194538334,3.096910013008056,-0.1253672064457776,10
9765,6.062456088123518,5.146128035678238,-0.9163280524452802,8
9766,6.0617735803166894,5.146128035678238,-0.9156455446384513,1
9767,6.10911697073014,5.146128035678238,-0.9629889350519019,3
9768,6.142493354958199,5.146128035678238,-0.9963653192799606,9
9769,6.04248906874497,5.146128035678238,-0.8963610330667322,7
9770,6.061828845375407,5.146128035678238,-0.915700809697169,2
9771,6.075818348172889,5.146128035678238,-0.9296903124946505,5
9772,6.026782001958299,5.146128035678238,-0.880653966280061,10
9773,6.10475738376644,5.146128035678238,-0.958629348088202,6
9774,6.0591563262967805,7.4271224218663345,1.367966095569554,6
9775,6.035664043815546,7.4271224218663345,1.391458378050788,2
9776,6.07588497313119,7.4271224218663345,1.3512374487351444,9
9777,6.024945894833202,7.4271224218663345,1.4021765270331326,8
9778,6.045118324545118,7.4271224218663345,1.3820040973212162,7
9779,6.149292465861304,7.4271224218663345,1.2778299560050304,4
9780,6.029409561451356,7.4271224218663345,1.3977128604149787,5
9781,6.085042623455227,7.4271224218663345,1.342079798411108,3
9782,6.040639235693496,7.4271224218663345,1.3864831861728382,1
9783,5.975100713174437,5.0,-0.9751007131744371,8
9784,5.9233478979197125,5.0,-0.9233478979197125,10
9785,5.955230342963953,5.0,-0.9552303429639526,2
9786,5.998336926944198,5.0,-0.998336926944198,9
9787,5.9732982606353495,5.0,-0.9732982606353495,7
9788,6.013192025341079,5.0,-1.0131920253410787,6
9789,5.978127704094471,5.0,-0.9781277040944714,5
9790,5.997894956904887,5.0,-0.9978949569048874,1
9791,6.059689878140736,5.0,-1.0596898781407358,4
9792,6.474626522437227,7.860936620700094,1.386310098262867,6
9793,6.584757193748831,7.860936620700094,1.2761794269512627,2
9794,6.562776517009025,7.860936620700094,1.2981601036910684,8
9795,6.433797887510178,7.860936620700094,1.4271387331899161,7
9796,6.5376466911039515,7.860936620700094,1.3232899295961422,9
9797,6.352574322472036,7.860936620700094,1.5083622982280573,5
9798,6.640492766496217,7.860936620700094,1.220443854203877,1
9799,6.4000751463267385,7.860936620700094,1.4608614743733552,10
9800,6.570129198928471,7.860936620700094,1.290807421771623,4
9801,6.007470890995681,5.174931593528442,-0.832539297467239,6
9802,5.941701605088447,5.174931593528442,-0.7667700115600047,8
9803,5.979141159698763,5.174931593528442,-0.8042095661703206,1
9804,5.989774168765518,5.174931593528442,-0.8148425752370754,9
9805,5.9934342229320565,5.174931593528442,-0.8185026294036142,5
9806,5.9741749050030215,5.174931593528442,-0.7992433114745792,2
9807,5.906357727753723,5.174931593528442,-0.7314261342252806,10
9808,6.019714009122825,5.174931593528442,-0.8447824155943824,3
9809,5.954861151032186,5.174931593528442,-0.7799295575037437,7
9810,7.295750864937916,8.09642333059527,0.8006724656573541,9
9811,7.244640915102061,8.09642333059527,0.8517824154932088,2
9812,7.228338071949018,8.09642333059527,0.8680852586462517,5
9813,7.236725107435469,8.09642333059527,0.8596982231598007,6
9814,7.166404708903412,8.09642333059527,0.9300186216918576,8
9815,7.33323048745595,8.09642333059527,0.7631928431393202,3
9816,6.978908247974834,8.09642333059527,1.1175150826204359,10
9817,7.15232433859852,8.09642333059527,0.94409899199675,7
9818,7.2056558727489675,8.09642333059527,0.8907674578463025,1
9819,5.999009071329198,6.021189299069938,0.022180227740740577,1
9820,6.010963981262892,6.021189299069938,0.010225317807046608,6
9821,6.005451608725643,6.021189299069938,0.015737690344295174,5
9822,5.988229323902074,6.021189299069938,0.03295997516786464,10
9823,6.031687029450733,6.021189299069938,-0.010497730380794934,8
9824,5.991127283131955,6.021189299069938,0.03006201593798341,7
9825,6.030679980049209,6.021189299069938,-0.00949068097927075,9
9826,5.951820395891384,6.021189299069938,0.06936890317855404,2
9827,6.018073068529256,6.021189299069938,0.003116230540681997,3
9828,5.543984701508101,5.729326809646861,0.18534210813875962,1
9829,5.581140565867854,5.729326809646861,0.1481862437790067,9
9830,5.569753787366593,5.729326809646861,0.15957302228026826,3
9831,5.650549686235535,5.729326809646861,0.07877712341132614,7
9832,5.579423102962665,5.729326809646861,0.14990370668419573,5
9833,5.582537946160252,5.729326809646861,0.14678886348660924,2
9834,5.53466684671273,5.729326809646861,0.19465996293413124,10
9835,5.582344570531928,5.729326809646861,0.1469822391149327,6
9836,5.686724835040203,5.729326809646861,0.04260197460665793,4
9837,5.660268385209386,5.346352974450639,-0.31391541075874674,10
9838,5.540730328255079,5.346352974450639,-0.1943773538044402,9
9839,5.628957563220326,5.346352974450639,-0.2826045887696873,6
9840,5.588592534780689,5.346352974450639,-0.24223956033005045,5
9841,5.686126920608193,5.346352974450639,-0.3397739461575542,8
9842,5.587693633967544,5.346352974450639,-0.2413406595169052,2
9843,5.700705706291578,5.346352974450639,-0.3543527318409394,7
9844,5.7447616891077145,5.346352974450639,-0.3984087146570756,1
9845,5.5619204209899396,5.346352974450639,-0.2155674465393007,4
9846,5.704477638064379,5.149527013754348,-0.5549506243100311,3
9847,5.701561775409493,5.149527013754348,-0.5520347616551451,10
9848,5.72996548623589,5.149527013754348,-0.5804384724815419,6
9849,5.6416255128170425,5.149527013754348,-0.49209849906269465,4
9850,5.674743877305445,5.149527013754348,-0.5252168635510968,9
9851,5.671687727329573,5.149527013754348,-0.5221607135752251,2
9852,5.719590627745475,5.149527013754348,-0.5700636139911275,8
9853,5.840601463915625,5.149527013754348,-0.6910744501612776,1
9854,5.643398058567351,5.149527013754348,-0.4938710448130035,5
9855,5.205055747119036,5.2552725051033065,0.05021675798427072,9
9856,5.302902674726418,5.2552725051033065,-0.04763016962311184,3
9857,5.230524142010284,5.2552725051033065,0.024748363093022085,4
9858,5.698805344247373,5.2552725051033065,-0.4435328391440665,1
9859,5.208150111299493,5.2552725051033065,0.047122393803813445,5
9860,5.252314038310645,5.2552725051033065,0.0029584667926618735,7
9861,5.345177030941795,5.2552725051033065,-0.08990452583848896,6
9862,5.285494575711436,5.2552725051033065,-0.030222070608129314,2
9863,5.335969534902608,5.2552725051033065,-0.08069702979930149,8
9864,5.935087382847654,6.176091259055681,0.2410038762080271,10
9865,6.023964348100846,6.176091259055681,0.1521269109548351,7
9866,5.97499221376751,6.176091259055681,0.20109904528817157,1
9867,6.034465452287573,6.176091259055681,0.14162580676810865,9
9868,5.9501007041259655,6.176091259055681,0.22599055492971587,8
9869,6.07313646972487,6.176091259055681,0.10295478933081093,3
9870,6.075895247220661,6.176091259055681,0.10019601183502047,4
9871,5.942536101991427,6.176091259055681,0.233555157064254,2
9872,5.989679427362079,6.176091259055681,0.18641183169360254,5
9873,5.277760413110842,5.301029995663981,0.023269582553139045,5
9874,5.420584647214676,5.301029995663981,-0.11955465155069511,3
9875,5.360500625659739,5.301029995663981,-0.05947062999575792,8
9876,5.3837110276297615,5.301029995663981,-0.08268103196578025,4
9877,5.306306166331151,5.301029995663981,-0.005276170667169566,10
9878,5.380225741669018,5.301029995663981,-0.07919574600503676,2
9879,5.339340374681577,5.301029995663981,-0.03831037901759604,6
9880,5.3393271396619335,5.301029995663981,-0.038297143997952254,7
9881,5.379688237370115,5.301029995663981,-0.07865824170613411,9
9882,3.3100777530936782,2.6989700043360187,-0.6111077487576595,10
9883,3.226493377429188,2.6989700043360187,-0.5275233730931692,9
9884,3.2529648742148556,2.6989700043360187,-0.5539948698788368,1
9885,3.224653264986729,2.6989700043360187,-0.5256832606507102,3
9886,3.3403970152623055,2.6989700043360187,-0.6414270109262867,2
9887,3.277481159211766,2.6989700043360187,-0.5785111548757471,8
9888,3.3429039977617325,2.6989700043360187,-0.6439339934257138,6
9889,3.2372031190549477,2.6989700043360187,-0.538233114718929,5
9890,3.29197751148921,2.6989700043360187,-0.5930075071531911,4
9891,2.5164812534671195,3.0791812460476247,0.5626999925805052,1
9892,2.599941022268185,3.0791812460476247,0.47924022377943976,9
9893,2.6072076390962193,3.0791812460476247,0.47197360695140533,4
9894,2.5579459288710966,3.0791812460476247,0.521235317176528,2
9895,2.5815296119866415,3.0791812460476247,0.4976516340609831,7
9896,2.6389411362873325,3.0791812460476247,0.44024010976029215,6
9897,2.5297035701687127,3.0791812460476247,0.5494776758789119,3
9898,2.4964678782026315,3.0791812460476247,0.5827133678449932,10
9899,2.633624960068945,3.0791812460476247,0.4455562859786797,5
9900,3.3721448633379225,2.615529223637133,-0.7566156397007897,2
9901,3.249470923975736,2.615529223637133,-0.6339417003386032,9
9902,3.261649725108975,2.615529223637133,-0.6461205014718421,1
9903,3.267149086857726,2.615529223637133,-0.6516198632205934,10
9904,3.2825754734702084,2.615529223637133,-0.6670462498330756,7
9905,3.214854159502188,2.615529223637133,-0.599324935865055,3
9906,3.3850397007900916,2.615529223637133,-0.7695104771529588,6
9907,3.303515813139818,2.615529223637133,-0.6879865895026853,8
9908,3.3620163361789257,2.615529223637133,-0.7464871125417929,5
9909,3.693680726984176,2.650501794878367,-1.0431789321058091,9
9910,3.662970142267259,2.650501794878367,-1.012468347388892,2
9911,3.721733647726681,2.650501794878367,-1.0712318528483142,6
9912,3.628175394248916,2.650501794878367,-0.977673599370549,10
9913,3.648534174432436,2.650501794878367,-0.9980323795540693,4
9914,3.665316410186388,2.650501794878367,-1.0148146153080213,8
9915,3.495368952121887,2.650501794878367,-0.8448671572435202,7
9916,3.7066367281071164,2.650501794878367,-1.0561349332287495,1
9917,3.5459453106965797,2.650501794878367,-0.8954435158182128,3
9918,3.3175943062032984,2.630427875025024,-0.6871664311782744,10
9919,3.2897707723169987,2.630427875025024,-0.6593428972919746,9
9920,3.2843552778776206,2.630427875025024,-0.6539274028525965,7
9921,3.3300794463496617,2.630427875025024,-0.6996515713246376,8
9922,3.3144399620971274,2.630427875025024,-0.6840120870721034,1
9923,3.2659268132556645,2.630427875025024,-0.6354989382306404,3
9924,3.360568732467401,2.630427875025024,-0.7301408574423771,6
9925,3.3481966424673355,2.630427875025024,-0.7177687674423114,5
9926,3.339328825671507,2.630427875025024,-0.7089009506464827,4
9927,3.266479288665363,3.556302500767288,0.2898232121019251,3
9928,3.38002052525767,3.556302500767288,0.17628197550961833,4
9929,3.319965825754046,3.556302500767288,0.2363366750132423,10
9930,3.329348336205968,3.556302500767288,0.22695416456132023,8
9931,3.406734143606795,3.556302500767288,0.1495683571604931,6
9932,3.279281652734247,3.556302500767288,0.27702084803304095,9
9933,3.3299515723774777,3.556302500767288,0.2263509283898104,1
9934,3.3180835528442922,3.556302500767288,0.23821894792299592,7
9935,3.392601923206265,3.556302500767288,0.16370057756102296,2
9936,3.224653264986729,2.9912260756924947,-0.23342718929423434,3
9937,3.2529648742148556,2.9912260756924947,-0.2617387985223609,1
9938,3.2372031190549477,2.9912260756924947,-0.24597704336245307,5
9939,3.286805188806427,2.9912260756924947,-0.2955791131139325,7
9940,3.226493377429188,2.9912260756924947,-0.2352673017366933,9
9941,3.3429039977617325,2.9912260756924947,-0.35167792206923787,6
9942,3.29197751148921,2.9912260756924947,-0.30075143579671515,4
9943,3.277481159211766,2.9912260756924947,-0.2862550835192712,8
9944,3.3403970152623055,2.9912260756924947,-0.3491709395698108,2
9945,3.6698476833484266,2.9474337218870508,-0.7224139614613758,6
9946,3.7192343442545863,2.9474337218870508,-0.7718006223675355,2
9947,3.6608152585531166,2.9474337218870508,-0.7133815366660659,10
9948,3.640779357677549,2.9474337218870508,-0.6933456357904983,8
9949,3.615264160545962,2.9474337218870508,-0.6678304386589113,9
9950,3.6675912785824414,2.9474337218870508,-0.7201575566953906,4
9951,3.5763035407369563,2.9474337218870508,-0.6288698188499056,1
9952,3.6064142260696173,2.9474337218870508,-0.6589805041825665,5
9953,3.539217304455325,2.9474337218870508,-0.591783582568274,3
9954,3.5696450841494443,3.4885507165004443,-0.08109436764899991,10
9955,3.5537547797785756,3.4885507165004443,-0.06520406327813122,9
9956,3.5975251939534214,3.4885507165004443,-0.10897447745297706,8
9957,3.5667560576360433,3.4885507165004443,-0.07820534113559896,5
9958,3.689221514759575,3.4885507165004443,-0.20067079825913048,7
9959,3.6219988180408738,3.4885507165004443,-0.1334481015404294,6
9960,3.5713743120317827,3.4885507165004443,-0.08282359553133833,2
9961,3.5796332725912223,3.4885507165004443,-0.09108255609077798,3
9962,3.5200632615961625,3.4885507165004443,-0.0315125450957181,4
9963,3.8520879128079133,3.510545010206612,-0.34154290260130127,6
9964,4.011129680771346,3.510545010206612,-0.5005846705647343,10
9965,3.8807904990652395,3.510545010206612,-0.3702454888586275,3
9966,3.825243816971015,3.510545010206612,-0.31469880676440276,9
9967,3.9229520001875495,3.510545010206612,-0.4124069899809375,1
9968,4.088507586416905,3.510545010206612,-0.5779625762102931,7
9969,3.9242257041024096,3.510545010206612,-0.41368069389579754,5
9970,3.9418368878446315,3.510545010206612,-0.43129187763801946,8
9971,3.982047170447527,3.510545010206612,-0.47150216024091485,4
9972,3.4504846923994794,2.419955748489758,-1.0305289439097214,4
9973,3.549249669019943,2.419955748489758,-1.129293920530185,7
9974,3.3485737376276625,2.419955748489758,-0.9286179891379045,3
9975,3.516615778055093,2.419955748489758,-1.096660029565335,10
9976,3.511698853412514,2.419955748489758,-1.091743104922756,1
9977,3.4209749633026245,2.419955748489758,-1.0010192148128665,5
9978,3.496244513045101,2.419955748489758,-1.076288764555343,9
9979,3.461131889340836,2.419955748489758,-1.041176140851078,8
9980,3.60329229982299,2.419955748489758,-1.1833365513332321,2
9981,5.749882474811892,5.278753600952829,-0.47112887385906355,7
9982,5.732327982973968,5.278753600952829,-0.45357438202113887,2
9983,5.795364882523294,5.278753600952829,-0.5166112815704649,5
9984,5.745209838777018,5.278753600952829,-0.46645623782418877,10
9985,5.702237037702766,5.278753600952829,-0.4234834367499367,3
9986,5.7037332146273085,5.278753600952829,-0.4249796136744797,4
9987,5.707062186751113,5.278753600952829,-0.428308585798284,1
9988,5.657231410541466,5.278753600952829,-0.3784778095886372,8
9989,5.778713112525388,5.278753600952829,-0.499959511572559,6
9990,5.910612671896829,6.004321373782642,0.09370870188581293,2
9991,5.92160542277286,6.004321373782642,0.08271595100978235,9
9992,5.911240263643605,6.004321373782642,0.0930811101390372,1
9993,5.907144817977824,6.004321373782642,0.09717655580481832,8
9994,5.902020017790353,6.004321373782642,0.10230135599228962,3
9995,5.952706355815692,6.004321373782642,0.05161501796695056,4
9996,5.904883899708517,6.004321373782642,0.09943747407412484,10
9997,5.894913222309794,6.004321373782642,0.10940815147284777,7
9998,5.936763467624384,6.004321373782642,0.06755790615825852,5
9999,5.882591577427004,6.176091259055681,0.2934996816286777,1
10000,5.8608039998098675,6.176091259055681,0.3152872592458138,2
10001,5.84723579129997,6.176091259055681,0.3288554677557114,10
10002,5.850252866420558,6.176091259055681,0.3258383926351236,6
10003,5.863210661023785,6.176091259055681,0.3128805980318967,8
10004,5.91058485829368,6.176091259055681,0.2655064007620016,4
10005,5.88499278506084,6.176091259055681,0.29109847399484146,9
10006,5.919419071934548,6.176091259055681,0.2566721871211337,5
10007,5.863421352045143,6.176091259055681,0.3126699070105383,7
10008,4.552344372457855,5.008600171761918,0.45625579930406257,2
10009,4.499155115621785,5.008600171761918,0.5094450561401329,10
10010,4.392172384926477,5.008600171761918,0.6164277868354411,4
10011,4.395147652474123,5.008600171761918,0.6134525192877947,1
10012,4.39371115989334,5.008600171761918,0.6148890118685779,3
10013,4.548555452171491,5.008600171761918,0.46004471959042714,8
10014,4.450861211442779,5.008600171761918,0.5577389603191394,6
10015,4.2481034586763196,5.008600171761918,0.7604967130855984,9
10016,4.457298670133443,5.008600171761918,0.5513015016284752,7
10017,6.046630588092064,5.819543935541868,-0.227086652550196,7
10018,6.0228292761381645,5.819543935541868,-0.20328534059629622,1
10019,6.013795842996969,5.819543935541868,-0.1942519074551008,2
10020,6.003262411429521,5.819543935541868,-0.18371847588765267,9
10021,6.0110325177729775,5.819543935541868,-0.1914885822311092,10
10022,6.047649399178397,5.819543935541868,-0.2281054636365285,4
10023,6.025696971172574,5.819543935541868,-0.20615303563070597,8
10024,6.054607709411629,5.819543935541868,-0.23506377386976052,3
10025,5.990555160293514,5.819543935541868,-0.17101122475164576,6
10026,5.87268076934031,5.600972895686748,-0.2717078736535612,4
10027,5.873100297529058,5.600972895686748,-0.2721274018423099,9
10028,5.898987624190358,5.600972895686748,-0.29801472850360966,1
10029,5.872106475182911,5.600972895686748,-0.2711335794961629,3
10030,5.8574639049831445,5.600972895686748,-0.2564910092963961,5
10031,5.89025399488168,5.600972895686748,-0.2892810991949313,10
10032,5.886455754283699,5.600972895686748,-0.2854828585969509,2
10033,5.888197141666392,5.600972895686748,-0.2872242459796439,7
10034,5.8879145556160015,5.600972895686748,-0.28694165992925313,8
10035,5.969151823782613,6.4623979978989565,0.49324617411634364,6
10036,6.021742424560526,6.4623979978989565,0.44065557333843053,4
10037,6.022029718564807,6.4623979978989565,0.4403682793341499,3
10038,5.981712926372154,6.4623979978989565,0.4806850715268025,5
10039,5.992247510340974,6.4623979978989565,0.4701504875579827,9
10040,6.029142422717885,6.4623979978989565,0.4332555751810716,7
10041,5.977922199971008,6.4623979978989565,0.48447579792794837,2
10042,5.9721808534450584,6.4623979978989565,0.4902171444538981,1
10043,5.955722563399735,6.4623979978989565,0.5066754344992219,10
10044,2.309881900499624,2.886490725172482,0.5766088246728578,1
10045,2.323857119337851,2.886490725172482,0.5626336058346308,3
10046,2.34289350739108,2.886490725172482,0.5435972177814019,9
10047,2.456084517678246,2.886490725172482,0.43040620749423564,4
10048,2.3907661879795183,2.886490725172482,0.4957245371929635,5
10049,2.14210191258294,2.886490725172482,0.7443888125895417,10
10050,2.3876246783860355,2.886490725172482,0.4988660467864463,8
10051,2.2793510547999905,2.886490725172482,0.6071396703724914,2
10052,2.3029682192058694,2.886490725172482,0.5835225059666125,6
10053,6.095692640052386,6.3979400086720375,0.3022473686196516,2
10054,6.1334458842972355,6.3979400086720375,0.264494124374802,4
10055,6.192828583409641,6.3979400086720375,0.20511142526239645,8
10056,6.141092282785287,6.3979400086720375,0.2568477258867503,10
10057,6.151796775496386,6.3979400086720375,0.24614323317565123,3
10058,6.118786327001776,6.3979400086720375,0.27915368167026156,9
10059,6.135919066514188,6.3979400086720375,0.2620209421578492,5
10060,6.143224942496929,6.3979400086720375,0.2547150661751081,7
10061,6.1198196175489725,6.3979400086720375,0.27812039112306497,1
10062,6.130502989623875,6.3979400086720375,0.2674370190481623,10
10063,6.1150136057766575,6.3979400086720375,0.28292640289537996,5
10064,6.122262050324089,6.3979400086720375,0.2756779583479485,6
10065,6.133062161594802,6.3979400086720375,0.2648778470772353,3
10066,6.134047925088027,6.3979400086720375,0.2638920835840102,4
10067,6.124109584877763,6.3979400086720375,0.2738304237942746,9
10068,6.123063243794894,6.3979400086720375,0.27487676487714374,1
10069,6.232472237596316,6.3979400086720375,0.16546777107572108,7
10070,6.123071337691011,6.3979400086720375,0.27486867098102685,8
10071,6.126892511341943,6.246498580795801,0.11960606945385788,3
10072,6.088777394067962,6.246498580795801,0.15772118672783897,1
10073,6.161973027365675,6.246498580795801,0.08452555343012591,9
10074,6.15750057195435,6.246498580795801,0.08899800884145037,7
10075,6.075788614452813,6.246498580795801,0.1707099663429874,2
10076,6.0972993179568995,6.246498580795801,0.14919926283890117,10
10077,6.149041718383325,6.246498580795801,0.09745686241247586,4
10078,6.1112683230511005,6.246498580795801,0.1352302577447002,5
10079,6.134623445983248,6.246498580795801,0.11187513481255262,6
10080,5.959531024596435,5.286613631657004,-0.6729173929394312,1
10081,5.971226315391492,5.286613631657004,-0.6846126837344881,7
10082,5.953160114655452,5.286613631657004,-0.6665464829984478,6
10083,5.964441636528729,5.286613631657004,-0.6778280048717251,8
10084,5.973977276837387,5.286613631657004,-0.6873636451803833,5
10085,5.961848741620186,5.286613631657004,-0.6752351099631824,2
10086,5.928486914237471,5.286613631657004,-0.6418732825804669,10
10087,5.963060671214713,5.286613631657004,-0.6764470395577087,9
10088,5.990747178055759,5.286613631657004,-0.7041335463987553,4
10089,5.950925232796557,6.079181246047625,0.12825601325106817,10
10090,6.004783928642825,6.079181246047625,0.07439731740480049,4
10091,5.960742760436581,6.079181246047625,0.11843848561104409,9
10092,5.967014967506817,6.079181246047625,0.1121662785408084,6
10093,6.0191464922038564,6.079181246047625,0.06003475384376866,3
10094,5.970763738502871,6.079181246047625,0.10841750754475399,8
10095,5.967513439191761,6.079181246047625,0.11166780685586453,1
10096,5.963403262760153,6.079181246047625,0.11577798328747235,2
10097,5.989282477810246,6.079181246047625,0.0898987682373793,7
10098,4.31016686189189,3.886490725172482,-0.4236761367194082,1
10099,4.3743516390339785,3.886490725172482,-0.48786091386149666,10
10100,4.263661826323201,3.886490725172482,-0.37717110115071906,2
10101,4.333927383570826,3.886490725172482,-0.447436658398344,4
10102,4.304852643790795,3.886490725172482,-0.4183619186183134,7
10103,4.288190011142175,3.886490725172482,-0.4016992859696935,5
10104,4.428410655197484,3.886490725172482,-0.5419199300250024,8
10105,4.264634202083161,3.886490725172482,-0.37814347691067907,6
10106,4.570756666389467,3.886490725172482,-0.6842659412169856,3
10107,5.8502503994902035,5.698970004336019,-0.1512803951541848,3
10108,5.891755600412467,5.698970004336019,-0.1927855960764484,9
10109,5.87920075387058,5.698970004336019,-0.18023074953456142,8
10110,5.812935390097224,5.698970004336019,-0.11396538576120552,6
10111,5.8329704104417495,5.698970004336019,-0.13400040610573072,4
10112,5.795106254577501,5.698970004336019,-0.0961362502414822,2
10113,5.864801513139602,5.698970004336019,-0.1658315088035831,1
10114,5.567477407471687,5.698970004336019,0.1314925968643319,5
10115,5.8710749371797055,5.698970004336019,-0.17210493284368678,7
10116,5.94465223975681,5.704150516839799,-0.24050172291701077,2
10117,5.958126617050369,5.704150516839799,-0.25397610021057027,10
10118,5.984792207326352,5.704150516839799,-0.2806416904865534,8
10119,5.974257447898648,5.704150516839799,-0.27010693105884886,1
10120,5.956839438141959,5.704150516839799,-0.2526889213021599,9
10121,5.973407592038684,5.704150516839799,-0.269257075198885,5
10122,5.967698457667589,5.704150516839799,-0.2635479408277899,6
10123,5.999409888066672,5.704150516839799,-0.29525937122687296,7
10124,6.007415846897712,5.704150516839799,-0.3032653300579131,4
10125,5.7460725345312476,5.260071387985075,-0.48600114654617244,10
10126,5.845359581976604,5.260071387985075,-0.5852881939915289,8
10127,5.875126794943039,5.260071387985075,-0.6150554069579641,9
10128,5.7987694091134445,5.260071387985075,-0.5386980211283694,2
10129,5.798411617358738,5.260071387985075,-0.538340229373663,7
10130,5.7204743355270296,5.260071387985075,-0.46040294754195443,3
10131,5.782263656662448,5.260071387985075,-0.5221922686773732,1
10132,5.8588224476034,5.260071387985075,-0.5987510596183245,5
10133,5.738219209703297,5.260071387985075,-0.47814782171822223,6
10134,6.1482835113781,5.738066714777469,-0.41021679660063093,7
10135,6.25274358189178,5.738066714777469,-0.5146768671143107,1
10136,6.223806919215216,5.738066714777469,-0.48574020443774657,3
10137,6.1473653837974185,5.738066714777469,-0.4092986690199494,5
10138,6.309365281151444,5.738066714777469,-0.5712985663739749,8
10139,6.186912038683568,5.738066714777469,-0.44884532390609877,6
10140,6.187481796049562,5.738066714777469,-0.4494150812720932,9
10141,6.196317972645193,5.738066714777469,-0.45825125786772425,2
10142,6.3068565090688375,5.738066714777469,-0.5687897942913684,4
10143,6.1508548224045265,6.146128035678238,-0.004726786726288346,7
10144,6.099226633076808,6.146128035678238,0.0469014026014305,5
10145,6.1072497611572985,6.146128035678238,0.038878274520939726,6
10146,6.10597530353765,6.146128035678238,0.04015273214058812,3
10147,6.096146259518862,6.146128035678238,0.0499817761593766,10
10148,6.110410527430621,6.146128035678238,0.035717508247617324,4
10149,6.0877125325989505,6.146128035678238,0.05841550307928767,2
10150,6.068417850589708,6.146128035678238,0.07771018508853,1
10151,6.13412051570619,6.146128035678238,0.012007519972048186,9
10152,5.3299545724910695,4.477121254719663,-0.8528333177714069,8
10153,5.370967189904792,4.477121254719663,-0.8938459351851291,2
10154,5.312451906679455,4.477121254719663,-0.8353306519597927,3
10155,5.234759853079444,4.477121254719663,-0.7576385983597813,10
10156,5.375490342432649,4.477121254719663,-0.898369087712986,6
10157,5.472518861841479,4.477121254719663,-0.9953976071218165,9
10158,5.28675320057397,4.477121254719663,-0.8096319458543073,1
10159,5.385155884435315,4.477121254719663,-0.9080346297156527,7
10160,5.322534426712221,4.477121254719663,-0.8454131719925586,5
10161,6.0013132191125145,6.278753600952829,0.2774403818403144,2
10162,6.015874579983489,6.278753600952829,0.2628790209693399,9
10163,6.031889058301728,6.278753600952829,0.24686454265110047,4
10164,6.016336384141348,6.278753600952829,0.2624172168114809,5
10165,6.049070197223266,6.278753600952829,0.2296834037295632,7
10166,5.999344444009518,6.278753600952829,0.27940915694331103,1
10167,6.048151530728237,6.278753600952829,0.23060207022459167,3
10168,6.001868089540142,6.278753600952829,0.27688551141268647,8
10169,6.008718108593985,6.278753600952829,0.2700354923588435,6
10170,6.132510538796985,6.365487984890899,0.2329774460939147,3
10171,6.171028917369494,6.365487984890899,0.19445906752140552,4
10172,6.127499126867451,6.365487984890899,0.23798885802344838,7
10173,6.049874096797484,6.365487984890899,0.3156138880934156,8
10174,6.116663505157858,6.365487984890899,0.24882447973304167,2
10175,6.1245624657089515,6.365487984890899,0.24092551918194793,9
10176,6.131711240788402,6.365487984890899,0.2337767441024976,1
10177,6.116927561079481,6.365487984890899,0.2485604238114183,5
10178,6.131017565595467,6.365487984890899,0.2344704192954321,6
10179,6.1082607374813005,6.447158031342219,0.33889729386091894,3
10180,6.105699354832114,6.447158031342219,0.3414586765101051,8
10181,6.096709626331561,6.447158031342219,0.350448405010658,5
10182,6.146114091523868,6.447158031342219,0.3010439398183511,7
10183,6.141803713672989,6.447158031342219,0.3053543176692308,6
10184,6.143932068855208,6.447158031342219,0.3032259624870113,9
10185,6.109542386972842,6.447158031342219,0.33761564436937785,2
10186,6.05642967878174,6.447158031342219,0.39072835256047966,10
10187,6.117906576092054,6.447158031342219,0.32925145525016575,1
10188,5.98904414291554,6.0,0.010955857084460341,10
10189,5.980815196084414,6.0,0.019184803915585746,5
10190,5.973349882183218,6.0,0.02665011781678217,8
10191,5.992486702823321,6.0,0.007513297176679146,4
10192,5.988642063311613,6.0,0.011357936688386694,7
10193,5.958610015693723,6.0,0.04138998430627705,2
10194,5.967161794603522,6.0,0.032838205396478415,1
10195,5.995312320699577,6.0,0.004687679300422687,9
10196,6.013827995815765,6.0,-0.013827995815764993,6
10197,5.989903348976379,6.3979400086720375,0.40803665969565817,6
10198,5.990750909792298,6.3979400086720375,0.40718909887973975,2
10199,6.030078846574343,6.3979400086720375,0.3678611620976948,7
10200,6.007907893080322,6.3979400086720375,0.39003211559171547,8
10201,6.093753648028936,6.3979400086720375,0.30418636064310167,3
10202,6.0114300556883435,6.3979400086720375,0.38650995298369395,4
10203,5.996743416529264,6.3979400086720375,0.4011965921427736,9
10204,5.981699184106174,6.3979400086720375,0.41624082456586375,5
10205,5.976144050116611,6.3979400086720375,0.4217959585554265,10
10206,5.514952951479578,5.938919812244772,0.4239668607651943,2
10207,5.340842115307067,5.938919812244772,0.5980776969377049,4
10208,5.73267553403306,5.938919812244772,0.2062442782117122,9
10209,5.489053091756202,5.938919812244772,0.44986672048857024,10
10210,5.581264295807573,5.938919812244772,0.35765551643719906,3
10211,5.522230551859808,5.938919812244772,0.4166892603849641,8
10212,5.513874373360525,5.938919812244772,0.42504543888424706,6
10213,5.4564780887598525,5.938919812244772,0.48244172348491965,1
10214,5.560562057488219,5.938919812244772,0.37835775475655353,5
10215,5.941107476136948,5.484299839346786,-0.45680763679016234,4
10216,5.9506649105181255,5.484299839346786,-0.46636507117133963,3
10217,5.916878905814745,5.484299839346786,-0.43257906646795874,7
10218,5.935991853113998,5.484299839346786,-0.4516920137672118,8
10219,5.902357075096277,5.484299839346786,-0.41805723574949116,6
10220,5.900163300195981,5.484299839346786,-0.4158634608491951,10
10221,5.8839956748076805,5.484299839346786,-0.3996958354608946,1
10222,5.926186151083086,5.484299839346786,-0.4418863117363001,5
10223,5.922165510294,5.484299839346786,-0.43786567094721374,2
10224,6.06078189600411,7.301029995663981,1.2402480996598708,10
10225,6.060942368323551,7.301029995663981,1.2400876273404302,4
10226,6.011879167710143,7.301029995663981,1.2891508279538382,2
10227,6.079037252872495,7.301029995663981,1.2219927427914863,8
10228,6.106499346363039,7.301029995663981,1.1945306493009422,7
10229,6.056178657192024,7.301029995663981,1.2448513384719568,1
10230,6.019521044848782,7.301029995663981,1.2815089508151996,6
10231,6.0544065124997,7.301029995663981,1.2466234831642815,3
10232,6.037258589345453,7.301029995663981,1.2637714063185284,5
10233,5.962461835220331,5.954242509439325,-0.008219325781006148,5
10234,6.0173611310106105,5.954242509439325,-0.06311862157128534,4
10235,5.95438168919413,5.954242509439325,-0.000139179754804708,1
10236,5.949033629936601,5.954242509439325,0.005208879502724528,2
10237,5.953715535894175,5.954242509439325,0.0005269735451500779,3
10238,5.942708626284303,5.954242509439325,0.011533883155022018,10
10239,5.949311315673805,5.954242509439325,0.004931193765520092,6
10240,5.969029271700342,5.954242509439325,-0.01478676226101694,8
10241,5.953659550591173,5.954242509439325,0.000582958848152515,9
10242,5.8439967222418305,6.6020599913279625,0.758063269086132,3
10243,5.831954883162607,6.6020599913279625,0.7701051081653558,6
10244,5.850346798306195,6.6020599913279625,0.7517131930217671,2
10245,5.850327374216582,6.6020599913279625,0.7517326171113803,9
10246,5.859996899494572,6.6020599913279625,0.7420630918333906,1
10247,5.872475672993833,6.6020599913279625,0.7295843183341297,7
10248,5.896404135396956,6.6020599913279625,0.7056558559310062,10
10249,5.778141796571817,6.6020599913279625,0.8239181947561454,5
10250,5.938974021546872,6.6020599913279625,0.6630859697810907,8
10251,6.196449859380827,6.972202838379064,0.7757529789982369,2
10252,6.191636647060772,6.972202838379064,0.7805661913182922,9
10253,6.20258610198822,6.972202838379064,0.7696167363908444,1
10254,6.217474197456438,6.972202838379064,0.7547286409226261,6
10255,6.189167804350035,6.972202838379064,0.7830350340290293,3
10256,6.1828354372420735,6.972202838379064,0.7893674011369907,5
10257,6.104349886243394,6.972202838379064,0.8678529521356699,10
10258,6.216018895942702,6.972202838379064,0.7561839424363619,7
10259,6.229042473117828,6.972202838379064,0.743160365261236,4
10260,5.736887120679488,6.301029995663981,0.5641428749844932,8
10261,5.714134118917623,6.301029995663981,0.5868958767463583,7
10262,5.607434842596558,6.301029995663981,0.6935951530674229,9
10263,5.741405228943738,6.301029995663981,0.5596247667202432,3
10264,5.82558637672367,6.301029995663981,0.47544361894031084,10
10265,5.698206625518818,6.301029995663981,0.6028233701451633,2
10266,5.684532637076367,6.301029995663981,0.6164973585876146,6
10267,5.724899537930485,6.301029995663981,0.5761304577334965,4
10268,5.781974412323932,6.301029995663981,0.519055583340049,1
10269,6.0685952712132005,6.248267603534647,0.17967233232144686,10
10270,6.064413370701283,6.248267603534647,0.18385423283336433,5
10271,6.078153737044151,6.248267603534647,0.17011386649049598,4
10272,6.124029410554109,6.248267603534647,0.12423819298053829,6
10273,6.006915812408489,6.248267603534647,0.24135179112615823,3
10274,6.087930697836361,6.248267603534647,0.16033690569828618,2
10275,6.079359875177497,6.248267603534647,0.1689077283571505,1
10276,6.119673947114681,6.248267603534647,0.12859365641996678,7
10277,6.0535660695604125,6.248267603534647,0.19470153397423484,9
10278,6.091332111408998,6.380211241711606,0.28887913030260837,10
10279,6.141451757918581,6.380211241711606,0.23875948379302514,8
10280,6.092754611391112,6.380211241711606,0.2874566303204942,5
10281,6.136537725478222,6.380211241711606,0.2436735162333843,1
10282,6.119511627764978,6.380211241711606,0.26069961394662844,2
10283,6.171204002271565,6.380211241711606,0.20900723944004174,4
10284,6.14446351173022,6.380211241711606,0.23574772998138638,7
10285,6.127985534327535,6.380211241711606,0.25222570738407146,6
10286,6.151019346486183,6.380211241711606,0.22919189522542371,9
10287,6.036839333464115,6.301029995663981,0.26419066219986664,1
10288,6.003981657539929,6.301029995663981,0.2970483381240525,3
10289,6.017892078610974,6.301029995663981,0.28313791705300684,10
10290,6.098652416164663,6.301029995663981,0.20237757949931812,6
10291,6.072791287693161,6.301029995663981,0.2282387079708199,4
10292,6.031596010615757,6.301029995663981,0.2694339850482246,8
10293,6.008631709373766,6.301029995663981,0.292398286290215,5
10294,6.089382150134835,6.301029995663981,0.2116478455291464,7
10295,6.016029324563883,6.301029995663981,0.2850006711000983,2
10296,6.021365137548377,6.32221929473392,0.300854157185543,10
10297,6.038141630859627,6.32221929473392,0.28407766387429323,5
10298,6.088231323242126,6.32221929473392,0.2339879714917945,6
10299,5.997146337644966,6.32221929473392,0.32507295708895434,8
10300,6.039548538445359,6.32221929473392,0.2826707562885611,9
10301,6.030019296667531,6.32221929473392,0.29219999806638963,1
10302,6.068415407408862,6.32221929473392,0.2538038873250583,4
10303,6.03171714566551,6.32221929473392,0.2905021490684101,2
10304,6.137383872146579,6.32221929473392,0.18483542258734165,7
10305,6.163611536892128,6.380211241711606,0.21659970481947877,10
10306,6.163705808415717,6.380211241711606,0.21650543329588956,3
10307,6.214537247072841,6.380211241711606,0.1656739946387651,8
10308,6.192368496437297,6.380211241711606,0.18784274527430966,7
10309,6.1687987493657905,6.380211241711606,0.21141249234581583,6
10310,6.168008354463468,6.380211241711606,0.21220288724813852,5
10311,6.15986280547155,6.380211241711606,0.22034843624005607,1
10312,6.19670258403607,6.380211241711606,0.18350865767553604,4
10313,6.178735820465204,6.380211241711606,0.2014754212464025,9
10314,6.166949972861904,6.380211241711606,0.21326126884970265,8
10315,6.134596334819344,6.380211241711606,0.2456149068922624,5
10316,6.166930396254506,6.380211241711606,0.21328084545710002,9
10317,6.1135122328482385,6.380211241711606,0.26669900886336784,1
10318,6.17937368229455,6.380211241711606,0.2008375594170566,3
10319,6.113708615480212,6.380211241711606,0.26650262623139476,2
10320,6.171018478933047,6.380211241711606,0.20919276277855925,7
10321,6.13701147046962,6.380211241711606,0.24319977124198644,6
10322,6.107602616181712,6.380211241711606,0.2726086255298945,10
10323,6.133885425492683,5.603198520676098,-0.5306869048165854,4
10324,6.10669931503968,5.603198520676098,-0.5035007943635827,7
10325,6.0854695386146425,5.603198520676098,-0.48227101793854477,3
10326,6.103275741163896,5.603198520676098,-0.5000772204877979,1
10327,6.142675559898069,5.603198520676098,-0.5394770392219712,6
10328,6.099500396345071,5.603198520676098,-0.49630187566897366,2
10329,6.092470916544652,5.603198520676098,-0.48927239586855453,5
10330,6.034760438440318,5.603198520676098,-0.4315619177642205,10
10331,6.115868908005143,5.603198520676098,-0.5126703873290452,8
10332,6.084397203439339,6.32221929473392,0.2378220912945812,10
10333,6.06204216460067,6.32221929473392,0.2601771301332505,2
10334,6.067231806980328,6.32221929473392,0.25498748775359203,1
10335,6.032112562367182,6.32221929473392,0.29010673236673856,9
10336,6.102270034491349,6.32221929473392,0.21994926024257122,6
10337,6.061916465163382,6.32221929473392,0.26030282957053874,3
10338,6.110705276326805,6.32221929473392,0.21151401840711515,4
10339,6.0705111122068525,6.32221929473392,0.25170818252706795,5
10340,6.146638828842818,6.32221929473392,0.17558046589110266,7
10341,5.897352153500634,6.017033339298781,0.11968118579814657,5
10342,5.684324944467063,6.017033339298781,0.33270839483171777,3
10343,5.850646949125937,6.017033339298781,0.1663863901728435,9
10344,5.907931284619834,6.017033339298781,0.10910205467894674,7
10345,5.8588152763732815,6.017033339298781,0.15821806292549923,10
10346,5.89341197949471,6.017033339298781,0.12362135980407096,6
10347,5.822872411367278,6.017033339298781,0.19416092793150241,4
10348,5.884034845998101,6.017033339298781,0.13299849330068003,2
10349,5.838747990014984,6.017033339298781,0.17828534928379636,8
10350,6.117906576092054,6.197831693328903,0.07992511723684892,1
10351,6.05642967878174,6.197831693328903,0.14140201454716284,10
10352,6.146114091523868,6.197831693328903,0.05171760180503426,7
10353,6.141803713672989,6.197831693328903,0.056027979655913995,6
10354,6.123588062711367,6.197831693328903,0.07424363061753603,4
10355,6.1082607374813005,6.197831693328903,0.08957095584760211,3
10356,6.143932068855208,6.197831693328903,0.05389962447369445,9
10357,6.096709626331561,6.197831693328903,0.10112206699734116,5
10358,6.109542386972842,6.197831693328903,0.08828930635606103,2
10359,6.058881582340422,6.171480722621874,0.11259914028145257,4
10360,6.0478525617223395,6.171480722621874,0.12362816089953466,10
10361,6.086972573130189,6.171480722621874,0.08450814949168528,6
10362,6.101560477173291,6.171480722621874,0.069920245448583,3
10363,6.103221788708527,6.171480722621874,0.06825893391334681,7
10364,6.0532057007087126,6.171480722621874,0.11827502191316164,2
10365,6.075019420579708,6.171480722621874,0.09646130204216607,8
10366,6.083030625788669,6.171480722621874,0.08845009683320537,9
10367,6.046920058731527,6.171480722621874,0.12456066389034692,5
10368,6.168778392136797,7.105510184769974,0.9367317926331769,1
10369,6.186855605671061,7.105510184769974,0.9186545790989129,9
10370,6.187124112127379,7.105510184769974,0.918386072642595,4
10371,6.175335045526407,7.105510184769974,0.9301751392435671,7
10372,6.122522505068637,7.105510184769974,0.9829876797013375,5
10373,6.170228208728658,7.105510184769974,0.935281976041316,6
10374,6.137928026332601,7.105510184769974,0.9675821584373736,2
10375,6.110882779157151,7.105510184769974,0.9946274056128228,3
10376,6.177459806715083,7.105510184769974,0.9280503780548912,8
10377,5.864666967529583,6.373095987078727,0.5084290195491441,3
10378,5.954646701084784,6.373095987078727,0.41844928599394304,1
10379,5.938165121727277,6.373095987078727,0.43493086535145054,10
10380,5.925507622191924,6.373095987078727,0.4475883648868031,7
10381,5.960463493732806,6.373095987078727,0.4126324933459218,8
10382,5.879071960325797,6.373095987078727,0.4940240267529301,2
10383,5.898808483064243,6.373095987078727,0.4742875040144847,6
10384,5.82780673587652,6.373095987078727,0.545289251202207,5
10385,5.841997977854793,6.373095987078727,0.5310980092239346,4
10386,5.482130831365995,5.419955748489758,-0.0621750828762373,8
10387,5.37375040180338,5.419955748489758,0.04620534668637788,5
10388,5.498015288316476,5.419955748489758,-0.0780595398267181,2
10389,5.272152534149779,5.419955748489758,0.14780321433997923,9
10390,5.432708690340137,5.419955748489758,-0.012752941850378896,4
10391,5.589859887361908,5.419955748489758,-0.16990413887215006,1
10392,5.510154317807199,5.419955748489758,-0.09019856931744119,3
10393,5.5164609822112425,5.419955748489758,-0.09650523372148445,6
10394,5.387612531679059,5.419955748489758,0.03234321681069918,7
10395,6.193876805185903,6.332438459915605,0.13856165472970172,7
10396,6.176238184680422,6.332438459915605,0.1562002752351832,3
10397,6.173918058119171,6.332438459915605,0.15852040179643367,1
10398,6.15301630491401,6.332438459915605,0.1794221550015953,4
10399,6.144269378263796,6.332438459915605,0.18816908165180912,5
10400,6.1941576669070795,6.332438459915605,0.13828079300852547,10
10401,6.1480106121237945,6.332438459915605,0.18442784779181043,6
10402,6.1143177562416335,6.332438459915605,0.2181207036739714,9
10403,6.150654335692085,6.332438459915605,0.18178412422351986,8
10404,5.95866366421246,6.079181246047625,0.12051758183516537,10
10405,5.9665384140547575,6.079181246047625,0.11264283199286762,2
10406,5.976984123859726,6.079181246047625,0.10219712218789923,9
10407,6.001568167803355,6.079181246047625,0.0776130782442701,4
10408,5.991149615630705,6.079181246047625,0.08803163041692041,8
10409,6.0379025658890955,6.079181246047625,0.041278680158529646,3
10410,5.991713421743686,6.079181246047625,0.08746782430393907,5
10411,5.989696316509658,6.079181246047625,0.08948492953796716,7
10412,5.972478330171666,6.079181246047625,0.10670291587595937,6
10413,6.007907893080322,5.124830149413859,-0.8830777436664627,8
10414,5.989903348976379,5.124830149413859,-0.86507319956252,6
10415,5.990750909792298,5.124830149413859,-0.8659207603784385,2
10416,5.944920086435558,5.124830149413859,-0.8200899370216987,1
10417,6.0114300556883435,5.124830149413859,-0.8865999062744843,4
10418,5.981699184106174,5.124830149413859,-0.8568690346923145,5
10419,6.030078846574343,5.124830149413859,-0.9052486971604834,7
10420,5.976144050116611,5.124830149413859,-0.8513139007027517,10
10421,5.996743416529264,5.124830149413859,-0.8719132671154046,9
10422,6.173918058119171,6.486146996806573,0.31222893868740176,1
10423,6.15301630491401,6.486146996806573,0.3331306918925634,4
10424,6.144269378263796,6.486146996806573,0.3418776185427772,5
10425,6.176238184680422,6.486146996806573,0.3099088121261513,3
10426,6.1480106121237945,6.486146996806573,0.3381363846827785,6
10427,6.1941576669070795,6.486146996806573,0.29198932989949355,10
10428,6.150654335692085,6.486146996806573,0.33549266111448794,8
10429,6.193876805185903,6.486146996806573,0.2922701916206698,7
10430,6.123435781085401,6.486146996806573,0.3627112157211716,2
10431,6.096039267580046,6.174931593528442,0.07889232594839601,3
10432,6.162601992830778,6.174931593528442,0.012329600697664311,10
10433,6.171694198109553,6.174931593528442,0.003237395418889122,1
10434,6.133556856915519,6.174931593528442,0.0413747366129229,8
10435,6.053367656486789,6.174931593528442,0.12156393704165325,9
10436,6.129999917797061,6.174931593528442,0.04493167573138113,7
10437,6.160832590493965,6.174931593528442,0.01409900303447742,5
10438,6.157647899056112,6.174931593528442,0.017283694472330247,6
10439,6.366289425815944,6.174931593528442,-0.19135783228750203,2
10440,6.402495020618708,5.886490725172482,-0.5160042954462254,1
10441,6.27221575132242,5.886490725172482,-0.3857250261499381,2
10442,6.392368331580927,5.886490725172482,-0.5058776064084451,5
10443,6.388564971686626,5.886490725172482,-0.5020742465141437,10
10444,6.416479301326351,5.886490725172482,-0.529988576153869,3
10445,6.357724733779406,5.886490725172482,-0.471234008606924,7
10446,6.392221056670187,5.886490725172482,-0.5057303314977046,4
10447,6.377928046002263,5.886490725172482,-0.49143732082978087,8
10448,6.34057838635797,5.886490725172482,-0.45408766118548805,9
10449,5.483236988266112,5.725911632295048,0.24267464402893602,10
10450,5.459041480496585,5.725911632295048,0.2668701517984635,5
10451,5.376609651747187,5.725911632295048,0.3493019805478612,6
10452,5.451574076494699,5.725911632295048,0.2743375558003489,2
10453,5.160832114746982,5.725911632295048,0.5650795175480665,4
10454,5.401493249289044,5.725911632295048,0.32441838300600434,9
10455,5.236484492586405,5.725911632295048,0.48942713970864293,7
10456,5.571223390189383,5.725911632295048,0.15468824210566545,1
10457,5.178043287692094,5.725911632295048,0.5478683446029544,8
10458,6.117568036840925,5.413132050434872,-0.704435986406053,6
10459,6.091411119872336,5.413132050434872,-0.6782790694374636,7
10460,6.018186263392271,5.413132050434872,-0.6050542129573984,5
10461,6.096199634900841,5.413132050434872,-0.6830675844659684,3
10462,6.03945601816522,5.413132050434872,-0.6263239677303476,2
10463,6.083617720696534,5.413132050434872,-0.6704856702616615,9
10464,6.077625469482407,5.413132050434872,-0.6644934190475347,8
10465,6.3703131942253615,5.413132050434872,-0.9571811437904891,1
10466,6.0776087492763144,5.413132050434872,-0.6644766988414421,4
10467,6.957729796227856,7.292256071356476,0.33452627512862065,9
10468,6.885071024161608,7.292256071356476,0.4071850471948686,4
10469,6.887226463257252,7.292256071356476,0.40502960809922417,6
10470,6.885001138468402,7.292256071356476,0.40725493288807435,2
10471,6.779381447309784,7.292256071356476,0.5128746240466926,7
10472,6.881548737768558,7.292256071356476,0.41070733358791855,8
10473,7.040892786917176,7.292256071356476,0.2513632844393001,1
10474,6.970671103675597,7.292256071356476,0.3215849676808791,10
10475,6.833521230080773,7.292256071356476,0.4587348412757031,5
10476,6.574789595290691,6.698970004336019,0.12418040904532734,4
10477,6.589436213483997,6.698970004336019,0.10953379085202197,7
10478,6.60213452343463,6.698970004336019,0.0968354809013885,10
10479,6.489233821221692,6.698970004336019,0.20973618311432674,5
10480,6.581928975272838,6.698970004336019,0.1170410290631807,1
10481,6.653741870247432,6.698970004336019,0.04522813408858717,6
10482,6.55185372292924,6.698970004336019,0.14711628140677835,9
10483,6.482450735992096,6.698970004336019,0.216519268343923,8
10484,6.557926002760663,6.698970004336019,0.1410440015753558,3
10485,6.776109299579162,7.519827993775719,0.7437186941965566,10
10486,6.901702902834891,7.519827993775719,0.6181250909408282,3
10487,6.774279458862237,7.519827993775719,0.7455485349134818,9
10488,6.741420879702388,7.519827993775719,0.7784071140733309,2
10489,6.796438664873385,7.519827993775719,0.7233893289023339,1
10490,6.759387324161195,7.519827993775719,0.7604406696145238,4
10491,6.799957150493084,7.519827993775719,0.7198708432826351,6
10492,6.71891301706831,7.519827993775719,0.8009149767074089,7
10493,6.718269271270552,7.519827993775719,0.8015587225051668,8
10494,7.1276332637146265,7.188037055006895,0.06040379129226814,5
10495,6.941949762426736,7.188037055006895,0.2460872925801585,6
10496,7.102324895197939,7.188037055006895,0.08571215980895541,9
10497,7.139045984637242,7.188037055006895,0.048991070369652334,7
10498,7.0296476494314595,7.188037055006895,0.15838940557543513,4
10499,7.161151220221179,7.188037055006895,0.026885834785715268,3
10500,7.093294670681556,7.188037055006895,0.09474238432533877,2
10501,7.208053224270235,7.188037055006895,-0.020016169263340267,10
10502,7.187016283866676,7.188037055006895,0.0010207711402188124,1
10503,7.351522835525471,8.071882007306126,0.7203591717806548,8
10504,7.444032059076236,8.071882007306126,0.6278499482298896,4
10505,6.997857277585964,8.071882007306126,1.0740247297201622,7
10506,7.42086732956002,8.071882007306126,0.6510146777461063,9
10507,7.524859675667763,8.071882007306126,0.5470223316383631,3
10508,7.437524418170223,8.071882007306126,0.6343575891359032,6
10509,7.452854781288243,8.071882007306126,0.6190272260178826,1
10510,7.462217369170762,8.071882007306126,0.6096646381353636,10
10511,7.494326845281765,8.071882007306126,0.5775551620243613,5
10512,5.936003401920594,5.982271233039568,0.04626783111897392,1
10513,5.990804045043932,5.982271233039568,-0.008532812004363954,7
10514,5.787627421648057,5.982271233039568,0.19464381139151055,8
10515,5.935237972380158,5.982271233039568,0.04703326065941038,6
10516,5.957864160628433,5.982271233039568,0.024407072411134934,10
10517,5.915371129359716,5.982271233039568,0.06690010367985177,2
10518,6.092912258552528,5.982271233039568,-0.11064102551295996,9
10519,5.912671771224557,5.982271233039568,0.06959946181501131,5
10520,5.736511178211572,5.982271233039568,0.24576005482799612,4
10521,6.716277381483678,6.973127853599698,0.2568504721160201,7
10522,6.715653064532125,6.973127853599698,0.25747478906757326,9
10523,6.367850891998951,6.973127853599698,0.6052769616007474,6
10524,7.020194415396734,6.973127853599698,-0.04706656179703561,5
10525,6.739762098608808,6.973127853599698,0.2333657549908903,10
10526,6.748546855175262,6.973127853599698,0.22458099842443602,4
10527,6.6856398335792075,6.973127853599698,0.2874880200204908,8
10528,6.726738929763286,6.973127853599698,0.2463889238364123,1
10529,6.812985335783579,6.973127853599698,0.16014251781611932,3
10530,6.310616279050817,6.077731179652392,-0.23288509939842506,3
10531,6.281608330674612,6.077731179652392,-0.20387715102222081,1
10532,6.3095923085468755,6.077731179652392,-0.23186112889448385,4
10533,6.2806721866759,6.077731179652392,-0.20294100702350804,6
10534,6.310452306348148,6.077731179652392,-0.23272112669575673,8
10535,6.376410787228635,6.077731179652392,-0.29867960757624346,2
10536,6.213151584083727,6.077731179652392,-0.1354204044313354,9
10537,6.278785340652827,6.077731179652392,-0.20105416100043527,7
10538,6.302773487829047,6.077731179652392,-0.22504230817665505,10
10539,6.424992038887519,6.3979400086720375,-0.027052030215481082,8
10540,6.554301031304338,6.3979400086720375,-0.1563610226323009,3
10541,6.444058599322171,6.3979400086720375,-0.04611859065013313,7
10542,6.227624651344423,6.3979400086720375,0.17031535732761416,5
10543,6.465408152690673,6.3979400086720375,-0.0674681440186351,10
10544,6.431056210843326,6.3979400086720375,-0.0331162021712883,2
10545,6.407538102167601,6.3979400086720375,-0.009598093495563731,4
10546,6.438289416122748,6.3979400086720375,-0.04034940745071047,1
10547,6.442016865424357,6.3979400086720375,-0.044076856752319316,6
10548,7.025327480616885,7.294466226161593,0.2691387455447085,9
10549,7.003483706570404,7.294466226161593,0.29098251959118926,10
10550,6.900216536907111,7.294466226161593,0.3942496892544822,3
10551,6.9758564744657905,7.294466226161593,0.31860975169580286,5
10552,6.954224660931869,7.294466226161593,0.34024156522972415,8
10553,6.966493681694684,7.294466226161593,0.3279725444669097,4
10554,7.067035788931817,7.294466226161593,0.22743043722977596,1
10555,6.930786855115351,7.294466226161593,0.36367937104624204,2
10556,6.903472042896879,7.294466226161593,0.3909941832647146,6
10557,6.894862599932737,7.333648756514701,0.43878615658196374,5
10558,6.92773780018773,7.333648756514701,0.40591095632697094,3
10559,6.96671732364779,7.333648756514701,0.36693143286691043,10
10560,6.894987645005577,7.333648756514701,0.43866111150912346,2
10561,6.864418467471005,7.333648756514701,0.4692302890436961,8
10562,6.937335747939202,7.333648756514701,0.39631300857549867,6
10563,6.897464136023067,7.333648756514701,0.436184620491634,9
10564,6.829477378539638,7.333648756514701,0.5041713779750632,7
10565,6.940193073459376,7.333648756514701,0.39345568305532463,1
10566,6.620645909279021,7.793755472155577,1.1731095628765562,6
10567,6.6190185389064835,7.793755472155577,1.1747369332490933,10
10568,6.703336740210424,7.793755472155577,1.090418731945153,3
10569,6.544389804553797,7.793755472155577,1.2493656676017801,4
10570,6.605914817913755,7.793755472155577,1.187840654241822,7
10571,6.620230766400665,7.793755472155577,1.1735247057549119,9
10572,6.590382284657398,7.793755472155577,1.2033731874981788,1
10573,6.506198013179744,7.793755472155577,1.287557458975833,8
10574,6.568774875479172,7.793755472155577,1.2249805966764047,5
10575,6.522596346517549,6.087071205906535,-0.43552514061101366,3
10576,6.458374337234536,6.087071205906535,-0.3713031313280011,7
10577,6.474776567996894,6.087071205906535,-0.387705362090359,5
10578,6.405453388714088,6.087071205906535,-0.3183821828075528,9
10579,6.433484478499115,6.087071205906535,-0.3464132725925797,2
10580,6.455029125186136,6.087071205906535,-0.36795791927960053,6
10581,6.484734672968266,6.087071205906535,-0.3976634670617303,10
10582,6.4205988791208055,6.087071205906535,-0.33352767321427024,8
10583,6.419990042033317,6.087071205906535,-0.3329188361267814,4
10584,6.544389804553797,6.0,-0.5443898045537967,4
10585,6.635828753506169,6.0,-0.6358287535061686,2
10586,6.605914817913755,6.0,-0.6059148179137548,7
10587,6.620645909279021,6.0,-0.6206459092790206,6
10588,6.620230766400665,6.0,-0.620230766400665,9
10589,6.568774875479172,6.0,-0.5687748754791722,5
10590,6.506198013179744,6.0,-0.5061980131797439,8
10591,6.590382284657398,6.0,-0.5903822846573981,1
10592,6.6190185389064835,6.0,-0.6190185389064835,10
10593,6.644336862924314,6.544068044350276,-0.10026881857403858,5
10594,6.480840155145651,6.544068044350276,0.06322788920462497,1
10595,6.584155317711603,6.544068044350276,-0.040087273361327114,9
10596,6.606002619048946,6.544068044350276,-0.06193457469866992,7
10597,6.56368551841226,6.544068044350276,-0.019617474061984552,10
10598,6.541980149182063,6.544068044350276,0.002087895168212839,2
10599,6.614062449857333,6.544068044350276,-0.0699944055070576,4
10600,6.666864452097838,6.544068044350276,-0.12279640774756206,3
10601,6.479420610896106,6.544068044350276,0.06464743345416935,8
10602,7.247934996039493,7.845098040014257,0.5971630439747635,5
10603,7.174429308233078,7.845098040014257,0.6706687317811788,7
10604,7.151316608841206,7.845098040014257,0.6937814311730506,2
10605,6.967430330767539,7.845098040014257,0.877667709246718,8
10606,7.054349739679652,7.845098040014257,0.790748300334605,4
10607,7.131575905142703,7.845098040014257,0.7135221348715541,9
10608,7.212048101296395,7.845098040014257,0.6330499387178623,1
10609,7.259252456024409,7.845098040014257,0.5858455839898475,3
10610,7.262756435321662,7.845098040014257,0.5823416046925951,10
10611,6.18825762999949,7.301029995663981,1.1127723656644912,9
10612,6.252624380515484,7.301029995663981,1.0484056151484973,7
10613,6.545446775240739,7.301029995663981,0.755583220423242,3
10614,6.254110683060613,7.301029995663981,1.046919312603368,5
10615,6.200236540554058,7.301029995663981,1.1007934551099234,2
10616,6.16979714475224,7.301029995663981,1.1312328509117409,8
10617,6.185645930170972,7.301029995663981,1.115384065493009,6
10618,6.2853656306989,7.301029995663981,1.0156643649650814,4
10619,6.187594043765569,7.301029995663981,1.1134359518984125,10
10620,6.29642334561689,6.975431808509263,0.6790084628923729,9
10621,6.291652688677043,6.975431808509263,0.6837791198322192,2
10622,6.173844935501174,6.975431808509263,0.8015868730080884,6
10623,6.039131784756646,6.975431808509263,0.9363000237526169,8
10624,6.167907912552056,6.975431808509263,0.8075238959572069,7
10625,6.4037954343923795,6.975431808509263,0.5716363741168831,5
10626,6.229575314490315,6.975431808509263,0.7458564940189474,4
10627,6.344865527893586,6.975431808509263,0.6305662806156764,1
10628,6.397386988545974,6.975431808509263,0.5780448199632886,3
10629,6.4906668552135445,6.184691430817598,-0.30597542439594605,8
10630,6.564144490573003,6.184691430817598,-0.3794530597554049,10
10631,6.538235987173684,6.184691430817598,-0.35354455635608595,2
10632,6.574631889638694,6.184691430817598,-0.38994045882109596,6
10633,6.486072084136489,6.184691430817598,-0.3013806533188905,1
10634,6.639483412747892,6.184691430817598,-0.4547919819302937,5
10635,6.590812633720188,6.184691430817598,-0.4061212029025896,9
10636,6.5571075753928945,6.184691430817598,-0.37241614457529604,7
10637,6.704881888226501,6.184691430817598,-0.5201904574089022,3
10638,5.798056149618265,6.281033367247727,0.482977217629462,6
10639,5.765105454353415,6.281033367247727,0.5159279128943126,2
10640,5.770266560083201,6.281033367247727,0.5107668071645266,5
10641,5.802846929342297,6.281033367247727,0.47818643790543014,7
10642,5.749598092733591,6.281033367247727,0.531435274514136,8
10643,5.69608709666194,6.281033367247727,0.5849462705857871,1
10644,5.795909901167886,6.281033367247727,0.48512346607984114,10
10645,6.197445139179934,6.281033367247727,0.08358822806779287,9
10646,5.816556184498604,6.281033367247727,0.464477182749123,3
10647,5.69087248022212,5.012837224705172,-0.6780352555169475,1
10648,5.746699758923111,5.012837224705172,-0.7338625342179386,2
10649,5.714785911837246,5.012837224705172,-0.7019486871320737,4
10650,5.816846056619759,5.012837224705172,-0.8040088319145866,6
10651,5.848563702002048,5.012837224705172,-0.835726477296876,5
10652,5.798076029881879,5.012837224705172,-0.7852388051767072,8
10653,5.8702368090527095,5.012837224705172,-0.8573995843475375,3
10654,5.787263128228116,5.012837224705172,-0.7744259035229444,10
10655,5.833636437060632,5.012837224705172,-0.8207992123554604,7
10656,7.166404708903412,7.735997884091794,0.5695931751883814,8
10657,7.2056558727489675,7.735997884091794,0.5303420113428263,1
10658,7.33323048745595,7.735997884091794,0.40276739663584404,3
10659,6.89124460693232,7.735997884091794,0.8447532771594739,4
10660,7.236725107435469,7.735997884091794,0.4992727766563245,6
10661,7.15232433859852,7.735997884091794,0.5836735454932738,7
10662,7.228338071949018,7.735997884091794,0.5076598121427756,5
10663,7.295750864937916,7.735997884091794,0.44024701915387787,9
10664,7.244640915102061,7.735997884091794,0.4913569689897326,2
10665,6.185066212828236,5.301029995663981,-0.8840362171642546,10
10666,6.302079118899803,5.301029995663981,-1.0010491232358216,6
10667,6.241073050535371,5.301029995663981,-0.9400430548713894,8
10668,6.283508869065119,5.301029995663981,-0.9824788734011376,7
10669,6.2553772057309445,5.301029995663981,-0.9543472100669632,5
10670,6.197222500618401,5.301029995663981,-0.8961925049544197,2
10671,6.200109061141543,5.301029995663981,-0.8990790654775616,1
10672,6.379350560632015,5.301029995663981,-1.0783205649680339,9
10673,6.245393428123492,5.301029995663981,-0.9443634324595109,4
10674,6.162601992830778,6.618633737597086,0.4560317447663076,10
10675,6.129999917797061,6.618633737597086,0.4886338198000244,7
10676,6.366289425815944,6.618633737597086,0.25234431178114125,2
10677,6.160832590493965,6.618633737597086,0.4578011471031207,5
10678,6.171694198109553,6.618633737597086,0.4469395394875324,1
10679,6.157647899056112,6.618633737597086,0.4609858385409735,6
10680,6.133556856915519,6.618633737597086,0.4850768806815662,8
10681,6.096039267580046,6.618633737597086,0.5225944700170393,3
10682,6.131736997194004,6.618633737597086,0.48689674040308173,4
10683,6.661785666129651,7.665017825412472,1.0032321592828213,2
10684,6.7095150784956665,7.665017825412472,0.9555027469168058,6
10685,6.668655294232314,7.665017825412472,0.996362531180158,10
10686,6.809041668248167,7.665017825412472,0.8559761571643056,3
10687,6.730733594804689,7.665017825412472,0.9342842306077834,5
10688,6.75778079922247,7.665017825412472,0.9072370261900025,4
10689,6.553371746156392,7.665017825412472,1.1116460792560803,8
10690,6.67697338893594,7.665017825412472,0.9880444364765326,7
10691,6.725256694756765,7.665017825412472,0.9397611306557074,9
10692,6.439760316476579,6.361727836017593,-0.07803248045898581,8
10693,6.744404380935181,6.361727836017593,-0.3826765449175875,3
10694,6.535594356965287,6.361727836017593,-0.17386652094769417,7
10695,6.658705830570353,6.361727836017593,-0.2969779945527602,5
10696,6.629698172672396,6.361727836017593,-0.26797033665480274,9
10697,6.605546435350265,6.361727836017593,-0.24381859933267158,2
10698,6.603762257286918,6.361727836017593,-0.24203442126932462,4
10699,6.662429949471317,6.361727836017593,-0.300702113453724,10
10700,6.593257686790414,6.361727836017593,-0.23152985077282118,1
10701,6.813941585181247,6.886490725172482,0.07254913999123502,3
10702,6.60491006348758,6.886490725172482,0.28158066168490237,2
10703,6.675608496942529,6.886490725172482,0.21088222822995295,6
10704,6.460658309861397,6.886490725172482,0.42583241531108484,8
10705,6.713976129194801,6.886490725172482,0.17251459597768104,10
10706,6.646405480398042,6.886490725172482,0.24008524477444038,9
10707,6.6736427776333525,6.886490725172482,0.21284794753912983,5
10708,6.66709945039545,6.886490725172482,0.21939127477703213,1
10709,6.648881751906298,6.886490725172482,0.2376089732661839,4
10710,6.393120413652161,7.477121254719663,1.0840008410675015,5
10711,6.434989927491717,7.477121254719663,1.0421313272279455,7
10712,6.337501014770867,7.477121254719663,1.1396202399487958,1
10713,6.377119203223357,7.477121254719663,1.1000020514963058,9
10714,6.340412686793911,7.477121254719663,1.1367085679257514,2
10715,6.3461353255963004,7.477121254719663,1.1309859291233622,10
10716,6.433986469179993,7.477121254719663,1.04313478553967,6
10717,6.434676372044266,7.477121254719663,1.0424448826753965,3
10718,6.46112744836376,7.477121254719663,1.0159938063559029,4
10719,5.911585110923957,6.079181246047625,0.16759613512366833,4
10720,5.949425765044075,6.079181246047625,0.12975548100355017,8
10721,5.940905829663868,6.079181246047625,0.13827541638375695,10
10722,5.939347919319635,6.079181246047625,0.13983332672798987,7
10723,6.158229829730487,6.079181246047625,-0.07904858368286227,3
10724,5.951260744966256,6.079181246047625,0.12792050108136888,1
10725,5.980538936517028,6.079181246047625,0.0986423095305975,9
10726,5.965507262700195,6.079181246047625,0.11367398334743051,6
10727,6.019741940400707,6.079181246047625,0.059439305646917795,2
10728,6.698144631146777,6.744918542441353,0.04677391129457664,1
10729,6.7449465933632355,6.744918542441353,-2.805092188218339e-05,3
10730,6.7305944796219945,6.744918542441353,0.01432406281935883,4
10731,6.682767625408042,6.744918542441353,0.06215091703331144,6
10732,6.718002807130598,6.744918542441353,0.026915735310755196,2
10733,6.601870265818397,6.744918542441353,0.14304827662295594,8
10734,6.742420558477027,6.744918542441353,0.0024979839643259893,5
10735,6.681878500712455,6.744918542441353,0.06304004172889854,9
10736,6.722988773167239,6.744918542441353,0.02192976927411472,10
10737,6.6190185389064835,5.2455126678141495,-1.373505871092334,10
10738,6.605914817913755,5.2455126678141495,-1.3604021500996053,7
10739,6.703336740210424,5.2455126678141495,-1.4578240723962743,3
10740,6.506198013179744,5.2455126678141495,-1.2606853453655944,8
10741,6.568774875479172,5.2455126678141495,-1.3232622076650227,5
10742,6.544389804553797,5.2455126678141495,-1.2988771367396472,4
10743,6.620230766400665,5.2455126678141495,-1.3747180985865155,9
10744,6.590382284657398,5.2455126678141495,-1.3448696168432486,1
10745,6.620645909279021,5.2455126678141495,-1.3751332414648711,6
10746,6.578374887432297,6.698970004336019,0.12059511690372204,4
10747,6.641219293438151,6.698970004336019,0.057750710897868096,6
10748,6.628519103159298,6.698970004336019,0.07045090117672093,3
10749,6.564818319502575,6.698970004336019,0.13415168483344342,8
10750,6.67008399810736,6.698970004336019,0.028886006228658445,1
10751,6.514088792167064,6.698970004336019,0.18488121216895514,5
10752,6.623384240423255,6.698970004336019,0.0755857639127635,2
10753,6.634766521565291,6.698970004336019,0.0642034827707274,10
10754,6.644050924476538,6.698970004336019,0.054919079859480746,7
10755,6.851691747846675,7.174234304941022,0.322542557094347,4
10756,6.902430595127088,7.174234304941022,0.2718037098139341,9
10757,6.941219379157533,7.174234304941022,0.2330149257834888,10
10758,6.980072291615652,7.174234304941022,0.19416201332536964,3
10759,6.903459911394472,7.174234304941022,0.2707743935465503,1
10760,6.938621056076196,7.174234304941022,0.23561324886482637,2
10761,6.8816246024414625,7.174234304941022,0.29260970249955953,6
10762,6.971809631848362,7.174234304941022,0.20242467309265955,5
10763,6.884800349634032,7.174234304941022,0.2894339553069898,7
10764,6.28945237001951,6.047140468477217,-0.2423119015422932,10
10765,6.266319474476519,6.047140468477217,-0.21917900599930196,1
10766,6.2847480699185665,6.047140468477217,-0.23760760144134974,6
10767,6.305918167209984,6.047140468477217,-0.258777698732767,4
10768,6.340922113663156,6.047140468477217,-0.2937816451859394,3
10769,6.232882123014105,6.047140468477217,-0.18574165453688796,2
10770,6.273922463997486,6.047140468477217,-0.22678199552026967,9
10771,6.1620582280425165,6.047140468477217,-0.1149177595652997,8
10772,6.226990138671851,6.047140468477217,-0.17984967019463394,7
10773,5.850603374521406,5.628388930050312,-0.22221444447109473,3
10774,5.901896293052167,5.628388930050312,-0.27350736300185563,9
10775,5.896485053073258,5.628388930050312,-0.2680961230229464,10
10776,5.881306536289828,5.628388930050312,-0.2529176062395164,6
10777,5.835078875301001,5.628388930050312,-0.20668994525068918,5
10778,5.878808838518583,5.628388930050312,-0.2504199084682712,1
10779,5.831079256714482,5.628388930050312,-0.20269032666416997,2
10780,5.842329171343625,5.628388930050312,-0.21394024129331335,7
10781,5.860559858568673,5.628388930050312,-0.23217092851836174,8
10782,6.591888372416409,7.204119982655925,0.6122316102395162,8
10783,6.258711577044742,7.204119982655925,0.9454084056111833,4
10784,6.629297071195801,7.204119982655925,0.5748229114601244,5
10785,6.539559325426024,7.204119982655925,0.6645606572299014,2
10786,6.9807332017701915,7.204119982655925,0.2233867808857335,9
10787,6.560195448966839,7.204119982655925,0.643924533689086,7
10788,6.547108943784325,7.204119982655925,0.6570110388716,6
10789,6.665322985539546,7.204119982655925,0.5387969971163793,10
10790,6.666986908250242,7.204119982655925,0.5371330744056833,3
10791,6.869307835123379,6.900312496983727,0.031004661860347227,5
10792,6.8527149706867325,6.900312496983727,0.0475975262969941,2
10793,6.884054890160965,6.900312496983727,0.01625760682276134,9
10794,6.78949659252088,6.900312496983727,0.1108159044628465,10
10795,6.802413487565125,6.900312496983727,0.09789900941860186,7
10796,6.78941577847464,6.900312496983727,0.11089671850908633,1
10797,6.776508446084954,6.900312496983727,0.123804050898773,4
10798,6.869575875547472,6.900312496983727,0.030736621436254552,3
10799,6.7815979933685835,6.900312496983727,0.11871450361514313,6
10800,5.797111194015027,6.0,0.20288880598497272,3
10801,5.65089881205033,6.0,0.34910118794967016,5
10802,5.654042340114246,6.0,0.34595765988575433,7
10803,5.654705320914119,6.0,0.34529467908588085,1
10804,5.86470450915263,6.0,0.13529549084737003,4
10805,5.669463981013039,6.0,0.33053601898696083,6
10806,5.678210228362558,6.0,0.3217897716374418,10
10807,5.694374773136015,6.0,0.3056252268639854,8
10808,5.631238273075666,6.0,0.3687617269243342,9
10809,5.126844273552178,4.041392685158225,-1.085451588393953,8
10810,5.126926887188864,4.041392685158225,-1.0855342020306384,7
10811,5.072010464832733,4.041392685158225,-1.0306177796745075,1
10812,5.222437509014087,4.041392685158225,-1.1810448238558617,4
10813,5.147472797979674,4.041392685158225,-1.1060801128214486,6
10814,5.013807655468582,4.041392685158225,-0.9724149703103571,9
10815,5.095073025184982,4.041392685158225,-1.053680340026757,5
10816,5.287788557824916,4.041392685158225,-1.2463958726666906,10
10817,5.090100216171936,4.041392685158225,-1.0487075310137106,2
10818,6.053367656486789,5.352240420182231,-0.7011272363045578,9
10819,6.131736997194004,5.352240420182231,-0.7794965770117726,4
10820,6.160832590493965,5.352240420182231,-0.8085921703117336,5
10821,6.162601992830778,5.352240420182231,-0.8103615726485467,10
10822,6.171694198109553,5.352240420182231,-0.8194537779273219,1
10823,6.157647899056112,5.352240420182231,-0.8054074788738808,6
10824,6.129999917797061,5.352240420182231,-0.7777594976148299,7
10825,6.096039267580046,5.352240420182231,-0.743798847397815,3
10826,6.133556856915519,5.352240420182231,-0.7813164367332881,8
10827,6.16979714475224,6.0,-0.1697971447522404,8
10828,6.187594043765569,6.0,-0.18759404376556876,10
10829,6.200236540554058,6.0,-0.20023654055405782,2
10830,6.545446775240739,6.0,-0.5454467752407393,3
10831,6.254110683060613,6.0,-0.25411068306061324,5
10832,5.938239375523922,6.0,0.06176062447607844,1
10833,6.252624380515484,6.0,-0.25262438051548397,7
10834,6.18825762999949,6.0,-0.18825762999949003,9
10835,6.185645930170972,6.0,-0.1856459301709723,6
10836,6.2847480699185665,6.3807537708039,0.09600570088533367,6
10837,6.353690872965892,6.3807537708039,0.027062897838008304,5
10838,6.226990138671851,6.3807537708039,0.15376363213204947,7
10839,6.266319474476519,6.3807537708039,0.11443429632738145,1
10840,6.305918167209984,6.3807537708039,0.07483560359391639,4
10841,6.340922113663156,6.3807537708039,0.03983165714074399,3
10842,6.28945237001951,6.3807537708039,0.0913014007843902,10
10843,6.1620582280425165,6.3807537708039,0.2186955427613837,8
10844,6.273922463997486,6.3807537708039,0.10683130680641373,9
10845,5.947018230705912,6.07700432679335,0.12998609608743816,6
10846,5.970323299759559,6.07700432679335,0.10668102703379123,9
10847,5.966720282908885,6.07700432679335,0.110284043884465,8
10848,5.957062000012431,6.07700432679335,0.11994232678091965,2
10849,5.956666956951697,6.07700432679335,0.12033736984165344,7
10850,5.943122892883907,6.07700432679335,0.13388143390944318,1
10851,5.991440099950886,6.07700432679335,0.08556422684246456,4
10852,5.951673820009456,6.07700432679335,0.1253305067838939,10
10853,5.960638667889532,6.07700432679335,0.11636565890381867,5
10854,5.978946316290011,6.252124552505644,0.2731782362156334,9
10855,5.969097913274046,6.252124552505644,0.2830266392315979,2
10856,5.985943226599991,6.252124552505644,0.26618132590565313,7
10857,5.956464258847241,6.252124552505644,0.2956602936584032,10
10858,5.998036412264651,6.252124552505644,0.25408814024099335,8
10859,6.039642338004597,6.252124552505644,0.21248221450104676,3
10860,6.010843363310559,6.252124552505644,0.24128118919508523,4
10861,5.980305751314078,6.252124552505644,0.2718188011915661,6
10862,5.986923097273941,6.252124552505644,0.26520145523170324,5
10863,6.024441234382646,6.006037954997317,-0.018403279385329263,7
10864,6.023957105488055,6.006037954997317,-0.01791915049073811,10
10865,6.040467163219224,6.006037954997317,-0.03442920822190754,3
10866,6.025463740946297,6.006037954997317,-0.01942578594898059,4
10867,5.994531805410812,6.006037954997317,0.011506149586504755,1
10868,5.995487960481061,6.006037954997317,0.010549994516256156,2
10869,6.004363280335954,6.006037954997317,0.0016746746613627295,6
10870,6.036468408736445,6.006037954997317,-0.030430453739128005,5
10871,6.021767662567758,6.006037954997317,-0.015729707570440787,8
10872,5.9872876367782295,5.913018683747961,-0.07426895303026892,1
10873,5.984210853614598,5.913018683747961,-0.07119216986663712,10
10874,6.023501700257393,5.913018683747961,-0.11048301650943237,4
10875,5.994207145468164,5.913018683747961,-0.08118846172020344,2
10876,6.042445118669141,5.913018683747961,-0.12942643492118044,3
10877,6.017094387349797,5.913018683747961,-0.10407570360183627,7
10878,6.045637037134392,5.913018683747961,-0.13261835338643113,9
10879,6.022717155916666,5.913018683747961,-0.10969847216870576,8
10880,6.029942951518185,5.913018683747961,-0.11692426777022469,6
10881,6.004004346013879,5.742725131304698,-0.26127921470918114,4
10882,5.97502108155938,5.742725131304698,-0.23229595025468175,9
10883,6.001606839388208,5.742725131304698,-0.25888170808350974,3
10884,5.961773971505071,5.742725131304698,-0.21904884020037318,1
10885,5.96491804714302,5.742725131304698,-0.22219291583832224,7
10886,5.9702692901609815,5.742725131304698,-0.22754415885628365,2
10887,5.961548868573135,5.742725131304698,-0.21882373726843696,5
10888,5.943075536587031,5.742725131304698,-0.20035040528233328,10
10889,5.977259258261563,5.742725131304698,-0.23453412695686549,8
10890,5.899649544260363,4.845098040014257,-1.0545515042461062,5
10891,5.855871349738309,4.845098040014257,-1.010773309724052,6
10892,5.927250447502036,4.845098040014257,-1.0821524074877793,4
10893,5.868341341438811,4.845098040014257,-1.0232433014245537,10
10894,5.891910609913664,4.845098040014257,-1.0468125698994069,2
10895,5.888872509541118,4.845098040014257,-1.043774469526861,1
10896,5.861087431740494,4.845098040014257,-1.0159893917262375,8
10897,5.910652612431516,4.845098040014257,-1.065554572417259,9
10898,5.861292243512506,4.845098040014257,-1.016194203498249,3
10899,6.015001996460587,5.857030798272624,-0.1579711981879628,10
10900,6.051379665104519,5.857030798272624,-0.1943488668318949,2
10901,6.055237045021792,5.857030798272624,-0.19820624674916765,9
10902,6.04793918277582,5.857030798272624,-0.1909083845031958,5
10903,6.022947741876173,5.857030798272624,-0.16591694360354925,8
10904,6.048600639089532,5.857030798272624,-0.19156984081690798,4
10905,6.006216558018553,5.857030798272624,-0.1491857597459294,1
10906,6.061962605375942,5.857030798272624,-0.2049318071033177,3
10907,6.0388944819891375,5.857030798272624,-0.1818636837165135,6
10908,5.95757296677125,6.078094150406411,0.1205211836351614,1
10909,5.944415374716877,6.078094150406411,0.13367877568953368,9
10910,5.973374744689822,6.078094150406411,0.10471940571658855,8
10911,5.984380951609202,6.078094150406411,0.09371319879720907,4
10912,5.938955432575659,6.078094150406411,0.13913871783075216,10
10913,5.959029876796004,6.078094150406411,0.11906427361040706,5
10914,5.93844173414028,6.078094150406411,0.13965241626613079,2
10915,5.9510719515092845,6.078094150406411,0.12702219889712651,6
10916,5.961821205028894,6.078094150406411,0.11627294537751709,7
10917,6.265581519344239,6.382233234970556,0.11665171562631738,6
10918,6.213579257678941,6.382233234970556,0.16865397729161558,5
10919,6.3628124328949625,6.382233234970556,0.019420802075593713,2
10920,6.335774654991578,6.382233234970556,0.046458579978978065,3
10921,6.357232025764673,6.382233234970556,0.025001209205883335,1
10922,6.2362761995611455,6.382233234970556,0.14595703540941063,10
10923,6.388197390651717,6.382233234970556,-0.005964155681160932,4
10924,6.228617688446126,6.382233234970556,0.15361554652443044,9
10925,6.249497515360409,6.382233234970556,0.13273571961014685,7
10926,6.047637768551799,6.093421685162235,0.04578391661043568,2
10927,6.03188963663449,6.093421685162235,0.061532048527745076,10
10928,6.0627313635065585,6.093421685162235,0.0306903216556762,5
10929,6.030055956582783,6.093421685162235,0.063365728579452,8
10930,6.021677297862022,6.093421685162235,0.07174438730021304,1
10931,6.080043232624884,6.093421685162235,0.013378452537351038,9
10932,6.032591748796119,6.093421685162235,0.060829936366115334,4
10933,6.039069204486567,6.093421685162235,0.05435248067566789,7
10934,6.049836313427756,6.093421685162235,0.04358537173447896,3
10935,6.024914777057131,5.78625439578978,-0.23866038126735134,6
10936,6.025039563645157,5.78625439578978,-0.23878516785537673,9
10937,6.027828705970244,5.78625439578978,-0.2415743101804635,4
10938,6.00093209670644,5.78625439578978,-0.21467770091665983,7
10939,5.986967277945217,5.78625439578978,-0.20071288215543692,8
10940,5.99036362239436,5.78625439578978,-0.2041092266045803,1
10941,6.004747574373841,5.78625439578978,-0.21849317858406092,2
10942,6.015357455683297,5.78625439578978,-0.2291030598935171,5
10943,6.014948739736747,5.78625439578978,-0.22869434394696686,3
10944,5.923247557325635,5.963787827345556,0.04054027001992022,2
10945,5.902646722192543,5.963787827345556,0.06114110515301263,7
10946,5.934595826479629,5.963787827345556,0.029192000865926993,3
10947,5.924573385644904,5.963787827345556,0.03921444170065147,10
10948,5.941836705032155,5.963787827345556,0.021951122313400795,4
10949,5.924599207870594,5.963787827345556,0.03918861947496133,5
10950,5.943574508488179,5.963787827345556,0.020213318857376983,9
10951,5.954186501865827,5.963787827345556,0.009601325479728473,8
10952,5.945921460922749,5.963787827345556,0.01786636642280648,1
10953,6.033799677666706,6.093421685162235,0.059622007495528706,3
10954,6.019146582583065,6.093421685162235,0.07427510257917014,5
10955,6.037318747762619,6.093421685162235,0.056102937399615804,9
10956,6.031101602988914,6.093421685162235,0.0623200821733203,4
10957,5.971264260843904,6.093421685162235,0.12215742431833032,2
10958,6.034967036127232,6.093421685162235,0.05845464903500286,7
10959,6.0340994707716336,6.093421685162235,0.05932221439060115,8
10960,6.001796143508846,6.093421685162235,0.09162554165338843,10
10961,5.973291014705945,6.093421685162235,0.12013067045629011,1
10962,5.7715002279433225,4.88309335857569,-0.8884068693676328,8
10963,5.6902915375424925,4.88309335857569,-0.8071981789668028,4
10964,5.733298638686474,4.88309335857569,-0.8502052801107842,7
10965,5.733988269220004,4.88309335857569,-0.850894910644314,3
10966,5.739214435019435,4.88309335857569,-0.8561210764437455,5
10967,5.768897463427169,4.88309335857569,-0.8858041048514789,10
10968,5.698408118377009,4.88309335857569,-0.8153147598013195,2
10969,5.728154229179942,4.88309335857569,-0.845060870604252,6
10970,5.775827531822412,4.88309335857569,-0.8927341732467227,1
10971,5.998864848434673,5.123851640967086,-0.8750132074675872,1
10972,6.0010691603284325,5.123851640967086,-0.8772175193613467,5
10973,5.961193868385914,5.123851640967086,-0.8373422274188282,10
10974,5.97377726159549,5.123851640967086,-0.8499256206284045,6
10975,5.996842186379538,5.123851640967086,-0.8729905454124518,7
10976,6.0242727090161825,5.123851640967086,-0.9004210680490967,4
10977,6.0074131228025305,5.123851640967086,-0.8835614818354447,9
10978,5.98202847295637,5.123851640967086,-0.858176831989284,8
10979,6.040454673822725,5.123851640967086,-0.9166030328556394,2
10980,5.939950509555612,6.176091259055681,0.2361407495000689,7
10981,5.975838519448189,6.176091259055681,0.20025273960749246,5
10982,5.954531608258779,6.176091259055681,0.22155965079690265,2
10983,6.004223467780186,6.176091259055681,0.17186779127549556,4
10984,5.962043581474502,6.176091259055681,0.21404767758117949,1
10985,5.927845511115794,6.176091259055681,0.24824574793988763,10
10986,5.960815329707983,6.176091259055681,0.21527592934769846,6
10987,5.992061641964543,6.176091259055681,0.18402961709113796,9
10988,5.9784669860337045,6.176091259055681,0.19762427302197683,8
10989,4.265460598124985,3.3010299956639813,-0.9644306024610039,7
10990,4.370816022157956,3.3010299956639813,-1.0697860264939747,10
10991,4.172427753312007,3.3010299956639813,-0.8713977576480261,9
10992,4.214149980870028,3.3010299956639813,-0.9131199852060465,3
10993,4.2845046571881475,3.3010299956639813,-0.9834746615241663,2
10994,4.460770086077557,3.3010299956639813,-1.1597400904135755,5
10995,4.2828052155994865,3.3010299956639813,-0.9817752199355052,4
10996,4.524944386900734,3.3010299956639813,-1.223914391236753,8
10997,4.189257435989016,3.3010299956639813,-0.8882274403250348,1
10998,6.0303674353797465,6.392978186542541,0.3626107511627943,3
10999,5.977792716691174,6.392978186542541,0.41518546985136684,6
11000,6.001249028580319,6.392978186542541,0.39172915796222174,9
11001,5.988512415010408,6.392978186542541,0.4044657715321325,1
11002,5.965636098743105,6.392978186542541,0.4273420877994356,10
11003,5.976003682909083,6.392978186542541,0.4169745036334582,7
11004,5.978959268373419,6.392978186542541,0.4140189181691216,2
11005,5.996631168150418,6.392978186542541,0.39634701839212294,8
11006,6.017216209837137,6.392978186542541,0.37576197670540346,4
11007,6.0742722494881685,6.463445031770428,0.3891727822822597,6
11008,6.063192155167096,6.463445031770428,0.4002528766033322,5
11009,6.08343656791955,6.463445031770428,0.38000846385087783,4
11010,6.084206407762995,6.463445031770428,0.37923862400743324,9
11011,6.104173441103729,6.463445031770428,0.3592715906666992,2
11012,6.053824124597187,6.463445031770428,0.40962090717324084,7
11013,6.067196600025693,6.463445031770428,0.396248431744735,8
11014,6.014671925346849,6.463445031770428,0.44877310642357937,10
11015,6.078561354108165,6.463445031770428,0.3848836776622635,3
11016,5.790603417193293,5.0,-0.7906034171932932,3
11017,5.762913511954371,5.0,-0.7629135119543706,6
11018,5.825232617884727,5.0,-0.8252326178847271,8
11019,5.843269045534664,5.0,-0.8432690455346643,1
11020,5.812508894689407,5.0,-0.8125088946894072,7
11021,5.7840966029117284,5.0,-0.7840966029117284,5
11022,5.788578712408062,5.0,-0.7885787124080617,2
11023,5.830389523170498,5.0,-0.8303895231704983,10
11024,5.790724329758295,5.0,-0.7907243297582953,4
11025,5.988861998886564,6.544068044350276,0.555206045463712,9
11026,5.963799566109739,6.544068044350276,0.5802684782405363,1
11027,5.949389434251841,6.544068044350276,0.5946786100984349,7
11028,5.9510089525998975,6.544068044350276,0.5930590917503782,5
11029,5.960380259630462,6.544068044350276,0.5836877847198139,8
11030,5.923570078911793,6.544068044350276,0.6204979654384823,10
11031,5.9666777397117725,6.544068044350276,0.5773903046385032,6
11032,5.998889554129598,6.544068044350276,0.5451784902206773,3
11033,5.953348556838292,6.544068044350276,0.5907194875119837,2
11034,6.07895568047166,6.75427186868346,0.6753161882118004,5
11035,6.149282749645896,6.75427186868346,0.6049891190375645,9
11036,6.088197896509834,6.75427186868346,0.6660739721736268,4
11037,6.090131304798786,6.75427186868346,0.6641405638846747,3
11038,6.091490858637996,6.75427186868346,0.6627810100454647,6
11039,6.034767508001282,6.75427186868346,0.719504360682178,10
11040,6.048157471148605,6.75427186868346,0.7061143975348552,1
11041,6.0544088912315575,6.75427186868346,0.699862977451903,7
11042,6.0681990060688555,6.75427186868346,0.6860728626146049,8
11043,5.985268004584872,6.152288344383057,0.1670203397981851,8
11044,6.021988012411708,6.152288344383057,0.13030033197134916,3
11045,5.975132258303509,6.152288344383057,0.17715608607954803,1
11046,5.974541844340105,6.152288344383057,0.1777465000429519,5
11047,5.975669940972238,6.152288344383057,0.1766184034108189,2
11048,5.98777576740325,6.152288344383057,0.16451257697980637,9
11049,5.936271566696822,6.152288344383057,0.21601677768623428,10
11050,5.970472792543468,6.152288344383057,0.18181555183958853,7
11051,6.0105131523004784,6.152288344383057,0.14177519208257827,4
11052,5.619621609559561,6.079181246047625,0.4595596364880645,6
11053,5.573000195503583,6.079181246047625,0.5061810505440425,5
11054,5.6061830778137915,6.079181246047625,0.47299816823383356,1
11055,5.676126584552925,6.079181246047625,0.40305466149469993,8
11056,5.642274528306676,6.079181246047625,0.4369067177409489,9
11057,5.587504735588523,6.079181246047625,0.49167651045910254,7
11058,5.4398917684411865,6.079181246047625,0.6392894776064386,2
11059,5.667257275528039,6.079181246047625,0.4119239705195863,4
11060,5.6130428948276325,6.079181246047625,0.4661383512199926,10
11061,5.961173522361125,6.544068044350276,0.582894521989151,8
11062,5.966159160006657,6.544068044350276,0.5779088843436186,6
11063,5.94637895412682,6.544068044350276,0.5976890902234553,7
11064,5.955142937595859,6.544068044350276,0.5889251067544166,5
11065,5.950617700821351,6.544068044350276,0.5934503435289242,9
11066,5.9878924773666755,6.544068044350276,0.5561755669836002,4
11067,6.014175252356638,6.544068044350276,0.529892791993638,3
11068,5.934956545399185,6.544068044350276,0.6091114989510906,10
11069,5.962205040706269,6.544068044350276,0.5818630036440062,1
11070,6.000366064656225,5.850033257689769,-0.150332806966456,2
11071,6.048366311151974,5.850033257689769,-0.1983330534622052,6
11072,5.99731832903408,5.850033257689769,-0.147285071344311,8
11073,6.025651653671863,5.850033257689769,-0.17561839598209428,5
11074,6.004403423754008,5.850033257689769,-0.15437016606423892,7
11075,6.050155761885967,5.850033257689769,-0.20012250419619804,9
11076,5.9443210608582016,5.850033257689769,-0.09428780316843266,10
11077,6.049115881425466,5.850033257689769,-0.19908262373569752,4
11078,6.023372865542798,5.850033257689769,-0.1733396078530287,3
11079,6.029212080662957,5.187520720836463,-0.8416913598264948,3
11080,6.025362882031914,5.187520720836463,-0.837842161195451,4
11081,5.998778289253298,5.187520720836463,-0.8112575684168357,7
11082,5.9941334789871235,5.187520720836463,-0.8066127581506608,5
11083,5.977614708020347,5.187520720836463,-0.7900939871838846,2
11084,5.9414425774766935,5.187520720836463,-0.7539218566402308,10
11085,5.976480068676077,5.187520720836463,-0.7889593478396142,6
11086,5.994766867533044,5.187520720836463,-0.8072461466965812,8
11087,5.993721621686763,5.187520720836463,-0.8062009008503006,9
11088,6.177459806715083,6.432327792261604,0.2548679855465208,8
11089,6.187124112127379,6.432327792261604,0.24520368013422456,4
11090,6.057893930962581,6.432327792261604,0.374433861299023,10
11091,6.110882779157151,6.432327792261604,0.3214450131044524,3
11092,6.186855605671061,6.432327792261604,0.24547218659054248,9
11093,6.168778392136797,6.432327792261604,0.26354940012480643,1
11094,6.175335045526407,6.432327792261604,0.2569927467351967,7
11095,6.170228208728658,6.432327792261604,0.2620995835329456,6
11096,6.122522505068637,6.432327792261604,0.30980528719296707,5
11097,6.1488110925250385,6.776701183988411,0.6278900914633727,4
11098,6.122418757305504,6.776701183988411,0.654282426682907,1
11099,6.135143564004418,6.776701183988411,0.6415576199839936,8
11100,6.1477721169449016,6.776701183988411,0.6289290670435097,6
11101,6.119473212301128,6.776701183988411,0.6572279716872833,5
11102,6.179699228254663,6.776701183988411,0.5970019557337487,7
11103,6.1283293928632885,6.776701183988411,0.6483717911251228,9
11104,6.109079457727577,6.776701183988411,0.6676217262608342,2
11105,6.0960663185515696,6.776701183988411,0.6806348654368417,10
11106,5.95037979115703,5.02938377768521,-0.9209960134718207,6
11107,5.982462697877289,5.02938377768521,-0.9530789201920795,9
11108,5.9372815485190555,5.02938377768521,-0.9078977708338458,10
11109,5.939806446277804,5.02938377768521,-0.9104226685925942,1
11110,5.955403633421634,5.02938377768521,-0.9260198557364241,2
11111,5.957051378838775,5.02938377768521,-0.9276676011535656,5
11112,5.971592387943017,5.02938377768521,-0.9422086102578069,8
11113,5.9450060983045026,5.02938377768521,-0.9156223206192928,7
11114,5.935486161020302,5.02938377768521,-0.9061023833350923,3
11115,5.965516771702016,6.360404054729939,0.39488728302792264,8
11116,5.9936339037711015,6.360404054729939,0.36677015095883725,9
11117,5.978307973358875,6.360404054729939,0.38209608137106343,5
11118,5.945949510400693,6.360404054729939,0.4144545443292458,7
11119,5.975384047983587,6.360404054729939,0.38502000674635184,4
11120,5.919293241067252,6.360404054729939,0.4411108136626867,1
11121,5.831863529643093,6.360404054729939,0.5285405250868456,3
11122,5.833901292651148,6.360404054729939,0.526502762078791,10
11123,5.919006313179363,6.360404054729939,0.4413977415505759,2
11124,5.9220228847170775,6.176091259055681,0.25406837433860385,3
11125,5.902252864289937,6.176091259055681,0.2738383947657441,10
11126,5.959758052562338,6.176091259055681,0.21633320649334298,8
11127,5.885483470088868,6.176091259055681,0.2906077889668133,7
11128,5.949784169788958,6.176091259055681,0.22630708926672316,9
11129,5.946686873341613,6.176091259055681,0.2294043857140684,4
11130,5.949274409187549,6.176091259055681,0.22681684986813266,1
11131,5.903171769332882,6.176091259055681,0.2729194897227991,2
11132,5.916467799023089,6.176091259055681,0.25962346003259196,5
11133,5.779213377787658,5.787318756624548,0.008105378836889443,6
11134,5.796321605961509,5.787318756624548,-0.009002849336961383,10
11135,5.778541115763302,5.787318756624548,0.008777640861246105,2
11136,5.808864910427774,5.787318756624548,-0.021546153803225998,8
11137,5.783859156819163,5.787318756624548,0.0034595998053852384,3
11138,5.761443254635915,5.787318756624548,0.025875501988632976,5
11139,5.829968076698893,5.787318756624548,-0.04264932007434474,1
11140,5.78601630255763,5.787318756624548,0.0013024540669182016,9
11141,5.771257273365146,5.787318756624548,0.016061483259401932,4
11142,5.5844529955481725,3.89209460269048,-1.6923583928576926,4
11143,5.5623908601102405,3.89209460269048,-1.6702962574197606,5
11144,5.548929343256219,3.89209460269048,-1.6568347405657393,7
11145,5.632511835815593,3.89209460269048,-1.7404172331251129,8
11146,5.458921254443712,3.89209460269048,-1.5668266517532317,3
11147,5.556792906974864,3.89209460269048,-1.664698304284384,9
11148,5.603031760096034,3.89209460269048,-1.7109371574055539,6
11149,5.589534314522596,3.89209460269048,-1.697439711832116,2
11150,5.705020577871122,3.89209460269048,-1.812925975180642,1
11151,4.257261531231203,4.096910013008056,-0.16035151822314653,1
11152,4.4629439107109565,4.096910013008056,-0.3660338977029003,8
11153,4.274735412419516,4.096910013008056,-0.1778253994114598,3
11154,4.349924906455447,4.096910013008056,-0.25301489344739103,5
11155,4.610226893328902,4.096910013008056,-0.5133168803208461,4
11156,4.537851322813163,4.096910013008056,-0.4409413098051065,7
11157,4.107954849714819,4.096910013008056,-0.011044836706762595,9
11158,4.275491082287308,4.096910013008056,-0.178581069279252,2
11159,4.28890015367151,4.096910013008056,-0.19199014066345388,10
11160,4.186356485640377,3.404833716619938,-0.7815227690204387,2
11161,4.181014340470734,3.404833716619938,-0.7761806238507956,1
11162,4.109688469637669,3.404833716619938,-0.7048547530177314,10
11163,4.194735179074397,3.404833716619938,-0.7899014624544587,6
11164,4.100897724820278,3.404833716619938,-0.6960640082003402,9
11165,4.367794555857509,3.404833716619938,-0.9629608392375713,8
11166,3.938519208347945,3.404833716619938,-0.5336854917280069,3
11167,4.2066567888939455,3.404833716619938,-0.8018230722740074,5
11168,4.180399085675694,3.404833716619938,-0.7755653690557556,7
11169,5.521795816446805,5.816506437046357,0.29471062059955155,5
11170,5.442831922921138,5.816506437046357,0.3736745141252191,1
11171,5.675451502011169,5.816506437046357,0.1410549350351875,7
11172,5.4861237106873455,5.816506437046357,0.33038272635901134,2
11173,5.455290119302515,5.816506437046357,0.36121631774384166,8
11174,5.524126599094585,5.816506437046357,0.29237983795177147,3
11175,5.552814392143955,5.816506437046357,0.2636920449024016,4
11176,5.713823679328437,5.816506437046357,0.10268275771792013,9
11177,5.405588379892224,5.816506437046357,0.41091805715413265,6
11178,5.503716314911502,4.968482948553935,-0.5352333663575672,10
11179,5.658100661640663,4.968482948553935,-0.6896177130867285,8
11180,5.60788876507757,4.968482948553935,-0.6394058165236354,3
11181,5.650994971771087,4.968482948553935,-0.6825120232171518,2
11182,5.642752849563291,4.968482948553935,-0.6742699010093558,5
11183,5.6417659615710045,4.968482948553935,-0.6732830130170697,4
11184,5.579659968564673,4.968482948553935,-0.6111770200107385,6
11185,5.774158598001799,4.968482948553935,-0.8056756494478643,9
11186,5.687730836120571,4.968482948553935,-0.7192478875666364,1
11187,4.126353617330432,3.833147111912785,-0.2932065054176469,1
11188,4.135533402373547,3.833147111912785,-0.3023862904607615,4
11189,4.216222441674212,3.833147111912785,-0.3830753297614269,3
11190,4.191401581010122,3.833147111912785,-0.3582544690973366,6
11191,4.121939550562797,3.833147111912785,-0.28879243865001225,10
11192,4.125917093150012,3.833147111912785,-0.2927699812372273,9
11193,4.105797947026704,3.833147111912785,-0.27265083511391897,7
11194,4.033964265798798,3.833147111912785,-0.20081715388601307,2
11195,4.209755032478476,3.833147111912785,-0.37660792056569115,5
11196,5.484675010698138,6.146128035678238,0.6614530249801005,6
11197,5.5657888247513485,6.146128035678238,0.5803392109268897,4
11198,5.610478994385059,6.146128035678238,0.5356490412931789,5
11199,5.468252695047556,6.146128035678238,0.6778753406306821,10
11200,5.581676873909319,6.146128035678238,0.5644511617689192,2
11201,5.775686560772283,6.146128035678238,0.370441474905955,7
11202,5.597832802971434,6.146128035678238,0.5482952327068045,8
11203,5.547974601336087,6.146128035678238,0.5981534343421515,1
11204,5.768604946867677,6.146128035678238,0.37752308881056074,9
11205,4.274735412419516,4.008600171761918,-0.2661352406575981,3
11206,4.522960508527574,4.008600171761918,-0.5143603367656562,6
11207,4.275491082287308,4.008600171761918,-0.26689091052539027,2
11208,4.257261531231203,4.008600171761918,-0.2486613594692848,1
11209,4.107954849714819,4.008600171761918,-0.09935467795290087,9
11210,4.349924906455447,4.008600171761918,-0.3413247346935293,5
11211,4.537851322813163,4.008600171761918,-0.5292511510512448,7
11212,4.4629439107109565,4.008600171761918,-0.45434373894903857,8
11213,4.28890015367151,4.008600171761918,-0.28029998190959216,10
11214,4.986474338125284,4.0,-0.9864743381252836,2
11215,5.2764977650968214,4.0,-1.2764977650968214,9
11216,4.72540144080828,4.0,-0.7254014408082803,1
11217,4.9723010503317475,4.0,-0.9723010503317475,8
11218,5.031736943561842,4.0,-1.0317369435618424,6
11219,5.071891926210915,4.0,-1.071891926210915,10
11220,4.879571859695548,4.0,-0.879571859695548,3
11221,5.225717871811902,4.0,-1.2257178718119022,7
11222,5.111329567440447,4.0,-1.111329567440447,4
11223,4.882036864431089,4.089905111439398,-0.7921317529916907,2
11224,4.858931565725741,4.089905111439398,-0.769026454286343,4
11225,4.852474024526678,4.089905111439398,-0.7625689130872804,6
11226,4.931379138706028,4.089905111439398,-0.8414740272666297,5
11227,5.050345958211207,4.089905111439398,-0.9604408467718093,7
11228,4.90470284842717,4.089905111439398,-0.8147977369877717,9
11229,4.8101891633099605,4.089905111439398,-0.7202840518705624,10
11230,4.9107900288247865,4.089905111439398,-0.8208849173853885,8
11231,4.838552623830561,4.089905111439398,-0.7486475123911633,1
11232,4.976295465094522,3.770852011642144,-1.2054434534523786,6
11233,4.89677740064982,3.770852011642144,-1.1259253890076764,1
11234,5.051282611942025,3.770852011642144,-1.2804306002998809,10
11235,5.266728583717955,3.770852011642144,-1.4958765720758116,7
11236,5.055569210212408,3.770852011642144,-1.284717198570264,4
11237,5.207940671210263,3.770852011642144,-1.4370886595681194,3
11238,5.09848575699249,3.770852011642144,-1.3276337453503464,8
11239,5.090398726645941,3.770852011642144,-1.3195467150037974,5
11240,4.98470049164746,3.770852011642144,-1.213848480005316,2
11241,4.372962436715274,3.6020599913279625,-0.7709024453873115,10
11242,4.316456709542508,3.6020599913279625,-0.7143967182145454,4
11243,4.317915357487467,3.6020599913279625,-0.7158553661595048,6
11244,4.420960792501503,3.6020599913279625,-0.8189008011735401,9
11245,4.329867433414768,3.6020599913279625,-0.7278074420868057,1
11246,4.472042760562052,3.6020599913279625,-0.8699827692340891,8
11247,4.348019854792913,3.6020599913279625,-0.7459598634649502,7
11248,4.319685032088027,3.6020599913279625,-0.7176250407600646,5
11249,4.311567659736737,3.6020599913279625,-0.7095076684087749,2
11250,3.927590564400182,3.869231719730976,-0.05835884466920627,7
11251,3.8947034465814756,3.869231719730976,-0.02547172685049981,1
11252,3.830365596003974,3.869231719730976,0.0388661237270016,10
11253,4.098452905582039,3.869231719730976,-0.22922118585106288,8
11254,3.8861694561651077,3.869231719730976,-0.016937736434131878,2
11255,3.845812757267783,3.869231719730976,0.02341896246319264,5
11256,3.8997302368897198,3.869231719730976,-0.030498517158743965,6
11257,3.8220285657866135,3.869231719730976,0.04720315394436225,3
11258,3.9300045572133735,3.869231719730976,-0.0607728374823977,4
11259,3.729305010201181,3.206825876031849,-0.5224791341693318,9
11260,3.7587310865912156,3.206825876031849,-0.5519052105593665,10
11261,3.8039758281663443,3.206825876031849,-0.5971499521344952,8
11262,3.70627335696778,3.206825876031849,-0.49944748093593105,6
11263,3.7315911615287445,3.206825876031849,-0.5247652854968954,2
11264,3.7591581925411335,3.206825876031849,-0.5523323165092844,4
11265,3.7197267488895833,3.206825876031849,-0.5129008728577342,7
11266,3.8553113589191743,3.206825876031849,-0.6484854828873252,5
11267,3.738899166439809,3.206825876031849,-0.5320732904079599,1
11268,4.200695473764768,3.589949601325708,-0.6107458724390602,8
11269,4.0816216781646775,3.589949601325708,-0.4916720768389693,9
11270,4.0551817765945755,3.589949601325708,-0.4652321752688673,4
11271,4.130589339612378,3.589949601325708,-0.5406397382866697,3
11272,4.076162333740098,3.589949601325708,-0.48621273241438967,6
11273,4.108603358911775,3.589949601325708,-0.5186537575860672,7
11274,4.049842715123758,3.589949601325708,-0.4598931137980502,10
11275,3.9928925309990513,3.589949601325708,-0.4029429296733431,1
11276,3.9995701148740785,3.589949601325708,-0.40962051354837037,2
11277,4.386024612832832,2.903089986991944,-1.4829346258408882,8
11278,4.141750935511382,2.903089986991944,-1.238660948519438,9
11279,4.2885456758555,2.903089986991944,-1.3854556888635554,5
11280,4.334021667750052,2.903089986991944,-1.4309316807581074,6
11281,4.308477031586196,2.903089986991944,-1.4053870445942516,3
11282,4.26146986753658,2.903089986991944,-1.358379880544636,2
11283,4.290046663522505,2.903089986991944,-1.3869566765305605,4
11284,4.2436372177851025,2.903089986991944,-1.3405472307931583,1
11285,4.258884264850186,2.903089986991944,-1.3557942778582421,10
11286,4.92898129158891,4.167317334748176,-0.7616639568407342,8
11287,5.027809244274747,4.167317334748176,-0.8604919095265711,3
11288,4.760658373063857,4.167317334748176,-0.5933410383156819,2
11289,4.750869430985429,4.167317334748176,-0.5835520962372538,1
11290,4.672149764803424,4.167317334748176,-0.5048324300552487,4
11291,4.9668402573151,4.167317334748176,-0.7995229225669247,7
11292,4.916815401657348,4.167317334748176,-0.7494980669091724,5
11293,4.82961713797497,4.167317334748176,-0.6622998032267944,10
11294,4.732339500991154,4.167317334748176,-0.5650221662429784,6
11295,4.269459757573833,4.035829825252828,-0.23362993232100493,4
11296,4.255481952643246,4.035829825252828,-0.21965212739041728,1
11297,4.297938794788167,4.035829825252828,-0.2621089695353387,2
11298,4.408017495389123,4.035829825252828,-0.3721876701362943,7
11299,4.390634305166515,4.035829825252828,-0.35480447991368624,5
11300,4.458220274906664,4.035829825252828,-0.422390449653836,8
11301,4.543072143954306,4.035829825252828,-0.5072423187014774,9
11302,4.324622837674968,4.035829825252828,-0.28879301242213984,6
11303,4.438463794312657,4.035829825252828,-0.4026339690598286,10
11304,5.916810899569713,6.024046225131059,0.10723532556134607,2
11305,5.925328958076822,6.024046225131059,0.09871726705423711,10
11306,5.951108084492582,6.024046225131059,0.07293814063847659,7
11307,5.960932183816315,6.024046225131059,0.06311404131474418,4
11308,5.937639612030335,6.024046225131059,0.08640661310072417,1
11309,5.944264688494352,6.024046225131059,0.07978153663670717,8
11310,5.933072833958459,6.024046225131059,0.09097339117260006,5
11311,5.885719254886571,6.024046225131059,0.1383269702444876,6
11312,5.957174581999044,6.024046225131059,0.0668716431320151,3
11313,4.496711696499558,5.247973266361806,0.7512615698622485,10
11314,4.44126851043953,5.247973266361806,0.8067047559222766,4
11315,4.58418792319795,5.247973266361806,0.6637853431638563,1
11316,4.576820547838145,5.247973266361806,0.6711527185236612,8
11317,4.532436674553881,5.247973266361806,0.7155365918079255,2
11318,4.473920952695988,5.247973266361806,0.774052313665818,3
11319,4.413957419823056,5.247973266361806,0.8340158465387502,6
11320,4.584945650848027,5.247973266361806,0.6630276155137791,5
11321,4.453887784471988,5.247973266361806,0.7940854818898186,7
11322,5.9561319311248555,6.491361693834273,0.5352297627094176,7
11323,5.97991449303497,6.491361693834273,0.511447200799303,3
11324,5.859733978193862,6.491361693834273,0.6316277156404109,1
11325,5.951054023794125,6.491361693834273,0.5403076700401481,10
11326,5.931425060809735,6.491361693834273,0.5599366330245381,4
11327,5.9365485656930375,6.491361693834273,0.5548131281412356,6
11328,6.1196991793302,6.491361693834273,0.37166251450407284,5
11329,5.889391031660426,6.491361693834273,0.601970662173847,2
11330,5.9889121300185915,6.491361693834273,0.5024495638156816,9
11331,6.092377362620956,4.833147111912785,-1.2592302507081712,4
11332,6.014686515103978,4.833147111912785,-1.1815394031911932,2
11333,6.088729799057843,4.833147111912785,-1.2555826871450577,8
11334,5.959799016579663,4.833147111912785,-1.1266519046668781,6
11335,5.972062411065694,4.833147111912785,-1.1389152991529086,5
11336,6.026894415659886,4.833147111912785,-1.1937473037471005,10
11337,5.97661061805298,4.833147111912785,-1.1434635061401952,7
11338,6.099626782182923,4.833147111912785,-1.2664796702701375,1
11339,5.9932144764669495,4.833147111912785,-1.1600673645541644,9
11340,6.0545025725453705,6.334453751150931,0.2799511786055602,4
11341,5.913895648672862,6.334453751150931,0.42055810247806846,10
11342,6.011816795476123,6.334453751150931,0.3226369556748079,3
11343,5.958942692457219,6.334453751150931,0.3755110586937116,8
11344,5.992469613517414,6.334453751150931,0.3419841376335171,6
11345,5.9801935812871525,6.334453751150931,0.3542601698637782,2
11346,5.992042937777788,6.334453751150931,0.3424108133731423,5
11347,5.9945416656440695,6.334453751150931,0.33991208550686114,9
11348,5.985948814198059,6.334453751150931,0.3485049369528719,7
11349,6.375675525108363,7.708420900134713,1.3327453750263496,9
11350,6.4140374082638605,7.708420900134713,1.2943834918708523,2
11351,6.378463387994501,7.708420900134713,1.3299575121402114,10
11352,6.41870393859725,7.708420900134713,1.2897169615374624,7
11353,6.376592177185399,7.708420900134713,1.3318287229493135,3
11354,6.404508671615319,7.708420900134713,1.303912228519394,5
11355,6.382602652601289,7.708420900134713,1.325818247533424,1
11356,6.457355766873844,7.708420900134713,1.2510651332608687,4
11357,6.220384136042336,7.708420900134713,1.488036764092377,8
11358,5.834372960129226,4.698970004336019,-1.1354029557932073,7
11359,5.854449719441069,4.698970004336019,-1.1554797151050504,5
11360,5.917574152630429,4.698970004336019,-1.2186041482944105,4
11361,5.89338224138972,4.698970004336019,-1.194412237053701,8
11362,5.891840028598441,4.698970004336019,-1.1928700242624224,9
11363,5.892409830276299,4.698970004336019,-1.1934398259402803,10
11364,5.90379587352647,4.698970004336019,-1.2048258691904516,3
11365,5.826848737968954,4.698970004336019,-1.1278787336329357,6
11366,5.881543536624703,4.698970004336019,-1.182573532288684,2
11367,5.92642495030362,6.32221929473392,0.3957943444303007,4
11368,5.923722941732967,6.32221929473392,0.39849635300095354,3
11369,5.888167892332349,6.32221929473392,0.4340514024015718,5
11370,5.927001821049179,6.32221929473392,0.3952174736847418,7
11371,5.885621892692756,6.32221929473392,0.4365974020411647,8
11372,5.887021002873336,6.32221929473392,0.43519829186058434,2
11373,5.848151548665542,6.32221929473392,0.4740677460683784,6
11374,5.805326655732351,6.32221929473392,0.5168926390015693,9
11375,5.903333478398233,6.32221929473392,0.41888581633568744,10
11376,5.524975264625535,6.2812606870550125,0.7562854224294773,4
11377,5.400103987474694,6.2812606870550125,0.8811566995803188,5
11378,5.4489404676410444,6.2812606870550125,0.832320219413968,2
11379,5.453202552214562,6.2812606870550125,0.8280581348404503,9
11380,5.620224649481231,6.2812606870550125,0.6610360375737816,7
11381,5.59811412263226,6.2812606870550125,0.6831465644227528,8
11382,5.470674020651687,6.2812606870550125,0.8105866664033252,3
11383,5.487582517117004,6.2812606870550125,0.7936781699380084,6
11384,5.392445054903824,6.2812606870550125,0.8888156321511884,1
11385,6.040092881273795,6.230448921378274,0.19035604010447926,10
11386,5.97163869362031,6.230448921378274,0.25881022775796403,5
11387,6.019538224868403,6.230448921378274,0.21091069650987126,7
11388,6.00018419727223,6.230448921378274,0.23026472410604448,9
11389,5.98639886403694,6.230448921378274,0.244050057341334,6
11390,5.998794836124071,6.230448921378274,0.2316540852542035,3
11391,5.963718158375367,6.230448921378274,0.266730763002907,1
11392,6.023580384253178,6.230448921378274,0.20686853712509645,4
11393,5.996839093440465,6.230448921378274,0.23360982793780938,2
11394,5.893848958544957,5.0,-0.8938489585449574,4
11395,5.88355917069798,5.0,-0.8835591706979802,5
11396,5.866855204059391,5.0,-0.8668552040593909,6
11397,5.918879719559588,5.0,-0.9188797195595884,10
11398,5.863192302953828,5.0,-0.863192302953828,1
11399,5.913592393062052,5.0,-0.9135923930620518,3
11400,5.90637357615759,5.0,-0.9063735761575904,8
11401,5.849332842066071,5.0,-0.8493328420660706,7
11402,5.8753084161467575,5.0,-0.8753084161467575,2
11403,5.80302647256324,4.26150077319828,-1.5415256993649598,5
11404,5.8362813326296425,4.26150077319828,-1.5747805594313622,4
11405,5.810324027423101,4.26150077319828,-1.5488232542248204,2
11406,5.8165586479788685,4.26150077319828,-1.555057874780588,3
11407,5.79513556019038,4.26150077319828,-1.5336347869920992,8
11408,5.816997315776032,4.26150077319828,-1.5554965425777514,1
11409,5.798043782320366,4.26150077319828,-1.5365430091220853,6
11410,5.775472879974862,4.26150077319828,-1.5139721067765812,7
11411,5.859842377635953,4.26150077319828,-1.5983416044376728,9
11412,6.399525051555745,7.077222510411053,0.6776974588553077,4
11413,6.35849488672194,7.077222510411053,0.7187276236891131,10
11414,6.326552197617275,7.077222510411053,0.7506703127937779,9
11415,6.331582333791095,7.077222510411053,0.7456401766199576,7
11416,6.295200668947185,7.077222510411053,0.7820218414638678,1
11417,6.296859384491952,7.077222510411053,0.7803631259191013,3
11418,6.108305667232077,7.077222510411053,0.9689168431789756,6
11419,6.345589023740357,7.077222510411053,0.7316334866706962,5
11420,6.3573406734191416,7.077222510411053,0.7198818369919113,2
11421,6.328612255719033,7.05865374157237,0.7300414858533371,10
11422,6.333762948914026,7.05865374157237,0.7248907926583446,9
11423,6.415720890527836,7.05865374157237,0.6429328510445345,4
11424,6.328401873558594,7.05865374157237,0.7302518680137764,7
11425,6.149251100755293,7.05865374157237,0.9094026408170777,6
11426,6.333571924427739,7.05865374157237,0.7250818171446314,1
11427,6.360652393365717,7.05865374157237,0.6980013482066534,2
11428,6.34932858469419,7.05865374157237,0.7093251568781804,5
11429,6.161799798865528,7.05865374157237,0.8968539427068425,8
11430,5.4423180795427655,5.0,-0.4423180795427655,7
11431,5.274758203514881,5.0,-0.2747582035148808,2
11432,5.318931141028164,5.0,-0.31893114102816433,4
11433,5.380535159609442,5.0,-0.3805351596094422,1
11434,5.254110418466865,5.0,-0.25411041846686544,6
11435,5.479095595381861,5.0,-0.4790955953818612,8
11436,5.36105896904661,5.0,-0.36105896904660995,5
11437,5.383988561910417,5.0,-0.3839885619104173,10
11438,5.333850722294718,5.0,-0.33385072229471824,9
11439,4.241357226837595,3.709269960975831,-0.5320872658617639,4
11440,4.229082090350681,3.709269960975831,-0.5198121293748499,6
11441,4.255693060335851,3.709269960975831,-0.5464230993600201,2
11442,4.244670514320848,3.709269960975831,-0.5354005533450175,10
11443,4.2395195163934325,3.709269960975831,-0.5302495554176017,9
11444,4.2562471581893435,3.709269960975831,-0.5469771972135127,1
11445,4.4507706754516665,3.709269960975831,-0.7415007144758357,5
11446,4.203474366274578,3.709269960975831,-0.4942044052987469,8
11447,4.071039881308647,3.709269960975831,-0.3617699203328164,7
11448,4.658431041184941,3.431363764158988,-1.2270672770259532,2
11449,4.666835399683892,3.431363764158988,-1.2354716355249042,8
11450,4.746475585040844,3.431363764158988,-1.3151118208818566,3
11451,4.6242277619587515,3.431363764158988,-1.1928639977997637,1
11452,4.63613424068169,3.431363764158988,-1.204770476522702,6
11453,4.753652385630678,3.431363764158988,-1.3222886214716905,5
11454,4.679295308372431,3.431363764158988,-1.2479315442134435,4
11455,4.831708084040992,3.431363764158988,-1.400344319882004,9
11456,4.607503644687371,3.431363764158988,-1.1761398805283836,10
11457,4.792793944973046,5.0,0.20720605502695388,10
11458,4.742302519062514,5.0,0.2576974809374857,4
11459,4.809813022848474,5.0,0.19018697715152566,5
11460,4.724513233947718,5.0,0.27548676605228195,1
11461,5.246382991557056,5.0,-0.24638299155705568,7
11462,4.927173368828651,5.0,0.07282663117134902,9
11463,4.743905508715753,5.0,0.2560944912842471,2
11464,4.77009693629236,5.0,0.22990306370764024,8
11465,4.734171120646913,5.0,0.2658288793530872,6
11466,5.532800617413537,6.079181246047625,0.546380628634088,4
11467,5.686887023720659,6.079181246047625,0.3922942223269663,3
11468,5.775972752407868,6.079181246047625,0.3032084936397572,8
11469,5.601566131140303,6.079181246047625,0.477615114907322,7
11470,5.599686325030568,6.079181246047625,0.47949492101705715,1
11471,5.570223390813036,6.079181246047625,0.5089578552345895,10
11472,5.642878945644288,6.079181246047625,0.4363023004033373,5
11473,5.679897747484168,6.079181246047625,0.3992834985634568,9
11474,5.492439804937858,6.079181246047625,0.5867414411097673,6
11475,3.9326887711410325,3.770852011642144,-0.16183675949888876,2
11476,3.908963366282845,3.770852011642144,-0.13811135464070112,6
11477,4.0138165495066,3.770852011642144,-0.24296453786445582,1
11478,3.9009251485054826,3.770852011642144,-0.13007313686333877,3
11479,3.9941936581404116,3.770852011642144,-0.22334164649826782,5
11480,3.958532617334916,3.770852011642144,-0.18768060569277223,7
11481,4.138765428279542,3.770852011642144,-0.36791341663739807,4
11482,3.96687701237379,3.770852011642144,-0.19602500073164641,8
11483,3.8596561404288803,3.770852011642144,-0.08880412878673649,9
11484,5.9183999010499395,6.383653821462558,0.4652539204126187,10
11485,5.959583576873975,6.383653821462558,0.42407024458858356,3
11486,5.938200362015517,6.383653821462558,0.44545345944704096,2
11487,5.97301394595298,6.383653821462558,0.41063987550957837,4
11488,5.948297087028351,6.383653821462558,0.4353567344342073,7
11489,5.949697839384526,6.383653821462558,0.4339559820780323,9
11490,5.962412749880343,6.383653821462558,0.421241071582215,8
11491,5.94912956072273,6.383653821462558,0.4345242607398285,5
11492,5.939332856521583,6.383653821462558,0.4443209649409754,6
11493,6.0934791531745,6.281941933440825,0.1884627802663248,10
11494,6.168201090883915,6.281941933440825,0.11374084255690953,4
11495,6.103238200281514,6.281941933440825,0.17870373315931065,9
11496,6.151450075862953,6.281941933440825,0.13049185757787196,8
11497,6.103187493503909,6.281941933440825,0.17875443993691587,3
11498,6.1084454149002765,6.281941933440825,0.17349651854054837,6
11499,6.112917529766137,6.281941933440825,0.16902440367468774,5
11500,6.142244024125041,6.281941933440825,0.13969790931578352,7
11501,6.102676149183874,6.281941933440825,0.17926578425695094,1
11502,5.222337256001184,4.152288344383057,-1.0700489116181275,7
11503,5.169699843580317,4.152288344383057,-1.0174114991972605,2
11504,5.230216058705853,4.152288344383057,-1.0779277143227963,5
11505,5.309719191216609,4.152288344383057,-1.1574308468335524,9
11506,5.185919129857675,4.152288344383057,-1.0336307854746183,4
11507,5.23958697948539,4.152288344383057,-1.087298635102333,1
11508,5.3313779191788635,4.152288344383057,-1.1790895747958068,3
11509,5.280696243151144,4.152288344383057,-1.1284078987680877,10
11510,5.180036048415969,4.152288344383057,-1.0277477040329126,6
11511,5.414340193873838,6.176091259055681,0.7617510651818433,7
11512,5.27442237758163,6.176091259055681,0.901668881474051,6
11513,5.491920027434393,6.176091259055681,0.6841712316212885,9
11514,5.107422270298634,6.176091259055681,1.0686689887570475,1
11515,5.350118465376704,6.176091259055681,0.8259727936789769,5
11516,5.372399574941264,6.176091259055681,0.8036916841144173,3
11517,5.4037781812695025,6.176091259055681,0.7723130777861789,8
11518,5.250217066718236,6.176091259055681,0.925874192337445,10
11519,5.346932486926264,6.176091259055681,0.8291587721294169,2
11520,5.163938139528626,4.195899652409234,-0.9680384871193919,1
11521,5.045941429734889,4.195899652409234,-0.8500417773256546,7
11522,5.242761141974631,4.195899652409234,-1.046861489565397,8
11523,5.0928878395601584,4.195899652409234,-0.8969881871509244,10
11524,5.479051387393117,4.195899652409234,-1.2831517349838828,3
11525,4.914538354467306,4.195899652409234,-0.7186387020580716,9
11526,5.1222920410209785,4.195899652409234,-0.9263923886117444,5
11527,5.076620016499905,4.195899652409234,-0.8807203640906707,6
11528,5.061151860385628,4.195899652409234,-0.8652522079763942,4
11529,3.894953549987647,3.3010299956639813,-0.5939235543236658,9
11530,3.8642227368434026,3.3010299956639813,-0.5631927411794213,4
11531,3.889505247884168,3.3010299956639813,-0.5884752522201868,2
11532,3.9283032765526555,3.3010299956639813,-0.6272732808886743,1
11533,3.966481987942709,3.3010299956639813,-0.6654519922787276,7
11534,4.008875342322441,3.3010299956639813,-0.70784534665846,8
11535,3.9314125577444616,3.3010299956639813,-0.6303825620804804,3
11536,3.827547519805508,3.3010299956639813,-0.5265175241415267,6
11537,4.004868243180083,3.3010299956639813,-0.703838247516102,10
11538,6.008747187528206,6.079181246047625,0.0704340585194192,7
11539,6.0202731931790785,6.079181246047625,0.05890805286854661,8
11540,6.033986811204637,6.079181246047625,0.045194434842987796,4
11541,6.05261977557329,6.079181246047625,0.026561470474335103,5
11542,6.014016531860392,6.079181246047625,0.06516471418723313,1
11543,6.0508256422608575,6.079181246047625,0.028355603786767603,6
11544,6.003713356890912,6.079181246047625,0.07546788915671332,2
11545,6.016179208047959,6.079181246047625,0.06300203799966653,3
11546,5.991922617747685,6.079181246047625,0.08725862829994036,10
11547,5.474317047995903,5.311753861055754,-0.16256318694014915,6
11548,5.470368250384868,5.311753861055754,-0.15861438932911387,7
11549,5.505817612912007,5.311753861055754,-0.1940637518562527,3
11550,5.577019696218697,5.311753861055754,-0.26526583516294266,9
11551,5.544075514239072,5.311753861055754,-0.23232165318331788,1
11552,5.465619796352395,5.311753861055754,-0.15386593529664072,5
11553,5.4122085184371205,5.311753861055754,-0.10045465738136627,2
11554,5.5824653458016416,5.311753861055754,-0.27071148474588735,10
11555,5.5724985088501,5.311753861055754,-0.26074464779434603,8
11556,4.882036864431089,5.041392685158225,0.1593558207271366,2
11557,5.050345958211207,5.041392685158225,-0.008953273052981991,7
11558,4.90470284842717,5.041392685158225,0.13668983673105561,9
11559,4.838552623830561,5.041392685158225,0.20284006132766397,1
11560,4.852474024526678,5.041392685158225,0.18891866063154694,6
11561,5.220963463998332,5.041392685158225,-0.17957077884010708,3
11562,4.858931565725741,5.041392685158225,0.18246111943248433,4
11563,4.8101891633099605,5.041392685158225,0.23120352184826487,10
11564,4.931379138706028,5.041392685158225,0.11001354645219763,5
11565,5.0928878395601584,4.41161970596323,-0.6812681335969284,10
11566,5.061151860385628,4.41161970596323,-0.6495321544223982,4
11567,5.380512075186542,4.41161970596323,-0.9688923692233118,2
11568,5.242761141974631,4.41161970596323,-0.8311414360114009,8
11569,4.914538354467306,4.41161970596323,-0.5029186485040755,9
11570,5.163938139528626,4.41161970596323,-0.7523184335653958,1
11571,5.076620016499905,4.41161970596323,-0.6650003105366746,6
11572,5.045941429734889,4.41161970596323,-0.6343217237716585,7
11573,5.1222920410209785,4.41161970596323,-0.7106723350577484,5
11574,5.938114535799436,4.249198357391113,-1.6889161784083226,8
11575,5.912402996508998,4.249198357391113,-1.6632046391178852,9
11576,5.892474118206673,4.249198357391113,-1.64327576081556,6
11577,5.873164861710206,4.249198357391113,-1.6239665043190934,7
11578,5.896497487709905,4.249198357391113,-1.6472991303187916,2
11579,5.928006271127614,4.249198357391113,-1.6788079137365006,3
11580,5.955644153046137,4.249198357391113,-1.706445795655024,4
11581,5.9129410436820775,4.249198357391113,-1.6637426862909646,5
11582,5.9105331905508125,4.249198357391113,-1.6613348331596995,10
11583,5.951070310416616,5.17897694729317,-0.7720933631234459,4
11584,5.917303112880262,5.17897694729317,-0.7383261655870923,2
11585,5.901319254460316,5.17897694729317,-0.7223423071671462,3
11586,5.947734046336268,5.17897694729317,-0.7687570990430981,9
11587,5.948833836081153,5.17897694729317,-0.7698568887879835,1
11588,5.920256866018445,5.17897694729317,-0.741279918725275,5
11589,5.963314458209941,5.17897694729317,-0.784337510916771,8
11590,5.91700032268631,5.17897694729317,-0.7380233753931407,10
11591,5.905986602949777,5.17897694729317,-0.727009655656607,7
11592,5.26500886139906,6.119915410257991,0.8549065488589305,4
11593,5.485584201490216,6.119915410257991,0.634331208767775,9
11594,5.365215159450769,6.119915410257991,0.7547002508072218,8
11595,5.264377884981023,6.119915410257991,0.8555375252769677,3
11596,5.21884764457758,6.119915410257991,0.9010677656804109,5
11597,5.317378909349178,6.119915410257991,0.802536500908813,10
11598,5.181586663367506,6.119915410257991,0.9383287468904848,1
11599,5.208241124955488,6.119915410257991,0.911674285302503,2
11600,5.273432644321617,6.119915410257991,0.8464827659363738,7
11601,5.129050395483071,6.0,0.8709496045169294,1
11602,5.232701584914427,6.0,0.7672984150855733,10
11603,5.255212323089713,6.0,0.7447876769102866,8
11604,5.231377702332419,6.0,0.768622297667581,9
11605,5.2143416696219855,6.0,0.7856583303780145,4
11606,5.130475867083557,6.0,0.8695241329164434,5
11607,5.181205059250326,6.0,0.8187949407496742,7
11608,5.122765324235294,6.0,0.877234675764706,2
11609,5.1669528422082704,6.0,0.8330471577917296,3
11610,4.404980183480725,3.824125833916549,-0.5808543495641758,4
11611,4.658816770137533,3.824125833916549,-0.834690936220984,6
11612,4.382534594696261,3.824125833916549,-0.5584087607797117,5
11613,4.488370590308383,3.824125833916549,-0.6642447563918341,8
11614,4.357934342731464,3.824125833916549,-0.5338085088149147,1
11615,4.438627457803386,3.824125833916549,-0.6145016238868366,7
11616,4.435062282001479,3.824125833916549,-0.6109364480849302,2
11617,4.495386195898859,3.824125833916549,-0.6712603619823097,10
11618,4.4258910770354785,3.824125833916549,-0.6017652431189293,9
11619,5.053037731468336,3.740362689494244,-1.3126750419740922,1
11620,5.128964516927477,3.740362689494244,-1.3886018274332326,3
11621,5.1513214709824595,3.740362689494244,-1.4109587814882154,10
11622,5.198511322354745,3.740362689494244,-1.4581486328605004,8
11623,4.911489013521216,3.740362689494244,-1.1711263240269716,6
11624,5.1390875585716875,3.740362689494244,-1.3987248690774434,4
11625,5.089682767637306,3.740362689494244,-1.3493200781430623,5
11626,5.113189855382874,3.740362689494244,-1.37282716588863,7
11627,5.109473230161682,3.740362689494244,-1.369110540667438,2
11628,4.181328757868318,3.146128035678238,-1.0352007221900799,8
11629,4.053191640770446,3.146128035678238,-0.9070636050922074,10
11630,4.053930523275997,3.146128035678238,-0.9078024875977588,7
11631,4.081496010210045,3.146128035678238,-0.9353679745318066,1
11632,4.134434794138744,3.146128035678238,-0.9883067584605056,4
11633,4.022445920358333,3.146128035678238,-0.8763178846800947,2
11634,4.0613238186965335,3.146128035678238,-0.9151957830182953,3
11635,4.062571291711726,3.146128035678238,-0.9164432560334879,9
11636,3.994413421316113,3.146128035678238,-0.8482853856378747,6
11637,5.968427410101442,5.380211241711606,-0.5882161683898355,9
11638,5.979723626064737,5.380211241711606,-0.5995123843531305,10
11639,5.980052510697507,5.380211241711606,-0.5998412689859007,6
11640,5.967071208143154,5.380211241711606,-0.5868599664315477,5
11641,5.980056825400233,5.380211241711606,-0.5998455836886265,8
11642,6.0165732014236335,5.380211241711606,-0.6363619597120271,1
11643,5.938532050580917,5.380211241711606,-0.5583208088693103,7
11644,5.977786597548463,5.380211241711606,-0.5975753558368568,3
11645,5.956029656893314,5.380211241711606,-0.5758184151817076,2
11646,5.461127720312669,5.271841606536499,-0.18928611377617077,8
11647,5.39765751142891,5.271841606536499,-0.125815904892411,3
11648,5.4003619823287865,5.271841606536499,-0.12852037579228792,6
11649,5.357662901380009,5.271841606536499,-0.08582129484351064,2
11650,5.340239749656613,5.271841606536499,-0.06839814312011416,1
11651,5.635596426119536,5.271841606536499,-0.3637548195830371,7
11652,5.424252034071634,5.271841606536499,-0.152410427535135,4
11653,5.360734577383053,5.271841606536499,-0.08889297084655468,9
11654,5.32073977492368,5.271841606536499,-0.04889816838718186,5
11655,6.050433163408965,5.365487984890899,-0.684945178518066,4
11656,6.064259142405603,5.365487984890899,-0.6987711575147033,8
11657,6.030719483481414,5.365487984890899,-0.665231498590515,7
11658,6.029384924149941,5.365487984890899,-0.6638969392590415,1
11659,6.051150395272226,5.365487984890899,-0.6856624103813269,5
11660,6.047714524530883,5.365487984890899,-0.6822265396399834,6
11661,6.0469225534760405,5.365487984890899,-0.6814345685851411,9
11662,6.0540137790496935,5.365487984890899,-0.6885257941587941,2
11663,6.014150483952935,5.365487984890899,-0.648662499062036,10
11664,6.444140386522594,6.778874472002739,0.3347340854801448,4
11665,6.477668055699788,6.778874472002739,0.30120641630295086,2
11666,6.3481355126092796,6.778874472002739,0.43073895939345963,8
11667,6.426914463772781,6.778874472002739,0.3519600082299581,5
11668,6.495159564891899,6.778874472002739,0.28371490711084046,10
11669,6.461035344849674,6.778874472002739,0.31783912715306517,7
11670,6.545706918243882,6.778874472002739,0.23316755375885734,3
11671,6.449616202465413,6.778874472002739,0.32925826953732606,9
11672,6.489800993025238,6.778874472002739,0.28907347897750135,1
11673,6.122188365569766,5.880813592280791,-0.2413747732889746,5
11674,6.112209436814749,5.880813592280791,-0.23139584453395745,7
11675,6.129233548440661,5.880813592280791,-0.24841995615986967,4
11676,6.151060524331927,5.880813592280791,-0.27024693205113604,8
11677,6.105142837431396,5.880813592280791,-0.2243292451506047,3
11678,6.089753764848925,5.880813592280791,-0.20894017256813324,6
11679,6.052870293658867,5.880813592280791,-0.17205670137807605,2
11680,6.104621871230609,5.880813592280791,-0.22380827894981792,9
11681,6.100850731095964,5.880813592280791,-0.22003713881517228,1
11682,6.248711656788928,6.3979400086720375,0.14922835188310923,7
11683,6.227259742357758,6.3979400086720375,0.1706802663142799,4
11684,6.279516803187019,6.3979400086720375,0.11842320548501828,9
11685,6.2749040712702255,6.3979400086720375,0.12303593740181196,10
11686,6.248197156180967,6.3979400086720375,0.14974285249107044,6
11687,6.242843159458386,6.3979400086720375,0.15509684921365174,8
11688,6.246347955692406,6.3979400086720375,0.1515920529796313,3
11689,6.283381013490011,6.3979400086720375,0.11455899518202628,1
11690,6.244292163330694,6.3979400086720375,0.1536478453413439,5
11691,5.9862572358759145,6.377563035549853,0.39130579967393864,9
11692,5.947556238699215,6.377563035549853,0.4300067968506385,7
11693,6.00272697008787,6.377563035549853,0.37483606546198356,10
11694,5.967372003751023,6.377563035549853,0.41019103179883043,8
11695,6.015830188770329,6.377563035549853,0.3617328467795238,1
11696,5.999246069348752,6.377563035549853,0.3783169662011012,5
11697,6.023656114716818,6.377563035549853,0.353906920833035,2
11698,5.947800711104225,6.377563035549853,0.4297623244456279,6
11699,5.958191224101686,6.377563035549853,0.41937181144816726,4
11700,6.0155632298268085,5.518513939877887,-0.4970492899489214,2
11701,6.075040592492281,5.518513939877887,-0.5565266526143935,10
11702,6.057007316967502,5.518513939877887,-0.5384933770896145,3
11703,6.076628476195301,5.518513939877887,-0.5581145363174143,5
11704,6.036706053989222,5.518513939877887,-0.5181921141113346,1
11705,6.031455419414206,5.518513939877887,-0.5129414795363187,7
11706,6.063642542550643,5.518513939877887,-0.5451286026727562,8
11707,6.055880483201284,5.518513939877887,-0.5373665433233965,4
11708,6.0943054888997805,5.518513939877887,-0.5757915490218934,6
11709,6.000051196352265,4.698970004336019,-1.3010811920162464,4
11710,5.966883777381562,4.698970004336019,-1.2679137730455432,10
11711,5.975989642855825,4.698970004336019,-1.277019638519806,5
11712,5.98182078076854,4.698970004336019,-1.2828507764325217,1
11713,5.963943243232839,4.698970004336019,-1.26497323889682,7
11714,5.957752898170712,4.698970004336019,-1.2587828938346934,6
11715,6.000651973258779,4.698970004336019,-1.3016819689227601,3
11716,5.93955179348016,4.698970004336019,-1.2405817891441409,2
11717,5.968770297737958,4.698970004336019,-1.2698002934019392,9
11718,6.007596622555931,5.949390006644912,-0.05820661591101839,1
11719,6.017932434997427,5.949390006644912,-0.06854242835251423,4
11720,5.994217170304374,5.949390006644912,-0.04482716365946171,3
11721,5.964576067032148,5.949390006644912,-0.015186060387235578,10
11722,5.963926763014141,5.949390006644912,-0.014536756369228243,9
11723,6.012307768185747,5.949390006644912,-0.0629177615408345,7
11724,5.9611751234334065,5.949390006644912,-0.011785116788494143,2
11725,5.965250908727917,5.949390006644912,-0.015860902083004724,6
11726,5.984685886470356,5.949390006644912,-0.035295879825443244,8
11727,6.036053962822691,6.247924190766308,0.2118702279436171,6
11728,6.031444003578465,6.247924190766308,0.2164801871878428,1
11729,6.08132799685028,6.247924190766308,0.1665961939160283,7
11730,6.018551862580352,6.247924190766308,0.22937232818595632,3
11731,6.002037234314007,6.247924190766308,0.24588695645230096,8
11732,6.049064936780668,6.247924190766308,0.1988592539856402,10
11733,6.042993015069317,6.247924190766308,0.2049311756969905,9
11734,6.051801518215817,6.247924190766308,0.19612267255049076,5
11735,5.996016113287628,6.247924190766308,0.2519080774786797,2
11736,5.949515042025826,7.602059991327962,1.6525449493021354,9
11737,5.997740072695692,7.602059991327962,1.6043199186322692,4
11738,5.987387421600588,7.602059991327962,1.6146725697273734,6
11739,5.971008404151737,7.602059991327962,1.6310515871762243,5
11740,5.982196552948097,7.602059991327962,1.6198634383798645,1
11741,5.997060807349503,7.602059991327962,1.6049991839784585,10
11742,5.990255403871199,7.602059991327962,1.6118045874567626,3
11743,5.965218059727656,7.602059991327962,1.6368419316003058,7
11744,6.0165249830986784,7.602059991327962,1.5855350082292832,8
11745,5.999307294855454,5.553883026643875,-0.4454242682115792,1
11746,5.9677933187542065,5.553883026643875,-0.4139102921103319,7
11747,5.986271025518777,5.553883026643875,-0.4323879988749022,8
11748,6.019083103503388,5.553883026643875,-0.4652000768595137,5
11749,6.018629258990177,5.553883026643875,-0.4647462323463021,9
11750,5.99172379374631,5.553883026643875,-0.43784076710243536,3
11751,5.983362829306352,5.553883026643875,-0.42947980266247754,2
11752,6.012199666132235,5.553883026643875,-0.4583166394883609,4
11753,5.9728675710928885,5.553883026643875,-0.4189845444490139,10
11754,6.011879167710143,6.278753600952829,0.2668744332426858,2
11755,6.0544065124997,6.278753600952829,0.22434708845312912,3
11756,6.106499346363039,6.278753600952829,0.17225425458978982,7
11757,6.019521044848782,6.278753600952829,0.25923255610404716,6
11758,6.060942368323551,6.278753600952829,0.21781123262927782,4
11759,6.079037252872495,6.278753600952829,0.1997163480803339,8
11760,6.037258589345453,6.278753600952829,0.24149501160737596,5
11761,6.06078189600411,6.278753600952829,0.21797170494871843,10
11762,6.056178657192024,6.278753600952829,0.22257494376080444,1
11763,6.646405480398042,6.445311461756064,-0.20109401864197807,9
11764,6.713976129194801,6.445311461756064,-0.2686646674387374,10
11765,6.6736427776333525,6.445311461756064,-0.2283313158772886,5
11766,6.648881751906298,6.445311461756064,-0.20357029015023453,4
11767,6.545205245950772,6.445311461756064,-0.09989378419470807,7
11768,6.675608496942529,6.445311461756064,-0.2302970351864655,6
11769,6.60491006348758,6.445311461756064,-0.15959860173151608,2
11770,6.66709945039545,6.445311461756064,-0.2217879886393863,1
11771,6.460658309861397,6.445311461756064,-0.0153468481053336,8
11772,5.985635223614792,5.622214022966295,-0.3634212006484967,6
11773,6.009819702657551,5.622214022966295,-0.3876056796912559,9
11774,6.049482265289693,5.622214022966295,-0.42726824232339755,4
11775,6.007588472848095,5.622214022966295,-0.3853744498817999,7
11776,6.015470419708728,5.622214022966295,-0.39325639674243273,1
11777,6.008038532790319,5.622214022966295,-0.3858245098240243,2
11778,6.010385556390045,5.622214022966295,-0.38817153342374944,5
11779,6.026386668986708,5.622214022966295,-0.40417264602041314,10
11780,6.034250631776262,5.622214022966295,-0.4120366088099665,8
11781,6.005192560151969,6.201397124320452,0.19620456416848242,3
11782,6.025290471094435,6.201397124320452,0.17610665322601715,8
11783,6.0026816799225795,6.201397124320452,0.19871544439787225,1
11784,5.977360767225653,6.201397124320452,0.22403635709479897,7
11785,5.942218847375262,6.201397124320452,0.2591782769451898,2
11786,5.989579676217022,6.201397124320452,0.21181744810342984,5
11787,6.001556473568033,6.201397124320452,0.19984065075241908,10
11788,6.023676364142903,6.201397124320452,0.17772076017754834,4
11789,5.992627363569685,6.201397124320452,0.2087697607507666,9
11790,5.6850825044951145,6.176091259055681,0.4910087545605668,7
11791,5.448823653165943,6.176091259055681,0.7272676058897387,2
11792,5.433543456097414,6.176091259055681,0.7425478029582671,3
11793,5.436692250260137,6.176091259055681,0.7393990087955444,4
11794,5.357001541046861,6.176091259055681,0.8190897180088204,10
11795,5.513767565972212,6.176091259055681,0.6623236930834695,5
11796,5.451583121427364,6.176091259055681,0.7245081376283178,8
11797,5.7327395512364285,6.176091259055681,0.4433517078192528,9
11798,5.359724017985314,6.176091259055681,0.8163672410703677,1
11799,5.937506714131068,5.927370363039024,-0.010136351092043583,9
11800,5.904579589554906,5.927370363039024,0.022790773484118176,5
11801,5.931186034196162,5.927370363039024,-0.0038156711571373236,3
11802,5.877360550076066,5.927370363039024,0.05000981296295848,1
11803,5.989415511005531,5.927370363039024,-0.06204514796650695,10
11804,5.923567904182807,5.927370363039024,0.003802458856217328,8
11805,5.912385997330997,5.927370363039024,0.014984365708027525,4
11806,5.882078567258251,5.927370363039024,0.04529179578077347,7
11807,5.882625352479222,5.927370363039024,0.04474501055980262,2
11808,5.969668204883938,6.079181246047625,0.10951304116368732,10
11809,5.9790230448711625,6.079181246047625,0.10015820117646257,1
11810,5.977226033541646,6.079181246047625,0.10195521250597928,6
11811,5.973955765868277,6.079181246047625,0.10522548017934774,4
11812,5.955502067612951,6.079181246047625,0.12367917843467424,3
11813,5.991118912802944,6.079181246047625,0.08806233324468149,8
11814,5.966385954975408,6.079181246047625,0.1127952910722172,9
11815,5.931938450643778,6.079181246047625,0.1472427954038471,7
11816,5.961762565404087,6.079181246047625,0.11741868064353778,5
11817,6.02220606528315,6.2405492482826,0.2183431829994502,5
11818,6.021753457661858,6.2405492482826,0.21879579062074228,7
11819,6.014331700038112,6.2405492482826,0.22621754824448814,3
11820,6.033526271642617,6.2405492482826,0.20702297663998337,8
11821,5.967411140675825,6.2405492482826,0.27313810760677537,2
11822,6.007129735343634,6.2405492482826,0.23341951293896646,6
11823,6.05997272415269,6.2405492482826,0.18057652412991043,10
11824,6.01870950987622,6.2405492482826,0.2218397384063806,9
11825,6.029524168105131,6.2405492482826,0.21102508017746935,4
11826,6.01126751823357,5.891147030448771,-0.12012048778479922,4
11827,5.985380441240956,5.891147030448771,-0.09423341079218517,3
11828,6.012904837790746,5.891147030448771,-0.12175780734197517,10
11829,5.985311721587679,5.891147030448771,-0.09416469113890802,7
11830,5.991206235381252,5.891147030448771,-0.10005920493248155,9
11831,5.986625889478365,5.891147030448771,-0.09547885902959408,1
11832,5.994617013182304,5.891147030448771,-0.10346998273353325,6
11833,6.021985440641077,5.891147030448771,-0.13083841019230658,8
11834,5.9611928213503464,5.891147030448771,-0.0700457909015757,2
11835,5.880573520205793,6.0,0.11942647979420684,3
11836,5.894773488224147,6.0,0.10522651177585285,10
11837,5.877704477231387,6.0,0.12229552276861266,8
11838,5.91182325739976,6.0,0.08817674260023978,1
11839,5.846793817533499,6.0,0.15320618246650142,7
11840,5.8364368954851455,6.0,0.16356310451485445,2
11841,5.861420757524086,6.0,0.13857924247591402,9
11842,5.884814181162946,6.0,0.11518581883705359,4
11843,5.86770672170367,6.0,0.13229327829632975,5
11844,6.025443171818897,5.847572659142112,-0.177870512676785,6
11845,6.037071691606229,5.847572659142112,-0.18949903246411726,7
11846,6.046624538960443,5.847572659142112,-0.19905187981833095,8
11847,6.03298485524056,5.847572659142112,-0.18541219609844806,3
11848,6.1000643292330405,5.847572659142112,-0.25249167009092854,10
11849,6.004098734958022,5.847572659142112,-0.15652607581591038,2
11850,6.056910781726574,5.847572659142112,-0.20933812258446238,9
11851,6.076561244909367,5.847572659142112,-0.22898858576725534,4
11852,6.084723968129236,5.847572659142112,-0.23715130898712378,1
11853,5.999846248458149,5.931966114728173,-0.06788013372997614,3
11854,5.982426579325476,5.931966114728173,-0.05046046459730302,10
11855,5.967800251222379,5.931966114728173,-0.035834136494206525,2
11856,6.010597953221275,5.931966114728173,-0.07863183849310218,9
11857,5.998745513405259,5.931966114728173,-0.06677939867708638,5
11858,5.988322289805003,5.931966114728173,-0.05635617507683044,6
11859,5.963927109997833,5.931966114728173,-0.03196099526966023,7
11860,5.964436945271741,5.931966114728173,-0.03247083054356814,8
11861,5.977767310049701,5.931966114728173,-0.04580119532152782,1
11862,5.8691578667507835,5.146778989307833,-0.7223788774429503,8
11863,5.809323078470621,5.146778989307833,-0.6625440891627878,6
11864,5.9019143064776385,5.146778989307833,-0.7551353171698052,10
11865,5.830803316304935,5.146778989307833,-0.6840243269971014,5
11866,5.863801641984369,5.146778989307833,-0.717022652676536,3
11867,5.875483631047843,5.146778989307833,-0.72870464174001,1
11868,5.784567983660105,5.146778989307833,-0.6377889943522721,9
11869,5.83164505201059,5.146778989307833,-0.6848660627027563,7
11870,5.801647655262846,5.146778989307833,-0.6548686659550125,2
11871,5.943448785273311,5.079181246047625,-0.8642675392256862,6
11872,5.928915364273297,5.079181246047625,-0.8497341182256717,7
11873,5.922527143611026,5.079181246047625,-0.8433458975634007,3
11874,5.950715090299131,5.079181246047625,-0.8715338442515055,1
11875,5.952696907362598,5.079181246047625,-0.8735156613149728,8
11876,5.942702297318288,5.079181246047625,-0.8635210512706628,2
11877,5.923743212027798,5.079181246047625,-0.8445619659801729,10
11878,5.955791849466941,5.079181246047625,-0.8766106034193157,9
11879,5.9616391126509924,5.079181246047625,-0.8824578666033673,5
11880,4.697238756254479,5.021189299069938,0.3239505428154592,5
11881,4.536152468423927,5.021189299069938,0.48503683064601155,7
11882,4.510929658990687,5.021189299069938,0.5102596400792514,9
11883,4.5759376016834805,5.021189299069938,0.44525169738645776,6
11884,4.605036457719572,5.021189299069938,0.41615284135036656,10
11885,4.591761485819005,5.021189299069938,0.4294278132509337,2
11886,4.463198906962652,5.021189299069938,0.5579903921072864,1
11887,4.650249238529585,5.021189299069938,0.3709400605403532,8
11888,4.6220128232003574,5.021189299069938,0.3991764758695808,4
11889,5.7885924908054855,6.0,0.21140750919451445,1
11890,5.877322971057031,6.0,0.12267702894296928,6
11891,5.887751128775046,6.0,0.11224887122495364,4
11892,5.8077878161797925,6.0,0.19221218382020755,5
11893,5.789118349309487,6.0,0.21088165069051268,10
11894,5.819334198160672,6.0,0.18066580183932768,3
11895,5.797786556453544,6.0,0.20221344354645598,7
11896,5.781028020093285,6.0,0.2189719799067147,2
11897,5.685149808311646,6.0,0.31485019168835393,8
11898,5.944515310521876,6.008600171761918,0.0640848612400422,3
11899,5.936372718657737,6.008600171761918,0.07222745310418066,10
11900,5.987115375722624,6.008600171761918,0.021484796039294096,4
11901,5.9609866142659085,6.008600171761918,0.047613557496009484,8
11902,5.961201581843612,6.008600171761918,0.04739858991830559,5
11903,5.966531298735699,6.008600171761918,0.04206887302621887,9
11904,5.921667331285176,6.008600171761918,0.08693284047674155,2
11905,5.95042629120236,6.008600171761918,0.058173880559557745,7
11906,5.9351839675565135,6.008600171761918,0.07341620420540451,1
11907,5.9713952111078585,6.220108088040055,0.24871287693219646,3
11908,5.989963372016247,6.220108088040055,0.23014471602380837,2
11909,6.003068166653486,6.220108088040055,0.21703992138656858,6
11910,5.973048493594149,6.220108088040055,0.24705959444590597,5
11911,6.034388890375039,6.220108088040055,0.18571919766501566,4
11912,5.980373456518709,6.220108088040055,0.23973463152134578,10
11913,5.95568862057067,6.220108088040055,0.26441946746938516,8
11914,6.01525477130301,6.220108088040055,0.20485331673704543,7
11915,6.0014440550832955,6.220108088040055,0.2186640329567595,9
11916,6.0717558412494625,6.214843848047698,0.1430880067982354,7
11917,6.027016320954427,6.214843848047698,0.18782752709327077,5
11918,6.0587938435877735,6.214843848047698,0.15605000445992445,6
11919,6.041946135568245,6.214843848047698,0.17289771247945307,4
11920,6.0181529239659906,6.214843848047698,0.1966909240817074,10
11921,6.007913487522567,6.214843848047698,0.20693036052513136,1
11922,6.044634040280759,6.214843848047698,0.1702098077669394,2
11923,6.031470885901696,6.214843848047698,0.1833729621460023,9
11924,5.987640269764347,6.214843848047698,0.22720357828335125,8
11925,6.014730502338405,6.113943352306837,0.09921284996843216,7
11926,5.964650298860167,6.113943352306837,0.14929305344667032,5
11927,5.960772724417548,6.113943352306837,0.15317062788928926,10
11928,5.9799556215653675,6.113943352306837,0.1339877307414694,9
11929,5.966487029817753,6.113943352306837,0.14745632248908436,3
11930,5.969016405994179,6.113943352306837,0.14492694631265834,2
11931,5.9616714940774544,6.113943352306837,0.1522718582293825,1
11932,6.029921655046652,6.113943352306837,0.0840216972601846,4
11933,5.969367839036811,6.113943352306837,0.14457551327002616,6
11934,5.775179183555808,6.257051875069349,0.48187269151354073,4
11935,5.8400087013708655,6.257051875069349,0.41704317369848365,3
11936,5.92635194037311,6.257051875069349,0.3306999346962387,2
11937,5.825947239838996,6.257051875069349,0.43110463523035314,8
11938,5.804852812390989,6.257051875069349,0.4521990626783605,7
11939,5.804853871141358,6.257051875069349,0.45219800392799137,6
11940,5.80284111711406,6.257051875069349,0.4542107579552894,5
11941,5.844231365992198,6.257051875069349,0.41282050907715107,1
11942,5.8520605356863555,6.257051875069349,0.4049913393829936,10
11943,5.39816987834859,5.2552725051033065,-0.14289737324528318,4
11944,5.367669792285158,5.2552725051033065,-0.11239728718185127,8
11945,5.359858393788008,5.2552725051033065,-0.10458588868470198,6
11946,5.255850553320056,5.2552725051033065,-0.0005780482167496714,5
11947,5.536186824149408,5.2552725051033065,-0.28091431904610165,7
11948,5.271728555766158,5.2552725051033065,-0.016456050662851496,1
11949,5.135428219411313,5.2552725051033065,0.11984428569199324,10
11950,5.29943173800755,5.2552725051033065,-0.04415923290424395,2
11951,5.310814966849515,5.2552725051033065,-0.05554246174620836,3
11952,5.99226369274438,6.041392685158225,0.04912899241384494,9
11953,6.027300484013238,6.041392685158225,0.014092201144987548,2
11954,6.036980966584029,6.041392685158225,0.004411718574196755,4
11955,5.982850207658694,6.041392685158225,0.058542477499531564,3
11956,5.975169276737734,6.041392685158225,0.06622340842049113,10
11957,6.025833273719795,6.041392685158225,0.015559411438430537,8
11958,5.9963874058115,6.041392685158225,0.04500527934672505,1
11959,6.006725684796374,6.041392685158225,0.03466700036185166,5
11960,5.991239681034232,6.041392685158225,0.05015300412399348,7
11961,6.500310983468477,6.6020599913279625,0.10174900785948537,1
11962,6.423246523384871,6.6020599913279625,0.17881346794309128,2
11963,6.4012210237571106,6.6020599913279625,0.20083896757085196,9
11964,6.446103787710488,6.6020599913279625,0.15595620361747464,10
11965,6.4058172147334576,6.6020599913279625,0.19624277659450495,7
11966,6.371578664460576,6.6020599913279625,0.23048132686738665,5
11967,6.406380781818281,6.6020599913279625,0.19567920950968176,6
11968,6.47623735438614,6.6020599913279625,0.12582263694182227,3
11969,6.289850613086302,6.6020599913279625,0.3122093782416604,8
11970,5.994535546160314,4.986771734266245,-1.007763811894069,7
11971,6.053080421479706,4.986771734266245,-1.0663086872134606,10
11972,6.055965705212603,4.986771734266245,-1.0691939709463574,4
11973,6.038388856257,4.986771734266245,-1.0516171219907546,5
11974,6.03999556508208,4.986771734266245,-1.0532238308158348,1
11975,5.9765600405848724,4.986771734266245,-0.9897883063186272,2
11976,6.02597862228039,4.986771734266245,-1.039206888014145,9
11977,6.015949467426076,4.986771734266245,-1.0291777331598304,6
11978,6.010991470543238,4.986771734266245,-1.0242197362769927,3
11979,6.023248234882041,6.08278537031645,0.059537135434409194,1
11980,5.999918423789305,6.08278537031645,0.08286694652714477,9
11981,6.000771997142056,6.08278537031645,0.0820133731743935,3
11982,6.01190424679474,6.08278537031645,0.07088112352171017,5
11983,6.049315207615807,6.08278537031645,0.033470162700642625,4
11984,5.9810935468721,6.08278537031645,0.1016918234443498,7
11985,5.965661650648212,6.08278537031645,0.1171237196682382,2
11986,6.024386152802541,6.08278537031645,0.05839921751390875,10
11987,6.053694323956237,6.08278537031645,0.029091046360212758,8
11988,5.9474914056328805,5.181843587944773,-0.7656478176881079,3
11989,5.924589018117729,5.181843587944773,-0.7427454301729561,7
11990,5.967508692888276,5.181843587944773,-0.7856651049435035,1
11991,5.959004962613725,5.181843587944773,-0.7771613746689523,5
11992,5.973923829013666,5.181843587944773,-0.7920802410688932,8
11993,5.957197081199901,5.181843587944773,-0.7753534932551283,4
11994,5.836862537468789,5.181843587944773,-0.655018949524016,2
11995,5.920291570286588,5.181843587944773,-0.7384479823418157,9
11996,5.9205335637409755,5.181843587944773,-0.7386899757962029,6
11997,6.161456517727652,5.687261346243506,-0.4741951714841459,2
11998,6.1764336349441145,5.687261346243506,-0.48917228870060825,6
11999,6.16651056803774,5.687261346243506,-0.4792492217942339,10
12000,6.153679656571132,5.687261346243506,-0.4664183103276258,7
12001,6.138621342456711,5.687261346243506,-0.45135999621320444,5
12002,6.157539227876795,5.687261346243506,-0.47027788163328843,4
12003,6.184348951737095,5.687261346243506,-0.4970876054935891,9
12004,6.117277632122107,5.687261346243506,-0.43001628587860097,3
12005,6.154418774361792,5.687261346243506,-0.467157428118286,8
12006,5.952833884586879,6.2455126678141495,0.29267878322727015,5
12007,5.942453212736629,6.2455126678141495,0.30305945507752075,9
12008,5.9203771847526,6.2455126678141495,0.3251354830615494,10
12009,5.973019099829241,6.2455126678141495,0.27249356798490876,1
12010,5.938131395283282,6.2455126678141495,0.30738127253086756,4
12011,6.007607868495592,6.2455126678141495,0.23790479931855746,2
12012,5.9145521992891865,6.2455126678141495,0.33096046852496297,7
12013,5.886483880376532,6.2455126678141495,0.3590287874376177,8
12014,5.899630224612289,6.2455126678141495,0.34588244320186057,3
12015,5.997360082682714,6.776327733563306,0.7789676508805927,7
12016,6.029080610315797,6.776327733563306,0.7472471232475097,9
12017,6.01528573561592,6.776327733563306,0.7610419979473866,8
12018,5.986825623975139,6.776327733563306,0.7895021095881676,3
12019,6.038824768611728,6.776327733563306,0.7375029649515783,5
12020,6.021646256928276,6.776327733563306,0.7546814766350307,4
12021,6.004947838545538,6.776327733563306,0.7713798950177679,1
12022,6.022130047509661,6.776327733563306,0.7541976860536455,10
12023,6.022687696872063,6.776327733563306,0.7536400366912437,6
12024,5.989983298360482,6.056904851336473,0.066921552975991,2
12025,6.070921609508934,6.056904851336473,-0.014016758172461508,9
12026,6.021183530468573,6.056904851336473,0.03572132086789992,10
12027,6.029696385212348,6.056904851336473,0.027208466124124975,8
12028,6.004494350462993,6.056904851336473,0.05241050087347965,7
12029,6.04527200161885,6.056904851336473,0.011632849717623017,4
12030,6.022598794441705,6.056904851336473,0.034306056894767956,1
12031,6.036093157864121,6.056904851336473,0.020811693472351678,5
12032,6.062951080930418,6.056904851336473,-0.006046229593945185,6
12033,5.860888972986978,6.113943352306837,0.25305437931985875,9
12034,5.862986228869491,6.113943352306837,0.2509571234373462,4
12035,5.900155191520607,6.113943352306837,0.21378816078622975,8
12036,6.005156124605453,6.113943352306837,0.10878722770138438,6
12037,5.909049537343476,6.113943352306837,0.204893814963361,2
12038,5.9525814128325445,6.113943352306837,0.16136193947429245,5
12039,5.92135955236664,6.113943352306837,0.1925837999401967,3
12040,5.926730917781,6.113943352306837,0.18721243452583725,1
12041,5.9062698639281095,6.113943352306837,0.20767348837872746,7
12042,5.923465619112394,6.441176499941076,0.5177108808286812,10
12043,5.9224434209305254,6.441176499941076,0.5187330790105502,6
12044,5.947023448175434,6.441176499941076,0.4941530517656414,5
12045,5.988133559916023,6.441176499941076,0.4530429400250524,4
12046,5.940604665538333,6.441176499941076,0.5005718344027423,7
12047,5.9577707421742785,6.441176499941076,0.4834057577667972,8
12048,5.932713678227567,6.441176499941076,0.5084628217135085,2
12049,5.948264431348502,6.441176499941076,0.49291206859257386,3
12050,5.953536673882102,6.441176499941076,0.4876398260589738,9
12051,5.941781662022217,5.332438459915605,-0.6093432021066123,9
12052,5.946578606925694,5.332438459915605,-0.6141401470100893,5
12053,5.9080274441160805,5.332438459915605,-0.5755889842004756,10
12054,5.956463646347296,5.332438459915605,-0.624025186431691,8
12055,5.9158848680421885,5.332438459915605,-0.5834464081265835,6
12056,5.930948276540569,5.332438459915605,-0.598509816624964,3
12057,5.94100045586089,5.332438459915605,-0.6085619959452853,1
12058,5.986950793668059,5.332438459915605,-0.6545123337524537,4
12059,5.935293818526543,5.332438459915605,-0.6028553586109382,7
12060,5.949354156024671,5.710117365111817,-0.23923679091285432,5
12061,5.95547383540321,5.710117365111817,-0.2453564702913935,8
12062,5.943533387683321,5.710117365111817,-0.23341602257150473,3
12063,5.944387088370722,5.710117365111817,-0.2342697232589055,1
12064,5.991308786126973,5.710117365111817,-0.2811914210151567,4
12065,5.950115958769027,5.710117365111817,-0.23999859365721044,9
12066,5.935736517135483,5.710117365111817,-0.22561915202366656,7
12067,5.9204071787055295,5.710117365111817,-0.2102898135937128,10
12068,5.923604425673493,5.710117365111817,-0.21348706056167632,6
12069,5.937640088056228,6.008600171761918,0.07096008370568985,7
12070,5.95650761331118,6.008600171761918,0.052092558450738125,8
12071,5.946855126831619,6.008600171761918,0.061745044930298754,1
12072,5.949610574726729,6.008600171761918,0.0589895970351888,3
12073,5.933116953934346,6.008600171761918,0.07548321782757217,2
12074,5.949363312407777,6.008600171761918,0.059236859354141025,5
12075,5.923259049763643,6.008600171761918,0.08534112199827515,10
12076,5.931914108843874,6.008600171761918,0.0766860629180437,6
12077,5.953404716671315,6.008600171761918,0.05519545509060286,9
12078,5.934894658383311,5.552668216112194,-0.3822264422711177,2
12079,5.9672761412992745,5.552668216112194,-0.4146079251870809,10
12080,5.95534491730624,5.552668216112194,-0.4026767011940464,9
12081,5.993902576611342,5.552668216112194,-0.44123436049914844,7
12082,5.909210108827006,5.552668216112194,-0.3565418927148123,8
12083,5.9536570731861325,5.552668216112194,-0.40098885707393883,1
12084,5.975082657529207,5.552668216112194,-0.422414441417013,5
12085,5.961604258461038,5.552668216112194,-0.4089360423488442,3
12086,5.970614011911831,5.552668216112194,-0.4179457957996373,6
12087,5.535446879517906,5.093421685162235,-0.4420251943556712,8
12088,5.478825627204097,5.093421685162235,-0.38540394204186246,5
12089,5.7478159741867225,5.093421685162235,-0.6543942890244878,10
12090,5.563265682211738,5.093421685162235,-0.4698439970495034,1
12091,5.560891534206049,5.093421685162235,-0.4674698490438143,3
12092,5.502488399873517,5.093421685162235,-0.4090667147112823,6
12093,5.373760524281028,5.093421685162235,-0.28033883911879354,9
12094,5.472575261587987,5.093421685162235,-0.3791535764257521,7
12095,5.498981091907716,5.093421685162235,-0.4055594067454811,4
12096,5.902590754822711,4.6020599913279625,-1.3005307634947485,10
12097,5.913130594704119,4.6020599913279625,-1.311070603376156,7
12098,5.867077148299549,4.6020599913279625,-1.2650171569715862,2
12099,5.921553004548616,4.6020599913279625,-1.3194930132206535,6
12100,5.911588371791681,4.6020599913279625,-1.3095283804637186,1
12101,5.911811703704234,4.6020599913279625,-1.3097517123762712,5
12102,5.905941660127626,4.6020599913279625,-1.3038816687996633,8
12103,5.902405882098406,4.6020599913279625,-1.3003458907704433,9
12104,5.910067270859241,4.6020599913279625,-1.308007279531279,3
12105,6.10407165734557,5.895422546039408,-0.20864911130616193,2
12106,6.041773708666092,5.895422546039408,-0.1463511626266838,5
12107,6.018665709492576,5.895422546039408,-0.12324316345316788,9
12108,5.980928468547932,5.895422546039408,-0.08550592250852329,6
12109,6.107522513740322,5.895422546039408,-0.21209996770091344,10
12110,6.073811366819507,5.895422546039408,-0.178388820780099,7
12111,6.089524585918009,5.895422546039408,-0.19410203987860086,3
12112,6.094640814357641,5.895422546039408,-0.19921826831823264,1
12113,6.003330262924712,5.895422546039408,-0.10790771688530398,8
12114,6.145420731911995,6.100752969451338,-0.044667762460656846,5
12115,6.1653980206564345,6.100752969451338,-0.06464505120509667,7
12116,6.2722252209144065,6.100752969451338,-0.17147225146306866,10
12117,6.18438872597266,6.100752969451338,-0.08363575652132216,3
12118,6.2625198241047135,6.100752969451338,-0.1617668546533757,9
12119,6.264370951631723,6.100752969451338,-0.16361798218038537,8
12120,6.2816883633146565,6.100752969451338,-0.1809353938633187,2
12121,6.302957636762467,6.100752969451338,-0.20220466731112907,4
12122,6.283974024196022,6.100752969451338,-0.18322105474468398,1
12123,5.9470953491223835,6.0,0.05290465087761653,3
12124,5.965189907290842,6.0,0.034810092709157914,9
12125,5.975185508377809,6.0,0.02481449162219107,5
12126,5.986645563085592,6.0,0.013354436914408296,1
12127,5.941721317038289,6.0,0.05827868296171079,8
12128,6.024052939665434,6.0,-0.024052939665433648,6
12129,5.922511808506495,6.0,0.07748819149350528,10
12130,5.9519838924668305,6.0,0.04801610753316954,7
12131,6.000661770235913,6.0,-0.0006617702359132949,4
12132,5.9224116681194285,5.788875115775417,-0.13353655234401174,9
12133,5.969898089345543,5.788875115775417,-0.1810229735701263,4
12134,5.911199870719662,5.788875115775417,-0.12232475494424477,7
12135,5.90788249552051,5.788875115775417,-0.11900737974509301,10
12136,5.939859064736746,5.788875115775417,-0.15098394896132916,1
12137,5.984918151548744,5.788875115775417,-0.19604303577332693,6
12138,5.8751905870594126,5.788875115775417,-0.08631547128399575,8
12139,5.949593602260803,5.788875115775417,-0.16071848648538634,5
12140,5.900018499404053,5.788875115775417,-0.11114338362863663,3
12141,5.862986228869491,6.176091259055681,0.3131050301861906,4
12142,5.9525814128325445,6.176091259055681,0.22350984622313685,5
12143,5.926730917781,6.176091259055681,0.24936034127468165,1
12144,5.74773093577684,6.176091259055681,0.42836032327884155,10
12145,5.909049537343476,6.176091259055681,0.2670417217122054,2
12146,6.005156124605453,6.176091259055681,0.1709351344502288,6
12147,5.900155191520607,6.176091259055681,0.27593606753507416,8
12148,5.92135955236664,6.176091259055681,0.2547317066890411,3
12149,5.9062698639281095,6.176091259055681,0.26982139512757186,7
12150,5.4124461339032734,5.193124598354461,-0.21932153554881229,8
12151,5.503610126325176,5.193124598354461,-0.31048552797071505,3
12152,5.532114109339699,5.193124598354461,-0.3389895109852379,4
12153,5.531109323341976,5.193124598354461,-0.337984724987515,10
12154,5.497589136184904,5.193124598354461,-0.3044645378304427,5
12155,5.489083866243976,5.193124598354461,-0.2959592678895149,7
12156,5.508853551657316,5.193124598354461,-0.31572895330285444,6
12157,5.5342013472006535,5.193124598354461,-0.3410767488461923,9
12158,5.670074915564478,5.193124598354461,-0.4769503172100169,2
12159,5.958689096413359,5.051923916046107,-0.9067651803672518,7
12160,6.042542889890002,5.051923916046107,-0.9906189738438949,4
12161,5.958902581129308,5.051923916046107,-0.9069786650832015,5
12162,5.964276001819898,5.051923916046107,-0.912352085773791,6
12163,5.9500718316901535,5.051923916046107,-0.8981479156440466,3
12164,5.955189270091693,5.051923916046107,-0.9032653540455859,1
12165,5.965364652817556,5.051923916046107,-0.9134407367714488,8
12166,5.94026037852817,5.051923916046107,-0.8883364624820631,2
12167,5.9003837431196215,5.051923916046107,-0.8484598270735146,10
12168,5.780041728350133,5.756636108245848,-0.023405620104284708,2
12169,5.742485997305649,5.756636108245848,0.014150110940199134,9
12170,5.778202717533149,5.756636108245848,-0.021566609287300587,3
12171,5.799598749459535,5.756636108245848,-0.04296264121368676,7
12172,5.794496927151689,5.756636108245848,-0.03786081890584114,6
12173,5.830490229072482,5.756636108245848,-0.0738541208266339,5
12174,5.8057956173256615,5.756636108245848,-0.04915950907981337,4
12175,5.794910642752881,5.756636108245848,-0.038274534507032776,1
12176,5.789204069302782,5.756636108245848,-0.032567961056933825,10
12177,5.934321017406748,6.431363764158987,0.49704274675223914,10
12178,5.937127856007469,6.431363764158987,0.4942359081515182,8
12179,5.949901931835578,6.431363764158987,0.4814618323234088,3
12180,5.924599257724078,6.431363764158987,0.5067645064349087,2
12181,5.958561820134133,6.431363764158987,0.4728019440248543,1
12182,5.921437970936175,6.431363764158987,0.5099257932228118,7
12183,5.982342945513287,6.431363764158987,0.44902081864569965,4
12184,5.939061282549245,6.431363764158987,0.4923024816097419,9
12185,5.94554781849822,6.431363764158987,0.48581594566076713,5
12186,5.946072978345598,6.0,0.05392702165440166,4
12187,5.893549924897323,6.0,0.10645007510267668,2
12188,5.921163856743234,6.0,0.07883614325676636,5
12189,5.891157119981859,6.0,0.10884288001814113,10
12190,5.874128266729161,6.0,0.12587173327083878,7
12191,5.84762661143774,6.0,0.15237338856225957,3
12192,5.875331518149258,6.0,0.1246684818507422,8
12193,5.882269201787424,6.0,0.11773079821257593,1
12194,5.84843842356155,6.0,0.15156157643844992,6
12195,5.953659550591173,5.599883072073688,-0.35377647851748506,9
12196,5.95438168919413,5.599883072073688,-0.3544986171204423,1
12197,5.942708626284303,5.599883072073688,-0.34282555421061556,10
12198,5.953715535894175,5.599883072073688,-0.3538324638204875,3
12199,5.949311315673805,5.599883072073688,-0.3494282436001175,6
12200,5.969029271700342,5.599883072073688,-0.3691461996266545,8
12201,5.962461835220331,5.599883072073688,-0.3625787631466437,5
12202,6.0173611310106105,5.599883072073688,-0.4174780589369229,4
12203,5.9799670791028925,5.599883072073688,-0.38008400702920486,7
12204,5.943608520810182,5.716837723299524,-0.22677079751065765,1
12205,5.935912159393899,5.716837723299524,-0.21907443609437482,6
12206,5.940127601258688,5.716837723299524,-0.22328987795916344,3
12207,5.937746195164229,5.716837723299524,-0.2209084718647052,5
12208,5.90786940448049,5.716837723299524,-0.19103168118096558,2
12209,5.916538025923689,5.716837723299524,-0.19970030262416483,10
12210,5.963856732214497,5.716837723299524,-0.24701900891497264,7
12211,5.940850037766977,5.716837723299524,-0.22401231446745307,9
12212,5.969195402557164,5.716837723299524,-0.2523576792576394,8
12213,5.957103980807808,5.812913356642856,-0.14419062416495265,6
12214,5.941034437997879,5.812913356642856,-0.12812108135502331,10
12215,5.995604551191405,5.812913356642856,-0.18269119454854899,4
12216,5.951242353616271,5.812913356642856,-0.13832899697341539,5
12217,5.957920192710759,5.812913356642856,-0.14500683606790332,9
12218,5.979147154866121,5.812913356642856,-0.16623379822326534,7
12219,5.92640366369131,5.812913356642856,-0.11349030704845475,2
12220,5.956833821880346,5.812913356642856,-0.14392046523748991,3
12221,5.948723099163212,5.812913356642856,-0.13580974252035638,1
12222,6.6599665407927935,7.929418925714293,1.2694523849214994,1
12223,6.683522561464158,7.929418925714293,1.245896364250135,9
12224,6.686624884255967,7.929418925714293,1.2427940414583256,4
12225,6.742596303657897,7.929418925714293,1.186822622056396,6
12226,6.708289778836728,7.929418925714293,1.2211291468775647,5
12227,6.562978574641858,7.929418925714293,1.366440351072435,7
12228,6.704022148652001,7.929418925714293,1.2253967770622918,10
12229,6.628852516284887,7.929418925714293,1.3005664094294058,2
12230,6.806998307892518,7.929418925714293,1.122420617821775,3
12231,5.9258252194497665,5.862727528317975,-0.06309769113179176,10
12232,5.942060766191783,5.862727528317975,-0.07933323787380786,3
12233,5.954853392591598,5.862727528317975,-0.09212586427362357,8
12234,5.9981230122745055,5.862727528317975,-0.13539548395653078,4
12235,5.949336455854898,5.862727528317975,-0.08660892753692284,5
12236,5.953343345100336,5.862727528317975,-0.09061581678236141,1
12237,5.938590911398768,5.862727528317975,-0.07586338308079288,7
12238,5.932648459942678,5.862727528317975,-0.06992093162470336,2
12239,5.9378119668973355,5.862727528317975,-0.07508443857936076,6
12240,5.417273735170248,5.079181246047625,-0.3380924891226229,4
12241,5.4504841470863745,5.079181246047625,-0.3713029010387494,5
12242,5.668368224952891,5.079181246047625,-0.589186978905266,9
12243,5.341449371562367,5.079181246047625,-0.2622681255147423,2
12244,5.398209561525944,5.079181246047625,-0.31902831547831845,8
12245,5.278325298501252,5.079181246047625,-0.19914405245362676,1
12246,5.281786637059799,5.079181246047625,-0.2026053910121739,10
12247,5.202658681177626,5.079181246047625,-0.12347743513000076,6
12248,5.34935929233443,5.079181246047625,-0.2701780462868051,3
12249,5.696041610262186,5.278753600952829,-0.41728800930935694,10
12250,5.623909689837956,5.278753600952829,-0.34515608888512705,2
12251,5.6545839175381385,5.278753600952829,-0.37583031658530963,5
12252,5.64599796419505,5.278753600952829,-0.36724436324222154,7
12253,5.640613407295628,5.278753600952829,-0.3618598063427996,6
12254,5.617739637650593,5.278753600952829,-0.33898603669776417,1
12255,5.701563800562018,5.278753600952829,-0.42281019960918886,3
12256,5.606864246557609,5.278753600952829,-0.32811064560478,4
12257,5.731568013301515,5.278753600952829,-0.4528144123486859,9
12258,5.922379835854611,6.017033339298781,0.09465350344417,2
12259,5.944947319473478,6.017033339298781,0.07208601982530283,8
12260,5.9236874486839755,6.017033339298781,0.09334589061480525,7
12261,5.935826053726782,6.017033339298781,0.08120728557199897,10
12262,5.964279310861567,6.017033339298781,0.05275402843721366,4
12263,5.878952357505614,6.017033339298781,0.1380809817931663,6
12264,5.948013085813892,6.017033339298781,0.06902025348488827,1
12265,5.942947067707009,6.017033339298781,0.07408627159177161,5
12266,5.941593197650476,6.017033339298781,0.07544014164830504,9
12267,5.884645816107082,5.176091259055681,-0.7085545570514009,4
12268,5.9188235310201245,5.176091259055681,-0.7427322719644431,9
12269,5.892674951285593,5.176091259055681,-0.7165836922299116,8
12270,5.852155638555035,5.176091259055681,-0.6760643794993539,6
12271,5.854519941480406,5.176091259055681,-0.678428682424725,1
12272,5.87861891015683,5.176091259055681,-0.7025276511011489,2
12273,5.878531243351706,5.176091259055681,-0.7024399842960243,5
12274,5.846541829482296,5.176091259055681,-0.670450570426615,7
12275,5.873676520608686,5.176091259055681,-0.6975852615530043,3
12276,5.79909926829712,6.079181246047625,0.2800819777505055,4
12277,5.730536798150836,6.079181246047625,0.34864444789678917,8
12278,5.781295289541876,6.079181246047625,0.2978859565057492,7
12279,5.796003789378933,6.079181246047625,0.28317745666869243,5
12280,5.776821363240348,6.079181246047625,0.3023598828072771,6
12281,5.731037134270193,6.079181246047625,0.3481441117774322,2
12282,5.852636604465078,6.079181246047625,0.22654464158254672,9
12283,5.776569095514349,6.079181246047625,0.3026121505332764,1
12284,5.691471939427519,6.079181246047625,0.3877093066201063,10
12285,6.324700045240893,6.079181246047625,-0.2455187991932677,1
12286,6.3752532825022605,6.079181246047625,-0.2960720364546354,7
12287,6.317333215122561,6.079181246047625,-0.23815196907493608,9
12288,6.322518534326239,6.079181246047625,-0.24333728827861378,10
12289,6.355002721657389,6.079181246047625,-0.27582147560976367,2
12290,6.353532174814887,6.079181246047625,-0.2743509287672623,5
12291,6.423306176729054,6.079181246047625,-0.3441249306814287,4
12292,6.271443213984531,6.079181246047625,-0.19226196793690598,3
12293,6.1581065088834475,6.079181246047625,-0.07892526283582235,8
12294,5.610555138913355,5.121559844187501,-0.48899529472585446,2
12295,5.72228988030486,5.121559844187501,-0.6007300361173593,10
12296,5.702084260636908,5.121559844187501,-0.580524416449407,3
12297,5.641307468582223,5.121559844187501,-0.5197476243947223,6
12298,5.701341049205728,5.121559844187501,-0.5797812050182269,1
12299,5.539365594121006,5.121559844187501,-0.41780574993350506,9
12300,5.683073865098481,5.121559844187501,-0.5615140209109803,8
12301,5.705492451111147,5.121559844187501,-0.5839326069236463,7
12302,5.669356077255536,5.121559844187501,-0.547796233068035,4
12303,5.626718879604399,4.912275210498812,-0.7144436691055871,9
12304,5.643522963079738,4.912275210498812,-0.7312477525809253,4
12305,5.602299679906509,4.912275210498812,-0.6900244694076969,5
12306,5.612887675330987,4.912275210498812,-0.700612464832175,3
12307,5.719493518200473,4.912275210498812,-0.8072183077016604,8
12308,5.551165937055114,4.912275210498812,-0.6388907265563013,1
12309,5.675154858335467,4.912275210498812,-0.7628796478366544,6
12310,5.603357656085097,4.912275210498812,-0.691082445586285,2
12311,5.573492540211378,4.912275210498812,-0.6612173297125654,7
12312,5.951070310416616,6.218272853571447,0.2672025431548315,4
12313,5.928453060080722,6.218272853571447,0.2898197934907252,6
12314,5.947734046336268,6.218272853571447,0.2705388072351793,9
12315,5.920256866018445,6.218272853571447,0.2980159875530024,5
12316,5.917303112880262,6.218272853571447,0.3009697406911851,2
12317,5.948833836081153,6.218272853571447,0.26943901749029386,1
12318,5.91700032268631,6.218272853571447,0.3012725308851367,10
12319,5.963314458209941,6.218272853571447,0.25495839536150644,8
12320,5.905986602949777,6.218272853571447,0.31228625062167037,7
12321,5.78572383526284,5.700617195682057,-0.08510663958078357,6
12322,5.823859036709127,5.700617195682057,-0.12324184102707036,8
12323,5.784984354280934,5.700617195682057,-0.08436715859887745,5
12324,5.780836709972388,5.700617195682057,-0.0802195142903317,7
12325,5.79227215353402,5.700617195682057,-0.0916549578519632,4
12326,5.840174973666958,5.700617195682057,-0.13955777798490132,9
12327,5.83014546386394,5.700617195682057,-0.12952826818188345,3
12328,5.8684997158715575,5.700617195682057,-0.1678825201895009,1
12329,5.7929843724879815,5.700617195682057,-0.09236717680592488,2
12330,5.986625889478365,6.924279286061882,0.9376533965835172,1
12331,5.991206235381252,6.924279286061882,0.9330730506806297,9
12332,6.01126751823357,6.924279286061882,0.9130117678283121,4
12333,6.012904837790746,6.924279286061882,0.9113744482711361,10
12334,5.994617013182304,6.924279286061882,0.929662272879578,6
12335,5.985311721587679,6.924279286061882,0.9389675644742033,7
12336,6.021985440641077,6.924279286061882,0.9022938454208047,8
12337,5.9611928213503464,6.924279286061882,0.9630864647115356,2
12338,6.00300291151847,6.924279286061882,0.921276374543412,5
12339,5.9616391126509924,6.134495855834674,0.17285674318368116,5
12340,5.922527143611026,6.134495855834674,0.21196871222364777,3
12341,5.950715090299131,6.134495855834674,0.183780765535543,1
12342,5.952696907362598,6.134495855834674,0.18179894847207567,8
12343,5.928915364273297,6.134495855834674,0.2055804915613768,7
12344,5.943448785273311,6.134495855834674,0.19104707056136228,6
12345,5.923743212027798,6.134495855834674,0.21075264380687564,10
12346,5.942702297318288,6.134495855834674,0.1917935585163857,2
12347,5.983796590581992,6.134495855834674,0.1506992652526815,4
12348,6.0061187233972335,6.509202522331103,0.5030837989338695,4
12349,5.958498694114537,6.509202522331103,0.5507038282165659,8
12350,5.981381068199423,6.509202522331103,0.5278214541316801,10
12351,5.993517177633675,6.509202522331103,0.5156853446974283,2
12352,5.9815537450999985,6.509202522331103,0.5276487772311045,7
12353,5.995395930345894,6.509202522331103,0.5138065919852091,1
12354,5.979828263108885,6.509202522331103,0.5293742592222177,5
12355,5.959716295490648,6.509202522331103,0.5494862268404548,6
12356,5.960679475917902,6.509202522331103,0.5485230464132007,3
12357,6.018194260212653,6.590507462008583,0.5723132017959305,9
12358,6.018169789355848,6.590507462008583,0.5723376726527354,4
12359,6.004273554036763,6.590507462008583,0.5862339079718204,8
12360,6.0333392078607915,6.590507462008583,0.5571682541477916,6
12361,6.003819187845189,6.590507462008583,0.5866882741633939,7
12362,5.991548805177308,6.590507462008583,0.5989586568312752,1
12363,5.969616445584439,6.590507462008583,0.6208910164241441,2
12364,6.012983862885956,6.590507462008583,0.5775235991226273,5
12365,5.98801824620667,6.590507462008583,0.6024892158019135,10
12366,5.991373586758882,5.758911892397974,-0.23246169436090813,4
12367,5.949363312407777,5.758911892397974,-0.1904514200098033,5
12368,5.937640088056228,5.758911892397974,-0.17872819565825449,7
12369,5.923259049763643,5.758911892397974,-0.16434715736566918,10
12370,5.949610574726729,5.758911892397974,-0.19069868232875553,3
12371,5.946855126831619,5.758911892397974,-0.18794323443364558,1
12372,5.95650761331118,5.758911892397974,-0.1975957209132062,8
12373,5.931914108843874,5.758911892397974,-0.17300221644590064,6
12374,5.933116953934346,5.758911892397974,-0.17420506153637216,2
12375,5.967715547004388,6.079181246047625,0.11146569904323744,4
12376,5.889117361301804,6.079181246047625,0.19006388474582092,10
12377,5.9422936608413774,6.079181246047625,0.13688758520624766,5
12378,5.918882773139829,6.079181246047625,0.16029847290779653,9
12379,5.944346733321272,6.079181246047625,0.1348345127263535,2
12380,5.907114408851873,6.079181246047625,0.1720668371957519,3
12381,5.9425997984726795,6.079181246047625,0.1365814475749456,1
12382,5.915277101632608,6.079181246047625,0.16390414441501733,7
12383,6.000190271121169,6.079181246047625,0.07899097492645613,6
12384,5.955791849466941,6.7626785637274365,0.8068867142604956,9
12385,5.9616391126509924,6.7626785637274365,0.801039451076444,5
12386,5.943448785273311,6.7626785637274365,0.8192297784541251,6
12387,5.922527143611026,6.7626785637274365,0.8401514201164106,3
12388,5.983796590581992,6.7626785637274365,0.7788819731454444,4
12389,5.923743212027798,6.7626785637274365,0.8389353516996385,10
12390,5.952696907362598,6.7626785637274365,0.8099816563648385,8
12391,5.942702297318288,6.7626785637274365,0.8199762664091486,2
12392,5.950715090299131,6.7626785637274365,0.8119634734283059,1
12393,5.78865825790894,5.86391737695786,0.07525911904892002,7
12394,5.827485818544362,5.86391737695786,0.03643155841349799,3
12395,5.792559789283671,5.86391737695786,0.0713575876741892,6
12396,5.822158494150198,5.86391737695786,0.04175888280766227,2
12397,5.814207987472002,5.86391737695786,0.04970938948585868,9
12398,5.8353821736025875,5.86391737695786,0.02853520335527282,8
12399,5.805142221604808,5.86391737695786,0.058775155353052,5
12400,5.820805396638283,5.86391737695786,0.04311198031957719,10
12401,5.7885614913072345,5.86391737695786,0.07535588565062579,4
12402,5.923913811704083,5.342422680822207,-0.5814911308818766,2
12403,5.909444737154879,5.342422680822207,-0.5670220563326724,3
12404,6.011846867778371,5.342422680822207,-0.6694241869561646,8
12405,5.9813210196309345,5.342422680822207,-0.6388983388087279,5
12406,6.012542679159402,5.342422680822207,-0.6701199983371957,4
12407,5.955831623712843,5.342422680822207,-0.6134089428906364,6
12408,5.96470129661638,5.342422680822207,-0.6222786157941735,9
12409,5.9183326337455595,5.342422680822207,-0.5759099529233529,7
12410,6.022313295630802,5.342422680822207,-0.6798906148085955,10
12411,5.971977083891175,6.033423755486949,0.06144667159577466,9
12412,5.958062830062231,6.033423755486949,0.07536092542471806,4
12413,5.985083820905612,6.033423755486949,0.04833993458133712,6
12414,5.919706406678301,6.033423755486949,0.11371734880864803,2
12415,5.954345202405149,6.033423755486949,0.07907855308180078,3
12416,5.965443006956563,6.033423755486949,0.06798074853038649,8
12417,5.949449661462211,6.033423755486949,0.08397409402473865,5
12418,5.940702102648222,6.033423755486949,0.09272165283872713,7
12419,5.948193762391838,6.033423755486949,0.08522999309511103,10
12420,5.799322878182586,5.518513939877887,-0.2808089383046992,10
12421,5.774711151255588,5.518513939877887,-0.25619721137770135,2
12422,5.73771354474431,5.518513939877887,-0.21919960486642331,5
12423,5.722624710621732,5.518513939877887,-0.20411077074384476,4
12424,5.73956806933627,5.518513939877887,-0.2210541294583832,6
12425,5.800790435992192,5.518513939877887,-0.2822764961143047,8
12426,5.8036714990173595,5.518513939877887,-0.2851575591394724,1
12427,5.770337014817169,5.518513939877887,-0.25182307493928224,7
12428,5.727564251443637,5.518513939877887,-0.2090503115657496,9
12429,5.887961305829071,7.041392685158225,1.1534313793291542,1
12430,5.8571012228409804,7.041392685158225,1.184291462317245,6
12431,5.882576279054925,7.041392685158225,1.1588164061033002,2
12432,5.901466082551251,7.041392685158225,1.139926602606974,5
12433,5.874633023483187,7.041392685158225,1.1667596616750382,9
12434,5.858689139827799,7.041392685158225,1.1827035453304262,8
12435,5.859317462395276,7.041392685158225,1.1820752227629496,7
12436,5.883431613682479,7.041392685158225,1.1579610714757465,3
12437,5.8835506338028996,7.041392685158225,1.1578420513553258,10
12438,5.735582731161694,4.678518379040114,-1.0570643521215795,3
12439,5.812829628940517,4.678518379040114,-1.1343112499004029,1
12440,5.697944401575824,4.678518379040114,-1.0194260225357095,6
12441,5.70963624125263,4.678518379040114,-1.0311178622125157,2
12442,5.67556801474045,4.678518379040114,-0.9970496357003356,5
12443,5.724119069228072,4.678518379040114,-1.0456006901879578,8
12444,5.69190797362871,4.678518379040114,-1.0133895945885953,7
12445,5.736568434292095,4.678518379040114,-1.0580500552519805,10
12446,5.650047387685337,4.678518379040114,-0.9715290086452226,4
12447,5.801501829434578,6.066773037085025,0.2652712076504473,10
12448,5.767978956897788,6.066773037085025,0.2987940801872373,7
12449,5.7344868383241066,6.066773037085025,0.3322861987609187,5
12450,5.771284372957762,6.066773037085025,0.29548866412726316,2
12451,5.734560264212636,6.066773037085025,0.3322127728723894,6
12452,5.783536150667028,6.066773037085025,0.28323688641799727,3
12453,5.8022627886947555,6.066773037085025,0.2645102483902697,8
12454,5.7085587476517095,6.066773037085025,0.3582142894333158,4
12455,5.8072812780014385,6.066773037085025,0.2594917590835868,1
12456,5.939463078753075,5.899820502427096,-0.03964257632597867,8
12457,5.942910022738154,5.899820502427096,-0.043089520311057505,5
12458,5.9167793516220435,5.899820502427096,-0.016958849194947057,3
12459,5.960381496005215,5.899820502427096,-0.06056099357811817,1
12460,5.926127935191712,5.899820502427096,-0.026307432764615335,10
12461,5.936654434434062,5.899820502427096,-0.0368339320069655,6
12462,5.931564524479799,5.899820502427096,-0.03174402205270255,2
12463,5.9640942676976625,5.899820502427096,-0.06427376527056605,4
12464,5.964572924987447,5.899820502427096,-0.06475242256035063,9
12465,5.769958329154569,7.429752280002408,1.6597939508478383,4
12466,5.770630584144664,7.429752280002408,1.6591216958577437,6
12467,5.791996718285203,7.429752280002408,1.6377555617172046,5
12468,5.846480622984258,7.429752280002408,1.58327165701815,1
12469,5.800360529251193,7.429752280002408,1.629391750751215,8
12470,5.809971254234194,7.429752280002408,1.619781025768214,3
12471,5.967232854030468,7.429752280002408,1.4625194259719398,10
12472,5.739834990351259,7.429752280002408,1.6899172896511487,7
12473,5.757404660845801,7.429752280002408,1.6723476191566062,9
12474,6.019255087866535,6.612783856719736,0.5935287688532016,10
12475,6.018947106906681,6.612783856719736,0.5938367498130557,6
12476,5.839850634220824,6.612783856719736,0.7729332224989127,5
12477,6.103582825512473,6.612783856719736,0.5092010312072635,1
12478,6.086031188678931,6.612783856719736,0.526752668040805,8
12479,5.800488009860445,6.612783856719736,0.8122958468592909,3
12480,6.01187913790444,6.612783856719736,0.6009047188152961,7
12481,6.06159652881777,6.612783856719736,0.5511873279019666,2
12482,6.064832981698309,6.612783856719736,0.547950875021427,9
12483,6.018071384769607,6.503790683057181,0.48571929828757376,6
12484,6.042043545327106,6.503790683057181,0.46174713773007525,9
12485,5.86671984601511,6.503790683057181,0.6370708370420708,4
12486,5.928089722890752,6.503790683057181,0.5757009601664294,5
12487,6.009910568565515,6.503790683057181,0.4938801144916658,2
12488,5.968026714429633,6.503790683057181,0.5357639686275482,1
12489,6.043135986084565,6.503790683057181,0.4606546969726164,8
12490,5.982442359953105,6.503790683057181,0.5213483231040756,7
12491,5.9194917334561135,6.503790683057181,0.5842989496010675,10
12492,5.9059543158488665,5.240798771117332,-0.6651555447315349,5
12493,5.949425765044075,5.240798771117332,-0.7086269939267433,8
12494,5.939347919319635,5.240798771117332,-0.6985491482023036,7
12495,5.980538936517028,5.240798771117332,-0.739740165399696,9
12496,6.019741940400707,5.240798771117332,-0.7789431692833757,2
12497,5.911585110923957,5.240798771117332,-0.6707863398066252,4
12498,5.951260744966256,5.240798771117332,-0.7104619738489246,1
12499,5.965507262700195,5.240798771117332,-0.724708491582863,6
12500,5.940905829663868,5.240798771117332,-0.7001070585465365,10
12501,6.24815326489137,5.968482948553935,-0.2796703163374348,3
12502,6.248195323083031,5.968482948553935,-0.2797123745290966,8
12503,6.229184706224996,5.968482948553935,-0.2607017576710611,4
12504,6.164234426763036,5.968482948553935,-0.19575147820910122,5
12505,6.179264375896257,5.968482948553935,-0.2107814273423223,9
12506,6.24672604813335,5.968482948553935,-0.2782430995794156,10
12507,6.252225327356574,5.968482948553935,-0.2837423788026392,6
12508,6.2876715433980515,5.968482948553935,-0.31918859484411666,1
12509,6.255257368019071,5.968482948553935,-0.2867744194651358,7
12510,6.216772104486859,6.05307844348342,-0.16369366100343896,8
12511,6.18695777233404,6.05307844348342,-0.13387932885061993,9
12512,6.251177294011505,6.05307844348342,-0.19809885052808518,1
12513,6.257884100537837,6.05307844348342,-0.20480565705441744,2
12514,6.190567645647023,6.05307844348342,-0.13748920216360272,7
12515,6.133415454219073,6.05307844348342,-0.08033701073565336,5
12516,6.224279967049947,6.05307844348342,-0.17120152356652696,4
12517,6.229353945092183,6.05307844348342,-0.17627550160876293,6
12518,6.2750747992442,6.05307844348342,-0.2219963557607798,3
12519,5.43880953727466,6.008600171761918,0.5697906344872576,2
12520,5.357058817318002,6.008600171761918,0.6515413544439159,5
12521,5.197644259952681,6.008600171761918,0.8109559118092369,7
12522,5.394049206141431,6.008600171761918,0.614550965620487,6
12523,5.52619158389831,6.008600171761918,0.48240858786360796,1
12524,5.400662305957241,6.008600171761918,0.6079378658046766,10
12525,5.375098794043935,6.008600171761918,0.633501377717983,9
12526,5.192285101369524,6.008600171761918,0.8163150703923936,4
12527,5.269326213844494,6.008600171761918,0.7392739579174243,8
12528,5.8184604692243465,4.954242509439325,-0.8642179597850213,2
12529,5.816535421331711,4.954242509439325,-0.8622929118923857,8
12530,5.777618713321341,4.954242509439325,-0.8233762038820158,5
12531,5.76047785231721,4.954242509439325,-0.8062353428778852,9
12532,5.571470597234554,4.954242509439325,-0.6172280877952288,10
12533,5.780660528512413,4.954242509439325,-0.8264180190730874,6
12534,5.8473422233179715,4.954242509439325,-0.8930997138786463,7
12535,5.810637044132752,4.954242509439325,-0.8563945346934272,3
12536,5.79015340508378,4.954242509439325,-0.8359108956444548,4
12537,6.4133972238551324,6.770115294787102,0.3567180709319695,7
12538,6.436257386275624,6.770115294787102,0.3338579085114777,6
12539,6.476613333827632,6.770115294787102,0.29350196095947023,8
12540,6.437829654937385,6.770115294787102,0.33228563984971693,3
12541,6.487873577311046,6.770115294787102,0.2822417174760563,4
12542,6.424129558928143,6.770115294787102,0.3459857358589593,5
12543,6.511261060573529,6.770115294787102,0.25885423421357334,2
12544,6.402985705405766,6.770115294787102,0.367129589381336,10
12545,6.514991495994915,6.770115294787102,0.2551237987921873,1
12546,6.621541049574782,6.418301291319746,-0.20323975825503648,5
12547,6.805104790915091,6.418301291319746,-0.3868034995953451,10
12548,6.713840561782764,6.418301291319746,-0.295539270463018,4
12549,6.823846192058603,6.418301291319746,-0.4055449007388576,8
12550,6.762972401223169,6.418301291319746,-0.3446711099034232,6
12551,6.77539023229059,6.418301291319746,-0.3570889409708444,9
12552,6.879348673332448,6.418301291319746,-0.4610473820127021,2
12553,6.801106193033503,6.418301291319746,-0.38280490171375714,1
12554,6.7118078580421185,6.418301291319746,-0.29350656672237285,3
12555,6.4081871871174165,7.0220157398177205,0.613828552700304,10
12556,6.527659558422357,7.0220157398177205,0.4943561813953634,2
12557,6.472375637856322,7.0220157398177205,0.5496401019613986,7
12558,6.614356106642313,7.0220157398177205,0.4076596331754079,9
12559,6.512782153828007,7.0220157398177205,0.5092335859897137,8
12560,6.404713417233906,7.0220157398177205,0.6173023225838143,4
12561,6.5261032625203566,7.0220157398177205,0.495912477297364,6
12562,6.549486428817489,7.0220157398177205,0.47252931100023154,1
12563,6.372798037132943,7.0220157398177205,0.6492177026847772,3
12564,2.7702261363635277,1.9242792860618816,-0.8459468503016461,5
12565,2.8785841952201157,1.9242792860618816,-0.9543049091582341,6
12566,3.061054992395662,1.9242792860618816,-1.1367757063337804,2
12567,2.6800368965172567,1.9242792860618816,-0.7557576104553752,1
12568,2.9097519671905214,1.9242792860618816,-0.9854726811286398,7
12569,2.5627694111049726,1.9242792860618816,-0.638490125043091,9
12570,2.585192929856811,1.9242792860618816,-0.6609136437949292,8
12571,2.63131504159806,1.9242792860618816,-0.7070357555361784,4
12572,2.7448245951464334,1.9242792860618816,-0.8205453090845518,3
12573,4.683794366990637,4.550228353055094,-0.13356601393554257,3
12574,4.840681742184004,4.550228353055094,-0.29045338912890983,8
12575,4.885956066278442,4.550228353055094,-0.3357277132233474,4
12576,4.873251159163409,4.550228353055094,-0.32302280610831513,2
12577,4.816868060799811,4.550228353055094,-0.2666397077447167,6
12578,4.73208746938191,4.550228353055094,-0.18185911632681595,7
12579,4.704472690543817,4.550228353055094,-0.15424433748872257,1
12580,4.901236820816485,4.550228353055094,-0.3510084677613907,10
12581,4.874638339755276,4.550228353055094,-0.3244099867001822,5
12582,5.288515250823881,6.354621218722914,1.0661059678990332,2
12583,5.326817750077514,6.354621218722914,1.0278034686454003,5
12584,5.373089316451493,6.354621218722914,0.9815319022714215,9
12585,5.320768053570921,6.354621218722914,1.033853165151993,3
12586,5.3293067391899305,6.354621218722914,1.0253144795329838,4
12587,5.4217495609890465,6.354621218722914,0.9328716577338678,6
12588,5.298025157580855,6.354621218722914,1.0565960611420593,7
12589,5.322927821148906,6.354621218722914,1.0316933975740081,1
12590,5.2963634136849365,6.354621218722914,1.0582578050379778,10
12591,5.515086656225262,5.856227259455358,0.3411406032300963,3
12592,5.55434948124996,5.856227259455358,0.3018777782053981,10
12593,5.685592402264291,5.856227259455358,0.1706348571910672,7
12594,5.572632079066284,5.856227259455358,0.2835951803890744,1
12595,5.5844509662098645,5.856227259455358,0.2717762932454937,6
12596,5.502197368534209,5.856227259455358,0.354029890921149,9
12597,5.598955601344594,5.856227259455358,0.25727165811076436,4
12598,5.530434895395374,5.856227259455358,0.3257923640599838,5
12599,5.5549662258797845,5.856227259455358,0.30126103357557366,8
12600,5.879940204355801,6.052936217579409,0.17299601322360747,1
12601,5.848713157959544,6.052936217579409,0.20422305961986442,5
12602,5.668683906404125,6.052936217579409,0.3842523111752838,3
12603,5.803991617700273,6.052936217579409,0.24894459987913553,8
12604,5.881929630430868,6.052936217579409,0.17100658714854067,4
12605,5.9058007186037,6.052936217579409,0.14713549897570832,6
12606,5.906213478349241,6.052936217579409,0.14672273923016732,2
12607,5.943794336545408,6.052936217579409,0.10914188103400058,10
12608,5.851732428998473,6.052936217579409,0.20120378858093524,7
12609,5.5600792647298825,6.431363764158987,0.8712844994291045,6
12610,5.654808220655999,6.431363764158987,0.7765555435029876,5
12611,5.7475656566889635,6.431363764158987,0.6837981074700235,4
12612,5.709299882687711,6.431363764158987,0.7220638814712759,1
12613,5.744559559173738,6.431363764158987,0.6868042049852487,7
12614,5.8478565289599365,6.431363764158987,0.5835072351990505,10
12615,5.684241812580081,6.431363764158987,0.7471219515789063,2
12616,5.7000381995884855,6.431363764158987,0.7313255645705015,8
12617,5.711642192044995,6.431363764158987,0.7197215721139916,3
12618,4.599138860732328,3.982723387668545,-0.6164154730637832,1
12619,4.815420790539875,3.982723387668545,-0.8326974028713301,10
12620,4.718313445436306,3.982723387668545,-0.735590057767761,5
12621,4.717239630733234,3.982723387668545,-0.734516243064689,6
12622,4.701725273533347,3.982723387668545,-0.719001885864802,3
12623,4.67515715392878,3.982723387668545,-0.6924337662602356,4
12624,4.618667354667068,3.982723387668545,-0.6359439669985227,9
12625,4.593122912942122,3.982723387668545,-0.6103995252735772,8
12626,4.711381206180362,3.982723387668545,-0.7286578185118171,7
12627,4.287303362782988,3.4471580313422194,-0.8401453314407688,5
12628,4.323851556805987,3.4471580313422194,-0.876693525463768,10
12629,4.264933532883464,3.4471580313422194,-0.8177755015412442,6
12630,4.273620977522877,3.4471580313422194,-0.8264629461806576,4
12631,4.346692985557717,3.4471580313422194,-0.8995349542154978,2
12632,4.246553347794756,3.4471580313422194,-0.7993953164525367,1
12633,4.27125450445945,3.4471580313422194,-0.8240964731172307,8
12634,4.337612964477155,3.4471580313422194,-0.8904549331349356,9
12635,4.236904893285316,3.4471580313422194,-0.7897468619430965,3
12636,5.523432948402485,6.563836918664545,1.0404039702620596,4
12637,5.459371897951723,6.563836918664545,1.104465020712822,1
12638,5.758333221787195,6.563836918664545,0.8055036968773495,2
12639,5.526226987629937,6.563836918664545,1.0376099310346074,10
12640,5.562522403457364,6.563836918664545,1.0013145152071807,3
12641,5.227958728168179,6.563836918664545,1.3358781904963655,8
12642,5.4715048129930075,6.563836918664545,1.0923321056715372,5
12643,5.459435544791032,6.563836918664545,1.1044013738735128,6
12644,5.509974507073195,6.563836918664545,1.05386241159135,9
12645,4.1651774283592395,2.812913356642856,-1.3522640717163834,10
12646,4.093287697237717,2.812913356642856,-1.2803743405948604,6
12647,4.148476185617157,2.812913356642856,-1.3355628289743007,8
12648,4.041875252863178,2.812913356642856,-1.2289618962203215,3
12649,3.875849040924061,2.812913356642856,-1.062935684281205,7
12650,4.105687847971994,2.812913356642856,-1.2927744913291375,4
12651,4.072364318337609,2.812913356642856,-1.259450961694753,1
12652,4.210194886856074,2.812913356642856,-1.3972815302132182,9
12653,4.163696020825312,2.812913356642856,-1.3507826641824559,5
12654,3.8746641837554785,3.0791812460476247,-0.7954829377078538,3
12655,4.02677310706657,3.0791812460476247,-0.9475918610189455,7
12656,3.918405200849713,3.0791812460476247,-0.8392239548020886,10
12657,3.9299664030101265,3.0791812460476247,-0.8507851569625018,1
12658,4.047427535296037,3.0791812460476247,-0.968246289248412,4
12659,3.989803405230351,3.0791812460476247,-0.9106221591827262,9
12660,3.842560312622163,3.0791812460476247,-0.7633790665745384,6
12661,3.975542890478542,3.0791812460476247,-0.8963616444309173,5
12662,4.009431279649848,3.0791812460476247,-0.9302500336022237,2
12663,5.2336786669117545,5.556302500767287,0.3226238338555323,7
12664,5.157941351932762,5.556302500767287,0.39836114883452467,9
12665,5.1302794282145445,5.556302500767287,0.4260230725527423,1
12666,5.228587010086281,5.556302500767287,0.3277154906810056,10
12667,5.158862849606912,5.556302500767287,0.39743965116037483,2
12668,5.210210220226469,5.556302500767287,0.34609228054081775,6
12669,5.143324686616292,5.556302500767287,0.4129778141509952,8
12670,5.24594205349242,5.556302500767287,0.3103604472748671,4
12671,5.104368665920462,5.556302500767287,0.4519338348468249,3
12672,4.032226489355593,4.334855689617291,0.3026292002616984,6
12673,4.025109214071919,4.334855689617291,0.3097464755453725,8
12674,4.086256378023729,4.334855689617291,0.24859931159356208,2
12675,4.179684926620626,4.334855689617291,0.155170762996665,3
12676,4.193180269031734,4.334855689617291,0.1416754205855577,7
12677,4.080779189742841,4.334855689617291,0.2540764998744507,5
12678,4.010421072641872,4.334855689617291,0.3244346169754193,10
12679,3.940436629764828,4.334855689617291,0.3944190598524635,4
12680,4.154048187316335,4.334855689617291,0.1808075023009561,1
12681,3.537222404929432,4.698970004336019,1.1617475994065867,8
12682,3.6509923613277193,4.698970004336019,1.0479776430082994,6
12683,3.4416250142943796,4.698970004336019,1.2573449900416391,5
12684,3.71250055582816,4.698970004336019,0.9864694485078589,2
12685,3.6059405091902765,4.698970004336019,1.0930294951457422,4
12686,3.506800894433183,4.698970004336019,1.1921691099028355,3
12687,3.727097068526588,4.698970004336019,0.9718729358094307,10
12688,3.4500541521773456,4.698970004336019,1.2489158521586732,1
12689,3.527338027187534,4.698970004336019,1.1716319771484849,7
12690,3.659975925711383,3.187520720836463,-0.47245520487491977,4
12691,3.716447852751701,3.187520720836463,-0.5289271319152378,3
12692,3.736987945292835,3.187520720836463,-0.5494672244563721,6
12693,3.697440217747712,3.187520720836463,-0.509919496911249,8
12694,3.5942272322786435,3.187520720836463,-0.4067065114421804,7
12695,3.7579962520981947,3.187520720836463,-0.5704755312617316,5
12696,3.8338282200302154,3.187520720836463,-0.6463074991937523,2
12697,3.7503776021328705,3.187520720836463,-0.5628568812964074,1
12698,3.6336539750757413,3.187520720836463,-0.4461332542392782,10
12699,5.125673745546241,4.167317334748176,-0.9583564107980651,9
12700,5.1972796702845425,4.167317334748176,-1.029962335536367,5
12701,5.3928472649378305,4.167317334748176,-1.225529930189655,1
12702,5.341767568087493,4.167317334748176,-1.1744502333393179,8
12703,5.272954239767157,4.167317334748176,-1.1056369050189812,6
12704,5.345138641109793,4.167317334748176,-1.1778213063616176,2
12705,5.316191559282118,4.167317334748176,-1.1488742245339427,3
12706,5.2979076822843805,4.167317334748176,-1.130590347536205,7
12707,5.3411366216468545,4.167317334748176,-1.173819286898679,4
12708,3.5537547797785756,3.679427896612119,0.12567311683354365,9
12709,3.5200632615961625,3.679427896612119,0.15936463501595677,4
12710,3.5696450841494443,3.679427896612119,0.10978281246267496,10
12711,3.5713743120317827,3.679427896612119,0.10805358458033654,2
12712,3.6219988180408738,3.679427896612119,0.05742907857124546,6
12713,3.5796332725912223,3.679427896612119,0.0997946240208969,3
12714,3.5667560576360433,3.679427896612119,0.11267183897607591,5
12715,3.5975251939534214,3.679427896612119,0.08190270265869781,8
12716,3.689221514759575,3.679427896612119,-0.009793618147455607,7
12717,2.697155506577505,0.6989700043360189,-1.998185502241486,3
12718,3.0545215078075607,0.6989700043360189,-2.355551503471542,2
12719,2.974811060404319,0.6989700043360189,-2.2758410560683004,4
12720,2.594306825056531,0.6989700043360189,-1.8953368207205123,5
12721,2.8307306596597988,0.6989700043360189,-2.13176065532378,6
12722,2.8381078876718835,0.6989700043360189,-2.1391378833358647,7
12723,2.72280123584582,0.6989700043360189,-2.023831231509801,8
12724,2.8304830123572278,0.6989700043360189,-2.131513008021209,1
12725,2.701316417967348,0.6989700043360189,-2.0023464136313294,9
12726,4.731210882137117,4.754883228252168,0.023672346115050757,8
12727,4.729376025320921,4.754883228252168,0.025507202931247086,9
12728,4.793327782884297,4.754883228252168,-0.03844455463212881,2
12729,4.795867038049176,4.754883228252168,-0.040983809797007886,4
12730,4.7878147127794595,4.754883228252168,-0.032931484527291666,1
12731,4.897578549955723,4.754883228252168,-0.14269532170355514,10
12732,4.814664105846157,4.754883228252168,-0.05978087759398942,6
12733,4.818731424397942,4.754883228252168,-0.06384819614577442,7
12734,4.730079974612285,4.754883228252168,0.024803253639882783,3
12735,3.387734967845524,2.556302500767288,-0.831432467078236,8
12736,3.397695511311996,2.556302500767288,-0.8413930105447078,1
12737,4.038598820551425,2.556302500767288,-1.4822963197841372,2
12738,3.3083161695295553,2.556302500767288,-0.7520136687622672,10
12739,3.2471898997308295,2.556302500767288,-0.6908873989635413,6
12740,3.352210974308723,2.556302500767288,-0.7959084735414348,4
12741,3.3886816799886588,2.556302500767288,-0.8323791792213706,5
12742,3.350606530506125,2.556302500767288,-0.7943040297388366,7
12743,3.2508485070559754,2.556302500767288,-0.6945460062886872,3
12744,5.454492978152253,5.812913356642856,0.35842037849060304,9
12745,5.5830288484165225,5.812913356642856,0.22988450822633322,7
12746,5.525432139765157,5.812913356642856,0.28748121687769856,2
12747,5.527191590733524,5.812913356642856,0.28572176590933207,3
12748,5.588317205005934,5.812913356642856,0.2245961516369217,6
12749,5.5349570552466005,5.812913356642856,0.27795630139625516,10
12750,5.59806832870629,5.812913356642856,0.21484502793656546,4
12751,5.603798241388912,5.812913356642856,0.20911511525394388,8
12752,4.960736704716726,5.812913356642856,0.85217665192613,1
12753,5.5549662258797845,5.186815124447454,-0.3681511014323302,8
12754,5.530434895395374,5.186815124447454,-0.34361977094792007,5
12755,5.515086656225262,5.186815124447454,-0.32827153177780755,3
12756,5.572632079066284,5.186815124447454,-0.3858169546188295,1
12757,5.55434948124996,5.186815124447454,-0.3675343568025058,10
12758,5.502197368534209,5.186815124447454,-0.31538224408675486,9
12759,5.5844509662098645,5.186815124447454,-0.3976358417624102,6
12760,5.337217650275784,5.186815124447454,-0.1504025258283299,2
12761,5.598955601344594,5.186815124447454,-0.4121404768971395,4
12762,4.914965052966416,4.821513528404773,-0.09345152456164296,9
12763,4.96751285813735,4.821513528404773,-0.145999329732577,7
12764,4.824427007017555,4.821513528404773,-0.0029134786127817947,5
12765,4.947887828856544,4.821513528404773,-0.12637430045177123,6
12766,4.942275266159178,4.821513528404773,-0.12076173775440502,8
12767,4.967320309178499,4.821513528404773,-0.145806780773726,10
12768,4.832283821791645,4.821513528404773,-0.010770293386872076,3
12769,4.987718325031114,4.821513528404773,-0.16620479662634136,1
12770,5.013763521066807,4.821513528404773,-0.1922499926620338,4
12771,6.044829256930943,6.167317334748176,0.12248807781723237,8
12772,6.047067143209788,6.167317334748176,0.12025019153838734,7
12773,6.064378465095366,6.167317334748176,0.1029388696528093,5
12774,6.003584999226896,6.167317334748176,0.16373233552127964,1
12775,6.089160798227839,6.167317334748176,0.0781565365203365,9
12776,6.033699216509498,6.167317334748176,0.13361811823867775,10
12777,6.02963582777394,6.167317334748176,0.13768150697423565,3
12778,6.046045857895453,6.167317334748176,0.12127147685272277,6
12779,6.025981929444632,6.167317334748176,0.14133540530354338,2
12780,5.301782510358751,5.903089986991944,0.6013074766331927,3
12781,5.5926939690609085,5.903089986991944,0.3103960179310352,10
12782,5.509045604066185,5.903089986991944,0.3940443829257587,6
12783,5.432382914301863,5.903089986991944,0.4707070726900806,8
12784,5.605130533283962,5.903089986991944,0.29795945370798194,9
12785,5.446696868532463,5.903089986991944,0.4563931184594807,1
12786,5.455022247674174,5.903089986991944,0.44806773931776966,2
12787,5.344922678914065,5.903089986991944,0.5581673080778788,4
12788,5.448279115444364,5.903089986991944,0.45481087154758004,5
12789,6.064892456006885,5.287129620719111,-0.7777628352877741,9
12790,5.983624385583611,5.287129620719111,-0.6964947648645001,1
12791,6.034052237271103,5.287129620719111,-0.7469226165519922,4
12792,5.994012061499172,5.287129620719111,-0.7068824407800607,7
12793,6.0182939900426025,5.287129620719111,-0.7311643693234915,2
12794,6.058175785249551,5.287129620719111,-0.7710461645304401,5
12795,6.046455320354587,5.287129620719111,-0.7593256996354762,3
12796,6.023410093804239,5.287129620719111,-0.7362804730851282,10
12797,6.041377866562198,5.287129620719111,-0.7542482458430868,8
12798,5.331744398144725,5.773069340485962,0.44132494234123687,7
12799,5.374582434404373,5.773069340485962,0.39848690608158854,9
12800,5.469348418567639,5.773069340485962,0.30372092191832234,8
12801,5.499415830340558,5.773069340485962,0.2736535101454036,6
12802,5.3315644219217,5.773069340485962,0.4415049185642612,10
12803,5.329601254640726,5.773069340485962,0.443468085845236,2
12804,5.324833205253671,5.773069340485962,0.4482361352322908,5
12805,5.30334449941426,5.773069340485962,0.4697248410717014,4
12806,5.339481767519719,5.773069340485962,0.4335875729662426,3
12807,5.898416982324012,5.845098040014257,-0.05331894230975465,8
12808,5.936399802530584,5.845098040014257,-0.09130176251632705,9
12809,5.907016223777907,5.845098040014257,-0.06191818376364999,2
12810,5.880505484168667,5.845098040014257,-0.03540744415441033,4
12811,5.874572943093028,5.845098040014257,-0.02947490307877132,7
12812,5.923156879728856,5.845098040014257,-0.0780588397145987,10
12813,5.93188997352593,5.845098040014257,-0.08679193351167314,5
12814,5.909857664434347,5.845098040014257,-0.06475962442009031,6
12815,5.883710262377153,5.845098040014257,-0.03861222236289574,1
12816,4.988723779386414,4.505149978319906,-0.48357380106650805,8
12817,4.992394537142623,4.505149978319906,-0.48724455882271656,5
12818,4.916054570998409,4.505149978319906,-0.4109045926785031,6
12819,4.948476244616012,4.505149978319906,-0.44332626629610594,2
12820,4.967691358973479,4.505149978319906,-0.46254138065357253,9
12821,4.920321758375513,4.505149978319906,-0.41517178005560673,7
12822,4.977317526055597,4.505149978319906,-0.47216754773569036,10
12823,4.906694641407746,4.505149978319906,-0.4015446630878401,4
12824,4.811436933903405,4.505149978319906,-0.3062869555834986,3
12825,6.2135670519762485,6.889301702506311,0.6757346505300621,7
12826,6.232119036636996,6.889301702506311,0.657182665869315,5
12827,6.409106202867131,6.889301702506311,0.48019549963917996,9
12828,6.225917622908068,6.889301702506311,0.6633840795982424,6
12829,6.281494623030744,6.889301702506311,0.6078070794755668,1
12830,6.317158379100388,6.889301702506311,0.572143323405923,4
12831,6.2618203639033085,6.889301702506311,0.627481338603002,2
12832,6.168038634530312,6.889301702506311,0.7212630679759986,3
12833,6.207978907464914,6.889301702506311,0.6813227950413969,10
12834,5.798031894498506,5.395850376018781,-0.4021815184797255,10
12835,5.814231428975368,5.395850376018781,-0.4183810529565868,3
12836,5.75943294807073,5.395850376018781,-0.363582572051949,7
12837,5.852038951066229,5.395850376018781,-0.4561885750474479,1
12838,5.8200783002939405,5.395850376018781,-0.42422792427515965,5
12839,5.833310494644608,5.395850376018781,-0.4374601186258271,8
12840,6.0258406779093585,5.395850376018781,-0.6299903018905777,4
12841,5.798128126036367,5.395850376018781,-0.4022777500175865,2
12842,5.848367078247444,5.395850376018781,-0.4525167022286629,6
12843,5.9797822278483075,6.74154551677621,0.7617632889279022,2
12844,5.994974865235541,6.74154551677621,0.7465706515406687,10
12845,5.991855725483927,6.74154551677621,0.7496897912922824,1
12846,5.977682385850745,6.74154551677621,0.7638631309254649,6
12847,5.980276366613352,6.74154551677621,0.7612691501628577,3
12848,5.961787887130064,6.74154551677621,0.7797576296461459,8
12849,6.005468863024923,6.74154551677621,0.7360766537512866,5
12850,5.992014410510475,6.74154551677621,0.749531106265735,4
12851,5.869215598377041,6.74154551677621,0.8723299183991688,7
12852,5.771639086698237,5.698970004336019,-0.0726690823622187,4
12853,5.789685703852562,5.698970004336019,-0.09071569951654368,3
12854,5.831758843726646,5.698970004336019,-0.1327888393906269,1
12855,5.654841150170969,5.698970004336019,0.044128854165049525,10
12856,5.781628362127219,5.698970004336019,-0.08265835779120057,5
12857,5.905872102570096,5.698970004336019,-0.20690209823407724,9
12858,5.722416974941769,5.698970004336019,-0.023446970605750295,6
12859,5.726156121381494,5.698970004336019,-0.027186117045475022,2
12860,5.6807110194365205,5.698970004336019,0.018258984899498287,7
12861,3.171258918501332,3.845098040014257,0.6738391215129251,10
12862,2.9053477373878667,3.845098040014257,0.9397503026263903,4
12863,2.7482873256155926,3.845098040014257,1.0968107143986643,1
12864,2.74017010660978,3.845098040014257,1.1049279334044768,3
12865,2.64013459152774,3.845098040014257,1.204963448486517,9
12866,2.8401062966623876,3.845098040014257,1.0049917433518694,7
12867,2.7305174667074126,3.845098040014257,1.1145805733068443,8
12868,2.997392748059854,3.845098040014257,0.8477052919544028,2
12869,2.769575754019613,3.845098040014257,1.0755222859946438,6
12870,2.8492609960156443,2.8090544272229425,-0.04020656879270179,7
12871,2.7641604721554076,2.8090544272229425,0.04489395506753491,3
12872,2.5875813422528235,2.8090544272229425,0.22147308497011897,5
12873,2.7512177669829323,2.8090544272229425,0.05783666024001022,8
12874,2.7227914636003896,2.8090544272229425,0.08626296362255292,1
12875,2.9375531638411276,2.8090544272229425,-0.12849873661818512,4
12876,2.593684580301014,2.8090544272229425,0.2153698469219285,9
12877,2.95074835494659,2.8090544272229425,-0.1416939277236473,2
12878,2.7390107500120244,2.8090544272229425,0.07004367721091809,6
12879,2.730368881271384,2.505149978319906,-0.2252189029514784,1
12880,2.5489670576858616,2.505149978319906,-0.0438170793659558,5
12881,2.6602581306945026,2.505149978319906,-0.15510815237459674,9
12882,2.7258404420824793,2.505149978319906,-0.2206904637625735,8
12883,2.7060169197690915,2.505149978319906,-0.2008669414491857,6
12884,3.0360579469290276,2.505149978319906,-0.5309079686091218,2
12885,3.0733117408846895,2.505149978319906,-0.5681617625647837,10
12886,2.696563741121673,2.505149978319906,-0.19141376280176736,3
12887,2.916699864510224,2.505149978319906,-0.41154988619031796,4
12888,3.225674265088026,3.4471580313422194,0.22148376625419353,10
12889,2.731391173766167,3.4471580313422194,0.7157668575760523,5
12890,3.114652724049642,3.4471580313422194,0.33250530729257743,2
12891,2.9281306713883635,3.4471580313422194,0.519027359953856,8
12892,2.936202081701973,3.4471580313422194,0.5109559496402465,3
12893,2.90472062821629,3.4471580313422194,0.5424374031259296,1
12894,2.7814899510266597,3.4471580313422194,0.6656680803155597,6
12895,3.0418815418574603,3.4471580313422194,0.40527648948475914,4
12896,3.013259656435787,3.4471580313422194,0.43389837490643224,7
12897,2.85968870019889,1.7993405494535817,-1.0603481507453085,7
12898,2.6711461173693016,1.7993405494535817,-0.87180556791572,9
12899,2.7046024680083054,1.7993405494535817,-0.9052619185547237,6
12900,2.9642286078665,1.7993405494535817,-1.1648880584129184,2
12901,3.040245840777052,1.7993405494535817,-1.2409052913234704,10
12902,2.64543314954523,1.7993405494535817,-0.8460926000916484,5
12903,2.773016778816276,1.7993405494535817,-0.9736762293626944,3
12904,2.746606859589052,1.7993405494535817,-0.9472663101354701,8
12905,2.739844180810225,1.7993405494535817,-0.9405036313566435,1
12906,3.1234378317371325,3.322219294733919,0.19878146299678656,6
12907,3.4352499215773364,3.322219294733919,-0.11303062684341736,2
12908,3.495036221633745,3.322219294733919,-0.17281692689982586,10
12909,3.4510635342757876,3.322219294733919,-0.12884423954186852,5
12910,3.532133337333857,3.322219294733919,-0.20991404259993773,1
12911,3.9383217094740606,3.322219294733919,-0.6161024147401415,4
12912,3.271046844578467,3.322219294733919,0.05117245015545224,7
12913,3.4463232743058323,3.322219294733919,-0.12410397957191321,8
12914,3.405393441845908,3.322219294733919,-0.0831741471119889,3
12915,2.725813838343382,1.5587085705331658,-1.167105267810216,1
12916,2.49485916648002,1.5587085705331658,-0.9361505959468541,5
12917,2.815922749263886,1.5587085705331658,-1.2572141787307203,7
12918,2.709153806479001,1.5587085705331658,-1.1504452359458353,9
12919,3.0853797983903877,1.5587085705331658,-1.5266712278572219,10
12920,2.734128630704746,1.5587085705331658,-1.17542006017158,8
12921,2.7561575112302465,1.5587085705331658,-1.1974489406970807,3
12922,2.7382281680531686,1.5587085705331658,-1.1795195975200028,6
12923,2.8916407387934653,1.5587085705331658,-1.3329321682602995,4
12924,6.153945915387285,5.434568904034199,-0.7193770113530862,10
12925,6.143969504638583,5.434568904034199,-0.7094006006043836,7
12926,6.123560683286067,5.434568904034199,-0.688991779251868,3
12927,6.124324797983217,5.434568904034199,-0.6897558939490178,1
12928,6.0954308030147555,5.434568904034199,-0.6608618989805564,2
12929,6.0891663815217,5.434568904034199,-0.654597477487501,6
12930,6.121145519840143,5.434568904034199,-0.6865766158059436,4
12931,6.100415279028478,5.434568904034199,-0.6658463749942785,9
12932,6.1257519854799645,5.434568904034199,-0.6911830814457653,8
12933,5.426462988231737,5.926856708949693,0.5003937207179554,9
12934,5.5852959632525945,5.926856708949693,0.34156074569709816,8
12935,5.295969415771474,5.926856708949693,0.630887293178219,6
12936,5.302878099589503,5.926856708949693,0.62397860936019,7
12937,5.370682849386452,5.926856708949693,0.5561738595632404,2
12938,5.353352015779275,5.926856708949693,0.5735046931704177,1
12939,5.32754357668785,5.926856708949693,0.5993131322618428,3
12940,5.330213552952329,5.926856708949693,0.5966431559973637,5
12941,5.022556357383642,5.926856708949693,0.904300351566051,4
12942,6.069925576743544,5.8750612633917,-0.19486431335184395,4
12943,6.076704206700909,5.8750612633917,-0.20164294330920907,10
12944,6.07652518174575,5.8750612633917,-0.2014639183540501,5
12945,6.052792208147131,5.8750612633917,-0.17773094475543072,7
12946,6.06812269849606,5.8750612633917,-0.1930614351043598,9
12947,6.042274288590429,5.8750612633917,-0.16721302519872872,8
12948,6.0620065279742565,5.8750612633917,-0.18694526458255645,3
12949,6.036284113830477,5.8750612633917,-0.1612228504387767,6
12950,6.046746778079443,5.8750612633917,-0.17168551468774318,1
12951,6.200597178721439,6.237040791379191,0.03644361265775231,8
12952,6.223796645439016,6.237040791379191,0.013244145940174867,10
12953,6.1573622356049,6.237040791379191,0.07967855577429095,4
12954,6.171954531133991,6.237040791379191,0.06508626024519959,9
12955,6.208871438141366,6.237040791379191,0.02816935323782488,7
12956,6.169934102798774,6.237040791379191,0.06710668858041657,3
12957,6.183367191492198,6.237040791379191,0.05367359988699327,2
12958,6.161104082911655,6.237040791379191,0.07593670846753575,6
12959,6.165515576754945,6.237040791379191,0.07152521462424577,1
12960,6.089045510672906,5.990782691803138,-0.09826281886976851,1
12961,6.080894516972977,5.990782691803138,-0.0901118251698394,8
12962,6.067338715065075,5.990782691803138,-0.07655602326193733,2
12963,6.086534145324508,5.990782691803138,-0.0957514535213706,10
12964,6.077096957979989,5.990782691803138,-0.086314266176851,4
12965,6.055256064592304,5.990782691803138,-0.0644733727891662,6
12966,6.112251611117916,5.990782691803138,-0.12146891931477821,3
12967,6.061866212991032,5.990782691803138,-0.0710835211878944,7
12968,6.101630320606412,5.990782691803138,-0.11084762880327403,5
12969,6.0339477705625555,6.447158031342219,0.41321026077966394,9
12970,6.080496854404275,6.447158031342219,0.36666117693794487,4
12971,6.009182115932708,6.447158031342219,0.43797591540951153,6
12972,6.081755187417448,6.447158031342219,0.3654028439247714,7
12973,6.064906423843124,6.447158031342219,0.3822516074990956,1
12974,6.079087528205951,6.447158031342219,0.3680705031362681,5
12975,6.098950987919493,6.447158031342219,0.34820704342272624,10
12976,5.9797586981307775,6.447158031342219,0.4673993332114419,2
12977,6.003077590397241,6.447158031342219,0.4440804409449788,8
12978,6.115838965659322,6.2576785748691846,0.14183960920986216,2
12979,6.13412485184159,6.2576785748691846,0.12355372302759449,6
12980,6.0982283078893476,6.2576785748691846,0.159450266979837,8
12981,6.1094721872395885,6.2576785748691846,0.14820638762959604,3
12982,6.120122528403047,6.2576785748691846,0.13755604646613762,1
12983,6.104428731548564,6.2576785748691846,0.1532498433206202,10
12984,6.091596752716048,6.2576785748691846,0.16608182215313683,7
12985,6.158276888290046,6.2576785748691846,0.09940168657913873,5
12986,6.13351421329403,6.2576785748691846,0.1241643615751542,4
12987,6.309133242354773,6.653212513775344,0.34407927142057115,3
12988,6.357887607094734,6.653212513775344,0.2953249066806096,9
12989,6.3087671623012715,6.653212513775344,0.3444453514740724,2
12990,6.326724241540452,6.653212513775344,0.32648827223489185,8
12991,6.297562076037909,6.653212513775344,0.35565043773743454,5
12992,6.312581039415711,6.653212513775344,0.3406314743596326,10
12993,6.099822170687255,6.653212513775344,0.5533903430880889,4
12994,6.36500451123823,6.653212513775344,0.28820800253711365,7
12995,6.303225498813792,6.653212513775344,0.3499870149615516,1
12996,6.343012313702957,6.2552725051033065,-0.08773980859965036,10
12997,6.310727013136771,6.2552725051033065,-0.0554545080334643,6
12998,6.344567870209074,6.2552725051033065,-0.08929536510576774,3
12999,6.352234757074502,6.2552725051033065,-0.09696225197119546,5
13000,6.3308340919978745,6.2552725051033065,-0.07556158689456804,1
13001,6.367558490359699,6.2552725051033065,-0.11228598525639288,7
13002,6.352029516264506,6.2552725051033065,-0.09675701116119928,9
13003,6.351253911092114,6.2552725051033065,-0.09598140598880711,2
13004,6.143111736861241,6.2552725051033065,0.11216076824206578,4
13005,6.4041947031494155,6.531478917042255,0.12728421389283984,3
13006,6.3882426091208995,6.531478917042255,0.1432363079213559,8
13007,6.387858469171071,6.531478917042255,0.143620447871184,2
13008,6.417400879672381,6.531478917042255,0.11407803736987443,7
13009,6.0880132296828835,6.531478917042255,0.44346568735937186,4
13010,6.425101770884156,6.531478917042255,0.10637714615809912,1
13011,6.358764161394672,6.531478917042255,0.17271475564758365,6
13012,6.410436818745858,6.531478917042255,0.12104209829639778,5
13013,6.403726231037139,6.531478917042255,0.1277526860051168,10
13014,3.8430652669102527,3.3010299956639813,-0.5420352712462715,8
13015,4.082201692355015,3.3010299956639813,-0.7811716966910334,3
13016,3.8847272963662203,3.3010299956639813,-0.583697300702239,5
13017,3.917909015187437,3.3010299956639813,-0.6168790195234557,9
13018,3.9385040601358936,3.3010299956639813,-0.6374740644719123,2
13019,3.919315140862801,3.3010299956639813,-0.6182851451988198,10
13020,3.8431827252027086,3.3010299956639813,-0.5421527295387274,4
13021,3.977873244227334,3.3010299956639813,-0.6768432485633529,1
13022,3.928578835830239,3.3010299956639813,-0.6275488401662579,6
13023,5.931681380970199,5.301029995663981,-0.6306513853062174,9
13024,5.880937080675486,5.301029995663981,-0.5799070850115049,2
13025,5.889769477607499,5.301029995663981,-0.5887394819435174,3
13026,5.904391796654344,5.301029995663981,-0.6033618009903625,1
13027,5.858531751851481,5.301029995663981,-0.5575017561874995,7
13028,5.863049187068713,5.301029995663981,-0.5620191914047314,8
13029,5.872115738092322,5.301029995663981,-0.5710857424283411,5
13030,5.808405263621445,5.301029995663981,-0.5073752679574639,4
13031,5.969937273718314,5.301029995663981,-0.6689072780543324,10
13032,6.0935014122707445,6.230448921378274,0.13694750910752962,5
13033,6.050017935767573,6.230448921378274,0.18043098561070092,10
13034,6.078160735962549,6.230448921378274,0.15228818541572497,9
13035,6.066844449808352,6.230448921378274,0.16360447156992208,8
13036,6.069447203973442,6.230448921378274,0.16100171740483216,6
13037,6.0562668548537575,6.230448921378274,0.17418206652451662,4
13038,6.076296865650554,6.230448921378274,0.15415205572772006,3
13039,6.056184339213068,6.230448921378274,0.1742645821652058,7
13040,6.110787230604388,6.230448921378274,0.11966169077388589,2
13041,6.271309862951143,6.340444114840119,0.06913425188897637,1
13042,6.268147674532296,6.340444114840119,0.07229644030782367,4
13043,6.2633253939396845,6.340444114840119,0.07711872090043492,7
13044,6.286208950068406,6.340444114840119,0.054235164771712974,5
13045,6.271478335488175,6.340444114840119,0.06896577935194426,6
13046,6.277171204204035,6.340444114840119,0.06327291063608431,10
13047,6.320930951073691,6.340444114840119,0.019513163766428754,2
13048,6.284981498002979,6.340444114840119,0.05546261683714082,9
13049,6.263282164235737,6.340444114840119,0.07716195060438213,8
13050,6.042566181335065,6.3979400086720375,0.3553738273369724,1
13051,6.05383569774396,6.3979400086720375,0.3441043109280777,10
13052,6.055841936027354,6.3979400086720375,0.34209807264468317,2
13053,6.127855311925291,6.3979400086720375,0.2700846967467463,9
13054,6.064865617272505,6.3979400086720375,0.3330743913995322,4
13055,6.0732799718180885,6.3979400086720375,0.32466003685394895,3
13056,6.099646846860638,6.3979400086720375,0.2982931618113991,5
13057,6.061799356456304,6.3979400086720375,0.3361406522157333,8
13058,6.050739742613651,6.3979400086720375,0.34720026605838683,7
13059,5.812565555786755,4.346744054604849,-1.4658215011819058,2
13060,5.798259019535968,4.346744054604849,-1.4515149649311194,1
13061,5.810708726614448,4.346744054604849,-1.463964672009599,3
13062,5.833974603729931,4.346744054604849,-1.4872305491250826,8
13063,5.856960582217905,4.346744054604849,-1.5102165276130561,9
13064,5.77128863715501,4.346744054604849,-1.424544582550161,5
13065,5.7787908547142015,4.346744054604849,-1.4320468001093527,7
13066,5.763439132048326,4.346744054604849,-1.4166950774434772,4
13067,5.812059821311674,4.346744054604849,-1.4653157667068255,6
13068,5.9627052264691125,6.079181246047625,0.11647601957851261,6
13069,5.960012234489605,6.079181246047625,0.11916901155801973,7
13070,5.962290032305817,6.079181246047625,0.11689121374180811,1
13071,5.945248681903027,6.079181246047625,0.1339325641445983,10
13072,5.973182343122901,6.079181246047625,0.10599890292472391,2
13073,5.988823327361177,6.079181246047625,0.09035791868644782,9
13074,5.983324823339778,6.079181246047625,0.09585642270784689,8
13075,6.018579785677536,6.079181246047625,0.060601460370088844,3
13076,6.000445309027493,6.079181246047625,0.07873593702013171,4
13077,5.640628451282148,6.301029995663981,0.6604015443818332,3
13078,5.6530927639536115,6.301029995663981,0.6479372317103698,7
13079,5.626175150526288,6.301029995663981,0.674854845137693,1
13080,5.759633792154933,6.301029995663981,0.5413962035090485,10
13081,5.681028851130742,6.301029995663981,0.620001144533239,8
13082,5.620902034642473,6.301029995663981,0.6801279610215083,6
13083,5.615705303391355,6.301029995663981,0.6853246922726264,2
13084,5.636527328520288,6.301029995663981,0.6645026671436929,9
13085,5.585393330908904,6.301029995663981,0.7156366647550776,4
13086,5.99210705604956,6.623249290397901,0.6311422343483404,10
13087,5.936881343660982,6.623249290397901,0.6863679467369188,2
13088,5.989797656458018,6.623249290397901,0.6334516339398828,3
13089,5.992757168391647,6.623249290397901,0.6304921220062534,6
13090,5.998064647626694,6.623249290397901,0.6251846427712069,1
13091,5.9798406800970545,6.623249290397901,0.6434086103008463,4
13092,5.98763638725921,6.623249290397901,0.635612903138691,7
13093,5.963721049607643,6.623249290397901,0.6595282407902578,5
13094,5.990559793502699,6.623249290397901,0.6326894968952015,9
13095,6.049485393271789,6.531478917042255,0.4819935237704662,2
13096,6.066998437521042,6.531478917042255,0.46448047952121296,3
13097,6.094154089826103,6.531478917042255,0.43732482721615273,5
13098,6.110175988110296,6.531478917042255,0.42130292893195964,9
13099,6.0915805340885605,6.531478917042255,0.4398983829536949,7
13100,6.0899682881629325,6.531478917042255,0.4415106288793229,10
13101,6.06765692220819,6.531478917042255,0.46382199483406517,6
13102,6.094873382529686,6.531478917042255,0.43660553451256945,1
13103,6.029043010534182,6.531478917042255,0.5024359065080732,8
13104,5.316132936746026,4.352182518111363,-0.9639504186346635,10
13105,5.304787690814367,4.352182518111363,-0.952605172703004,4
13106,5.266602399641427,4.352182518111363,-0.9144198815300646,2
13107,5.271343701506828,4.352182518111363,-0.9191611833954649,6
13108,5.271956855337205,4.352182518111363,-0.9197743372258422,1
13109,5.1499573876187625,4.352182518111363,-0.7977748695073998,5
13110,5.307830199127966,4.352182518111363,-0.955647681016603,7
13111,5.2420698690102485,4.352182518111363,-0.8898873508988858,3
13112,5.437604384872876,4.352182518111363,-1.0854218667615134,9
13113,5.952046598490082,6.1702617153949575,0.21821511690487583,2
13114,5.941517150894425,6.1702617153949575,0.22874456450053238,10
13115,5.960819560860335,6.1702617153949575,0.20944215453462256,1
13116,5.972738113955759,6.1702617153949575,0.19752360143919834,4
13117,6.022205239752676,6.1702617153949575,0.14805647564228153,3
13118,5.964240526485895,6.1702617153949575,0.2060211889090624,8
13119,5.980843201023444,6.1702617153949575,0.18941851437151325,9
13120,5.974656046139887,6.1702617153949575,0.1956056692550705,5
13121,5.95442897673081,6.1702617153949575,0.21583273866414743,7
13122,6.019835438106993,6.531478917042255,0.5116434789352624,2
13123,6.041661285739456,6.531478917042255,0.48981763130279976,4
13124,6.043084493618063,6.531478917042255,0.48839442342419215,5
13125,6.06816103292904,6.531478917042255,0.4633178841132155,9
13126,5.9966001905046395,6.531478917042255,0.5348787265376158,10
13127,6.019340391959624,6.531478917042255,0.5121385250826318,7
13128,6.02799128378417,6.531478917042255,0.5034876332580858,3
13129,6.026847044227071,6.531478917042255,0.5046318728151844,1
13130,6.0453675816577865,6.531478917042255,0.4861113353844688,6
13131,5.947018060565061,6.358886204405869,0.41186814384080783,7
13132,5.953787533786909,6.358886204405869,0.4050986706189601,4
13133,5.969012696902192,6.358886204405869,0.389873507503677,2
13134,5.962902855839754,6.358886204405869,0.39598334856611483,3
13135,5.982184536633168,6.358886204405869,0.37670166777270087,5
13136,5.97371552322718,6.358886204405869,0.385170681178689,6
13137,5.946185916555297,6.358886204405869,0.4127002878505719,8
13138,5.967363066524192,6.358886204405869,0.39152313788167703,1
13139,5.994202631159466,6.358886204405869,0.36468357324640355,9
13140,5.591937880010496,4.314288660947498,-1.2776492190629982,6
13141,5.737088500434575,4.314288660947498,-1.4227998394870767,1
13142,5.632088112492728,4.314288660947498,-1.3177994515452296,4
13143,5.706280844236974,4.314288660947498,-1.3919921832894762,8
13144,5.678251505847682,4.314288660947498,-1.3639628449001844,10
13145,5.539155789508771,4.314288660947498,-1.2248671285612733,5
13146,5.676723346642002,4.314288660947498,-1.3624346856945042,3
13147,5.646678881107847,4.314288660947498,-1.3323902201603488,2
13148,5.612105217569208,4.314288660947498,-1.2978165566217097,7
13149,5.973988519518769,6.176091259055681,0.2021027395369126,1
13150,6.046016888103072,6.176091259055681,0.13007437095260954,5
13151,5.999927696903387,6.176091259055681,0.17616356215229434,10
13152,6.0258446771469165,6.176091259055681,0.15024658190876483,7
13153,6.042829339990392,6.176091259055681,0.13326191906528972,3
13154,6.010604977359745,6.176091259055681,0.16548628169593638,4
13155,6.022742813384202,6.176091259055681,0.15334844567147954,9
13156,6.004757044888642,6.176091259055681,0.17133421416703953,6
13157,5.981124304674714,6.176091259055681,0.19496695438096712,2
13158,6.173075615388434,6.091315159697223,-0.08176045569121104,3
13159,6.121633873009196,6.091315159697223,-0.030318713311972445,5
13160,6.168557736071292,6.091315159697223,-0.0772425763740685,9
13161,6.199942304593962,6.091315159697223,-0.10862714489673841,2
13162,6.196270249597037,6.091315159697223,-0.10495508989981417,10
13163,6.180185801888447,6.091315159697223,-0.08887064219122376,8
13164,6.137541764634598,6.091315159697223,-0.04622660493737474,1
13165,6.130720538784021,6.091315159697223,-0.039405379086797865,6
13166,6.193216101057698,6.091315159697223,-0.10190094136047456,7
13167,6.392531323989085,6.286456469746983,-0.10607485424210239,6
13168,6.376689138697345,6.286456469746983,-0.09023266895036208,5
13169,6.5044853376730645,6.286456469746983,-0.21802886792608156,3
13170,6.395458795433094,6.286456469746983,-0.10900232568611123,9
13171,6.37731923651043,6.286456469746983,-0.09086276676344696,4
13172,6.3161059224079885,6.286456469746983,-0.029649452661005604,8
13173,6.432318680617439,6.286456469746983,-0.14586221087045637,7
13174,6.449910509277243,6.286456469746983,-0.16345403953025972,10
13175,6.412599841158816,6.286456469746983,-0.12614337141183274,2
13176,6.106266920086807,6.913813852383717,0.8075469322969093,7
13177,6.210697237676068,6.913813852383717,0.7031166147076489,2
13178,6.123779104076757,6.913813852383717,0.7900347483069599,9
13179,6.136522692506002,6.913813852383717,0.7772911598777146,3
13180,6.098415860342977,6.913813852383717,0.8153979920407401,1
13181,6.13671092324493,6.913813852383717,0.7771029291387865,10
13182,6.121193111952489,6.913813852383717,0.7926207404312278,6
13183,6.051899142510265,6.913813852383717,0.8619147098734521,5
13184,6.1419559166532895,6.913813852383717,0.7718579357304272,8
13185,5.808699157768057,5.433321711630784,-0.3753774461372732,1
13186,5.837676566416285,5.433321711630784,-0.4043548547855007,3
13187,5.86251085565047,5.433321711630784,-0.429189144019686,8
13188,5.881904338415129,5.433321711630784,-0.44858262678434535,5
13189,5.864953463851639,5.433321711630784,-0.4316317522208548,6
13190,5.867019349874224,5.433321711630784,-0.4336976382434399,10
13191,5.838252339056866,5.433321711630784,-0.404930627426082,7
13192,5.823500430159371,5.433321711630784,-0.39017871852858743,4
13193,5.935299916565134,5.433321711630784,-0.5019782049343497,9
13194,5.835483100433459,6.308991029000164,0.473507928566705,10
13195,5.801910293649627,6.308991029000164,0.5070807353505371,1
13196,5.873773961319599,6.308991029000164,0.4352170676805649,6
13197,5.856889650004604,6.308991029000164,0.45210137899556013,9
13198,5.845304636287076,6.308991029000164,0.46368639271308787,2
13199,5.873850632713422,6.308991029000164,0.4351403962867417,7
13200,5.922341023023307,6.308991029000164,0.3866500059768567,3
13201,5.896975644526004,6.308991029000164,0.4120153844741594,4
13202,5.839833755143683,6.308991029000164,0.46915727385648065,8
13203,5.328189115253866,5.361727836017593,0.03353872076372699,4
13204,5.245026907633956,5.361727836017593,0.11670092838363733,1
13205,5.197351589469015,5.361727836017593,0.16437624654857785,5
13206,5.2814284184612665,5.361727836017593,0.08029941755632652,3
13207,5.015681499607096,5.361727836017593,0.3460463364104971,10
13208,5.346330072041613,5.361727836017593,0.01539776397598036,7
13209,5.248617429042967,5.361727836017593,0.11311040697462627,9
13210,5.334247771708916,5.361727836017593,0.02748006430867722,8
13211,5.3177251962043455,5.361727836017593,0.04400263981324759,6
13212,4.294447295869448,4.095518042323151,-0.19892925354629654,2
13213,4.29677296326534,4.095518042323151,-0.20125492094218878,1
13214,4.425317892246993,4.095518042323151,-0.3297998499238419,7
13215,4.2614633600405565,4.095518042323151,-0.16594531771740506,9
13216,4.233092855063876,4.095518042323151,-0.13757481274072436,8
13217,4.275251915848929,4.095518042323151,-0.17973387352577763,10
13218,4.289387776483389,4.095518042323151,-0.19386973416023778,4
13219,4.243013302498417,4.095518042323151,-0.14749526017526549,6
13220,4.314088294070372,4.095518042323151,-0.218570251747221,3
13221,6.056549418938176,6.544068044350276,0.48751862541209956,6
13222,6.068426523367322,6.544068044350276,0.4756415209829541,2
13223,6.047926606238706,6.544068044350276,0.49614143811156985,5
13224,6.0169006943661145,6.544068044350276,0.5271673499841611,1
13225,6.034951028328628,6.544068044350276,0.5091170160216478,10
13226,6.03751861920548,6.544068044350276,0.5065494251447955,4
13227,6.066360333550551,6.544068044350276,0.4777077107997245,8
13228,6.020535145833751,6.544068044350276,0.5235328985165246,9
13229,6.079900089484734,6.544068044350276,0.46416795486554197,3
13230,5.806940494129886,6.57978359661681,0.7728431024869238,6
13231,5.83048937072901,6.57978359661681,0.7492942258877999,10
13232,5.854499409856021,6.57978359661681,0.7252841867607893,9
13233,5.85649409707854,6.57978359661681,0.7232894995382697,2
13234,5.8306697263305525,6.57978359661681,0.7491138702862576,3
13235,5.836624862639435,6.57978359661681,0.7431587339773751,1
13236,5.9401609943856455,6.57978359661681,0.6396226022311646,5
13237,5.788084469406369,6.57978359661681,0.7916991272104408,8
13238,5.698536203644344,6.57978359661681,0.8812473929724662,4
13239,2.5311920777685675,2.6972293427597176,0.16603726499115012,7
13240,2.661991946649776,2.6972293427597176,0.0352373961099417,6
13241,2.441193998498021,2.6972293427597176,0.2560353442616967,2
13242,2.543229132381937,2.6972293427597176,0.15400021037778044,5
13243,2.5295588337962513,2.6972293427597176,0.16767050896346625,8
13244,2.46117980777712,2.6972293427597176,0.23604953498259773,4
13245,2.3687546660399583,2.6972293427597176,0.3284746767197593,10
13246,2.5293779121801405,2.6972293427597176,0.16785143057957708,3
13247,2.466375425932051,2.6972293427597176,0.23085391682766643,1
13248,5.757730361721592,4.746322765089953,-1.0114075966316385,8
13249,5.603702118386604,4.746322765089953,-0.8573793532966505,7
13250,5.8058156793693785,4.746322765089953,-1.0594929142794252,9
13251,5.6170387477801516,4.746322765089953,-0.8707159826901982,4
13252,5.8011342503223355,4.746322765089953,-1.0548114852323822,2
13253,5.78147302077349,4.746322765089953,-1.0351502556835364,1
13254,5.791227541054899,4.746322765089953,-1.0449047759649455,10
13255,5.781001515377112,4.746322765089953,-1.034678750287159,6
13256,5.770623449832779,4.746322765089953,-1.0243006847428253,3
13257,5.825776607105743,6.291391053078407,0.46561444597266455,7
13258,5.8990951151856725,6.291391053078407,0.39229593789273487,2
13259,5.8553240972606595,6.291391053078407,0.4360669558177479,8
13260,5.859870580425837,6.291391053078407,0.4315204726525703,3
13261,5.969570236600074,6.291391053078407,0.3218208164783336,5
13262,5.900017558248216,6.291391053078407,0.3913734948301917,10
13263,5.888338611863364,6.291391053078407,0.4030524412150438,1
13264,5.919474627861769,6.291391053078407,0.3719164252166385,6
13265,5.872417818675184,6.291391053078407,0.4189732344032233,9
13266,5.776898339622697,6.747411807886423,0.970513468263726,1
13267,5.856294801851078,6.747411807886423,0.891117006035345,8
13268,5.9790791174908,6.747411807886423,0.7683326903956234,3
13269,5.948846479358873,6.747411807886423,0.79856532852755,6
13270,5.874766551736973,6.747411807886423,0.8726452561494504,5
13271,5.762706467639016,6.747411807886423,0.9847053402474071,4
13272,5.870768647548475,6.747411807886423,0.8766431603379479,7
13273,5.844504220095255,6.747411807886423,0.9029075877911685,2
13274,5.648500069341273,6.747411807886423,1.0989117385451506,10
13275,6.143986452132477,6.491361693834273,0.3473752417017959,4
13276,6.147667693611714,6.491361693834273,0.343694000222559,6
13277,6.084708226733942,6.491361693834273,0.40665346710033123,3
13278,6.192935103124671,6.491361693834273,0.2984265907096022,9
13279,6.062833292777725,6.491361693834273,0.428528401056548,8
13280,6.168371064386666,6.491361693834273,0.3229906294476068,7
13281,6.083397221204536,6.491361693834273,0.4079644726297369,5
13282,6.112945309257952,6.491361693834273,0.37841638457632065,2
13283,6.113724519692519,6.491361693834273,0.37763717414175435,10
13284,6.073790720956038,6.113943352306837,0.04015263135079916,3
13285,6.0513930154188476,6.113943352306837,0.06255033688798939,8
13286,6.031300240042068,6.113943352306837,0.08264311226476906,10
13287,6.057083245287207,6.113943352306837,0.05686010701962996,4
13288,6.0611821216849,6.113943352306837,0.05276123062193694,5
13289,6.019698260759515,6.113943352306837,0.09424509154732164,2
13290,6.039322658494659,6.113943352306837,0.07462069381217784,7
13291,6.125321922787256,6.113943352306837,-0.011378570480419015,9
13292,6.02719753001609,6.113943352306837,0.08674582229074712,1
13293,5.684241812580081,6.096910013008056,0.4126682004279756,2
13294,5.8478565289599365,6.096910013008056,0.24905348404811978,10
13295,5.37044586683989,6.096910013008056,0.7264641461681665,9
13296,5.654808220655999,6.096910013008056,0.44210179235205693,5
13297,5.709299882687711,6.096910013008056,0.3876101303203452,1
13298,5.7475656566889635,6.096910013008056,0.3493443563190928,4
13299,5.711642192044995,6.096910013008056,0.3852678209630609,3
13300,5.7000381995884855,6.096910013008056,0.3968718134195708,8
13301,5.744559559173738,6.096910013008056,0.35235045383431807,7
13302,4.590181898288296,3.804820678721162,-0.7853612195671338,8
13303,4.704024981327916,3.804820678721162,-0.8992043026067544,4
13304,4.666420026855689,3.804820678721162,-0.861599348134527,9
13305,4.598076803732816,3.804820678721162,-0.7932561250116543,3
13306,4.63871177448755,3.804820678721162,-0.8338910957663885,6
13307,4.652224690151524,3.804820678721162,-0.847404011430362,7
13308,4.673809704735182,3.804820678721162,-0.8689890260140198,2
13309,4.71625602403821,3.804820678721162,-0.9114353453170483,1
13310,4.676952797673321,3.804820678721162,-0.8721321189521594,5
13311,4.797366879220384,5.079181246047625,0.28181436682724126,6
13312,4.880604740896548,5.079181246047625,0.1985765051510775,1
13313,4.89348238273273,5.079181246047625,0.1856988633148955,9
13314,4.897703009855796,5.079181246047625,0.181478236191829,5
13315,5.262584566782277,5.079181246047625,-0.1834033207346515,10
13316,4.818265937825561,5.079181246047625,0.26091530822206455,3
13317,4.953211426949568,5.079181246047625,0.12596981909805738,4
13318,4.771401567448599,5.079181246047625,0.3077796785990259,8
13319,4.9367981955254425,5.079181246047625,0.14238305052218259,2
13320,2.652320378702325,2.220108088040055,-0.43221229066227007,1
13321,2.65919412836033,2.220108088040055,-0.4390860403202752,5
13322,2.7139030937106763,2.220108088040055,-0.4937950056706213,3
13323,2.8436292726758694,2.220108088040055,-0.6235211846358144,4
13324,2.666766580330365,2.220108088040055,-0.44665849229031007,9
13325,2.702359973922131,2.220108088040055,-0.4822518858820759,10
13326,2.6834104637540026,2.220108088040055,-0.4633023757139476,7
13327,2.700028898862699,2.220108088040055,-0.47992081082264404,8
13328,2.7408962779729946,2.220108088040055,-0.5207881899329396,2
13329,5.35873714502334,4.850646235183066,-0.5080909098402735,2
13330,5.38747549357235,4.850646235183066,-0.5368292583892842,4
13331,5.314536946254008,4.850646235183066,-0.4638907110709418,7
13332,5.265108745046717,4.850646235183066,-0.4144625098636512,8
13333,5.287591120625413,4.850646235183066,-0.43694488544234655,6
13334,5.267147651953252,4.850646235183066,-0.4165014167701857,1
13335,5.068076688795246,4.850646235183066,-0.21743045361218005,5
13336,5.408129769751076,4.850646235183066,-0.5574835345680098,3
13337,5.326714650014849,4.850646235183066,-0.47606841483178286,10
13338,5.710854954156112,6.045322978786658,0.3344680246305458,5
13339,5.705361650783736,6.045322978786658,0.33996132800292145,9
13340,5.709717276193641,6.045322978786658,0.3356057025930168,2
13341,5.745629667862188,6.045322978786658,0.2996933109244697,7
13342,5.741519861117743,6.045322978786658,0.3038031176689149,6
13343,5.671938548123261,6.045322978786658,0.3733844306633962,4
13344,5.699917894761838,6.045322978786658,0.3454050840248195,8
13345,5.805306726823976,6.045322978786658,0.24001625196268161,3
13346,5.736083748961693,6.045322978786658,0.3092392298249642,1
13347,5.86312586026596,5.791690649020118,-0.07143521124584229,3
13348,5.924520940721696,5.791690649020118,-0.13283029170157867,4
13349,5.788594470017436,5.791690649020118,0.003096179002681332,8
13350,5.8743471888593914,5.791690649020118,-0.08265653983927379,9
13351,5.8895046821826655,5.791690649020118,-0.09781403316254789,6
13352,5.947602264569736,5.791690649020118,-0.15591161554961808,10
13353,5.906196751698031,5.791690649020118,-0.11450610267791372,2
13354,5.871001040367442,5.791690649020118,-0.07931039134732476,1
13355,5.920448677476767,5.791690649020118,-0.12875802845664897,7
13356,5.755025242736419,5.155609283678915,-0.5994159590575041,1
13357,5.534700516077229,5.155609283678915,-0.37909123239831377,4
13358,5.539830270249643,5.155609283678915,-0.38422098657072823,3
13359,5.546125216823338,5.155609283678915,-0.3905159331444228,8
13360,5.540938175830302,5.155609283678915,-0.3853288921513869,9
13361,5.517373663763684,5.155609283678915,-0.36176438008476897,5
13362,5.574144992648604,5.155609283678915,-0.4185357089696886,6
13363,5.6619880412607655,5.155609283678915,-0.5063787575818504,10
13364,5.5389621284953865,5.155609283678915,-0.38335284481647136,2
13365,5.398186976007227,5.690196080028514,0.2920091040212869,5
13366,5.517434498135871,5.690196080028514,0.1727615818926429,4
13367,5.537146304924894,5.690196080028514,0.15304977510361972,3
13368,5.560741840006269,5.690196080028514,0.1294542400222447,8
13369,5.514664268384006,5.690196080028514,0.17553181164450748,7
13370,5.579145497650344,5.690196080028514,0.11105058237817023,9
13371,5.517583895112714,5.690196080028514,0.1726121849158,2
13372,5.484129508538121,5.690196080028514,0.20606657149039265,6
13373,5.524306633127449,5.690196080028514,0.16588944690106455,1
13374,4.943553244872357,5.000867721531227,0.05731447665887046,3
13375,4.971100789421801,5.000867721531227,0.02976693210942649,10
13376,5.032806097774842,5.000867721531227,-0.031938376243615174,2
13377,5.02226570764409,5.000867721531227,-0.02139798611286281,8
13378,5.030363044944162,5.000867721531227,-0.029495323412934482,7
13379,4.848221137095271,5.000867721531227,0.15264658443595636,5
13380,5.082259086462554,5.000867721531227,-0.08139136493132693,4
13381,5.077832866432598,5.000867721531227,-0.07696514490137041,9
13382,4.974871783049773,5.000867721531227,0.025995938481454317,6
13383,5.914648283427355,6.806179973983888,0.8915316905565334,3
13384,6.22651062235411,6.806179973983888,0.5796693516297786,1
13385,5.749716563053469,6.806179973983888,1.0564634109304194,7
13386,5.797373377566636,6.806179973983888,1.0088065964172523,6
13387,5.8699212023617,6.806179973983888,0.9362587716221888,9
13388,5.937335009464802,6.806179973983888,0.8688449645190861,4
13389,5.786351801656406,6.806179973983888,1.0198281723274825,8
13390,5.928782694717274,6.806179973983888,0.8773972792666145,10
13391,5.870804375817662,6.806179973983888,0.9353755981662264,2
13392,5.676056969710704,6.041392685158225,0.36533571544752164,4
13393,5.63559819241567,6.041392685158225,0.4057944927425554,7
13394,5.673842766585474,6.041392685158225,0.36754991857275154,2
13395,5.679513406060286,6.041392685158225,0.3618792790979395,10
13396,5.676875790057206,6.041392685158225,0.36451689510101914,3
13397,5.648047719421026,6.041392685158225,0.39334496573719946,6
13398,5.629874534251006,6.041392685158225,0.4115181509072192,9
13399,5.706524022810881,6.041392685158225,0.33486866234734425,5
13400,5.734008347731702,6.041392685158225,0.30738433742652305,1
13401,5.533357901666552,5.656960182742849,0.12360228107629734,9
13402,5.581180093109314,5.656960182742849,0.07578008963353522,1
13403,5.595787051647348,5.656960182742849,0.06117313109550082,2
13404,5.636215075369929,5.656960182742849,0.020745107372920124,7
13405,5.58206291019779,5.656960182742849,0.0748972725450594,5
13406,5.650929416236164,5.656960182742849,0.0060307665066847704,3
13407,5.536362256536479,5.656960182742849,0.12059792620637033,8
13408,5.617525009202451,5.656960182742849,0.03943517354039816,6
13409,5.536469834775623,5.656960182742849,0.12049034796722591,10
13410,5.408129769751076,6.355068206348851,0.9469384365977751,3
13411,5.38747549357235,6.355068206348851,0.9675927127765007,4
13412,5.35873714502334,6.355068206348851,0.9963310613255114,2
13413,5.265108745046717,6.355068206348851,1.0899594613021337,8
13414,5.267147651953252,6.355068206348851,1.0879205543955992,1
13415,5.471039596123515,6.355068206348851,0.8840286102253359,9
13416,5.287591120625413,6.355068206348851,1.0674770857234384,6
13417,5.326714650014849,6.355068206348851,1.028353556334002,10
13418,5.314536946254008,6.355068206348851,1.040531260094843,7
13419,6.298615265277514,6.324282455297693,0.025667190020179476,1
13420,6.228240720024919,6.324282455297693,0.09604173527277382,4
13421,6.23446880531178,6.324282455297693,0.08981364998591346,7
13422,6.288749461146603,6.324282455297693,0.035532994151090236,2
13423,6.252703023416451,6.324282455297693,0.07157943188124172,5
13424,6.324872848615375,6.324282455297693,-0.0005903933176822918,10
13425,6.322360242148252,6.324282455297693,0.0019222131494407435,8
13426,6.25188246722171,6.324282455297693,0.07239998807598269,6
13427,6.305549012224297,6.324282455297693,0.01873344307339586,3
13428,5.428459658973611,5.944482672150168,0.5160230131765573,1
13429,5.2819617559771235,5.944482672150168,0.6625209161730448,10
13430,5.567580141971579,5.944482672150168,0.3769025301785893,8
13431,5.457771430759059,5.944482672150168,0.48671124139110944,7
13432,5.444982232237869,5.944482672150168,0.49950043991229887,4
13433,5.556923550003635,5.944482672150168,0.3875591221465333,6
13434,5.471054011960792,5.944482672150168,0.47342866018937624,3
13435,5.387245894922473,5.944482672150168,0.5572367772276952,5
13436,5.4642262615486485,5.944482672150168,0.4802564106015197,2
13437,6.248472875399627,6.3979400086720375,0.14946713327241046,10
13438,6.2622795951307095,6.3979400086720375,0.13566041354132796,4
13439,6.23952617682986,6.3979400086720375,0.15841383184217772,6
13440,6.286348023531513,6.3979400086720375,0.11159198514052449,9
13441,6.198157236355652,6.3979400086720375,0.19978277231638586,8
13442,6.240345252793409,6.3979400086720375,0.1575947558786286,3
13443,6.182768797932652,6.3979400086720375,0.21517121073938572,2
13444,6.203766164349215,6.3979400086720375,0.19417384432282248,5
13445,6.259350736080717,6.3979400086720375,0.1385892725913207,7
13446,6.044349676743848,6.1702617153949575,0.12591203865110945,10
13447,6.066571067880946,6.1702617153949575,0.10369064751401158,5
13448,6.135225956229455,6.1702617153949575,0.03503575916550261,8
13449,6.155357767503689,6.1702617153949575,0.01490394789126892,2
13450,5.9188624936065946,6.1702617153949575,0.25139922178836294,6
13451,6.067804412380073,6.1702617153949575,0.10245730301488454,7
13452,6.214797839358852,6.1702617153949575,-0.04453612396389417,1
13453,6.115096441156876,6.1702617153949575,0.05516527423808171,3
13454,6.195612150338463,6.1702617153949575,-0.02535043494350564,9
13455,5.258128970548339,4.413634997198556,-0.8444939733497829,8
13456,5.262044709394944,4.413634997198556,-0.8484097121963883,3
13457,5.2268163511844286,4.413634997198556,-0.8131813539858728,1
13458,5.233599602537912,4.413634997198556,-0.8199646053393561,7
13459,5.15595816677602,4.413634997198556,-0.7423231695774639,9
13460,5.337698261104614,4.413634997198556,-0.9240632639060582,4
13461,5.205941063907388,4.413634997198556,-0.7923060667088322,5
13462,5.252187757811567,4.413634997198556,-0.8385527606130116,6
13463,5.222319804265828,4.413634997198556,-0.8086848070672721,2
13464,5.84602647464935,5.949390006644912,0.10336353199556214,8
13465,5.907644561839825,5.949390006644912,0.04174544480508757,9
13466,5.97652800294032,5.949390006644912,-0.027137996295407696,4
13467,5.904590311608801,5.949390006644912,0.044799695036111586,6
13468,5.947265788332962,5.949390006644912,0.002124218311950088,7
13469,5.877861983985412,5.949390006644912,0.07152802265950076,1
13470,5.930895487184029,5.949390006644912,0.01849451946088365,2
13471,5.909914425537838,5.949390006644912,0.03947558110707394,10
13472,5.887966453702288,5.949390006644912,0.06142355294262458,3
13473,5.965211557303772,6.056904851336473,0.09169329403270066,2
13474,5.958546033376825,6.056904851336473,0.09835881795964774,1
13475,5.980799589645146,6.056904851336473,0.07610526169132648,4
13476,5.942590637444425,6.056904851336473,0.11431421389204743,10
13477,5.949173104471621,6.056904851336473,0.10773174686485198,6
13478,5.922959010059351,6.056904851336473,0.1339458412771215,8
13479,5.95815024771156,6.056904851336473,0.09875460362491228,3
13480,5.970070895843994,6.056904851336473,0.08683395549247841,7
13481,5.948440855650341,6.056904851336473,0.1084639956861313,5
13482,5.729025008285724,5.072984744627931,-0.6560402636577933,9
13483,5.540465994405816,5.072984744627931,-0.46748124977788486,3
13484,5.579105665940936,5.072984744627931,-0.5061209213130056,5
13485,5.47692723236491,5.072984744627931,-0.4039424877369795,1
13486,5.631523036200926,5.072984744627931,-0.5585382915729955,8
13487,5.640034250241554,5.072984744627931,-0.5670495056136229,2
13488,5.536416908650564,5.072984744627931,-0.4634321640226329,6
13489,5.661469419380418,5.072984744627931,-0.588484674752487,10
13490,5.60960693023207,5.072984744627931,-0.5366221856041395,7
13491,5.961779702223414,5.697229342759718,-0.264550359463696,2
13492,5.910245306739541,5.697229342759718,-0.21301596397982347,8
13493,5.867325488602031,5.697229342759718,-0.17009614584231336,9
13494,5.874936813924819,5.697229342759718,-0.17770747116510144,3
13495,5.915932025689304,5.697229342759718,-0.21870268292958617,4
13496,5.868474380483154,5.697229342759718,-0.1712450377234367,1
13497,5.936252556887961,5.697229342759718,-0.23902321412824357,7
13498,5.857219981045492,5.697229342759718,-0.1599906382857741,6
13499,5.839027340407955,5.697229342759718,-0.1417979976482373,5
13500,5.439109749803505,5.698970004336019,0.25986025453251393,4
13501,5.481784104501161,5.698970004336019,0.21718589983485792,7
13502,5.42788864507904,5.698970004336019,0.2710813592569785,2
13503,5.47265459753532,5.698970004336019,0.2263154068006985,1
13504,5.604232590471506,5.698970004336019,0.09473741386451273,5
13505,5.426891099826009,5.698970004336019,0.2720789045100096,3
13506,5.4526300209211165,5.698970004336019,0.24633998341490226,9
13507,5.650793598974056,5.698970004336019,0.04817640536196244,8
13508,5.515948717000805,5.698970004336019,0.1830212873352135,6
13509,6.09743477154113,6.664547962246547,0.5671131907054168,3
13510,6.002250739556616,6.664547962246547,0.6622972226899311,9
13511,6.083674691962223,6.664547962246547,0.5808732702843242,6
13512,6.221793423991178,6.664547962246547,0.44275453825536903,5
13513,6.0920011609063955,6.664547962246547,0.5725468013401516,7
13514,6.180543355573636,6.664547962246547,0.4840046066729107,10
13515,6.091351507302843,6.664547962246547,0.5731964549437043,1
13516,6.15648527021045,6.664547962246547,0.5080626920360976,8
13517,6.1286335097035325,6.664547962246547,0.5359144525430146,4
13518,6.320411380657325,6.937016107464814,0.6166047268074886,6
13519,6.4222858718072064,6.937016107464814,0.5147302356576073,5
13520,6.279153994655404,6.937016107464814,0.6578621128094095,7
13521,6.343916396629376,6.937016107464814,0.5930997108354381,8
13522,6.239755911510488,6.937016107464814,0.6972601959543256,3
13523,6.309057782419197,6.937016107464814,0.6279583250456167,1
13524,6.335207899175016,6.937016107464814,0.601808208289798,2
13525,6.37214795244352,6.937016107464814,0.5648681550212942,10
13526,6.34971339781788,6.937016107464814,0.5873027096469334,4
13527,6.3305596348162885,7.531478917042255,1.2009192822259669,1
13528,6.334363094975524,7.531478917042255,1.1971158220667313,3
13529,6.270464347916435,7.531478917042255,1.2610145691258206,9
13530,6.334993634112655,7.531478917042255,1.1964852829296007,6
13531,6.3775889327240165,7.531478917042255,1.1538899843182389,2
13532,6.426787291586337,7.531478917042255,1.104691625455918,5
13533,6.351625535017015,7.531478917042255,1.1798533820252404,10
13534,6.357242161369276,7.531478917042255,1.1742367556729798,4
13535,6.393743845861452,7.531478917042255,1.1377350711808036,8
13536,5.990571341967946,6.240798771117332,0.250227429149386,4
13537,6.0061025057355915,6.240798771117332,0.23469626538174015,6
13538,6.049087531447423,6.240798771117332,0.19171123966990855,2
13539,5.967882894335125,6.240798771117332,0.2729158767822062,8
13540,5.9934658363347,6.240798771117332,0.24733293478263185,5
13541,6.135161346849383,6.240798771117332,0.10563742426794853,7
13542,5.9629390730100615,6.240798771117332,0.27785969810727007,10
13543,6.006518298964172,6.240798771117332,0.23428047215315928,9
13544,6.004273556777039,6.240798771117332,0.2365252143402925,1
13545,6.363911417190984,6.012837224705172,-0.35107419248581184,4
13546,6.368826475634282,6.012837224705172,-0.3559892509291096,7
13547,6.383813708117637,6.012837224705172,-0.37097648341246536,10
13548,6.371100145135435,6.012837224705172,-0.3582629204302634,8
13549,6.308388245550718,6.012837224705172,-0.2955510208455463,5
13550,6.424077447570081,6.012837224705172,-0.411240222864909,1
13551,6.37547551459779,6.012837224705172,-0.3626382898926179,2
13552,6.270429034480705,6.012837224705172,-0.2575918097755334,3
13553,6.396348895050424,6.012837224705172,-0.3835116703452517,6
13554,6.229045576033984,6.44870631990508,0.21966074387109558,5
13555,6.189277743777193,6.44870631990508,0.2594285761278865,1
13556,6.200906821853083,6.44870631990508,0.24779949805199664,2
13557,6.139451475388301,6.44870631990508,0.3092548445167784,3
13558,6.013096867482459,6.44870631990508,0.4356094524226206,6
13559,6.130748156609936,6.44870631990508,0.3179581632951436,9
13560,6.239438043577677,6.44870631990508,0.20926827632740252,7
13561,6.210178027874786,6.44870631990508,0.2385282920302938,8
13562,6.230613142505112,6.44870631990508,0.21809317739996814,10
13563,5.721168755670657,6.580468783951002,0.8593000282803445,2
13564,5.748209258339256,6.580468783951002,0.8322595256117458,6
13565,5.802606173909623,6.580468783951002,0.777862610041379,8
13566,5.62004950267642,6.580468783951002,0.9604192812745813,3
13567,5.698564119574872,6.580468783951002,0.8819046643761297,1
13568,5.667627396432817,6.580468783951002,0.9128413875181849,4
13569,5.649291578856768,6.580468783951002,0.931177205094234,10
13570,5.761768956820667,6.580468783951002,0.8186998271303345,9
13571,6.023312695306662,6.580468783951002,0.5571560886443399,7
13572,6.201760832759907,5.778151250383644,-0.42360958237626356,6
13573,6.205665201998898,5.778151250383644,-0.4275139516152544,2
13574,6.212912268457071,5.778151250383644,-0.43476101807342715,8
13575,6.01856031065448,5.778151250383644,-0.24040906027083597,3
13576,6.21689071608399,5.778151250383644,-0.43873946570034583,4
13577,6.279291935373201,5.778151250383644,-0.501140684989557,5
13578,6.18535539838584,5.778151250383644,-0.4072041480021964,1
13579,6.1588594546094795,5.778151250383644,-0.3807082042258356,9
13580,6.247368229817693,5.778151250383644,-0.46921697943404883,7
13581,6.071044471494377,5.732393759822968,-0.33865071167140925,8
13582,6.092627725084709,5.732393759822968,-0.3602339652617408,10
13583,6.107810896339259,5.732393759822968,-0.37541713651629127,2
13584,6.11395853206036,5.732393759822968,-0.38156477223739227,4
13585,6.017275754506966,5.732393759822968,-0.2848819946839978,6
13586,6.120652397814403,5.732393759822968,-0.38825863799143523,7
13587,6.064012218160466,5.732393759822968,-0.3316184583374975,1
13588,5.957526483147876,5.732393759822968,-0.22513272332490786,3
13589,6.035248629422357,5.732393759822968,-0.3028548695993889,9
13590,5.6201259706504905,4.954242509439325,-0.6658834612111653,2
13591,5.49947101549457,4.954242509439325,-0.5452285060552446,5
13592,5.505540388584201,4.954242509439325,-0.5512978791448759,7
13593,5.456909674669182,4.954242509439325,-0.5026671652298571,1
13594,5.442897507403557,4.954242509439325,-0.4886549979642316,8
13595,5.513112981920225,4.954242509439325,-0.5588704724808995,3
13596,5.502963433892058,4.954242509439325,-0.5487209244527325,10
13597,5.512801882736553,4.954242509439325,-0.5585593732972276,9
13598,5.5240926801279135,4.954242509439325,-0.5698501706885883,6
13599,6.154380473405582,6.857332496431268,0.702952023025686,4
13600,6.230613142505112,6.857332496431268,0.6267193539261564,10
13601,6.229045576033984,6.857332496431268,0.6282869203972838,5
13602,6.189277743777193,6.857332496431268,0.6680547526540748,1
13603,6.239438043577677,6.857332496431268,0.6178944528535908,7
13604,6.139451475388301,6.857332496431268,0.7178810210429667,3
13605,6.200906821853083,6.857332496431268,0.6564256745781849,2
13606,6.210178027874786,6.857332496431268,0.6471544685564821,8
13607,6.130748156609936,6.857332496431268,0.7265843398213319,9
13608,5.929223340485089,5.308393649976259,-0.6208296905088302,1
13609,5.8457918129146185,5.308393649976259,-0.5373981629383593,6
13610,5.946251287854806,5.308393649976259,-0.6378576378785468,5
13611,5.914430272070955,5.308393649976259,-0.6060366220946962,3
13612,5.894807763861642,5.308393649976259,-0.5864141138853824,9
13613,5.954034021121974,5.308393649976259,-0.6456403711457153,7
13614,5.97581292728216,5.308393649976259,-0.6674192773059007,10
13615,5.964818878094875,5.308393649976259,-0.656425228118616,8
13616,5.9402847327063375,5.308393649976259,-0.6318910827300783,4
13617,5.92349353214032,6.277090960334402,0.3535974281940817,8
13618,5.828291601702512,6.277090960334402,0.4487993586318897,3
13619,5.626529570312743,6.277090960334402,0.6505613900216582,5
13620,5.898256680128612,6.277090960334402,0.3788342802057896,4
13621,5.878072021562348,6.277090960334402,0.39901893877205374,1
13622,5.947080169371358,6.277090960334402,0.3300107909630432,7
13623,5.813837981284663,6.277090960334402,0.46325297904973883,9
13624,5.883354758911583,6.277090960334402,0.3937362014228185,2
13625,5.8657146026005655,6.277090960334402,0.4113763577338361,6
13626,6.027393419088546,5.857332496431268,-0.170060922657278,1
13627,6.124393069722113,5.857332496431268,-0.26706057329084487,5
13628,5.967149087833864,5.857332496431268,-0.1098165914025957,9
13629,6.035029232057791,5.857332496431268,-0.17769673562652333,4
13630,6.021822929004995,5.857332496431268,-0.16449043257372686,6
13631,5.97744513839424,5.857332496431268,-0.12011264196297233,3
13632,6.00499213493695,5.857332496431268,-0.1476596385056821,8
13633,6.060605221319293,5.857332496431268,-0.20327272488802528,10
13634,6.029992641873638,5.857332496431268,-0.17266014544236974,2
13635,5.81548326839972,5.0,-0.8154832683997197,3
13636,5.813222028961991,5.0,-0.8132220289619907,1
13637,5.726313737125065,5.0,-0.7263137371250652,6
13638,5.738976866789017,5.0,-0.7389768667890166,4
13639,5.795228698653156,5.0,-0.7952286986531556,8
13640,5.744644106516445,5.0,-0.7446441065164446,9
13641,5.774808865525776,5.0,-0.7748088655257757,2
13642,5.773323766682319,5.0,-0.773323766682319,5
13643,5.744938066226093,5.0,-0.7449380662260934,7
13644,5.671647815956546,5.301029995663981,-0.37061782029256474,6
13645,5.726007708523902,5.301029995663981,-0.4249777128599206,8
13646,5.777109950193176,5.301029995663981,-0.4760799545291947,10
13647,5.728144867730761,5.301029995663981,-0.4271148720667801,3
13648,5.673173812435409,5.301029995663981,-0.3721438167714277,2
13649,5.704299338099705,5.301029995663981,-0.4032693424357241,9
13650,5.696852567544382,5.301029995663981,-0.3958225718804007,4
13651,5.676291414913351,5.301029995663981,-0.3752614192493695,5
13652,5.768737754151995,5.301029995663981,-0.4677077584880136,1
13653,3.8427658149670325,4.123851640967086,0.2810858260000533,1
13654,4.060110089292122,4.123851640967086,0.06374155167496376,10
13655,3.790465553219267,4.123851640967086,0.33338608774781875,7
13656,3.8840131000160807,4.123851640967086,0.2398385409510051,4
13657,3.6490250526529207,4.123851640967086,0.47482658831416513,6
13658,3.8094449310239242,4.123851640967086,0.31440670994316156,3
13659,3.8379111087529494,4.123851640967086,0.2859405322141364,8
13660,3.852398954806537,4.123851640967086,0.27145268616054885,5
13661,3.7448598683958556,4.123851640967086,0.3789917725712302,9
13662,5.643257120237291,4.505149978319906,-1.1381071419173852,4
13663,5.6166079285754735,4.505149978319906,-1.1114579502555673,5
13664,5.687120318198996,4.505149978319906,-1.18197033987909,10
13665,5.678599620097225,4.505149978319906,-1.173449641777319,9
13666,5.770444272370598,4.505149978319906,-1.2652942940506922,1
13667,5.680691595942801,4.505149978319906,-1.175541617622895,3
13668,5.6840322480043275,4.505149978319906,-1.1788822696844212,8
13669,5.639003186154959,4.505149978319906,-1.1338532078350525,7
13670,5.678269855591639,4.505149978319906,-1.1731198772717324,2
13671,5.714939853629788,6.32221929473392,0.607279441104132,4
13672,5.798386100134389,6.32221929473392,0.5238331945995318,1
13673,5.7691410597049595,6.32221929473392,0.5530782350289609,3
13674,5.725963800634278,6.32221929473392,0.5962554940996423,6
13675,5.719508467954245,6.32221929473392,0.602710826779675,9
13676,5.764768722570974,6.32221929473392,0.5574505721629466,8
13677,5.715985919268599,6.32221929473392,0.6062333754653215,7
13678,5.891164564863747,6.32221929473392,0.4310547298701737,10
13679,5.71567957058193,6.32221929473392,0.6065397241519905,2
13680,5.612959841657107,4.505149978319906,-1.1078098633372004,4
13681,5.731649291930813,4.505149978319906,-1.2264993136109066,1
13682,5.743316761090989,4.505149978319906,-1.2381667827710832,10
13683,5.640864612145914,4.505149978319906,-1.1357146338260078,6
13684,5.619331126558745,4.505149978319906,-1.1141811482388384,7
13685,5.643225010929772,4.505149978319906,-1.1380750326098656,9
13686,5.678640649655295,4.505149978319906,-1.1734906713353883,8
13687,5.670076271501565,4.505149978319906,-1.1649262931816589,2
13688,5.60230784062989,4.505149978319906,-1.0971578623099836,5
13689,5.439891935690662,4.568201724066995,-0.8716902116236671,8
13690,5.37282333515129,4.568201724066995,-0.8046216110842952,4
13691,5.3652160749580435,4.568201724066995,-0.7970143508910486,10
13692,5.440841538317155,4.568201724066995,-0.8726398142501601,3
13693,5.394137777805724,4.568201724066995,-0.8259360537387286,7
13694,5.450833007606366,4.568201724066995,-0.8826312835393706,6
13695,5.392176552601866,4.568201724066995,-0.8239748285348707,9
13696,5.453419270665632,4.568201724066995,-0.8852175465986374,5
13697,5.472180567918085,4.568201724066995,-0.9039788438510898,2
13698,4.410768390421133,4.900367128656471,0.4895987382353386,2
13699,4.355872659276444,4.900367128656471,0.5444944693800275,6
13700,4.451363492574715,4.900367128656471,0.4490036360817564,8
13701,4.597208696240889,4.900367128656471,0.30315843241558227,10
13702,4.456106414581464,4.900367128656471,0.444260714075007,1
13703,4.490726013475145,4.900367128656471,0.4096411151813264,7
13704,4.5020992316449,4.900367128656471,0.3982678970115714,4
13705,4.443544495455471,4.900367128656471,0.4568226332010008,5
13706,4.439855728017699,4.900367128656471,0.4605114006387723,9
13707,5.730793671525014,5.477121254719663,-0.253672416805351,6
13708,5.748982295442755,5.477121254719663,-0.2718610407230928,1
13709,5.721193060265409,5.477121254719663,-0.24407180554574648,4
13710,5.764256425967132,5.477121254719663,-0.2871351712474697,7
13711,5.612158310309768,5.477121254719663,-0.13503705559010548,2
13712,5.733644701989942,5.477121254719663,-0.2565234472702791,5
13713,5.753920051412157,5.477121254719663,-0.2767987966924945,9
13714,5.7054071447137025,5.477121254719663,-0.22828588999403987,3
13715,5.7881758404305,5.477121254719663,-0.31105458571083755,10
13716,5.66202595124445,6.041392685158225,0.3793667339137752,7
13717,5.777847424524846,6.041392685158225,0.26354526063337946,8
13718,5.648371068388298,6.041392685158225,0.39302161676992764,5
13719,5.669795655197736,6.041392685158225,0.3715970299604896,1
13720,5.693198571161066,6.041392685158225,0.3481941139971596,4
13721,5.634891178682528,6.041392685158225,0.4065015064756974,6
13722,5.374904448740063,6.041392685158225,0.6664882364181626,2
13723,5.69174107135543,6.041392685158225,0.34965161380279497,9
13724,5.676508525766024,6.041392685158225,0.36488415939220165,10
13725,5.943596673762894,6.496791315700042,0.5531946419371483,1
13726,5.925269206671791,6.496791315700042,0.5715221090282512,3
13727,5.950975834542573,6.496791315700042,0.5458154811574687,10
13728,5.926642827590797,6.496791315700042,0.5701484881092451,2
13729,5.934449634902774,6.496791315700042,0.5623416807972683,8
13730,5.914988225505799,6.496791315700042,0.581803090194243,6
13731,5.938254808405332,6.496791315700042,0.5585365072947104,4
13732,5.944728882757635,6.496791315700042,0.5520624329424075,7
13733,5.928627349109698,6.496791315700042,0.568163966590344,5
13734,5.587693633967544,4.486713775982485,-1.1009798579850587,2
13735,5.5619204209899396,4.486713775982485,-1.0752066450074542,4
13736,5.7447616891077145,4.486713775982485,-1.2580479131252291,1
13737,5.628957563220326,4.486713775982485,-1.1422437872378408,6
13738,5.660268385209386,4.486713775982485,-1.1735546092269002,10
13739,5.540730328255079,4.486713775982485,-1.0540165522725937,9
13740,5.635611511486797,4.486713775982485,-1.1488977355043115,3
13741,5.686126920608193,4.486713775982485,-1.1994131446257077,8
13742,5.588592534780689,4.486713775982485,-1.101878758798204,5
13743,5.872475672993833,5.0,-0.8724756729938328,7
13744,5.850346798306195,5.0,-0.8503467983061954,2
13745,5.896404135396956,5.0,-0.8964041353969563,10
13746,5.859996899494572,5.0,-0.8599968994945719,1
13747,5.8439967222418305,5.0,-0.8439967222418305,3
13748,5.831954883162607,5.0,-0.8319548831626067,6
13749,5.778141796571817,5.0,-0.7781417965718171,5
13750,5.850327374216582,5.0,-0.8503273742165822,9
13751,5.76645650817591,5.0,-0.76645650817591,4
13752,5.7925595943487505,6.32221929473392,0.52965970038517,7
13753,5.829968076698893,6.32221929473392,0.4922512180350278,1
13754,5.78601630255763,6.32221929473392,0.5362029921762907,9
13755,5.783859156819163,6.32221929473392,0.5383601379147578,3
13756,5.778541115763302,6.32221929473392,0.5436781789706187,2
13757,5.761443254635915,6.32221929473392,0.5607760400980055,5
13758,5.771257273365146,6.32221929473392,0.5509620213687745,4
13759,5.779213377787658,6.32221929473392,0.543005916946262,6
13760,5.808864910427774,6.32221929473392,0.5133543843061465,8
13761,5.3112364466227895,4.685741738602264,-0.6254947080205255,1
13762,5.400085509404569,4.685741738602264,-0.714343770802305,3
13763,5.353539723612203,4.685741738602264,-0.6677979850099387,5
13764,5.084433396370996,4.685741738602264,-0.3986916577687323,6
13765,5.340716104817634,4.685741738602264,-0.6549743662153702,7
13766,5.439879012062201,4.685741738602264,-0.7541372734599374,9
13767,5.307818464603134,4.685741738602264,-0.6220767260008699,2
13768,5.419036527220419,4.685741738602264,-0.7332947886181547,10
13769,5.306831261709374,4.685741738602264,-0.6210895231071101,4
13770,5.801647655262846,6.504701881045554,0.7030542257827079,2
13771,5.863801641984369,6.504701881045554,0.6409002390611844,3
13772,5.875483631047843,6.504701881045554,0.6292182499977104,1
13773,5.9019143064776385,6.504701881045554,0.6027875745679152,10
13774,5.878025679444498,6.504701881045554,0.6266762016010556,4
13775,5.830803316304935,6.504701881045554,0.673898564740619,5
13776,5.83164505201059,6.504701881045554,0.6730568290349641,7
13777,5.809323078470621,6.504701881045554,0.6953788025749326,6
13778,5.8691578667507835,6.504701881045554,0.6355440142947701,8
13779,3.352210974308723,2.146128035678238,-1.2060829386304848,4
13780,3.397695511311996,2.146128035678238,-1.2515674756337578,1
13781,3.2471898997308295,2.146128035678238,-1.1010618640525913,6
13782,3.3083161695295553,2.146128035678238,-1.1621881338513171,10
13783,3.818087542506727,2.146128035678238,-1.6719595068284887,9
13784,3.387734967845524,2.146128035678238,-1.241606932167286,8
13785,3.2508485070559754,2.146128035678238,-1.1047204713777372,3
13786,3.3886816799886588,2.146128035678238,-1.2425536443104206,5
13787,3.350606530506125,2.146128035678238,-1.2044784948278866,7
13788,3.5014078928132726,1.4471580313422192,-2.054249861471053,2
13789,3.3393027576490506,1.4471580313422192,-1.8921447263068314,5
13790,3.4907920859730712,1.4471580313422192,-2.043634054630852,1
13791,3.090997258445514,1.4471580313422192,-1.6438392271032949,7
13792,3.193973632960223,1.4471580313422192,-1.7468156016180039,3
13793,3.3653737589937354,1.4471580313422192,-1.9182157276515162,10
13794,3.3150778471271956,1.4471580313422192,-1.8679198157849763,8
13795,3.1015548621736526,1.4471580313422192,-1.6543968308314334,6
13796,3.587832777413731,1.4471580313422192,-2.140674746071512,9
13797,3.3102624000449303,3.113943352306837,-0.1963190477380934,10
13798,3.209740268369002,3.113943352306837,-0.09579691606216523,5
13799,3.244734010823529,3.113943352306837,-0.13079065851669203,8
13800,3.273522311912943,3.113943352306837,-0.1595789596061059,2
13801,3.498371965729129,3.113943352306837,-0.38442861342229184,4
13802,3.0631233820627615,3.113943352306837,0.050819970244075474,6
13803,3.3007843775719707,3.113943352306837,-0.1868410252651338,1
13804,3.210808012544129,3.113943352306837,-0.09686466023729201,3
13805,3.0801411337143882,3.113943352306837,0.033802218592448696,7
13806,3.668447429008392,4.826074802700826,1.157627373692434,10
13807,3.672436362825158,4.826074802700826,1.1536384398756678,1
13808,3.491633359707411,4.826074802700826,1.3344414429934148,3
13809,3.610341548792117,4.826074802700826,1.215733253908709,2
13810,3.8248386761181594,4.826074802700826,1.0012361265826666,9
13811,3.49648027022427,4.826074802700826,1.329594532476556,5
13812,4.175973709093978,4.826074802700826,0.6501010936068479,4
13813,3.2180649769549654,4.826074802700826,1.6080098257458606,6
13814,3.5548213794573558,4.826074802700826,1.2712534232434702,8
13815,5.524480573993136,4.247973266361806,-1.2765073076313298,6
13816,5.511778492105281,4.247973266361806,-1.2638052257434742,4
13817,5.448524280112075,4.247973266361806,-1.2005510137502684,5
13818,5.544747875113967,4.247973266361806,-1.2967746087521608,7
13819,5.557920199154392,4.247973266361806,-1.3099469327925855,3
13820,5.648784642744435,4.247973266361806,-1.4008113763826282,1
13821,5.550089071900195,4.247973266361806,-1.3021158055383886,2
13822,5.573730340818674,4.247973266361806,-1.3257570744568676,8
13823,5.467089411806923,4.247973266361806,-1.219116145445117,9
13824,3.7684784528113835,5.0,1.2315215471886165,10
13825,3.6727603535713444,5.0,1.3272396464286556,3
13826,3.81954859276999,5.0,1.1804514072300099,1
13827,3.8389577448868146,5.0,1.1610422551131854,6
13828,3.7400771538600948,5.0,1.2599228461399052,2
13829,3.7565924521475087,5.0,1.2434075478524913,8
13830,3.8324148761136785,5.0,1.1675851238863215,9
13831,3.7339328404162937,5.0,1.2660671595837063,4
13832,4.19153197464092,5.0,0.8084680253590797,5
13833,5.596387334735583,5.653212513775344,0.0568251790397607,7
13834,5.613762542123684,5.653212513775344,0.039449971651659865,10
13835,5.663897547923276,5.653212513775344,-0.010685034147932093,1
13836,5.557779485723923,5.653212513775344,0.09543302805142062,4
13837,5.558428634195763,5.653212513775344,0.09478387957958123,5
13838,5.628123398462825,5.653212513775344,0.025089115312519006,2
13839,5.628567750583569,5.653212513775344,0.024644763191775,6
13840,5.639091873017215,5.653212513775344,0.014120640758129355,9
13841,5.704304767123299,5.653212513775344,-0.05109225334795475,8
13842,5.860559858568673,5.653212513775344,-0.2073473447933294,8
13843,5.850603374521406,5.653212513775344,-0.19739086074606238,3
13844,5.881306536289828,5.653212513775344,-0.22809402251448407,6
13845,5.835078875301001,5.653212513775344,-0.18186636152565683,5
13846,5.936066697363888,5.653212513775344,-0.28285418358854386,4
13847,5.896485053073258,5.653212513775344,-0.24327253929791404,10
13848,5.831079256714482,5.653212513775344,-0.17786674293913762,2
13849,5.842329171343625,5.653212513775344,-0.189116657568281,7
13850,5.878808838518583,5.653212513775344,-0.22559632474323887,1
13851,5.849753047687199,6.204119982655925,0.3543669349687262,5
13852,5.80894411789643,6.204119982655925,0.3951758647594952,2
13853,5.830635740732313,6.204119982655925,0.3734842419236122,6
13854,5.861304143401347,6.204119982655925,0.3428158392545777,10
13855,5.860952266156928,6.204119982655925,0.34316771649899724,7
13856,5.876940061537425,6.204119982655925,0.3271799211184998,1
13857,5.8857493223019866,6.204119982655925,0.31837066035393846,3
13858,5.827371114388036,6.204119982655925,0.3767488682678888,8
13859,5.840760789040672,6.204119982655925,0.3633591936152527,9
13860,5.995199611175759,6.079181246047625,0.08398163487186583,6
13861,5.981852458435328,6.079181246047625,0.09732878761229724,7
13862,6.045301669332634,6.079181246047625,0.03387957671499109,5
13863,5.988823117851465,6.079181246047625,0.09035812819616051,4
13864,5.954820775915819,6.079181246047625,0.12436047013180573,8
13865,5.9661922986831675,6.079181246047625,0.11298894736445764,2
13866,5.94994395416197,6.079181246047625,0.12923729188565503,10
13867,6.003479851278417,6.079181246047625,0.07570139476920801,9
13868,5.995890581956652,6.079181246047625,0.08329066409097319,3
13869,6.103533217529763,6.3979400086720375,0.29440679114227475,8
13870,6.125661576599004,6.3979400086720375,0.27227843207303337,2
13871,6.109231445410683,6.3979400086720375,0.28870856326135463,6
13872,6.103494662034183,6.3979400086720375,0.29444534663785493,3
13873,6.066098631715256,6.3979400086720375,0.3318413769567812,10
13874,6.09563148836146,6.3979400086720375,0.30230852031057776,9
13875,6.110193200177961,6.3979400086720375,0.2877468084940764,5
13876,6.0556236899385825,6.3979400086720375,0.342316318733455,1
13877,6.091950868324427,6.3979400086720375,0.30598914034761027,7
13878,5.91908003363039,5.223755453657241,-0.6953245799731489,8
13879,5.939775112597094,5.223755453657241,-0.7160196589398531,2
13880,5.969245143282312,5.223755453657241,-0.7454896896250709,9
13881,5.904921499371751,5.223755453657241,-0.6811660457145097,7
13882,5.907719990357383,5.223755453657241,-0.6839645367001417,10
13883,5.944924545080363,5.223755453657241,-0.7211690914231221,5
13884,5.9055322081900545,5.223755453657241,-0.6817767545328133,4
13885,5.924237778197092,5.223755453657241,-0.700482324539851,1
13886,5.938253473202037,5.223755453657241,-0.7144980195447959,6
13887,6.104670618457824,5.079181246047625,-1.025489372410199,5
13888,6.058799259247902,5.079181246047625,-0.9796180132002767,4
13889,6.056389896991591,5.079181246047625,-0.9772086509439655,7
13890,6.072181521099683,5.079181246047625,-0.9930002750520579,8
13891,6.070876130845429,5.079181246047625,-0.9916948847978038,3
13892,6.039669268792633,5.079181246047625,-0.9604880227450083,1
13893,6.046907063842002,5.079181246047625,-0.9677258177943768,2
13894,6.043845883990633,5.079181246047625,-0.9646646379430077,10
13895,6.087035192705682,5.079181246047625,-1.0078539466580567,6
13896,6.110193200177961,6.778151250383644,0.6679580502056828,5
13897,6.091950868324427,6.778151250383644,0.6862003820592166,7
13898,6.103494662034183,6.778151250383644,0.6746565883494613,3
13899,6.0556236899385825,6.778151250383644,0.7225275604450614,1
13900,6.066098631715256,6.778151250383644,0.7120526186683875,10
13901,6.09563148836146,6.778151250383644,0.6825197620221841,9
13902,6.109231445410683,6.778151250383644,0.668919804972961,6
13903,6.125661576599004,6.778151250383644,0.6524896737846397,2
13904,6.103533217529763,6.778151250383644,0.6746180328538811,8
13905,5.677721904241212,5.585460729508501,-0.09226117473271067,9
13906,5.541049272642655,5.585460729508501,0.0444114568658458,7
13907,5.553658920457094,5.585460729508501,0.03180180905140695,10
13908,5.55037251133802,5.585460729508501,0.0350882181704808,6
13909,5.557631666326844,5.585460729508501,0.0278290631816569,5
13910,5.601701640799096,5.585460729508501,-0.016240911290594795,4
13911,5.498997036206336,5.585460729508501,0.08646369330216519,3
13912,5.678146076344785,5.585460729508501,-0.0926853468362836,8
13913,5.520008475646351,5.585460729508501,0.06545225386214959,2
13914,6.080454355727714,5.845098040014257,-0.2353563157134575,8
13915,6.091096095349121,5.845098040014257,-0.24599805533486396,3
13916,6.099712015747603,5.845098040014257,-0.25461397573334565,5
13917,6.09075272383637,5.845098040014257,-0.24565468382211275,6
13918,6.045887405491942,5.845098040014257,-0.2007893654776849,1
13919,6.055633870114094,5.845098040014257,-0.210535830099837,10
13920,6.081195507870778,5.845098040014257,-0.23609746785652064,9
13921,6.086594412003432,5.845098040014257,-0.24149637198917517,2
13922,6.064177015956181,5.845098040014257,-0.21907897594192427,4
13923,5.994204537839526,5.934498451243568,-0.05970608659595733,3
13924,5.994097772709552,5.934498451243568,-0.05959932146598401,4
13925,5.987343408399637,5.934498451243568,-0.05284495715606852,2
13926,5.9721801399918215,5.934498451243568,-0.03768168874825317,1
13927,5.966567620750652,5.934498451243568,-0.03206916950708383,10
13928,6.0231716479944035,5.934498451243568,-0.08867319675083518,9
13929,5.99820132155185,5.934498451243568,-0.06370287030828159,6
13930,6.037039268786808,5.934498451243568,-0.10254081754323963,5
13931,5.976544658300643,5.934498451243568,-0.042046207057074625,7
13932,6.046907063842002,5.771587480881255,-0.2753195829607469,2
13933,6.1412605283258435,5.771587480881255,-0.3696730474445884,9
13934,6.087035192705682,5.771587480881255,-0.31544771182442677,6
13935,6.104670618457824,5.771587480881255,-0.33308313757656904,5
13936,6.039669268792633,5.771587480881255,-0.2680817879113784,1
13937,6.070876130845429,5.771587480881255,-0.2992886499641738,3
13938,6.056389896991591,5.771587480881255,-0.2848024161103355,7
13939,6.058799259247902,5.771587480881255,-0.2872117783666468,4
13940,6.043845883990633,5.771587480881255,-0.27225840310937777,10
13941,5.914315132375536,6.653212513775344,0.7388973813998083,9
13942,5.85679140983627,6.653212513775344,0.7964211039390738,5
13943,5.892684937951218,6.653212513775344,0.7605275758241259,3
13944,5.905388331923351,6.653212513775344,0.7478241818519926,10
13945,5.846303243684548,6.653212513775344,0.806909270090796,8
13946,5.8871966435436995,6.653212513775344,0.7660158702316444,6
13947,5.897227661365124,6.653212513775344,0.7559848524102195,2
13948,5.916113989916664,6.653212513775344,0.7370985238586796,4
13949,5.90362781629949,6.653212513775344,0.7495846974758535,7
13950,5.818064695356773,5.903089986991944,0.08502529163517103,9
13951,5.773745250112018,5.903089986991944,0.12934473687992565,6
13952,5.812275858601411,5.903089986991944,0.09081412839053282,10
13953,5.772058369011193,5.903089986991944,0.13103161798075114,2
13954,5.802058731876529,5.903089986991944,0.10103125511541489,8
13955,5.847006316658014,5.903089986991944,0.0560836703339298,1
13956,5.7722509656247265,5.903089986991944,0.13083902136721726,4
13957,5.745836803806988,5.903089986991944,0.15725318318495596,5
13958,5.813669644925447,5.903089986991944,0.08942034206649652,3
13959,5.94994395416197,4.927370363039024,-1.0225735911229457,10
13960,5.9661922986831675,4.927370363039024,-1.038821935644143,2
13961,5.988823117851465,4.927370363039024,-1.0614527548124402,4
13962,5.954820775915819,4.927370363039024,-1.027450412876795,8
13963,6.003479851278417,4.927370363039024,-1.0761094882393927,9
13964,5.995199611175759,4.927370363039024,-1.0678292481367349,6
13965,5.995890581956652,4.927370363039024,-1.0685202189176275,3
13966,5.96887420658333,4.927370363039024,-1.0415038435443051,1
13967,5.981852458435328,4.927370363039024,-1.0544820953963034,7
13968,5.669954054841157,4.826074802700826,-0.8438792521403311,4
13969,5.781235517051175,4.826074802700826,-0.9551607143503489,6
13970,5.633036932308166,4.826074802700826,-0.8069621296073404,1
13971,5.7418530705846305,4.826074802700826,-0.9157782678838045,3
13972,5.697338205248566,4.826074802700826,-0.8712634025477399,5
13973,5.69768288539283,4.826074802700826,-0.8716080826920036,8
13974,5.636239468452658,4.826074802700826,-0.8101646657518318,2
13975,5.698412630989555,4.826074802700826,-0.8723378282887291,9
13976,5.531086641556365,4.826074802700826,-0.7050118388555386,10
13977,5.320839338290437,5.002166061756507,-0.3186732765339295,1
13978,5.442551419660543,5.002166061756507,-0.4403853579040353,3
13979,5.411465866770144,5.002166061756507,-0.40929980501363694,5
13980,5.297392887429825,5.002166061756507,-0.2952268256733177,10
13981,5.433025745222689,5.002166061756507,-0.4308596834661813,7
13982,5.5227054944702845,5.002166061756507,-0.5205394327137771,2
13983,5.465516010372537,5.002166061756507,-0.4633499486160293,6
13984,5.553241796876026,5.002166061756507,-0.551075735119519,8
13985,5.457048535809082,5.002166061756507,-0.45488247405257454,4
13986,5.719212715087229,6.662757831681574,0.9435451165943451,4
13987,5.780726650260832,6.662757831681574,0.882031181420742,8
13988,5.777392086620531,6.662757831681574,0.8853657450610433,9
13989,5.716912329279482,6.662757831681574,0.9458455024020926,3
13990,5.938967890922164,6.662757831681574,0.7237899407594099,6
13991,5.593272603530217,6.662757831681574,1.0694852281513576,1
13992,5.9536777394355145,6.662757831681574,0.7090800922460598,7
13993,5.750000265743977,6.662757831681574,0.9127575659375973,10
13994,5.737303551877928,6.662757831681574,0.9254542798036463,5
13995,5.6574979416148485,6.071882007306125,0.4143840656912765,2
13996,5.776549202073181,6.071882007306125,0.2953328052329445,10
13997,5.749159028475036,6.071882007306125,0.3227229788310888,4
13998,5.654392251584669,6.071882007306125,0.41748975572145586,1
13999,5.807444391328192,6.071882007306125,0.2644376159779327,9
14000,5.817072124013524,6.071882007306125,0.2548098832926007,8
14001,5.9364923305765105,6.071882007306125,0.13538967672961455,6
14002,5.738532468268678,6.071882007306125,0.3333495390374468,3
14003,5.782638090954164,6.071882007306125,0.28924391635196134,5
14004,3.7973489518453483,2.6766936096248664,-1.120655342220482,4
14005,4.016550996654634,2.6766936096248664,-1.3398573870297676,2
14006,3.739626571499912,2.6766936096248664,-1.0629329618750458,8
14007,3.811087590302857,2.6766936096248664,-1.1343939806779906,6
14008,3.831861915971327,2.6766936096248664,-1.1551683063464608,10
14009,3.7620961609512467,2.6766936096248664,-1.0854025513263803,5
14010,3.7892081599275063,2.6766936096248664,-1.11251455030264,3
14011,3.754441694934018,2.6766936096248664,-1.0777480853091514,1
14012,3.7234449774760994,2.6766936096248664,-1.046751367851233,9
14013,5.270722009496898,4.184691430817598,-1.0860305786792992,4
14014,5.267312424826485,4.184691430817598,-1.0826209940088862,10
14015,5.137264918471373,4.184691430817598,-0.9525734876537744,6
14016,5.270556723469505,4.184691430817598,-1.0858652926519063,1
14017,5.10246567500652,4.184691430817598,-0.9177742441889212,7
14018,5.140879151822835,4.184691430817598,-0.9561877210052367,3
14019,5.1912644356220925,4.184691430817598,-1.006573004804494,5
14020,5.145013246817174,4.184691430817598,-0.9603218159995759,8
14021,5.138144799935605,4.184691430817598,-0.9534533691180069,9
14022,5.719289050484439,4.933993163831242,-0.7852958866531967,8
14023,5.590790625216601,4.933993163831242,-0.6567974613853593,7
14024,5.690475278799303,4.933993163831242,-0.756482114968061,9
14025,5.685466936171666,4.933993163831242,-0.7514737723404243,2
14026,5.735908827118188,4.933993163831242,-0.8019156632869464,4
14027,5.453327401068753,4.933993163831242,-0.5193342372375112,6
14028,5.773434960209474,4.933993163831242,-0.8394417963782317,10
14029,5.758063545148351,4.933993163831242,-0.8240703813171093,1
14030,5.764041770192624,4.933993163831242,-0.8300486063613821,3
14031,5.5302998419321945,5.3979400086720375,-0.132359833260157,2
14032,5.55199876672376,5.3979400086720375,-0.15405875805172276,5
14033,5.536568571521299,5.3979400086720375,-0.13862856284926117,3
14034,5.513440414710943,5.3979400086720375,-0.11550040603890555,6
14035,5.647449270770852,5.3979400086720375,-0.2495092620988144,10
14036,5.528088168816691,5.3979400086720375,-0.13014816014465325,7
14037,5.57765436177142,5.3979400086720375,-0.17971435309938233,8
14038,5.629994822645994,5.3979400086720375,-0.23205481397395644,4
14039,5.550960908038749,5.3979400086720375,-0.15302089936671148,9
14040,5.742674544974377,6.57978359661681,0.8371090516424333,3
14041,5.794150822766226,6.57978359661681,0.7856327738505842,10
14042,5.863396062377534,6.57978359661681,0.716387534239276,6
14043,5.749427522318053,6.57978359661681,0.8303560742987575,7
14044,5.806427071603964,6.57978359661681,0.7733565250128462,8
14045,5.820157923511565,6.57978359661681,0.7596256731052451,9
14046,5.682346739215533,6.57978359661681,0.897436857401277,2
14047,5.8408457352389,6.57978359661681,0.7389378613779103,1
14048,5.812253933796611,6.57978359661681,0.7675296628201993,4
14049,5.571583201420562,6.0,0.4284167985794376,6
14050,5.5474589667282315,6.0,0.45254103327176853,9
14051,5.620690729609866,6.0,0.3793092703901344,1
14052,5.582761829534575,6.0,0.4172381704654251,8
14053,5.584272255419745,6.0,0.41572774458025474,7
14054,5.634162233121458,6.0,0.36583776687854197,2
14055,5.563233525485632,6.0,0.4367664745143678,5
14056,5.615211811382551,6.0,0.3847881886174491,4
14057,5.635523364172882,6.0,0.36447663582711787,10
14058,4.617845476480493,4.469365398766434,-0.14848007771405936,8
14059,4.4879569617756525,4.469365398766434,-0.018591563009218603,10
14060,4.502918569373455,4.469365398766434,-0.03355317060702134,2
14061,4.4290617638447065,4.469365398766434,0.040303634921727394,5
14062,4.6191768149127626,4.469365398766434,-0.14981141614632865,9
14063,4.516003339132517,4.469365398766434,-0.046637940366083264,7
14064,4.4675499143956845,4.469365398766434,0.0018154843707494095,1
14065,4.555406801476957,4.469365398766434,-0.0860414027105234,6
14066,4.445094575900658,4.469365398766434,0.024270822865775976,4
14067,4.510707145632006,4.252853030979893,-0.2578541146521127,6
14068,4.442140104410755,4.252853030979893,-0.1892870734308616,1
14069,4.505866805396515,4.252853030979893,-0.25301377441662165,10
14070,4.459026909913475,4.252853030979893,-0.20617387893358163,2
14071,4.59582619026717,4.252853030979893,-0.34297315928727645,3
14072,4.417907741021888,4.252853030979893,-0.16505471004199457,5
14073,4.460838964220828,4.252853030979893,-0.20798593324093506,7
14074,4.3948733723861055,4.252853030979893,-0.14202034140621222,4
14075,4.45704523855663,4.252853030979893,-0.20419220757673706,8
14076,5.9661676247585005,6.041392685158225,0.07522506039972487,10
14077,5.92635644861395,6.041392685158225,0.11503623654427564,6
14078,5.903959474453878,6.041392685158225,0.137433210704347,7
14079,5.945157512788501,6.041392685158225,0.09623517236972479,8
14080,5.941989463234424,6.041392685158225,0.09940322192380169,5
14081,5.954654891398187,6.041392685158225,0.08673779376003843,2
14082,5.972186798520587,6.041392685158225,0.06920588663763816,4
14083,5.966534315296566,6.041392685158225,0.07485836986165939,1
14084,5.914373966912727,6.041392685158225,0.12701871824549826,9
14085,5.470847420806887,5.079181246047625,-0.391666174759262,8
14086,5.423460444498585,5.079181246047625,-0.3442791984509599,5
14087,5.546421450552158,5.079181246047625,-0.46724020450453274,10
14088,5.508789104380604,5.079181246047625,-0.42960785833297876,2
14089,5.487857609471215,5.079181246047625,-0.4086763634235897,9
14090,5.438311311856153,5.079181246047625,-0.3591300658085279,3
14091,5.538376874101842,5.079181246047625,-0.4591956280542169,1
14092,5.405755797122575,5.079181246047625,-0.32657455107495004,7
14093,5.484755382668623,5.079181246047625,-0.4055741366209977,4
14094,6.060390621531647,6.491361693834273,0.43097107230262566,1
14095,5.943197523162491,6.491361693834273,0.5481641706717824,4
14096,5.997506981146481,6.491361693834273,0.49385471268779213,7
14097,6.007068510457296,6.491361693834273,0.4842931833769768,10
14098,5.9713223853983814,6.491361693834273,0.5200393084358916,8
14099,6.040894067974742,6.491361693834273,0.45046762585953104,3
14100,5.962021698201237,6.491361693834273,0.5293399956330358,5
14101,6.006471631949538,6.491361693834273,0.4848900618847347,2
14102,5.961447494621439,6.491361693834273,0.5299141992128344,6
14103,6.007068510457296,6.278753600952829,0.2716850904955326,10
14104,6.006471631949538,6.278753600952829,0.2722819690032905,2
14105,6.040894067974742,6.278753600952829,0.23785953297808682,3
14106,6.060390621531647,6.278753600952829,0.21836297942118144,1
14107,5.997506981146481,6.278753600952829,0.2812466198063479,7
14108,5.961447494621439,6.278753600952829,0.3173061063313902,6
14109,5.9713223853983814,6.278753600952829,0.3074312155544474,8
14110,5.962021698201237,6.278753600952829,0.3167319027515916,5
14111,5.672590332439854,6.278753600952829,0.606163268512975,9
14112,4.720828957289812,3.892651033877301,-0.8281779234125111,10
14113,4.566737563522322,3.892651033877301,-0.6740865296450211,1
14114,4.442870983640529,3.892651033877301,-0.5502199497632283,9
14115,4.547992251006119,3.892651033877301,-0.655341217128818,8
14116,4.465189757786655,3.892651033877301,-0.5725387239093545,3
14117,4.524571842048334,3.892651033877301,-0.6319208081710332,2
14118,4.584919040374717,3.892651033877301,-0.6922680064974163,4
14119,4.446372570989094,3.892651033877301,-0.5537215371117936,5
14120,4.497905755069149,3.892651033877301,-0.605254721191848,7
14121,4.6850246259910096,5.079181246047625,0.39415662005661556,2
14122,4.76212528569325,5.079181246047625,0.31705596035437544,4
14123,4.68795671975619,5.079181246047625,0.39122452629143467,1
14124,4.7810884661123785,5.079181246047625,0.29809277993524663,10
14125,4.695912637641997,5.079181246047625,0.38326860840562826,6
14126,4.70261721786256,5.079181246047625,0.37656402818506507,8
14127,4.577702325519754,5.079181246047625,0.5014789205278714,5
14128,4.662038776916826,5.079181246047625,0.4171424691307992,9
14129,4.6254492911365155,5.079181246047625,0.4537319549111096,7
14130,4.8857372616584005,4.787743771646467,-0.09799349001193391,5
14131,4.8554064049623324,4.787743771646467,-0.06766263331586586,3
14132,4.947056358236912,4.787743771646467,-0.15931258659044545,4
14133,4.909538790091861,4.787743771646467,-0.1217950184453942,1
14134,4.903827868688681,4.787743771646467,-0.11608409704221412,9
14135,4.803184241120385,4.787743771646467,-0.015440469473918306,10
14136,4.888932040475905,4.787743771646467,-0.10118826882943832,2
14137,4.946743289599469,4.787743771646467,-0.15899951795300282,6
14138,5.035111319561493,4.787743771646467,-0.2473675479150268,8
14139,5.5951720294310086,5.575187844927661,-0.019984184503347713,5
14140,5.558167468158561,5.575187844927661,0.017020376769099954,3
14141,5.629065050597214,5.575187844927661,-0.05387720566955334,6
14142,5.719489445288559,5.575187844927661,-0.14430160036089834,1
14143,5.63402612003948,5.575187844927661,-0.05883827511181927,8
14144,5.567378442071981,5.575187844927661,0.007809402855679437,2
14145,5.567475618203166,5.575187844927661,0.007712226724494897,7
14146,5.79450105009636,5.575187844927661,-0.21931320516869945,10
14147,5.553748222985023,5.575187844927661,0.02143962194263782,9
14148,5.344446027675441,4.56157836830096,-0.7828676593744808,5
14149,5.441016701052372,4.56157836830096,-0.8794383327514117,9
14150,5.526158124920215,4.56157836830096,-0.9645797566192549,2
14151,5.475359457445798,4.56157836830096,-0.9137810891448375,4
14152,5.269110064128214,4.56157836830096,-0.707531695827254,7
14153,5.534090931616674,4.56157836830096,-0.9725125633157141,8
14154,5.62963215884325,4.56157836830096,-1.0680537905422893,10
14155,5.473081594558941,4.56157836830096,-0.911503226257981,6
14156,5.424639697182528,4.56157836830096,-0.8630613288815674,3
14157,5.6448640364860365,7.133858125203335,1.4889940887172983,2
14158,5.6018370429836555,7.133858125203335,1.5320210822196794,4
14159,5.591829662394755,7.133858125203335,1.54202846280858,5
14160,5.570538532173539,7.133858125203335,1.5633195930297958,8
14161,5.614662437687648,7.133858125203335,1.519195687515687,3
14162,5.786008650823944,7.133858125203335,1.347849474379391,10
14163,5.633196165808052,7.133858125203335,1.5006619593952832,6
14164,5.775780550143093,7.133858125203335,1.3580775750602418,1
14165,5.610748023061683,7.133858125203335,1.5231101021416515,9
14166,5.0621958206128514,5.221674997070769,0.15947917645791776,6
14167,5.084183393295348,5.221674997070769,0.13749160377542147,2
14168,5.03979266487092,5.221674997070769,0.18188233219984884,10
14169,5.01852112974839,5.221674997070769,0.2031538673223796,4
14170,5.181874253283811,5.221674997070769,0.03980074378695786,3
14171,5.160963611269791,5.221674997070769,0.060711385800978235,1
14172,4.970661224206072,5.221674997070769,0.25101377286469706,5
14173,4.9739490787737966,5.221674997070769,0.24772591829697266,9
14174,4.962074317685881,5.221674997070769,0.2596006793848886,8
14175,5.362878006624279,4.239049093140191,-1.123828913484088,4
14176,5.366151938786202,4.239049093140191,-1.1271028456460108,5
14177,5.368848825579761,4.239049093140191,-1.1297997324395697,2
14178,5.281131922446174,4.239049093140191,-1.0420828293059827,7
14179,5.312807099992598,4.239049093140191,-1.0737580068524064,8
14180,5.345705833018444,4.239049093140191,-1.106656739878253,6
14181,5.300412245287679,4.239049093140191,-1.0613631521474876,3
14182,5.209040431180305,4.239049093140191,-0.9699913380401135,9
14183,5.50584149009653,4.239049093140191,-1.2667923969563386,10
14184,5.205055747119036,3.964730921053629,-1.240324826065407,9
14185,5.208150111299493,3.964730921053629,-1.2434191902458642,5
14186,5.302902674726418,3.964730921053629,-1.3381717536727895,3
14187,5.230524142010284,3.964730921053629,-1.2657932209566556,4
14188,5.252314038310645,3.964730921053629,-1.2875831172570158,7
14189,5.497115084157718,3.964730921053629,-1.5323841631040893,10
14190,5.335969534902608,3.964730921053629,-1.3712386138489792,8
14191,5.345177030941795,3.964730921053629,-1.3804461098881666,6
14192,5.285494575711436,3.964730921053629,-1.320763654657807,2
14193,3.8121250257144412,3.6972293427597176,-0.11489568295472363,6
14194,3.4209749633026245,3.6972293427597176,0.2762543794570931,5
14195,3.511698853412514,3.6972293427597176,0.18553048934720362,1
14196,3.461131889340836,3.6972293427597176,0.23609745341888155,8
14197,3.3485737376276625,3.6972293427597176,0.34865560513205507,3
14198,3.4504846923994794,3.6972293427597176,0.24674465036023818,4
14199,3.516615778055093,3.6972293427597176,0.18061356470462453,10
14200,3.549249669019943,3.6972293427597176,0.1479796737397745,7
14201,3.496244513045101,3.6972293427597176,0.20098482971461662,9
14202,4.044511059223106,5.041392685158225,0.996881625935119,3
14203,4.138570002052314,5.041392685158225,0.902822683105911,9
14204,4.150740654984912,5.041392685158225,0.890652030173313,2
14205,4.223205962020356,5.041392685158225,0.8181867231378694,1
14206,4.138322698677209,5.041392685158225,0.9030699864810163,10
14207,4.458789373092615,5.041392685158225,0.5826033120656104,5
14208,4.1913076218874625,5.041392685158225,0.8500850632707628,6
14209,4.026538257807069,5.041392685158225,1.014854427351156,8
14210,4.188038051365572,5.041392685158225,0.8533546337926534,7
14211,5.654168214718391,6.0,0.34583178528160907,7
14212,5.760746763814212,6.0,0.23925323618578798,1
14213,5.85996388567277,6.0,0.14003611432722973,10
14214,5.687841086793569,6.0,0.31215891320643063,2
14215,5.678399488603853,6.0,0.32160051139614687,3
14216,5.707414127385494,6.0,0.29258587261450586,8
14217,5.651326339964296,6.0,0.3486736600357041,4
14218,5.565389438956267,6.0,0.4346105610437334,5
14219,5.7050963889954405,6.0,0.29490361100455953,6
14220,6.629297071195801,5.442479769064448,-1.1868173021313524,5
14221,6.591888372416409,5.442479769064448,-1.1494086033519606,8
14222,6.560195448966839,5.442479769064448,-1.1177156799023908,7
14223,6.451844587992856,5.442479769064448,-1.0093648189284075,1
14224,6.665322985539546,5.442479769064448,-1.2228432164750975,10
14225,6.547108943784325,5.442479769064448,-1.1046291747198769,6
14226,6.539559325426024,5.442479769064448,-1.0970795563615754,2
14227,6.666986908250242,5.442479769064448,-1.2245071391857936,3
14228,6.258711577044742,5.442479769064448,-0.8162318079802935,4
14229,6.451844587992856,7.397940008672037,0.946095420679181,1
14230,6.591888372416409,7.397940008672037,0.8060516362556278,8
14231,6.629297071195801,7.397940008672037,0.768642937476236,5
14232,6.666986908250242,7.397940008672037,0.7309531004217948,3
14233,6.547108943784325,7.397940008672037,0.8508310648877115,6
14234,6.539559325426024,7.397940008672037,0.858380683246013,2
14235,6.665322985539546,7.397940008672037,0.7326170231324909,10
14236,6.9807332017701915,7.397940008672037,0.4172068069018451,9
14237,6.560195448966839,7.397940008672037,0.8377445597051976,7
14238,5.5623908601102405,6.690196080028514,1.1278052199182733,5
14239,5.603031760096034,6.690196080028514,1.08716431993248,6
14240,5.705020577871122,6.690196080028514,0.985175502157392,1
14241,5.556792906974864,6.690196080028514,1.13340317305365,9
14242,5.548929343256219,6.690196080028514,1.1412667367722946,7
14243,5.858021935363013,6.690196080028514,0.8321741446655011,10
14244,5.589534314522596,6.690196080028514,1.1006617655059179,2
14245,5.5844529955481725,6.690196080028514,1.1057430844803413,4
14246,5.632511835815593,6.690196080028514,1.057684244212921,8
14247,5.888167892332349,6.079181246047625,0.1910133537152765,5
14248,5.885621892692756,6.079181246047625,0.1935593533548694,8
14249,5.77676906815172,6.079181246047625,0.30241217789590547,1
14250,5.887021002873336,6.079181246047625,0.19216024317428904,2
14251,5.903333478398233,6.079181246047625,0.17584776764939214,10
14252,5.923722941732967,6.079181246047625,0.15545830431465824,3
14253,5.92642495030362,6.079181246047625,0.1527562957440054,4
14254,5.927001821049179,6.079181246047625,0.1521794249984465,7
14255,5.848151548665542,6.079181246047625,0.23102969738208312,6
14256,4.946724233238823,4.064457989226918,-0.8822662440119045,4
14257,4.6922344812767935,4.064457989226918,-0.6277764920498754,2
14258,4.470470423759673,4.064457989226918,-0.40601243453275515,6
14259,4.711109378260676,4.064457989226918,-0.6466513890337575,1
14260,4.735153153864171,4.064457989226918,-0.6706951646372525,8
14261,4.626476540563627,4.064457989226918,-0.5620185513367089,3
14262,4.685360060989389,4.064457989226918,-0.6209020717624707,7
14263,4.644464231768973,4.064457989226918,-0.5800062425420549,5
14264,4.691865588790794,4.064457989226918,-0.6274075995638757,9
14265,4.719965443240557,3.686636269262293,-1.0333291739782644,8
14266,4.689804687153252,3.686636269262293,-1.0031684178909592,5
14267,4.780138071694023,3.686636269262293,-1.0935018024317302,9
14268,4.682539877586717,3.686636269262293,-0.9959036083244244,3
14269,4.750334586006674,3.686636269262293,-1.063698316744381,1
14270,4.725376668171239,3.686636269262293,-1.038740398908946,2
14271,4.660126059172138,3.686636269262293,-0.9734897899098454,7
14272,4.632534339151028,3.686636269262293,-0.9458980698887349,6
14273,4.912180969657288,3.686636269262293,-1.225544700394995,10
14274,5.800360529251193,5.168939213835978,-0.6314213154152144,8
14275,5.769958329154569,5.168939213835978,-0.6010191153185911,4
14276,5.739834990351259,5.168939213835978,-0.5708957765152807,7
14277,5.846480622984258,5.168939213835978,-0.6775414091482794,1
14278,5.809971254234194,5.168939213835978,-0.6410320403982155,3
14279,5.757404660845801,5.168939213835978,-0.5884654470098232,9
14280,5.770630584144664,5.168939213835978,-0.6016913703086857,6
14281,5.624882403471425,5.168939213835978,-0.45594318963544644,2
14282,5.791996718285203,5.168939213835978,-0.6230575044492248,5
14283,6.046620695518045,6.079181246047625,0.03256055052958029,10
14284,6.007164701921075,6.079181246047625,0.07201654412654968,6
14285,6.013843771491091,6.079181246047625,0.06533747455653405,3
14286,6.189743761659794,6.079181246047625,-0.11056251561216879,1
14287,6.017637115384374,6.079181246047625,0.06154413066325137,7
14288,5.914487023375792,6.079181246047625,0.16469422267183287,4
14289,5.998554702493266,6.079181246047625,0.08062654355435939,5
14290,5.967017746697341,6.079181246047625,0.11216349935028447,2
14291,6.082990628625902,6.079181246047625,-0.0038093825782770097,8
14292,4.479905039651957,5.32221929473392,0.8423142550819636,6
14293,4.545085988240309,5.32221929473392,0.777133306493611,4
14294,4.595026079314868,5.32221929473392,0.7271932154190521,9
14295,4.696259085523026,5.32221929473392,0.625960209210894,2
14296,4.500967310283031,5.32221929473392,0.821251984450889,8
14297,4.466859431258084,5.32221929473392,0.8553598634758366,7
14298,4.46275358377821,5.32221929473392,0.8594657109557104,5
14299,4.5925433428199565,5.32221929473392,0.729675951913964,10
14300,4.524643152835552,5.32221929473392,0.797576141898368,1
14301,5.264719900438134,4.895201474778894,-0.36951842565924053,4
14302,5.291273386580677,4.895201474778894,-0.39607191180178347,7
14303,5.247503351709265,4.895201474778894,-0.3523018769303716,5
14304,5.299685533381106,4.895201474778894,-0.40448405860221204,1
14305,5.1742376908344845,4.895201474778894,-0.2790362160555908,9
14306,5.278019443754975,4.895201474778894,-0.3828179689760809,2
14307,5.2723112687980604,4.895201474778894,-0.3771097940191668,10
14308,5.239125211617177,4.895201474778894,-0.34392373683828303,6
14309,5.245377290876213,4.895201474778894,-0.3501758160973196,3
14310,5.92349353214032,6.079181246047625,0.15568771390730518,8
14311,5.947080169371358,6.079181246047625,0.1321010766762667,7
14312,5.898256680128612,6.079181246047625,0.18092456591901307,4
14313,5.878072021562348,6.079181246047625,0.20110922448527724,1
14314,5.813837981284663,6.079181246047625,0.2653432647629623,9
14315,5.883354758911583,6.079181246047625,0.195826487136042,2
14316,5.8657146026005655,6.079181246047625,0.21346664344705957,6
14317,5.702314841730562,6.079181246047625,0.3768664043170631,10
14318,5.828291601702512,6.079181246047625,0.2508896443451132,3
14319,5.321477540393002,5.648360010980932,0.32688247058792985,2
14320,5.263567369320109,5.648360010980932,0.38479264166082316,5
14321,5.412262611142689,5.648360010980932,0.2360973998382434,9
14322,5.526651110389252,5.648360010980932,0.12170890059168027,10
14323,5.470047242297969,5.648360010980932,0.17831276868296264,8
14324,5.289030620666181,5.648360010980932,0.359329390314751,3
14325,5.4254236552449955,5.648360010980932,0.2229363557359365,6
14326,5.435539980783063,5.648360010980932,0.21282003019786888,4
14327,5.437200776480598,5.648360010980932,0.21115923450033414,1
14328,5.404272373827724,4.473924693416158,-0.9303476804115665,3
14329,5.517326823505163,4.473924693416158,-1.0434021300890057,8
14330,5.33803637375867,4.473924693416158,-0.8641116803425124,4
14331,5.35782558721663,4.473924693416158,-0.8839008938004724,7
14332,5.376586624881318,4.473924693416158,-0.9026619314651603,5
14333,5.485570038916995,4.473924693416158,-1.0116453455008374,10
14334,5.389667609280021,4.473924693416158,-0.9157429158638637,9
14335,5.432765039265276,4.473924693416158,-0.9588403458491186,2
14336,5.4274342286446995,4.473924693416158,-0.9535095352285419,1
14337,5.774080623248843,5.931966114728173,0.1578854914793295,10
14338,5.651009195119315,5.931966114728173,0.28095691960885816,1
14339,5.6010199923429465,5.931966114728173,0.33094612238522636,2
14340,5.630397240832658,5.931966114728173,0.3015688738955147,9
14341,5.5743010535037385,5.931966114728173,0.3576650612244343,7
14342,5.658740562517886,5.931966114728173,0.27322555221028644,6
14343,5.561733317912662,5.931966114728173,0.370232796815511,5
14344,5.6582434601036855,5.931966114728173,0.2737226546244873,8
14345,5.570321891332593,5.931966114728173,0.36164422339557944,3
14346,5.320992411155433,4.93981866282138,-0.38117374833405293,7
14347,5.34376412784306,4.93981866282138,-0.40394546502168005,5
14348,5.213060742993561,4.93981866282138,-0.27324208017218155,6
14349,5.281661979434719,4.93981866282138,-0.341843316613339,10
14350,5.194591665815761,4.93981866282138,-0.2547730029943809,9
14351,5.231448168026674,4.93981866282138,-0.29162950520529396,2
14352,5.285345329049009,4.93981866282138,-0.34552666622762906,3
14353,5.0499829638311615,4.93981866282138,-0.1101643010097817,4
14354,5.218217230219473,4.93981866282138,-0.2783985673980931,1
14355,5.133386402375441,5.732393759822968,0.599007357447527,9
14356,5.199944298031953,5.732393759822968,0.5324494617910149,6
14357,5.3454869561140095,5.732393759822968,0.3869068037089587,5
14358,5.26205709045032,5.732393759822968,0.4703366693726485,1
14359,5.319501948024667,5.732393759822968,0.4128918117983016,2
14360,5.3778349881589,5.732393759822968,0.3545587716640686,10
14361,5.385676524734921,5.732393759822968,0.34671723508804675,8
14362,5.393454585828178,5.732393759822968,0.33893917399479,3
14363,5.311262421156581,5.732393759822968,0.4211313386663873,7
14364,3.754441694934018,3.3010299956639813,-0.45341169927003655,1
14365,3.7973489518453483,3.3010299956639813,-0.496318956181367,4
14366,3.831861915971327,3.3010299956639813,-0.5308319203073459,10
14367,3.7620961609512467,3.3010299956639813,-0.4610661652872654,5
14368,3.7234449774760994,3.3010299956639813,-0.4224149818121181,9
14369,3.739626571499912,3.3010299956639813,-0.4385965758359309,8
14370,3.811087590302857,3.3010299956639813,-0.5100575946388757,6
14371,3.7892081599275063,3.3010299956639813,-0.488178164263525,3
14372,4.142878574953611,3.3010299956639813,-0.8418485792896293,7
14373,4.922434275473982,4.57978359661681,-0.34265067885717215,2
14374,4.770739034293635,4.57978359661681,-0.1909554376768252,6
14375,4.881782385631851,4.57978359661681,-0.30199878901504107,9
14376,4.843716116617834,4.57978359661681,-0.2639325200010241,10
14377,4.786087182489542,4.57978359661681,-0.2063035858727318,3
14378,5.006689569749904,4.57978359661681,-0.42690597313309375,5
14379,4.885410877693302,4.57978359661681,-0.3056272810764922,7
14380,4.894720041475573,4.57978359661681,-0.3149364448587626,1
14381,4.763606802759475,4.57978359661681,-0.183823206142665,4
14382,6.284007095002654,6.57978359661681,0.2957765016141565,9
14383,6.208549119559646,6.57978359661681,0.37123447705716384,10
14384,6.346388600748604,6.57978359661681,0.23339499586820622,3
14385,6.384445378338132,6.57978359661681,0.19533821827867826,7
14386,6.254140764369033,6.57978359661681,0.3256428322477767,2
14387,6.204581469805979,6.57978359661681,0.375202126810831,4
14388,6.258534107277334,6.57978359661681,0.3212494893394764,8
14389,6.194413275297043,6.57978359661681,0.38537032131976723,5
14390,6.147099458390911,6.57978359661681,0.43268413822589924,6
14391,6.106942965728483,7.19942604159399,1.0924830758655073,2
14392,6.109905081105122,7.19942604159399,1.0895209604888683,10
14393,6.123583552761144,7.19942604159399,1.075842488832846,4
14394,6.0760411329026764,7.19942604159399,1.123384908691314,5
14395,6.107649599385587,7.19942604159399,1.0917764422084035,3
14396,6.06590303943472,7.19942604159399,1.1335230021592704,1
14397,6.223652578329877,7.19942604159399,0.9757734632641135,7
14398,6.101884263488767,7.19942604159399,1.0975417781052235,6
14399,6.0901264112907585,7.19942604159399,1.1092996303032319,9
14400,6.5150447701916345,6.795880017344075,0.28083524715244046,2
14401,6.463651541508385,6.795880017344075,0.3322284758356897,10
14402,6.468399109448747,6.795880017344075,0.32748090789532824,3
14403,6.4988483357004165,6.795880017344075,0.29703168164365845,6
14404,6.372917732535091,6.795880017344075,0.42296228480898357,8
14405,6.514563787286553,6.795880017344075,0.2813162300575218,7
14406,6.4696417321917865,6.795880017344075,0.3262382851522885,1
14407,6.433998612511418,6.795880017344075,0.36188140483265663,5
14408,6.416874300680613,6.795880017344075,0.37900571666346217,4
14409,3.1532843134746593,4.0,0.8467156865253407,9
14410,3.251636501705514,4.0,0.748363498294486,7
14411,3.2194267962905867,4.0,0.7805732037094133,3
14412,3.2796509523628146,4.0,0.7203490476371854,10
14413,3.1869088025661187,4.0,0.8130911974338813,4
14414,3.291877980514156,4.0,0.708122019485844,2
14415,3.3411564734367825,4.0,0.6588435265632175,5
14416,3.0303722223398255,4.0,0.9696277776601745,1
14417,3.2256869785256685,4.0,0.7743130214743315,6
14418,5.729850773321184,5.532384880503846,-0.19746589281733762,10
14419,5.706262471897044,5.532384880503846,-0.17387759139319758,1
14420,5.6831268895507545,5.532384880503846,-0.15074200904690827,7
14421,5.632459230435748,5.532384880503846,-0.10007434993190145,3
14422,5.61662639019378,5.532384880503846,-0.08424150968993338,8
14423,5.615295112951262,5.532384880503846,-0.08291023244741602,4
14424,5.69666984936866,5.532384880503846,-0.16428496886481359,6
14425,5.57657518292653,5.532384880503846,-0.044190302422683736,9
14426,5.651286534255006,5.532384880503846,-0.11890165375116002,2
14427,6.098075555301129,6.32221929473392,0.2241437394327912,3
14428,6.034069311726058,6.32221929473392,0.28814998300786243,8
14429,6.059427364863046,6.32221929473392,0.2627919298708745,4
14430,6.056642859088689,6.32221929473392,0.26557643564523126,7
14431,6.073092472377938,6.32221929473392,0.24912682235598282,9
14432,6.018076001541564,6.32221929473392,0.30414329319235645,1
14433,6.061710115867514,6.32221929473392,0.260509178866406,2
14434,6.101929658453115,6.32221929473392,0.2202896362808051,5
14435,6.06090532695002,6.32221929473392,0.2613139677839005,6
14436,6.229878948683663,6.176091259055681,-0.05378768962798208,1
14437,6.258238301708445,6.176091259055681,-0.08214704265276396,10
14438,6.252696030507777,6.176091259055681,-0.07660477145209565,6
14439,6.289843490993902,6.176091259055681,-0.11375223193822048,3
14440,6.296711794365291,6.176091259055681,-0.1206205353096097,2
14441,6.278582198841674,6.176091259055681,-0.10249093978599255,5
14442,6.289810542976782,6.176091259055681,-0.11371928392110053,7
14443,6.268211066237667,6.176091259055681,-0.09211980718198554,4
14444,6.316687562310579,6.176091259055681,-0.14059630325489803,9
14445,6.0025434439115175,5.311965660368366,-0.6905777835431515,9
14446,5.9299321665909615,5.311965660368366,-0.6179665062225954,1
14447,5.970934834540609,5.311965660368366,-0.6589691741722428,7
14448,5.951337806277962,5.311965660368366,-0.6393721459095962,6
14449,5.959719119904357,5.311965660368366,-0.6477534595359913,4
14450,5.94762497298258,5.311965660368366,-0.635659312614214,10
14451,5.882010888440354,5.311965660368366,-0.5700452280719883,2
14452,5.990494478810392,5.311965660368366,-0.6785288184420262,3
14453,5.88967780653648,5.311965660368366,-0.5777121461681141,8
14454,5.963879752148274,5.338456493604605,-0.6254232585436688,8
14455,5.967749478738683,5.338456493604605,-0.6292929851340778,1
14456,6.000211927937219,5.338456493604605,-0.6617554343326137,4
14457,5.984786888229058,5.338456493604605,-0.646330394624453,10
14458,6.066342404595019,5.338456493604605,-0.7278859109904143,5
14459,6.0185239349372015,5.338456493604605,-0.6800674413325964,9
14460,5.993881179331874,5.338456493604605,-0.6554246857272688,7
14461,5.9516530934218235,5.338456493604605,-0.6131965998172184,2
14462,6.033851865218757,5.338456493604605,-0.6953953716141523,3
14463,6.141118611516436,5.489958479424835,-0.6511601320916016,9
14464,6.140286967461016,5.489958479424835,-0.6503284880361813,5
14465,6.057055365987412,5.489958479424835,-0.5670968865625774,1
14466,6.095618885975893,5.489958479424835,-0.605660406551058,8
14467,6.089436749515032,5.489958479424835,-0.5994782700901977,10
14468,6.0970247733909035,5.489958479424835,-0.6070662939660689,4
14469,6.1272606430145276,5.489958479424835,-0.6373021635896929,3
14470,5.978641828450334,5.489958479424835,-0.48868334902549915,2
14471,6.085008155987242,5.489958479424835,-0.5950496765624074,7
14472,5.960641625234127,5.205096047578484,-0.755545577655643,3
14473,5.9149218707432025,5.205096047578484,-0.7098258231647181,1
14474,5.902819275824682,5.205096047578484,-0.6977232282461978,8
14475,5.879902215083149,5.205096047578484,-0.6748061675046646,6
14476,5.8779396733154945,5.205096047578484,-0.6728436257370101,4
14477,5.940608500528533,5.205096047578484,-0.735512452950049,7
14478,5.882191057544199,5.205096047578484,-0.6770950099657149,2
14479,5.937704581371792,5.205096047578484,-0.7326085337933073,10
14480,5.935763866188655,5.205096047578484,-0.7306678186101703,9
14481,6.051342946074177,6.531478917042255,0.48013597096807814,4
14482,6.025669486013658,6.531478917042255,0.505809431028597,8
14483,6.060265977202327,6.531478917042255,0.47121293983992807,9
14484,6.043450325270288,6.531478917042255,0.48802859177196733,6
14485,6.083389796522982,6.531478917042255,0.4480891205192732,7
14486,6.0882252712603675,6.531478917042255,0.44325364578188786,10
14487,5.992353163673399,6.531478917042255,0.5391257533688565,1
14488,6.085861189280685,6.531478917042255,0.4456177277615705,3
14489,6.097786983879107,6.531478917042255,0.43369193316314814,5
14490,5.780166215497037,6.079181246047625,0.29901503055058853,8
14491,5.712229046324991,6.079181246047625,0.3669521997226344,3
14492,5.732190728842595,6.079181246047625,0.3469905172050298,9
14493,5.696855117087091,6.079181246047625,0.38232612896053375,4
14494,5.743735378737399,6.079181246047625,0.3354458673102263,7
14495,5.748703795682675,6.079181246047625,0.3304774503649499,6
14496,5.752700770764552,6.079181246047625,0.32648047528307345,10
14497,5.734625607664068,6.079181246047625,0.3445556383835573,5
14498,5.702328647122898,6.079181246047625,0.3768525989247271,2
14499,4.785506257804879,4.301029995663981,-0.48447626214089734,7
14500,4.769757188167326,4.301029995663981,-0.46872719250334516,2
14501,4.727290659754495,4.301029995663981,-0.42626066409051333,6
14502,4.85908273328535,4.301029995663981,-0.5580527376213684,9
14503,4.801025959526621,4.301029995663981,-0.49999596386263967,1
14504,4.827743644921645,4.301029995663981,-0.5267136492576636,8
14505,4.934322952577068,4.301029995663981,-0.6332929569130865,5
14506,4.852829937011378,4.301029995663981,-0.5517999413473964,3
14507,4.817095335508248,4.301029995663981,-0.5160653398442667,10
14508,6.014271622283751,5.491361693834273,-0.5229099284494776,8
14509,6.0152694631223484,5.491361693834273,-0.5239077692880754,1
14510,6.02088370961798,5.491361693834273,-0.5295220157837068,2
14511,6.057078233602306,5.491361693834273,-0.565716539768033,9
14512,6.089333181572555,5.491361693834273,-0.597971487738282,5
14513,6.038299561575668,5.491361693834273,-0.546937867741395,7
14514,6.035692506103038,5.491361693834273,-0.5443308122687647,4
14515,6.012241814936102,5.491361693834273,-0.520880121101829,10
14516,6.052080512401014,5.491361693834273,-0.5607188185667411,6
14517,6.047915333929325,6.0,-0.04791533392932479,5
14518,6.016609838115229,6.0,-0.016609838115228648,4
14519,5.948958088857013,6.0,0.051041911142987395,2
14520,5.975771369790059,6.0,0.024228630209941038,10
14521,6.0698394430319125,6.0,-0.06983944303191247,3
14522,5.977027571145516,6.0,0.022972428854483695,6
14523,6.032010969455168,6.0,-0.03201096945516824,7
14524,5.962512403295109,6.0,0.037487596704891324,8
14525,5.964413696797302,6.0,0.035586303202697955,1
14526,6.042905982382609,6.185542154854375,0.1426361724717662,5
14527,6.0300538389794225,6.185542154854375,0.15548831587495293,3
14528,5.993246499565058,6.185542154854375,0.19229565528931758,10
14529,6.007114205893601,6.185542154854375,0.17842794896077407,1
14530,6.070183317646015,6.185542154854375,0.11535883720836004,6
14531,6.016567335164371,6.185542154854375,0.16897481969000427,9
14532,6.014322684855307,6.185542154854375,0.17121946999906879,4
14533,6.008273052968839,6.185542154854375,0.17726910188553635,7
14534,6.010102525548185,6.185542154854375,0.17543962930619017,2
14535,5.863476003782487,5.301029995663981,-0.5624460081185054,7
14536,5.899933017752315,5.301029995663981,-0.5989030220883338,5
14537,5.804977527394027,5.301029995663981,-0.5039475317300459,8
14538,5.794126807991307,5.301029995663981,-0.49309681232732583,10
14539,5.82551210007686,5.301029995663981,-0.5244821044128791,9
14540,5.814179784419714,5.301029995663981,-0.513149788755733,2
14541,5.828569920261,5.301029995663981,-0.5275399245970185,6
14542,5.830848013609475,5.301029995663981,-0.5298180179454937,1
14543,5.8369183219478655,5.301029995663981,-0.5358883262838843,3
14544,6.491712582852886,6.079181246047625,-0.41253133680526055,1
14545,6.471552437953177,6.079181246047625,-0.3923711919055517,10
14546,6.478520846076176,6.079181246047625,-0.39933960002855073,7
14547,6.52190411649562,6.079181246047625,-0.4427228704479953,5
14548,6.4730297991098595,6.079181246047625,-0.39384855306223443,9
14549,6.469720777546825,6.079181246047625,-0.39053953149919973,8
14550,6.461258479128924,6.079181246047625,-0.38207723308129893,4
14551,6.456329636565211,6.079181246047625,-0.3771483905175863,6
14552,6.480664658927643,6.079181246047625,-0.401483412880018,2
14553,5.932959174755214,4.892372907398436,-1.0405862673567778,10
14554,5.955629513036725,4.892372907398436,-1.0632566056382888,5
14555,5.937276033405112,4.892372907398436,-1.044903126006676,1
14556,5.916661650722409,4.892372907398436,-1.0242887433239725,8
14557,5.953850503436534,4.892372907398436,-1.061477596038098,7
14558,5.896280956482785,4.892372907398436,-1.003908049084349,2
14559,6.031230749026759,4.892372907398436,-1.1388578416283224,3
14560,5.926578535892057,4.892372907398436,-1.0342056284936207,6
14561,5.973775281363284,4.892372907398436,-1.0814023739648473,4
14562,5.980325163821347,6.176091259055681,0.19576609523433408,4
14563,5.978204055275243,6.176091259055681,0.19788720378043845,8
14564,5.983262393504024,6.176091259055681,0.19282886555165746,7
14565,5.936262686455207,6.176091259055681,0.23982857260047474,2
14566,6.024607509522049,6.176091259055681,0.1514837495336323,3
14567,5.995963286419096,6.176091259055681,0.1801279726365852,9
14568,5.993342297420612,6.176091259055681,0.18274896163506948,10
14569,5.999808810239049,6.176091259055681,0.17628244881663235,5
14570,5.985731293586054,6.176091259055681,0.19035996546962775,6
14571,5.59806832870629,6.491361693834273,0.8932933651279829,4
14572,5.191584930363022,6.491361693834273,1.2997767634712512,5
14573,5.603798241388912,6.491361693834273,0.8875634524453613,8
14574,5.588317205005934,6.491361693834273,0.9030444888283391,6
14575,5.5830288484165225,6.491361693834273,0.9083328454177506,7
14576,5.525432139765157,6.491361693834273,0.965929554069116,2
14577,5.5349570552466005,6.491361693834273,0.9564046385876726,10
14578,5.454492978152253,6.491361693834273,1.0368687156820204,9
14579,5.527191590733524,6.491361693834273,0.9641701031007495,3
14580,3.3975647576552075,3.556302500767288,0.15873774311208066,2
14581,3.429117484372585,3.556302500767288,0.12718501639470325,10
14582,3.4566244347315234,3.556302500767288,0.09967806603576479,3
14583,3.385686939336568,3.556302500767288,0.17061556143072032,8
14584,3.3640740796228505,3.556302500767288,0.1922284211444376,5
14585,3.496512313416056,3.556302500767288,0.059790187351232316,9
14586,3.1962344560188933,3.556302500767288,0.3600680447483948,6
14587,3.1168606746838403,3.556302500767288,0.43944182608344784,7
14588,3.631020291250595,3.556302500767288,-0.07471779048330696,4
14589,5.102276002730397,4.089905111439398,-1.012370891290999,8
14590,5.084769192226271,4.089905111439398,-0.9948640807868729,10
14591,5.046177126178141,4.089905111439398,-0.9562720147387429,3
14592,5.032334379500475,4.089905111439398,-0.9424292680610771,6
14593,4.988620721083394,4.089905111439398,-0.8987156096439959,1
14594,5.0873117478261385,4.089905111439398,-0.9974066363867404,4
14595,4.972542675547198,4.089905111439398,-0.8826375641078004,9
14596,5.166211970740768,4.089905111439398,-1.0763068593013703,5
14597,5.089684554529466,4.089905111439398,-0.9997794430900679,2
14598,3.9459646639217407,4.653212513775344,0.7072478498536032,4
14599,3.558187637234481,4.653212513775344,1.095024876540863,8
14600,3.793759498548456,4.653212513775344,0.859453015226888,9
14601,3.931322348214207,4.653212513775344,0.7218901655611369,7
14602,3.9581405982795146,4.653212513775344,0.6950719154958294,2
14603,3.7660672633983974,4.653212513775344,0.8871452503769466,5
14604,3.8767408648793484,4.653212513775344,0.7764716488959955,6
14605,3.851787133084794,4.653212513775344,0.8014253806905498,10
14606,3.832136003094027,4.653212513775344,0.8210765106813169,3
14607,5.945717824796374,5.221022805204841,-0.7246950195915325,2
14608,6.041562036513433,5.221022805204841,-0.820539231308592,5
14609,5.913312481790624,5.221022805204841,-0.6922896765857827,6
14610,5.880704880381996,5.221022805204841,-0.6596820751771553,10
14611,5.917888663829275,5.221022805204841,-0.6968658586244336,9
14612,6.003187001408236,5.221022805204841,-0.7821641962033947,3
14613,5.791673929804575,5.221022805204841,-0.5706511245997339,1
14614,5.975432703460684,5.221022805204841,-0.7544098982558429,8
14615,5.953847440632325,5.221022805204841,-0.7328246354274839,4
14616,5.893446369441925,5.698970004336019,-0.19447636510590627,2
14617,5.8847652371346415,5.698970004336019,-0.18579523279862276,6
14618,5.73308968356749,5.698970004336019,-0.03411967923147152,1
14619,5.903742131680757,5.698970004336019,-0.20477212734473849,8
14620,5.930629178840093,5.698970004336019,-0.23165917450407392,4
14621,5.970508693802412,5.698970004336019,-0.2715386894663929,5
14622,5.892434156411916,5.698970004336019,-0.1934641520758973,9
14623,5.877782344745866,5.698970004336019,-0.17881234040984761,10
14624,5.922349401542327,5.698970004336019,-0.22337939720630828,3
14625,6.534819752102203,7.342422680822207,0.8076029287200033,8
14626,6.6040696361032865,7.342422680822207,0.7383530447189202,5
14627,6.626123167509378,7.342422680822207,0.7162995133128289,1
14628,6.62982957182777,7.342422680822207,0.7125931089944366,9
14629,6.64581307153021,7.342422680822207,0.6966096092919969,6
14630,6.647864038864741,7.342422680822207,0.6945586419574656,2
14631,6.5800473987919466,7.342422680822207,0.7623752820302601,3
14632,6.5631759226540485,7.342422680822207,0.7792467581681581,7
14633,6.521065038004152,7.342422680822207,0.8213576428180547,4
14634,5.788504866601143,6.176091259055681,0.38758639245453796,10
14635,5.995360996139327,6.176091259055681,0.18073026291635408,4
14636,6.0026035102692195,6.176091259055681,0.1734877487864619,6
14637,6.045422245552169,6.176091259055681,0.13066901350351223,5
14638,5.977181935668596,6.176091259055681,0.19890932338708556,3
14639,5.952746533576772,6.176091259055681,0.22334472547890893,7
14640,5.919870659507694,6.176091259055681,0.25622059954798715,2
14641,6.069083989904965,6.176091259055681,0.10700726915071623,9
14642,6.070784422806542,6.176091259055681,0.10530683624913895,1
14643,6.469855920215278,6.414973347970818,-0.054882572244459915,2
14644,6.453216474236997,6.414973347970818,-0.03824312626617843,4
14645,6.442518518395999,6.414973347970818,-0.027545170425180565,7
14646,6.46651586995823,6.414973347970818,-0.05154252198741194,3
14647,6.467197267390317,6.414973347970818,-0.052223919419498444,5
14648,6.390361751168262,6.414973347970818,0.02461159680255598,10
14649,6.355293844115741,6.414973347970818,0.05967950385507681,8
14650,6.504554286739391,6.414973347970818,-0.08958093876857287,6
14651,6.501904143842204,6.414973347970818,-0.08693079587138541,9
14652,6.474007710713631,6.977723605288848,0.5037158945752163,3
14653,6.5600628493210085,6.977723605288848,0.41766075596783914,9
14654,6.470708746716678,6.977723605288848,0.5070148585721697,4
14655,6.487544986279151,6.977723605288848,0.49017861900969617,2
14656,6.49381274017466,6.977723605288848,0.48391086511418724,7
14657,6.539503388211229,6.977723605288848,0.4382202170776184,6
14658,6.527708027820231,6.977723605288848,0.45001557746861653,5
14659,6.520790221461392,6.977723605288848,0.4569333838274554,1
14660,6.441220640067826,6.977723605288848,0.5365029652210218,10
